20891
0.30152297019958496 0.0 0.0
0.3063586354255676 0.001946616335771978 0.0
0.3015829920768738 0.0036133709363639355 0.0
0.3076929450035095 0.0 0.0
0.30580568313598633 0.0 0.0
0.3051998019218445 0.007117909379303455 0.0
0.3122122287750244 0.0 0.0
0.3101332187652588 0.004249657969921827 0.0
0.3122759461402893 0.0075926994904875755 0.0
0.3094691038131714 0.010661517269909382 0.0
0.31532907485961914 0.004193578381091356 0.0
0.3191114664077759 0.007390250917524099 0.0
0.31034380197525024 0.014252792112529278 0.0
0.31582021713256836 0.011638250201940536 0.0
0.32397907972335815 0.0 0.0
0.32485777139663696 0.0 0.0
0.32561516761779785 0.0046190242283046246 0.0
0.3156179189682007 0.015624195337295532 0.0
0.3244527578353882 0.011013124138116837 0.0
0.3206639885902405 0.014647411182522774 0.0
0.33035778999328613 0.008167893625795841 0.0
0.33371835947036743 0.004273411352187395 0.0
0.33276909589767456 0.011852409690618515 0.0
0.33715367317199707 0.008014142513275146 0.0
0.327629029750824 0.01607467420399189 0.0
0.33969569206237793 0.011512428522109985 0.0
0.29187119007110596 0.0037807179614901543 0.0
0.28684812784194946 0.00566429877653718 0.0
0.2869333028793335 0.0029434317257255316 0.0
0.2893175482749939 0.0 0.0
0.29531896114349365 0.0 0.0
0.2898133397102356 0.009062189608812332 0.0
0.2975185513496399 0.002704462967813015 0.0
0.2974669933319092 0.006892702542245388 0.0
0.29645073413848877 0.012324545532464981 0.0
0.3006175756454468 0.009735621511936188 0.0
0.30063796043395996 0.016286518424749374 0.0
0.29526007175445557 0.01673581823706627 0.0
0.3039751648902893 0.012432499788701534 0.0
0.32485777139663696 0.0 0.0
0.32485777139663696 0.0 0.0
0.2989587187767029 0.019970804452896118 0.0
0.3060792088508606 0.016277367249131203 0.0
0.30487310886383057 0.01944561116397381 0.0
0.32937735319137573 0.0 0.0
0.32911771535873413 0.0 0.0
0.30417102575302124 0.023002920672297478 0.0
0.30911004543304443 0.021758858114480972 0.0
0.31146347522735596 0.018466049805283546 0.0
0.3105950355529785 0.024859821423888206 0.0
0.3149304986000061 0.02217142842710018 0.0
0.31974780559539795 0.018783684819936752 0.0
0.3413175344467163 0.0038753061089664698 0.0
0.3437459468841553 0.007556714117527008 0.0
0.3447468876838684 0.0 0.0
0.34789156913757324 0.002811599289998412 0.0
0.31767070293426514 0.0255025252699852 0.0
0.3210267424583435 0.022725913673639297 0.0
0.3266293406486511 0.020915348082780838 0.0
0.3453063368797302 0.011091265827417374 0.0
0.3322312831878662 0.019161950796842575 0.0
0.33659809827804565 0.01593274064362049 0.0
0.342933714389801 0.014237761497497559 0.0
0.3512870669364929 0.00787604134529829 0.0
0.35629141330718994 0.0 0.0
0.3371727466583252 0.020024938508868217 0.0
0.34382307529449463 0.018657172098755836 0.0
0.34965479373931885 0.014142889529466629 0.0
0.35779762268066406 0.012420741841197014 0.0
0.358772873878479 0.006643917411565781 0.0
0.36394214630126953 0.0034734588116407394 0.0
0.35209590196609497 0.018992379307746887 0.0
0.35480326414108276 0.015910020098090172 0.0
0.3646351099014282 0.009386721067130566 0.0
0.3598872423171997 0.01828644797205925 0.0
0.36555683612823486 0.014622190967202187 0.0
0.37093740701675415 0.011950667947530746 0.0
0.27717918157577515 0.0 0.0
0.2838810086250305 0.0010666025336831808 0.0
0.2826917767524719 0.00403486005961895 0.0
0.28606486320495605 0.0 0.0
0.2872762680053711 0.0 0.0
0.27225422859191895 0.004865210969001055 0.0
0.2781360149383545 0.0065515609458088875 0.0
0.2930355668067932 0.0 0.0
0.29467618465423584 0.0 0.0
0.29483532905578613 0.0 0.0
0.29481709003448486 0.0 0.0
0.2835081219673157 0.008118151687085629 0.0
0.29480600357055664 0.0 0.0
0.27965378761291504 0.010996459051966667 0.0
0.2846730947494507 0.01166021078824997 0.0
0.2822638750076294 0.014945786446332932 0.0
0.28239864110946655 0.02286684140563011 0.0
0.27909743785858154 0.018469467759132385 0.0
0.285835325717926 0.019217608496546745 0.0
0.28928089141845703 0.01484344620257616 0.0
0.2904807925224304 0.024404719471931458 0.0
0.2926545739173889 0.01987297832965851 0.0
0.29785215854644775 0.02375488542020321 0.0
0.2973536252975464 0.027387788519263268 0.0
0.34429770708084106 0.0 0.0
0.34385061264038086 0.0 0.0
0.3046942353248596 0.027288196608424187 0.0
0.3011665344238281 0.03104637749493122 0.0
0.34903520345687866 0.0 0.0
0.309115469455719 0.031714584678411484 0.0
0.3133639097213745 0.02840358205139637 0.0
0.32013267278671265 0.02831936627626419 0.0
0.3259308934211731 0.02562539279460907 0.0
0.33273279666900635 0.022687291726469994 0.0
0.3635901212692261 0.0 0.0
0.3617955446243286 0.0 0.0
0.3622329831123352 0.0 0.0
0.3181912302970886 0.03198299556970596 0.0
0.3253907561302185 0.029661674052476883 0.0
0.3295218348503113 0.028142021968960762 0.0
0.33361387252807617 0.026478515937924385 0.0
0.34002137184143066 0.023679055273532867 0.0
0.37010735273361206 0.0 0.0
0.3481210470199585 0.02390311099588871 0.0
0.3705598711967468 0.00675481790676713 0.0
0.37782371044158936 0.0053725759498775005 0.0
0.35647302865982056 0.023475822061300278 0.0
0.3755406141281128 0.009881016798317432 0.0
0.36496299505233765 0.0237210001796484 0.0
0.3677337169647217 0.019076324999332428 0.0
0.3719346523284912 0.0162475798279047 0.0
0.37671858072280884 0.01388787105679512 0.0
0.38133615255355835 0.010868205688893795 0.0
0.3728953003883362 0.019492488354444504 0.0
0.3709700107574463 0.022181658074259758 0.0
0.3773084878921509 0.01798155903816223 0.0
0.38282907009124756 0.015695389360189438 0.0
0.38829338550567627 0.012798887677490711 0.0
0.3764934539794922 0.021997733041644096 0.0
0.3901129961013794 0.017843259498476982 0.0
0.3829430937767029 0.020309515297412872 0.0
0.3820732831954956 0.025410644710063934 0.0
0.26999378204345703 0.0013507251860573888 0.0
0.27091729640960693 0.0 0.0
0.2753690481185913 0.0 0.0
0.28180575370788574 0.0 0.0
0.28253352642059326 0.0 0.0
0.2832658290863037 0.0 0.0
0.2828993797302246 0.0 0.0
0.26697826385498047 0.007834814488887787 0.0
0.26710307598114014 0.003532715840265155 0.0
0.28657495975494385 0.0 0.0
0.27370303869247437 0.009849545545876026 0.0
0.26868677139282227 0.013971314765512943 0.0
0.27612876892089844 0.014355729334056377 0.0
0.26852548122406006 0.01931946352124214 0.0
0.2734754681587219 0.017637133598327637 0.0
0.274941623210907 0.022050641477108 0.0
0.27902644872665405 0.025826258584856987 0.0
0.2851223945617676 0.02761613391339779 0.0
0.2787284851074219 0.030468078330159187 0.0
0.28667640686035156 0.03263291344046593 0.0
0.29305773973464966 0.030249787494540215 0.0
0.29256129264831543 0.034591950476169586 0.0
0.2981969714164734 0.03446897864341736 0.0
0.3629106879234314 0.0 0.0
0.29604262113571167 0.03862814977765083 0.0
0.3016974925994873 0.037549301981925964 0.0
0.30491483211517334 0.034951500594615936 0.0
0.3069615960121155 0.03860568627715111 0.0
0.3126765489578247 0.03615434467792511 0.0
0.3704875707626343 0.0 0.0
0.3704875707626343 0.0 0.0
0.3704875707626343 0.0 0.0
0.3704875707626343 0.0 0.0
0.3117903470993042 0.03988860920071602 0.0
0.3815774917602539 0.0 0.0
0.37227821350097656 0.0 0.0
0.31676435470581055 0.03946230560541153 0.0
0.3211483955383301 0.036378294229507446 0.0
0.325503408908844 0.032986413687467575 0.0
0.3327195644378662 0.03089236095547676 0.0
0.3398365378379822 0.027958381921052933 0.0
0.3828784227371216 0.0 0.0
0.38630443811416626 0.0 0.0
0.3239317536354065 0.041726864874362946 0.0
0.3299068808555603 0.03625164180994034 0.0
0.3408331871032715 0.031948477029800415 0.0
0.34386008977890015 0.02611636184155941 0.0
0.382320761680603 0.0026454846374690533 0.0
0.3780839443206787 0.0 0.0
0.38835740089416504 0.002223626710474491 0.0
0.33627134561538696 0.03436494991183281 0.0
0.34690505266189575 0.02907504327595234 0.0
0.3866198658943176 0.007072705775499344 0.0
0.3333938717842102 0.04081493243575096 0.0
0.3362829089164734 0.03736874833703041 0.0
0.34137290716171265 0.03593619912862778 0.0
0.34719884395599365 0.034028515219688416 0.0
0.3533285856246948 0.02749399095773697 0.0
0.36066222190856934 0.028557775542140007 0.0
0.3942406177520752 0.005678733345121145 0.0
0.3405696153640747 0.04000123590230942 0.0
0.3941879868507385 0.010454910807311535 0.0
0.3728112578392029 0.026829449459910393 0.0
0.3940761685371399 0.014539407566189766 0.0
0.3740757703781128 0.03187934681773186 0.0
0.3676210641860962 0.03148184344172478 0.0
0.37963616847991943 0.030315354466438293 0.0
0.38884854316711426 0.022800354287028313 0.0
0.39664506912231445 0.017171615734696388 0.0
0.3966030478477478 0.021125389263033867 0.0
0.38546866178512573 0.029193691909313202 0.0
0.3883417844772339 0.02658708207309246 0.0
0.39320725202560425 0.02535679005086422 0.0
0.267772376537323 0.0 0.0
0.265105664730072 0.0008922702982090414 0.0
0.261252224445343 0.0034641847014427185 0.0
0.2581811547279358 0.010927588678896427 0.0
0.26303255558013916 0.016917981207370758 0.0
0.25670915842056274 0.018316468223929405 0.0
0.26269668340682983 0.021295621991157532 0.0
0.26826703548431396 0.023885713890194893 0.0
0.2675817608833313 0.028136229142546654 0.0
0.2735220789909363 0.026725174859166145 0.0
0.2720613479614258 0.030351441353559494 0.0
0.27242934703826904 0.03481889143586159 0.0
0.28120410442352295 0.036194808781147 0.0
0.2887430191040039 0.037510715425014496 0.0
0.2840225100517273 0.042084142565727234 0.0
0.29138386249542236 0.0416032075881958 0.0
0.2972850799560547 0.043951500207185745 0.0
0.30263298749923706 0.04119914025068283 0.0
0.30595862865448 0.04673170670866966 0.0
0.30829858779907227 0.041936881840229034 0.0
0.31442612409591675 0.04345730319619179 0.0
0.3939117193222046 0.0 0.0
0.3199860453605652 0.046198442578315735 0.0
0.39391160011291504 0.0 0.0
0.39391160011291504 0.0 0.0
0.3251689672470093 0.04659878835082054 0.0
0.3310554623603821 0.045401349663734436 0.0
0.35445165634155273 0.03239395096898079 0.0
0.3469192385673523 0.038403160870075226 0.0
0.35224205255508423 0.036631546914577484 0.0
0.400956928730011 0.00864308513700962 0.0
0.40016287565231323 0.004285066854208708 0.0
0.3390260934829712 0.04467286914587021 0.0
0.3467337489128113 0.043128881603479385 0.0
0.35905128717422485 0.037429213523864746 0.0
0.36154264211654663 0.033291153609752655 0.0
0.35335177183151245 0.04072805866599083 0.0
0.4003060460090637 0.013912348076701164 0.0
0.36579155921936035 0.03614035248756409 0.0
0.36488425731658936 0.039692819118499756 0.0
0.36936527490615845 0.038827285170555115 0.0
0.37173891067504883 0.035527728497982025 0.0
0.4012388586997986 0.017871372401714325 0.0
0.3746790885925293 0.03934527188539505 0.0
0.3781043291091919 0.03511462360620499 0.0
0.38494616746902466 0.03356335312128067 0.0
0.3925046920776367 0.03027900867164135 0.0
0.40016651153564453 0.026002200320363045 0.0
0.40580618381500244 0.02049083448946476 0.0
0.38271939754486084 0.039995286613702774 0.0
0.39972126483917236 0.030508816242218018 0.0
0.3909766674041748 0.03664359822869301 0.0
0.39790600538253784 0.03456110879778862 0.0
0.26336395740509033 0.0 0.0
0.25993359088897705 0.0 0.0
0.2650960683822632 0.0 0.0
0.25065451860427856 0.0 0.0
0.24896734952926636 0.014617085456848145 0.0
0.24987655878067017 0.022158341482281685 0.0
0.2574167847633362 0.023044245317578316 0.0
0.25570517778396606 0.027097566053271294 0.0
0.2621951699256897 0.025702957063913345 0.0
0.2617530822753906 0.03016415424644947 0.0
0.2674110531806946 0.03179912641644478 0.0
0.2628656029701233 0.03527126833796501 0.0
0.26782459020614624 0.03960021212697029 0.0
0.2756357192993164 0.040199507027864456 0.0
0.2706601023674011 0.04324038326740265 0.0
0.27644145488739014 0.045172180980443954 0.0
0.2831084728240967 0.048053521662950516 0.0
0.29054349660873413 0.04621754586696625 0.0
0.28957074880599976 0.05222075432538986 0.0
0.29734712839126587 0.04956648871302605 0.0
0.30388760566711426 0.053736697882413864 0.0
0.30986320972442627 0.05152199789881706 0.0
0.3145207166671753 0.04866177588701248 0.0
0.398337721824646 0.0 0.0
0.3981741666793823 0.0 0.0
0.31532686948776245 0.05329020693898201 0.0
0.40170931816101074 0.0 0.0
0.3224712014198303 0.05101363733410835 0.0
0.4018813967704773 0.0 0.0
0.3290615677833557 0.0491432286798954 0.0
0.33655619621276855 0.049861304461956024 0.0
0.40835320949554443 0.005620687268674374 0.0
0.40761953592300415 0.011856259778141975 0.0
0.34647369384765625 0.04898275062441826 0.0
0.35430651903152466 0.04584192857146263 0.0
0.36067646741867065 0.04257230833172798 0.0
0.40578967332839966 0.016123633831739426 0.0
0.3554168939590454 0.05098813399672508 0.0
0.3630228042602539 0.04821205139160156 0.0
0.3689888119697571 0.04304113611578941 0.0
0.4127237796783447 0.015897097066044807 0.0
0.41416317224502563 0.02058486081659794 0.0
0.3732953667640686 0.048869457095861435 0.0
0.3760892152786255 0.04331910237669945 0.0
0.409440279006958 0.025310508906841278 0.0
0.4045447111129761 0.028959570452570915 0.0
0.3801133632659912 0.04526219144463539 0.0
0.404211163520813 0.032912056893110275 0.0
0.41625016927719116 0.02375693805515766 0.0
0.38538211584091187 0.044719938188791275 0.0
0.3906695246696472 0.04201902076601982 0.0
0.397102415561676 0.039504051208496094 0.0
0.4099653959274292 0.03035873733460903 0.0
0.4157554507255554 0.02751951664686203 0.0
0.4105088710784912 0.035724446177482605 0.0
0.39054590463638306 0.04692188650369644 0.0
0.3972184658050537 0.04430555924773216 0.0
0.4035201668739319 0.03761209547519684 0.0
0.40246450901031494 0.04179089143872261 0.0
0.24170386791229248 0.0 0.0
0.2644127607345581 0.0 0.0
0.2638891935348511 0.0 0.0
0.23874139785766602 0.008935878984630108 0.0
0.23549765348434448 0.0 0.0
0.23983699083328247 0.018274959176778793 0.0
0.24180203676223755 0.02444659359753132 0.0
0.24837768077850342 0.02831716276705265 0.0
0.24642109870910645 0.03406587243080139 0.0
0.2549149990081787 0.032227445393800735 0.0
0.2545534372329712 0.03746749460697174 0.0
0.26073968410491943 0.03992791101336479 0.0
0.2544494867324829 0.042938921600580215 0.0
0.26376646757125854 0.04359902814030647 0.0
0.2686094045639038 0.047228727489709854 0.0
0.27519863843917847 0.050165820866823196 0.0
0.2816404700279236 0.05258900672197342 0.0
0.29662179946899414 0.05447440594434738 0.0
0.3080163598060608 0.05899885296821594 0.0
0.31039929389953613 0.055169034749269485 0.0
0.40170931816101074 0.0 0.0
0.40170931816101074 0.0 0.0
0.31560438871383667 0.05810432508587837 0.0
0.320140540599823 0.055377282202243805 0.0
0.4132247567176819 0.0 0.0
0.32193851470947266 0.05848342180252075 0.0
0.32069891691207886 0.06218287721276283 0.0
0.32607555389404297 0.05612631142139435 0.0
0.330844521522522 0.05312247946858406 0.0
0.4125949740409851 0.0 0.0
0.3374921679496765 0.054483506828546524 0.0
0.416154682636261 0.004524700343608856 0.0
0.41610217094421387 0.010159224271774292 0.0
0.32745540142059326 0.06069619208574295 0.0
0.33431780338287354 0.05823175981640816 0.0
0.34286534786224365 0.05324418097734451 0.0
0.3434355854988098 0.057847753167152405 0.0
0.42260146141052246 0.00609330739825964 0.0
0.33491986989974976 0.06395715475082397 0.0
0.340359091758728 0.06143533065915108 0.0
0.3507257103919983 0.0547606535255909 0.0
0.34661900997161865 0.06247230991721153 0.0
0.35175859928131104 0.05988422408699989 0.0
0.356498122215271 0.05424532666802406 0.0
0.3583691716194153 0.0574488565325737 0.0
0.36104774475097656 0.05335356295108795 0.0
0.3668209910392761 0.052313122898340225 0.0
0.41976994276046753 0.017007701098918915 0.0
0.4208117723464966 0.021046526730060577 0.0
0.3655284643173218 0.05637376755475998 0.0
0.42668992280960083 0.01800042763352394 0.0
0.37092751264572144 0.05445296689867973 0.0
0.42140138149261475 0.024949291720986366 0.0
0.42674893140792847 0.022426359355449677 0.0
0.3774722218513489 0.05467088520526886 0.0
0.38288241624832153 0.04945659637451172 0.0
0.41621285676956177 0.032268669456243515 0.0
0.42200005054473877 0.029414476826786995 0.0
0.4274172782897949 0.026603398844599724 0.0
0.3841092586517334 0.0539834164083004 0.0
0.3900212049484253 0.05178888887166977 0.0
0.39738667011260986 0.04924466460943222 0.0
0.4093746542930603 0.04115203395485878 0.0
0.4172678589820862 0.037010353058576584 0.0
0.40512627363204956 0.04624485224485397 0.0
0.23136454820632935 0.0 0.0
0.23291510343551636 0.0 0.0
0.22899091243743896 0.0 0.0
0.2285054326057434 0.003993184305727482 0.0
0.22759884595870972 0.009268669411540031 0.0
0.23017722368240356 0.014424336142838001 0.0
0.231273353099823 0.020255768671631813 0.0
0.23681730031967163 0.02228575386106968 0.0
0.23354417085647583 0.02627110294997692 0.0
0.24153810739517212 0.029200581833720207 0.0
0.23701691627502441 0.03276939317584038 0.0
0.24049508571624756 0.03833448886871338 0.0
0.24806684255599976 0.03936804085969925 0.0
0.2446919083595276 0.04329079017043114 0.0
0.25476008653640747 0.05177385360002518 0.0
0.24971145391464233 0.04795847460627556 0.0
0.2594758868217468 0.04785942658782005 0.0
0.26482099294662476 0.053028929978609085 0.0
0.2545274496078491 0.05626377835869789 0.0
0.26121222972869873 0.058445435017347336 0.0
0.26822835206985474 0.0579136461019516 0.0
0.2750208377838135 0.05517968535423279 0.0
0.27488696575164795 0.06046683341264725 0.0
0.2841302156448364 0.05760924518108368 0.0
0.2923979163169861 0.0571349561214447 0.0
0.2994571328163147 0.05943430960178375 0.0
0.30572181940078735 0.06399309635162354 0.0
0.31335413455963135 0.06304989755153656 0.0
0.4178633689880371 0.0 0.0
0.4209723472595215 0.0 0.0
0.4194091558456421 0.0 0.0
0.4203816056251526 0.0 0.0
0.31882578134536743 0.06728897988796234 0.0
0.4260757565498352 0.002924106316640973 0.0
0.3266831040382385 0.06537257879972458 0.0
0.3252723217010498 0.0693298876285553 0.0
0.43074607849121094 0.005566740408539772 0.0
0.33194077014923096 0.06893007457256317 0.0
0.42530494928359985 0.012120154686272144 0.0
0.3423789143562317 0.06467651575803757 0.0
0.3407738208770752 0.06878915429115295 0.0
0.34892135858535767 0.06699477136135101 0.0
0.3526613116264343 0.06376639008522034 0.0
0.3583706021308899 0.06232940033078194 0.0
0.3639885187149048 0.06032119691371918 0.0
0.4329782724380493 0.02054687589406967 0.0
0.3718016743659973 0.0597984753549099 0.0
0.4315974712371826 0.02419915795326233 0.0
0.37844961881637573 0.05892734229564667 0.0
0.3823125958442688 0.057072415947914124 0.0
0.43390071392059326 0.02781790681183338 0.0
0.38917410373687744 0.05690531060099602 0.0
0.42253822088241577 0.03422872722148895 0.0
0.4293341636657715 0.03187258169054985 0.0
0.3969319462776184 0.05423319712281227 0.0
0.4178363084793091 0.0422222726047039 0.0
0.4125252366065979 0.045388031750917435 0.0
0.42328470945358276 0.03881312161684036 0.0
0.40452659130096436 0.051927171647548676 0.0
0.427682101726532 0.03640008717775345 0.0
0.4120049476623535 0.049828991293907166 0.0
0.42508232593536377 0.04262887313961983 0.0
0.4235890507698059 0.0462045818567276 0.0
0.41800349950790405 0.04753861576318741 0.0
0.4296520948410034 0.040299925953149796 0.0
0.2189677357673645 0.0 0.0
0.22220420837402344 0.0 0.0
0.22174924612045288 0.0016843805788084865 0.0
0.22049254179000854 0.005995444022119045 0.0
0.22095531225204468 0.011709341779351234 0.0
0.2225792407989502 0.01727158948779106 0.0
0.22361063957214355 0.023215802386403084 0.0
0.22644388675689697 0.02731233648955822 0.0
0.22829365730285645 0.03142872452735901 0.0
0.23146706819534302 0.037349678575992584 0.0
0.23563772439956665 0.04274546355009079 0.0
0.2401047945022583 0.047734882682561874 0.0
0.24459987878799438 0.053643595427274704 0.0
0.24760496616363525 0.05869739130139351 0.0
0.25349175930023193 0.06256049126386642 0.0
0.2648046016693115 0.0635543167591095 0.0
0.27372705936431885 0.06541499495506287 0.0
0.2826359272003174 0.0644635334610939 0.0
0.29132652282714844 0.06177675351500511 0.0
0.29783928394317627 0.06540630012750626 0.0
0.30449438095092773 0.06917568296194077 0.0
0.3111109137535095 0.06719470024108887 0.0
0.42342865467071533 0.0 0.0
0.4245384931564331 0.0 0.0
0.3128277659416199 0.07180418074131012 0.0
0.43019819259643555 0.0 0.0
0.32067209482192993 0.0716107115149498 0.0
0.32709944248199463 0.07342477142810822 0.0
0.3357810974121094 0.07319790124893188 0.0
0.4345925450325012 0.014810901135206223 0.0
0.34327805042266846 0.07360861450433731 0.0
0.3474987745285034 0.07096587866544724 0.0
0.35737401247024536 0.06675796955823898 0.0
0.44121962785720825 0.01986140012741089 0.0
0.35489386320114136 0.07175970077514648 0.0
0.43731045722961426 0.024306870996952057 0.0
0.3635116219520569 0.070325568318367 0.0
0.3657413721084595 0.06504824012517929 0.0
0.370119571685791 0.06922344863414764 0.0
0.3751407265663147 0.06593607366085052 0.0
0.3781270980834961 0.06210896745324135 0.0
0.3839268088340759 0.060788340866565704 0.0
0.4397467374801636 0.02813011407852173 0.0
0.4448118209838867 0.02557508833706379 0.0
0.4382978677749634 0.03242149204015732 0.0
0.3823666572570801 0.06487014144659042 0.0
0.38746386766433716 0.06395962834358215 0.0
0.39132362604141235 0.061599429696798325 0.0
0.3971099257469177 0.058913398534059525 0.0
0.43391329050064087 0.036719225347042084 0.0
0.44459354877471924 0.030523423105478287 0.0
0.4036486744880676 0.05666594207286835 0.0
0.4448305368423462 0.03420419245958328 0.0
0.4030725359916687 0.060355063527822495 0.0
0.41161781549453735 0.055386487394571304 0.0
0.4197339415550232 0.05262476205825806 0.0
0.4221559166908264 0.0491325818002224 0.0
0.4416978359222412 0.03748477250337601 0.0
0.43696683645248413 0.04141869768500328 0.0
0.40825438499450684 0.059270258992910385 0.0
0.4273715019226074 0.050250668078660965 0.0
0.4312595725059509 0.04531677067279816 0.0
0.42644232511520386 0.05437351018190384 0.0
0.42305266857147217 0.05799366533756256 0.0
0.21654582023620605 0.0 0.0
0.21320044994354248 0.0 0.0
0.2189677357673645 0.0 0.0
0.2189677357673645 0.0 0.0
0.2177562713623047 0.0 0.0
0.21272540092468262 0.008009528741240501 0.0
0.2128397822380066 0.014577084220945835 0.0
0.21623563766479492 0.019577011466026306 0.0
0.21434521675109863 0.023906851187348366 0.0
0.2196311354637146 0.029063893482089043 0.0
0.2211441993713379 0.03659128025174141 0.0
0.2265094518661499 0.04240703582763672 0.0
0.23127800226211548 0.04711254686117172 0.0
0.2352156639099121 0.05131165310740471 0.0
0.23328256607055664 0.05659153684973717 0.0
0.2411307692527771 0.05875902250409126 0.0
0.2359713315963745 0.06235123798251152 0.0
0.2388942837715149 0.0669492706656456 0.0
0.24393820762634277 0.06260692328214645 0.0
0.24611222743988037 0.06669332832098007 0.0
0.25201570987701416 0.06962563842535019 0.0
0.2688773274421692 0.06973730772733688 0.0
0.26054471731185913 0.06981689482927322 0.0
0.28589653968811035 0.07030028104782104 0.0
0.27740901708602905 0.06989096105098724 0.0
0.2906264066696167 0.06658637523651123 0.0
0.2953043580055237 0.07109025865793228 0.0
0.28899484872817993 0.07513421773910522 0.0
0.2957989573478699 0.07595626264810562 0.0
0.30418550968170166 0.07484778761863708 0.0
1.0 1.0 0.0
1.0 1.0 0.0
1.0 1.0 0.0
0.31148040294647217 0.07571525871753693 0.0
0.318281888961792 0.07577265799045563 0.0
0.43536949157714844 0.0 0.0
0.43860000371932983 0.0 0.0
0.43939268589019775 0.008215745911002159 0.0
0.3246566653251648 0.0775546282529831 0.0
0.31959038972854614 0.0796256810426712 0.0
0.44624388217926025 0.003179362276569009 0.0
0.331371545791626 0.07752423733472824 0.0
0.44366133213043213 0.014419478364288807 0.0
0.4484703540802002 0.009443915449082851 0.0
0.3391454815864563 0.07753648608922958 0.0
0.44630759954452515 0.017938964068889618 0.0
0.3465381860733032 0.07777934521436691 0.0
0.3494119644165039 0.07426486164331436 0.0
0.3546745181083679 0.07785046845674515 0.0
0.4486764669418335 0.021190879866480827 0.0
0.3628770709037781 0.07557272166013718 0.0
0.4515607953071594 0.025251232087612152 0.0
0.3701285719871521 0.07346946746110916 0.0
0.3762199878692627 0.07112950086593628 0.0
0.38223201036453247 0.06902648508548737 0.0
0.4506015181541443 0.0292753204703331 0.0
0.37639522552490234 0.07522504031658173 0.0
0.38320261240005493 0.07390973716974258 0.0
0.3880561590194702 0.06732189655303955 0.0
0.3922473192214966 0.06528989970684052 0.0
0.38828015327453613 0.07102034240961075 0.0
0.3988032341003418 0.06386400014162064 0.0
0.39565426111221313 0.06985785812139511 0.0
0.4072699546813965 0.06317051500082016 0.0
0.4459332227706909 0.04234068840742111 0.0
0.4500890374183655 0.03714120388031006 0.0
0.40471142530441284 0.06809944659471512 0.0
0.4152800440788269 0.06083689257502556 0.0
0.43711674213409424 0.050160326063632965 0.0
0.43940120935440063 0.04552716761827469 0.0
0.4130324125289917 0.06678490340709686 0.0
0.4319618344306946 0.05361904576420784 0.0
0.41873282194137573 0.06484633684158325 0.0
0.42298203706741333 0.06281891465187073 0.0
0.43093639612197876 0.057254042476415634 0.0
0.4297146201133728 0.061453819274902344 0.0
0.20527631044387817 0.004593642894178629 0.0
0.20333272218704224 0.0 0.0
0.20805507898330688 0.0 0.0
0.21229863166809082 0.0 0.0
0.2051171064376831 0.010917097330093384 0.0
0.20555168390274048 0.015153812244534492 0.0
0.20752030611038208 0.019564274698495865 0.0
0.2071899175643921 0.02495216391980648 0.0
0.21130120754241943 0.028249327093362808 0.0
0.21167409420013428 0.034153252840042114 0.0
0.2143295407295227 0.03874649479985237 0.0
0.21655404567718506 0.043787237256765366 0.0
0.22392481565475464 0.047008734196424484 0.0
0.22736471891403198 0.05141519755125046 0.0
0.2190004587173462 0.050451766699552536 0.0
0.22265011072158813 0.05614929273724556 0.0
0.22642844915390015 0.06255821138620377 0.0
0.23198848962783813 0.06649599224328995 0.0
0.23301362991333008 0.07123193144798279 0.0
0.22568511962890625 0.06899048388004303 0.0
0.24222123622894287 0.07215601950883865 0.0
0.23477548360824585 0.0766049176454544 0.0
0.2423950433731079 0.07848501205444336 0.0
0.24863523244857788 0.07539749890565872 0.0
0.25605833530426025 0.07539653778076172 0.0
0.2645798325538635 0.0753941535949707 0.0
0.27292901277542114 0.07518138736486435 0.0
0.2810510993003845 0.07497824728488922 0.0
0.2773234248161316 0.07989140599966049 0.0
0.28525954484939575 0.07958786934614182 0.0
0.29209792613983154 0.07887335121631622 0.0
0.2923365831375122 0.08382441103458405 0.0
0.2993934750556946 0.07953379303216934 0.0
0.3023694157600403 0.0832362025976181 0.0
0.300717830657959 0.08717495203018188 0.0
0.3103635311126709 0.07979760318994522 0.0
0.3092171549797058 0.08521652966737747 0.0
0.3074434995651245 0.08892982453107834 0.0
0.446433424949646 0.0 0.0
0.317913293838501 0.08336152881383896 0.0
0.3159988522529602 0.08832790702581406 0.0
0.32580578327178955 0.08108747005462646 0.0
0.3254730701446533 0.08574629575014114 0.0
0.4515107274055481 0.016044773161411285 0.0
0.33442986011505127 0.0825074166059494 0.0
0.34250932931900024 0.0812484547495842 0.0
0.3497384786605835 0.08289395272731781 0.0
0.45665794610977173 0.021963562816381454 0.0
0.35663139820098877 0.08249345421791077 0.0
0.3624749779701233 0.08085272461175919 0.0
0.3716390132904053 0.0794302225112915 0.0
0.45707374811172485 0.02768149971961975 0.0
0.4492798447608948 0.032952696084976196 0.0
0.38042348623275757 0.07840616255998611 0.0
0.45622313022613525 0.03304719179868698 0.0
0.3863378167152405 0.07770473510026932 0.0
0.39153313636779785 0.07513097673654556 0.0
0.4583989977836609 0.038039084523916245 0.0
0.4537698030471802 0.04111376777291298 0.0
0.39727187156677246 0.07442530989646912 0.0
0.4031309485435486 0.07393107563257217 0.0
0.4458242654800415 0.047660112380981445 0.0
0.40960150957107544 0.07124873250722885 0.0
0.4389135241508484 0.05564608424901962 0.0
0.4458009600639343 0.052286870777606964 0.0
0.41560685634613037 0.07162068039178848 0.0
0.4196329712867737 0.06826595216989517 0.0
0.42295509576797485 0.06602469086647034 0.0
0.4369758367538452 0.060141198337078094 0.0
0.4291149973869324 0.0661885142326355 0.0
0.19868099689483643 0.002493038773536682 0.0
0.19762474298477173 0.0 0.0
0.20333272218704224 0.0 0.0
0.20333272218704224 0.0 0.0
0.1989855170249939 0.0 0.0
0.20333272218704224 0.0 0.0
0.20333272218704224 0.0 0.0
0.19796329736709595 0.007704574149101973 0.0
0.1973007321357727 0.015665773302316666 0.0
0.19921213388442993 0.02374613657593727 0.0
0.20306473970413208 0.030322924256324768 0.0
0.20366227626800537 0.03646155074238777 0.0
0.20823729038238525 0.040968943387269974 0.0
0.1990368366241455 0.04168572276830673 0.0
0.20961803197860718 0.04534105956554413 0.0
0.21103668212890625 0.04940124601125717 0.0
0.2137661576271057 0.05522473528981209 0.0
0.2170540690422058 0.0608394518494606 0.0
0.2125886082649231 0.06460698693990707 0.0
0.20871490240097046 0.06034252047538757 0.0
0.218916654586792 0.06627527624368668 0.0
0.2128974199295044 0.06933627277612686 0.0
0.21499866247177124 0.0744510218501091 0.0
0.21938318014144897 0.07104623317718506 0.0
0.22475308179855347 0.07567703723907471 0.0
0.2167283296585083 0.07946275919675827 0.0
0.22382444143295288 0.08246053755283356 0.0
0.23036378622055054 0.08040813356637955 0.0
0.23261189460754395 0.08576221019029617 0.0
0.2363324761390686 0.08112253248691559 0.0
0.2419428825378418 0.08385668694972992 0.0
0.24060136079788208 0.08813253790140152 0.0
0.25072985887527466 0.08115050941705704 0.0
0.24910801649093628 0.0878164991736412 0.0
0.2602701187133789 0.0809214636683464 0.0
0.2565755248069763 0.0853714719414711 0.0
0.2695661783218384 0.08127029240131378 0.0
0.2752775549888611 0.08333175629377365 0.0
0.28161871433258057 0.08443757146596909 0.0
0.2736049294471741 0.08712597191333771 0.0
0.2824534773826599 0.08925687521696091 0.0
0.28686749935150146 0.0869801715016365 0.0
0.29175257682800293 0.08967212587594986 0.0
0.28532129526138306 0.09347809851169586 0.0
0.2936912775039673 0.09450618922710419 0.0
0.45150887966156006 0.0 0.0
0.44941091537475586 0.0 0.0
0.3010786175727844 0.09155485033988953 0.0
0.302707314491272 0.09667807072401047 0.0
0.457750141620636 0.003893114859238267 0.0
0.4597194194793701 0.0 0.0
0.3097093105316162 0.09226781129837036 0.0
0.452311635017395 0.005066626705229282 0.0
0.31329047679901123 0.09626897424459457 0.0
0.3171294927597046 0.09238767623901367 0.0
0.4569883346557617 0.010175077244639397 0.0
0.3241536617279053 0.09056726098060608 0.0
0.3220483064651489 0.09512433409690857 0.0
0.3333466649055481 0.0887879729270935 0.0
0.3301885724067688 0.09357747435569763 0.0
0.3419598937034607 0.08599431812763214 0.0
0.33548104763031006 0.09240618348121643 0.0
0.3406727910041809 0.09120972454547882 0.0
0.3501957058906555 0.08974304050207138 0.0
0.3551722764968872 0.08581272512674332 0.0
0.36100536584854126 0.08542712777853012 0.0
0.462649405002594 0.02544899843633175 0.0
0.3680660128593445 0.08467674255371094 0.0
0.3733423352241516 0.08398815244436264 0.0
0.3792375922203064 0.08353657275438309 0.0
0.38489383459091187 0.0809323638677597 0.0
0.46312910318374634 0.035117123275995255 0.0
0.3905484080314636 0.08035396039485931 0.0
0.45341694355010986 0.04517563804984093 0.0
0.39783960580825806 0.07881159335374832 0.0
0.4603632092475891 0.042519595474004745 0.0
0.4531922936439514 0.049816206097602844 0.0
0.46078699827194214 0.04732999950647354 0.0
0.4046863913536072 0.07900918275117874 0.0
0.41092586517333984 0.0761738047003746 0.0
0.4524799585342407 0.05363522842526436 0.0
0.4174874424934387 0.07543451339006424 0.0
0.4226232171058655 0.07264276593923569 0.0
0.4249327778816223 0.06875918805599213 0.0
0.43658214807510376 0.0644480437040329 0.0
0.44323474168777466 0.059056248515844345 0.0
0.4475136995315552 0.056337691843509674 0.0
0.43071383237838745 0.07166196405887604 0.0
0.4369727373123169 0.06899493932723999 0.0
0.44364655017852783 0.06269948184490204 0.0
0.19480371475219727 0.0 0.0
0.19245421886444092 0.003748666262254119 0.0
0.18926715850830078 0.009505923837423325 0.0
0.1866578459739685 0.01587633416056633 0.0
0.18824094533920288 0.022697972133755684 0.0
0.1915034055709839 0.0299591775983572 0.0
0.19580614566802979 0.03608126938343048 0.0
0.18663543462753296 0.03690284490585327 0.0
0.19001972675323486 0.04206763952970505 0.0
0.19310146570205688 0.04772593453526497 0.0
0.203097403049469 0.047553978860378265 0.0
0.19608449935913086 0.05377881973981857 0.0
0.2051025629043579 0.05448828265070915 0.0
0.19857686758041382 0.060836032032966614 0.0
0.20575493574142456 0.06620074063539505 0.0
0.19586265087127686 0.06873711943626404 0.0
0.2059573531150818 0.07303477823734283 0.0
0.21040165424346924 0.0776456966996193 0.0
0.2039175033569336 0.07885241508483887 0.0
0.2018008828163147 0.08468218892812729 0.0
0.21016710996627808 0.08214728534221649 0.0
0.21124190092086792 0.08840487897396088 0.0
0.21677708625793457 0.08424995839595795 0.0
0.2224506139755249 0.08914870023727417 0.0
0.23017048835754395 0.08994981646537781 0.0
0.2358393669128418 0.09078476577997208 0.0
0.23006993532180786 0.0942498967051506 0.0
0.23824775218963623 0.09454262256622314 0.0
0.24351608753204346 0.09199701994657516 0.0
0.2453104853630066 0.09704162180423737 0.0
0.2517176866531372 0.09324626624584198 0.0
0.2641780972480774 0.08618052303791046 0.0
0.25358378887176514 0.09721855074167252 0.0
0.25818103551864624 0.08997450768947601 0.0
0.2599470019340515 0.09487555921077728 0.0
0.25945842266082764 0.09960107505321503 0.0
0.26691657304763794 0.09149231016635895 0.0
0.2691543698310852 0.09725998342037201 0.0
0.2655705213546753 0.10216827690601349 0.0
0.2762289047241211 0.09276438504457474 0.0
0.27542048692703247 0.10254864394664764 0.0
0.27997076511383057 0.09723468124866486 0.0
0.28559428453445435 0.10051105171442032 0.0
0.28765571117401123 0.09686555713415146 0.0
0.29333317279815674 0.09873390942811966 0.0
0.2913826107978821 0.10246049612760544 0.0
0.46285390853881836 0.00277528609149158 0.0
0.29861170053482056 0.10211338102817535 0.0
0.30893081426620483 0.10224391520023346 0.0
0.46357738971710205 0.0071431421674788 0.0
0.3189994692802429 0.10006202012300491 0.0
0.4593515396118164 0.016550304368138313 0.0
0.4656885266304016 0.020598700270056725 0.0
0.328399121761322 0.09887925535440445 0.0
0.3373402953147888 0.09634626656770706 0.0
0.34512239694595337 0.09438227862119675 0.0
0.3581210970878601 0.08884142339229584 0.0
0.3518737554550171 0.09602820873260498 0.0
0.3585597276687622 0.09328339248895645 0.0
0.4645316004753113 0.030439255759119987 0.0
0.36565089225769043 0.09015493094921112 0.0
0.374448299407959 0.0883219912648201 0.0
0.46984219551086426 0.034948140382766724 0.0
0.38248008489608765 0.0888524055480957 0.0
0.3870222568511963 0.08475024998188019 0.0
0.46592509746551514 0.039077602326869965 0.0
0.39437854290008545 0.08473944664001465 0.0
0.4019176959991455 0.08387265354394913 0.0
0.4089815616607666 0.08206287026405334 0.0
0.46038979291915894 0.052741244435310364 0.0
0.4164060950279236 0.08024279773235321 0.0
0.4216964840888977 0.07710932195186615 0.0
0.4439586400985718 0.06731830537319183 0.0
0.44969379901885986 0.06016393378376961 0.0
0.4552645683288574 0.0570296049118042 0.0
0.4283599257469177 0.07691963016986847 0.0
0.4432886242866516 0.07131810486316681 0.0
0.45199131965637207 0.06495458632707596 0.0
0.45652127265930176 0.06092512235045433 0.0
0.4346243143081665 0.07570978999137878 0.0
0.4385574460029602 0.07339547574520111 0.0
0.17562460899353027 0.0 0.0
0.17562460899353027 0.0 0.0
0.17562460899353027 0.0 0.0
0.18209481239318848 0.0 0.0
0.19480371475219727 0.0 0.0
0.19480371475219727 0.0 0.0
0.17950904369354248 0.011184095405042171 0.0
0.1790066361427307 0.01899254135787487 0.0
0.1778910756111145 0.02637576311826706 0.0
0.179093599319458 0.038429126143455505 0.0
0.18107163906097412 0.03265593573451042 0.0
0.18142151832580566 0.042593225836753845 0.0
0.18376076221466064 0.04787001013755798 0.0
0.18672341108322144 0.05355038866400719 0.0
0.19029253721237183 0.058343611657619476 0.0
0.18862169981002808 0.06360545009374619 0.0
0.1860642433166504 0.06840181350708008 0.0
0.18830609321594238 0.07303990423679352 0.0
0.19710808992385864 0.07539618015289307 0.0
0.19005614519119263 0.07828877121210098 0.0
0.19146347045898438 0.08396441489458084 0.0
0.19713616371154785 0.0801663026213646 0.0
0.19561290740966797 0.08859646320343018 0.0
0.20224273204803467 0.09139049053192139 0.0
0.21004682779312134 0.09560864418745041 0.0
0.22104144096374512 0.10092880576848984 0.0
0.22011619806289673 0.09635980427265167 0.0
0.2276940941810608 0.10061080008745193 0.0
0.23641544580459595 0.09864170104265213 0.0
0.23487305641174316 0.10311586409807205 0.0
0.2422429919242859 0.10229481756687164 0.0
0.25091636180877686 0.10119544714689255 0.0
0.24741613864898682 0.1060078889131546 0.0
0.25705647468566895 0.10506581515073776 0.0
0.26648980379104614 0.10679581016302109 0.0
0.27545619010925293 0.10865536332130432 0.0
0.46030229330062866 0.0 0.0
0.46101534366607666 0.0 0.0
0.28522640466690063 0.1059836819767952 0.0
0.4645001292228699 0.0 0.0
0.29378533363342285 0.10585717111825943 0.0
0.46988165378570557 0.004178975708782673 0.0
0.3014499545097351 0.10784345120191574 0.0
0.4659762382507324 0.013212092220783234 0.0
0.310369074344635 0.1085766926407814 0.0
0.3173830509185791 0.10561845451593399 0.0
0.473407506942749 0.017442911863327026 0.0
0.324324369430542 0.10346666723489761 0.0
0.332114577293396 0.10436011105775833 0.0
0.46930551528930664 0.02601894922554493 0.0
0.47295451164245605 0.022424286231398582 0.0
0.34538722038269043 0.09892766177654266 0.0
0.33921748399734497 0.10183736681938171 0.0
0.47713083028793335 0.026239238679409027 0.0
0.34628045558929443 0.10396819561719894 0.0
0.3527143597602844 0.1014014258980751 0.0
0.3593878746032715 0.09879574179649353 0.0
0.47326773405075073 0.030582841485738754 0.0
0.3662540912628174 0.09634586423635483 0.0
0.3733673691749573 0.09416958689689636 0.0
0.37914609909057617 0.09249943494796753 0.0
0.3850848078727722 0.09359955042600632 0.0
0.38988083600997925 0.08969596028327942 0.0
0.46878480911254883 0.04443816840648651 0.0
0.39839571714401245 0.0903247520327568 0.0
0.4068605899810791 0.08761035650968552 0.0
0.41298896074295044 0.08509854972362518 0.0
0.4644795060157776 0.05869956687092781 0.0
0.4678202271461487 0.05370886251330376 0.0
0.41926103830337524 0.08511408418416977 0.0
0.4235525131225586 0.0809241384267807 0.0
0.43008261919021606 0.08186855167150497 0.0
0.43514376878738403 0.07940994948148727 0.0
0.4606804847717285 0.06415630877017975 0.0
0.4577416181564331 0.06812679767608643 0.0
0.44029325246810913 0.07759813964366913 0.0
0.45153671503067017 0.07156811654567719 0.0
0.4455052614212036 0.07537166774272919 0.0
0.17562460899353027 0.0 0.0
0.17562460899353027 0.0 0.0
0.17562460899353027 0.0 0.0
0.17080026865005493 0.014394723810255527 0.0
0.16919803619384766 0.005628679413348436 0.0
0.1697521209716797 0.021505404263734818 0.0
0.16701006889343262 0.028120556846261024 0.0
0.17294496297836304 0.03186634182929993 0.0
0.17266279458999634 0.03705456852912903 0.0
0.17310810089111328 0.042857833206653595 0.0
0.17582499980926514 0.04743749275803566 0.0
0.17587041854858398 0.05365245044231415 0.0
0.18179547786712646 0.05935255438089371 0.0
0.17928612232208252 0.06514877080917358 0.0
0.17808181047439575 0.07096324115991592 0.0
0.18148458003997803 0.07629358023405075 0.0
0.18300515413284302 0.08128642290830612 0.0
0.18290281295776367 0.08606070280075073 0.0
0.18769347667694092 0.08984669297933578 0.0
0.1941225528717041 0.09388434141874313 0.0
0.20082658529281616 0.09777382016181946 0.0
0.20658177137374878 0.10127680003643036 0.0
0.21473854780197144 0.1019800677895546 0.0
0.2221934199333191 0.10467404127120972 0.0
0.22975748777389526 0.10615577548742294 0.0
0.23831117153167725 0.1075836643576622 0.0
0.24468839168548584 0.11034741997718811 0.0
0.2512167692184448 0.10934384167194366 0.0
0.25821858644485474 0.11068796366453171 0.0
0.2671067714691162 0.11230707913637161 0.0
0.46450042724609375 0.0 0.0
0.46450066566467285 0.0 0.0
0.28248417377471924 0.11110363900661469 0.0
0.46958935260772705 0.0 0.0
0.46641218662261963 0.0 0.0
0.2919880151748657 0.11181800067424774 0.0
0.283624529838562 0.11572043597698212 0.0
0.30028480291366577 0.1130063533782959 0.0
0.3062070608139038 0.11252863705158234 0.0
0.47484201192855835 0.010638219304382801 0.0
0.31181836128234863 0.11293735355138779 0.0
0.31710588932037354 0.11112526059150696 0.0
0.3254198431968689 0.10921317338943481 0.0
0.479993999004364 0.02121804654598236 0.0
0.3336622714996338 0.10989763587713242 0.0
0.3404948115348816 0.10759055614471436 0.0
0.34750044345855713 0.10799162089824677 0.0
0.3528621792793274 0.10632125288248062 0.0
0.4776151776313782 0.03515812009572983 0.0
0.3608003854751587 0.10470174998044968 0.0
0.36634910106658936 0.10126858204603195 0.0
0.473880410194397 0.03967037796974182 0.0
0.37443792819976807 0.10035797953605652 0.0
0.3805410861968994 0.09685049951076508 0.0
0.38682007789611816 0.09764360636472702 0.0
0.39180558919906616 0.09489098936319351 0.0
0.46745574474334717 0.04960242658853531 0.0
0.4732450246810913 0.048391059041023254 0.0
0.4722534418106079 0.051805030554533005 0.0
0.39870041608810425 0.09677654504776001 0.0
0.4055554270744324 0.09331988543272018 0.0
0.41377395391464233 0.09006017446517944 0.0
0.4732789397239685 0.05642809346318245 0.0
0.4236330986022949 0.08957963436841965 0.0
0.42552465200424194 0.08469711989164352 0.0
0.4685218334197998 0.06460188329219818 0.0
0.4716484546661377 0.060938674956560135 0.0
0.43113768100738525 0.08622150868177414 0.0
0.4640398621559143 0.06830485910177231 0.0
0.4366673231124878 0.08352130651473999 0.0
0.440731406211853 0.08122362941503525 0.0
0.4471222758293152 0.08053538203239441 0.0
0.4601891040802002 0.07205072790384293 0.0
0.45228302478790283 0.07763954252004623 0.0
0.4573138356208801 0.07575780898332596 0.0
0.4694521427154541 0.06901799142360687 0.0
0.4530479907989502 0.08116377145051956 0.0
0.46332311630249023 0.0763912945985794 0.0
0.4668406844139099 0.07246328145265579 0.0
0.161809504032135 0.0 0.0
0.16918504238128662 0.0 0.0
0.15994083881378174 0.0 0.0
0.1634940505027771 0.016854118555784225 0.0
0.16238564252853394 0.010196271352469921 0.0
0.1581084132194519 0.022658849135041237 0.0
0.16471153497695923 0.03470543026924133 0.0
0.1642439365386963 0.041510503739118576 0.0
0.16552257537841797 0.049797315150499344 0.0
0.1680493950843811 0.05568448454141617 0.0
0.17093300819396973 0.060707733035087585 0.0
0.1710459589958191 0.06685212254524231 0.0
0.1746882200241089 0.07950323820114136 0.0
0.17359250783920288 0.07507124543190002 0.0
0.17567676305770874 0.08466464281082153 0.0
0.17533165216445923 0.09180678427219391 0.0
0.1853589415550232 0.09610417485237122 0.0
0.19096875190734863 0.10813537240028381 0.0
0.1838049292564392 0.10289914906024933 0.0
0.19253230094909668 0.10042380541563034 0.0
0.19996505975723267 0.10429990291595459 0.0
0.20143628120422363 0.11149685084819794 0.0
0.20813685655593872 0.10652440786361694 0.0
0.21058672666549683 0.11142841726541519 0.0
0.2162611484527588 0.10810118168592453 0.0
0.21812206506729126 0.11343377828598022 0.0
0.22420108318328857 0.10971613228321075 0.0
0.22743570804595947 0.11443884670734406 0.0
0.2314925193786621 0.11051754653453827 0.0
0.23774373531341553 0.11382203549146652 0.0
0.24891352653503418 0.11441721022129059 0.0
0.2587583661079407 0.11632239818572998 0.0
0.26803410053253174 0.11781461536884308 0.0
0.2756529450416565 0.1140095666050911 0.0
0.27674001455307007 0.11905618757009506 0.0
0.47812557220458984 0.0 0.0
0.28359299898147583 0.12018430978059769 0.0
0.2904825210571289 0.11880835890769958 0.0
0.47862768173217773 0.005357206799089909 0.0
0.29810017347335815 0.11734270304441452 0.0
0.30377429723739624 0.11607033014297485 0.0
0.31012797355651855 0.11722888797521591 0.0
0.4816920757293701 0.01549164205789566 0.0
0.31587105989456177 0.11540131270885468 0.0
0.32254958152770996 0.11532223969697952 0.0
0.33180445432662964 0.11511853337287903 0.0
0.486764132976532 0.026043368503451347 0.0
0.33916181325912476 0.11317697912454605 0.0
0.48143136501312256 0.030881034210324287 0.0
0.3463706970214844 0.11189544945955276 0.0
0.35187917947769165 0.1101674810051918 0.0
0.3582559823989868 0.10984589904546738 0.0
0.365078866481781 0.10929238051176071 0.0
0.4819353222846985 0.03980723395943642 0.0
0.3708644509315491 0.10620451718568802 0.0
0.478359580039978 0.04515399411320686 0.0
0.3790462017059326 0.1053536981344223 0.0
0.38453108072280884 0.1019066646695137 0.0
0.3922884464263916 0.09994064271450043 0.0
0.40521204471588135 0.09841915220022202 0.0
0.47833096981048584 0.05167580395936966 0.0
0.41143858432769775 0.09549333155155182 0.0
0.48026978969573975 0.05768793076276779 0.0
0.4175598621368408 0.09338768571615219 0.0
0.4222596287727356 0.09393787384033203 0.0
0.4766262173652649 0.06129291653633118 0.0
0.43240535259246826 0.09043468534946442 0.0
0.47393471002578735 0.06402619183063507 0.0
0.4383196234703064 0.08767794817686081 0.0
0.44434040784835815 0.08505962044000626 0.0
0.4736757278442383 0.06764424592256546 0.0
0.4777985215187073 0.06571021676063538 0.0
0.4816211462020874 0.06294628232717514 0.0
0.44064563512802124 0.09233179688453674 0.0
0.4443126320838928 0.08901257812976837 0.0
0.4591306447982788 0.08091868460178375 0.0
0.47321242094039917 0.07239548861980438 0.0
0.44920408725738525 0.08834350109100342 0.0
0.4535910487174988 0.08509987592697144 0.0
0.4701167941093445 0.07699728012084961 0.0
0.47802597284317017 0.07009615749120712 0.0
0.48246681690216064 0.06782216578722 0.0
0.4601069688796997 0.08503539115190506 0.0
0.4660379886627197 0.08018601685762405 0.0
0.4754490256309509 0.07648076862096786 0.0
0.4787343740463257 0.0743434876203537 0.0
0.48340749740600586 0.07231872528791428 0.0
0.46687865257263184 0.08528657257556915 0.0
0.47038280963897705 0.08122161775827408 0.0
0.4749886393547058 0.08013542741537094 0.0
0.4804317355155945 0.07893405854701996 0.0
0.4891032576560974 0.06985945254564285 0.0
0.4914328455924988 0.07486525177955627 0.0
0.4981728792190552 0.07758637517690659 0.0
0.49866610765457153 0.07519003003835678 0.0
0.5042932629585266 0.07481761276721954 0.0
0.5018454790115356 0.07680045813322067 0.0
0.506655216217041 0.0775270015001297 0.0
0.49655085802078247 0.07734860479831696 0.0
0.49781113862991333 0.07916254550218582 0.0
0.49239808320999146 0.07944874465465546 0.0
0.5023614764213562 0.07835981249809265 0.0
0.5032980442047119 0.08070570975542068 0.0
0.15369516611099243 0.004349465947598219 0.0
0.15587925910949707 0.0 0.0
0.15641987323760986 0.0 0.0
0.15994679927825928 0.0 0.0
0.1599528193473816 0.0 0.0
0.15459781885147095 0.014024181291460991 0.0
0.1565718650817871 0.030743835493922234 0.0
0.1537541151046753 0.03842497989535332 0.0
0.1559079885482788 0.04563519358634949 0.0
0.1612200140953064 0.05771230161190033 0.0
0.16125208139419556 0.06516361981630325 0.0
0.16672086715698242 0.07159726321697235 0.0
0.16679668426513672 0.077268086373806 0.0
0.16663777828216553 0.08333515375852585 0.0
0.1776975393295288 0.09894363582134247 0.0
0.17459160089492798 0.11115891486406326 0.0
0.17415887117385864 0.10537514835596085 0.0
0.18127048015594482 0.10939570516347885 0.0
0.17790710926055908 0.11590464413166046 0.0
0.18551874160766602 0.11351412534713745 0.0
0.18524789810180664 0.11908189952373505 0.0
0.19245988130569458 0.11514592170715332 0.0
0.19313585758209229 0.12087732553482056 0.0
0.19951915740966797 0.11743911355733871 0.0
0.20220732688903809 0.1223365068435669 0.0
0.20924580097198486 0.11690489947795868 0.0
0.2121666669845581 0.122342050075531 0.0
0.22085607051849365 0.11910337209701538 0.0
0.21938109397888184 0.12359405308961868 0.0
0.22695690393447876 0.1232760101556778 0.0
0.2318316102027893 0.11903826147317886 0.0
0.23586905002593994 0.12355899810791016 0.0
0.24147915840148926 0.11928851157426834 0.0
0.2437548041343689 0.12371674180030823 0.0
0.25057530403137207 0.12047593295574188 0.0
0.250741183757782 0.1265554279088974 0.0
0.25991082191467285 0.12216628342866898 0.0
0.2615439295768738 0.12851646542549133 0.0
0.26983392238616943 0.12332902103662491 0.0
0.47812557220458984 0.0 0.0
0.47812557220458984 0.0 0.0
0.47812557220458984 0.0 0.0
0.2734465003013611 0.12895596027374268 0.0
0.4860241413116455 0.0 0.0
0.48152071237564087 0.0 0.0
0.279013454914093 0.12378735095262527 0.0
0.48404133319854736 0.0032429303973913193 0.0
0.2824023962020874 0.12767505645751953 0.0
0.48599135875701904 0.009357002563774586 0.0
0.49070805311203003 0.003024974837899208 0.0
0.28738826513290405 0.1240091472864151 0.0
0.2976951599121094 0.12431792169809341 0.0
0.30444586277008057 0.12045425176620483 0.0
0.306079626083374 0.12488707900047302 0.0
0.3113577961921692 0.12269971519708633 0.0
0.48880845308303833 0.018902508541941643 0.0
0.31820571422576904 0.12010475993156433 0.0
0.3273470997810364 0.12065932154655457 0.0
0.3369143605232239 0.12041492015123367 0.0
0.33817535638809204 0.11664793640375137 0.0
0.4892474412918091 0.03180714696645737 0.0
0.3450061082839966 0.11734263598918915 0.0
0.48534512519836426 0.03553277999162674 0.0
0.354472279548645 0.11464473605155945 0.0
0.4898113012313843 0.03983209654688835 0.0
0.4927777647972107 0.035974882543087006 0.0
0.36406612396240234 0.11387642472982407 0.0
0.37076693773269653 0.1118357926607132 0.0
0.48673123121261597 0.04408031329512596 0.0
0.37888288497924805 0.11062658578157425 0.0
0.3860003352165222 0.10748165845870972 0.0
0.4850115180015564 0.048875145614147186 0.0
0.39239323139190674 0.10483341664075851 0.0
0.39986759424209595 0.102385014295578 0.0
0.4852755665779114 0.05425747111439705 0.0
0.4067500829696655 0.10198589414358139 0.0
0.4105002284049988 0.09933307021856308 0.0
0.4174303412437439 0.09750482439994812 0.0
0.48609721660614014 0.05973510816693306 0.0
0.42569124698638916 0.09640128910541534 0.0
0.42738932371139526 0.0928957536816597 0.0
0.4329502582550049 0.0945584774017334 0.0
0.48678332567214966 0.06491688638925552 0.0
0.4486504793167114 0.09190069884061813 0.0
0.447573721408844 0.09628568589687347 0.0
0.4913807511329651 0.06620326638221741 0.0
0.45481419563293457 0.09516171365976334 0.0
0.4547972083091736 0.09045729786157608 0.0
0.46051228046417236 0.08834648877382278 0.0
0.4943774938583374 0.0685492679476738 0.0
0.4735448360443115 0.08362084627151489 0.0
0.49675488471984863 0.07200776785612106 0.0
0.46175694465637207 0.09332124888896942 0.0
0.4656103253364563 0.09009476006031036 0.0
0.4797002673149109 0.08396890014410019 0.0
0.4856530427932739 0.08285291492938995 0.0
0.4864874482154846 0.07932434231042862 0.0
0.4911772608757019 0.08241354674100876 0.0
0.5100430846214294 0.07618547976016998 0.0
0.5117589831352234 0.07879403978586197 0.0
0.4979091286659241 0.08232355862855911 0.0
0.5049833655357361 0.08330218493938446 0.0
0.5092761516571045 0.08128713816404343 0.0
0.14292162656784058 0.010087727569043636 0.0
0.13944685459136963 0.0 0.0
0.15615034103393555 0.0 0.0
0.14572668075561523 0.019062893465161324 0.0
0.147025465965271 0.026837671175599098 0.0
0.14738965034484863 0.033080846071243286 0.0
0.14504247903823853 0.045137565582990646 0.0
0.14213478565216064 0.03786041960120201 0.0
0.15173423290252686 0.05280183628201485 0.0
0.15185332298278809 0.06096485257148743 0.0
0.15208357572555542 0.06661288440227509 0.0
0.1567542552947998 0.07081218808889389 0.0
0.16033822298049927 0.07494502514600754 0.0
0.1588125228881836 0.07966119050979614 0.0
0.15617293119430542 0.08581623435020447 0.0
0.1633184552192688 0.09014396369457245 0.0
0.16452467441558838 0.09559069573879242 0.0
0.1689615249633789 0.09965291619300842 0.0
0.16762149333953857 0.11085592210292816 0.0
0.16377270221710205 0.10594820231199265 0.0
0.17089200019836426 0.11481236666440964 0.0
0.17045551538467407 0.11970268934965134 0.0
0.17678719758987427 0.12399279326200485 0.0
0.18650412559509277 0.12485279142856598 0.0
0.18196868896484375 0.12949064373970032 0.0
0.18889564275741577 0.1291588395833969 0.0
0.19435346126556396 0.12592393159866333 0.0
0.19598084688186646 0.13092097640037537 0.0
0.20104354619979858 0.12693551182746887 0.0
0.20657938718795776 0.12983392179012299 0.0
0.201546311378479 0.13478337228298187 0.0
0.20711565017700195 0.12555643916130066 0.0
0.210857093334198 0.13440366089344025 0.0
0.21401572227478027 0.12635831534862518 0.0
0.216419517993927 0.13027523458003998 0.0
0.21987414360046387 0.13413724303245544 0.0
0.22220242023468018 0.1268491894006729 0.0
0.22504127025604248 0.13062791526317596 0.0
0.23056888580322266 0.1272900402545929 0.0
0.21596193313598633 0.138224259018898 0.0
0.2232542634010315 0.1373070627450943 0.0
0.22821766138076782 0.13446387648582458 0.0
0.2300950288772583 0.1386936902999878 0.0
0.2325512170791626 0.13114774227142334 0.0
0.23986440896987915 0.12839537858963013 0.0
0.23864513635635376 0.1350291669368744 0.0
0.23720866441726685 0.14062285423278809 0.0
0.24634575843811035 0.13129977881908417 0.0
0.2455996870994568 0.14010554552078247 0.0
0.2493290901184082 0.13515494763851166 0.0
0.25310850143432617 0.13115562498569489 0.0
0.2577192783355713 0.13409888744354248 0.0
0.2548339366912842 0.138921856880188 0.0
0.26185834407806396 0.13724128901958466 0.0
0.2661511301994324 0.13345900177955627 0.0
0.4903731942176819 0.0 0.0
0.2690938115119934 0.13798567652702332 0.0
0.2737635374069214 0.13409031927585602 0.0
0.2812923192977905 0.13226594030857086 0.0
0.2904682755470276 0.1297415941953659 0.0
0.4984186887741089 0.008958768099546432 0.0
0.49172812700271606 0.013788898475468159 0.0
0.2991129159927368 0.13040731847286224 0.0
0.30544453859329224 0.1290535181760788 0.0
0.4973001480102539 0.016829553991556168 0.0
0.31207895278930664 0.12747879326343536 0.0
0.4968147873878479 0.023455113172531128 0.0
0.3183209300041199 0.12514251470565796 0.0
0.4948277473449707 0.02911420911550522 0.0
0.33236080408096313 0.12339752912521362 0.0
0.3274378180503845 0.12637661397457123 0.0
0.34575337171554565 0.12304866313934326 0.0
0.49537134170532227 0.032979052513837814 0.0
0.3540060520172119 0.12055914849042892 0.0
0.36093759536743164 0.11817532777786255 0.0
0.49504709243774414 0.044224727898836136 0.0
0.49768537282943726 0.03979332000017166 0.0
0.3678344488143921 0.11802083253860474 0.0
0.369634211063385 0.11496498435735703 0.0
0.37488555908203125 0.11597280204296112 0.0
0.49072545766830444 0.04739418998360634 0.0
0.3872947096824646 0.11236302554607391 0.0
0.49098944664001465 0.0515284389257431 0.0
0.3822018504142761 0.11517317593097687 0.0
0.3932487964630127 0.10956073552370071 0.0
0.3984912633895874 0.10703663527965546 0.0
0.49645107984542847 0.049005892127752304 0.0
0.4064967632293701 0.10649744421243668 0.0
0.49136435985565186 0.05660953000187874 0.0
0.49781525135040283 0.05388864129781723 0.0
0.41316843032836914 0.10254660248756409 0.0
0.42279189825057983 0.10118559747934341 0.0
0.49203431606292725 0.06189337745308876 0.0
0.4968937039375305 0.05878467485308647 0.0
0.4316912293434143 0.0989316999912262 0.0
0.4967603087425232 0.061793774366378784 0.0
0.4396700859069824 0.09730919450521469 0.0
0.4966145157814026 0.0649670958518982 0.0
0.49950993061065674 0.06863629072904587 0.0
0.5028519034385681 0.07155870646238327 0.0
0.5051660537719727 0.06855206936597824 0.0
0.46107369661331177 0.09825809299945831 0.0
0.47020137310028076 0.08976298570632935 0.0
0.4753354787826538 0.08771368116140366 0.0
0.5093929767608643 0.07240889966487885 0.0
0.4668511152267456 0.09689243882894516 0.0
0.46856117248535156 0.0931287333369255 0.0
0.4816102981567383 0.08800408989191055 0.0
0.48606371879577637 0.08678868412971497 0.0
0.4742889404296875 0.09215634316205978 0.0
0.48020702600479126 0.09118864685297012 0.0
0.4908771514892578 0.08571696281433105 0.0
0.5145899653434753 0.07709337025880814 0.0
0.4951726794242859 0.0848846361041069 0.0
0.5072105526924133 0.08603395521640778 0.0
0.5095558166503906 0.0835609957575798 0.0
0.5130683183670044 0.08268685638904572 0.0
0.13502728939056396 0.0 0.0
0.13502728939056396 0.0 0.0
0.13502728939056396 0.0 0.0
0.12908363342285156 0.007028636056929827 0.0
0.136263906955719 0.0 0.0
0.13397681713104248 0.016134465113282204 0.0
0.13624781370162964 0.023637956008315086 0.0
0.13658040761947632 0.03135046362876892 0.0
0.1365700364112854 0.04188915342092514 0.0
0.1413303017616272 0.05170886963605881 0.0
0.14285439252853394 0.0578380785882473 0.0
0.14334845542907715 0.06494751572608948 0.0
0.14795422554016113 0.07091564685106277 0.0
0.1529262661933899 0.07565091550350189 0.0
0.14967447519302368 0.08139938861131668 0.0
0.14533662796020508 0.08836435526609421 0.0
0.15254497528076172 0.09228284657001495 0.0
0.15723425149917603 0.0956624299287796 0.0
0.15775752067565918 0.1013568863272667 0.0
0.15516674518585205 0.10745114833116531 0.0
0.1584506630897522 0.11157752573490143 0.0
0.16260260343551636 0.11689145863056183 0.0
0.16362345218658447 0.12302692979574203 0.0
0.16968530416488647 0.12382695078849792 0.0
0.16721844673156738 0.12870053946971893 0.0
0.17523300647735596 0.1300242394208908 0.0
0.17174142599105835 0.1333543360233307 0.0
0.17333370447158813 0.13709041476249695 0.0
0.17828381061553955 0.1340409815311432 0.0
0.1806415319442749 0.1394234150648117 0.0
0.18696719408035278 0.13405808806419373 0.0
0.19007402658462524 0.1391274333000183 0.0
0.1941537857055664 0.13552090525627136 0.0
0.18641692399978638 0.1432763636112213 0.0
0.19577693939208984 0.14353452622890472 0.0
0.19726473093032837 0.1385268121957779 0.0
0.205746591091156 0.13966882228851318 0.0
0.20588821172714233 0.14556348323822021 0.0
0.21433031558990479 0.14301835000514984 0.0
0.21364229917526245 0.14718535542488098 0.0
0.22288799285888672 0.14653873443603516 0.0
0.22278952598571777 0.14118438959121704 0.0
0.23103857040405273 0.14340882003307343 0.0
0.23261016607284546 0.14769932627677917 0.0
0.24093210697174072 0.1454807072877884 0.0
0.48729008436203003 0.0 0.0
0.4871148467063904 0.0 0.0
0.25292736291885376 0.14490258693695068 0.0
0.24808287620544434 0.15019787847995758 0.0
0.49454236030578613 0.0 0.0
0.4987136125564575 0.0 0.0
0.26218152046203613 0.1416739970445633 0.0
0.2722316384315491 0.14354074001312256 0.0
0.27918940782546997 0.13805128633975983 0.0
0.2815254330635071 0.1428954303264618 0.0
0.2884474992752075 0.1354924887418747 0.0
0.2884405255317688 0.1405218541622162 0.0
0.29652631282806396 0.13441582024097443 0.0
0.2946229577064514 0.13832853734493256 0.0
0.30527549982070923 0.13450446724891663 0.0
0.31286489963531494 0.132319375872612 0.0
0.31976741552352905 0.12990951538085938 0.0
0.5007531046867371 0.027844147756695747 0.0
0.32735878229141235 0.13167759776115417 0.0
0.33517003059387207 0.1304854452610016 0.0
0.3380618095397949 0.12587594985961914 0.0
0.5006951093673706 0.03165149316191673 0.0
0.3426622748374939 0.12966863811016083 0.0
0.5001365542411804 0.03575688600540161 0.0
0.34629571437835693 0.12721768021583557 0.0
0.35368120670318604 0.12599971890449524 0.0
0.36321091651916504 0.12321419268846512 0.0
0.5020149350166321 0.04319758340716362 0.0
0.37286633253097534 0.12149596959352493 0.0
0.3807322382926941 0.11954491585493088 0.0
0.3886163830757141 0.11742431670427322 0.0
0.5022286176681519 0.04701076075434685 0.0
0.39420533180236816 0.11398957669734955 0.0
0.4009215235710144 0.11146290600299835 0.0
0.50218665599823 0.050731685012578964 0.0
0.39541876316070557 0.11752109229564667 0.0
0.4125223159790039 0.10580046474933624 0.0
0.4082487225532532 0.11131279170513153 0.0
0.4139786958694458 0.1088675931096077 0.0
0.4177582263946533 0.10521717369556427 0.0
0.5019432902336121 0.05724397674202919 0.0
0.5052400231361389 0.054106805473566055 0.0
0.4243115186691284 0.10503484308719635 0.0
0.43071383237838745 0.10338915884494781 0.0
0.5021912455558777 0.06165052577853203 0.0
0.5077113509178162 0.05814521014690399 0.0
0.4385494589805603 0.10185429453849792 0.0
0.5019121766090393 0.06576821208000183 0.0
0.44640326499938965 0.10090025514364243 0.0
0.5068285465240479 0.06508488953113556 0.0
0.4548335075378418 0.10047240555286407 0.0
0.5105228424072266 0.06800559163093567 0.0
0.5147194862365723 0.07048068195581436 0.0
0.4665629267692566 0.1008162572979927 0.0
0.5149763226509094 0.07405278831720352 0.0
0.4725552201271057 0.09594224393367767 0.0
0.47089141607284546 0.09911422431468964 0.0
0.4785025715827942 0.09494650363922119 0.0
0.4859645962715149 0.09041465818881989 0.0
0.5195168852806091 0.07616770267486572 0.0
0.4763529300689697 0.09897541999816895 0.0
0.4845256805419922 0.09389682859182358 0.0
0.4919102191925049 0.08949088305234909 0.0
0.4954015016555786 0.08734104782342911 0.0
0.5005414485931396 0.08625555783510208 0.0
0.5121127367019653 0.08509648591279984 0.0
0.5161080360412598 0.08406946808099747 0.0
0.131003737449646 0.0 0.0
0.13502728939056396 0.0 0.0
0.13502728939056396 0.0 0.0
0.12712454795837402 0.021045997738838196 0.0
0.12234193086624146 0.015300555154681206 0.0
0.1264936327934265 0.02685685083270073 0.0
0.12284326553344727 0.03400149568915367 0.0
0.13469082117080688 0.0474526509642601 0.0
0.12795299291610718 0.04196702688932419 0.0
0.13322722911834717 0.037335559725761414 0.0
0.13297951221466064 0.0550900362432003 0.0
0.13652414083480835 0.061032507568597794 0.0
0.13366252183914185 0.06587710231542587 0.0
0.1386955976486206 0.07106579840183258 0.0
0.1438261866569519 0.07645439356565475 0.0
0.13997876644134521 0.08258626610040665 0.0
0.14817804098129272 0.09905827045440674 0.0
0.1445820927619934 0.09450739622116089 0.0
0.146803081035614 0.10640450567007065 0.0
0.14932703971862793 0.11176857352256775 0.0
0.15182369947433472 0.11660368740558624 0.0
0.15389031171798706 0.12202601134777069 0.0
0.15660011768341064 0.12732858955860138 0.0
0.15873992443084717 0.13172660768032074 0.0
0.16412454843521118 0.1365058869123459 0.0
0.17147362232208252 0.14161871373653412 0.0
0.16951197385787964 0.14640511572360992 0.0
0.17813414335250854 0.14597779512405396 0.0
0.17139047384262085 0.15069083869457245 0.0
0.17966926097869873 0.1518132984638214 0.0
0.18766814470291138 0.14799532294273376 0.0
0.18796205520629883 0.15273906290531158 0.0
0.19824111461639404 0.1505788117647171 0.0
0.2084362506866455 0.14969103038311005 0.0
0.2075744867324829 0.15410973131656647 0.0
0.21710777282714844 0.15136247873306274 0.0
0.21564024686813354 0.15544752776622772 0.0
0.2223619818687439 0.1550939530134201 0.0
0.22886323928833008 0.152034193277359 0.0
0.2298198938369751 0.15791332721710205 0.0
0.23690420389175415 0.15503855049610138 0.0
0.23892807960510254 0.1509164273738861 0.0
0.24033266305923462 0.1596650332212448 0.0
0.24499696493148804 0.1549469381570816 0.0
0.2562371492385864 0.15011028945446014 0.0
0.25385308265686035 0.15442697703838348 0.0
0.26299673318862915 0.14728207886219025 0.0
0.5081654787063599 0.0036053848452866077 0.0
0.2633134126663208 0.15333952009677887 0.0
0.2716606855392456 0.1497948318719864 0.0
0.27981579303741455 0.14719437062740326 0.0
0.503672182559967 0.015142490155994892 0.0
0.5089021325111389 0.011466297321021557 0.0
0.2881961464881897 0.14548024535179138 0.0
0.30082643032073975 0.13815940916538239 0.0
0.50282883644104 0.01980101689696312 0.0
0.2985305190086365 0.14330345392227173 0.0
0.505998432636261 0.0244533009827137 0.0
0.3087345361709595 0.14035223424434662 0.0
0.31323617696762085 0.1366024762392044 0.0
0.3171951174736023 0.1397789567708969 0.0
0.322096049785614 0.13582928478717804 0.0
0.505476176738739 0.029442589730024338 0.0
0.33328986167907715 0.13565152883529663 0.0
0.5081635117530823 0.033679112792015076 0.0
0.34276121854782104 0.13357850909233093 0.0
0.5067958235740662 0.03984132781624794 0.0
0.3507769703865051 0.13096828758716583 0.0
0.3610060214996338 0.13018979132175446 0.0
0.5082038044929504 0.0452193021774292 0.0
0.5147868990898132 0.0433097742497921 0.0
0.37084829807281494 0.12722092866897583 0.0
0.37901419401168823 0.12457886338233948 0.0
0.38654768466949463 0.12252476066350937 0.0
0.5089088082313538 0.05014420300722122 0.0
0.39378780126571655 0.12101316452026367 0.0
0.3996119499206543 0.11569757759571075 0.0
0.406746506690979 0.11594501882791519 0.0
0.5125259160995483 0.05497022718191147 0.0
0.41405606269836426 0.11366915702819824 0.0
0.4190838932991028 0.11145198345184326 0.0
0.4215381145477295 0.10825280100107193 0.0
0.429786741733551 0.10792861878871918 0.0
0.5146245360374451 0.059353478252887726 0.0
0.4378246068954468 0.10658703744411469 0.0
0.5097787380218506 0.061965905129909515 0.0
0.5116626620292664 0.06493457406759262 0.0
0.5156716704368591 0.06333592534065247 0.0
0.44518744945526123 0.1051110103726387 0.0
0.45242810249328613 0.10487692058086395 0.0
0.4596022963523865 0.10521061718463898 0.0
0.4617547392845154 0.10214162617921829 0.0
0.46668440103530884 0.10515932738780975 0.0
0.47251129150390625 0.10245730727910995 0.0
0.5189716219902039 0.07246827334165573 0.0
0.5225573182106018 0.07397190481424332 0.0
0.482602596282959 0.09746070206165314 0.0
0.4902765154838562 0.09307122230529785 0.0
0.4768373966217041 0.10175510495901108 0.0
0.48073238134384155 0.1009633019566536 0.0
0.48848676681518555 0.09636719524860382 0.0
0.4956488609313965 0.09263966977596283 0.0
0.48646944761276245 0.09976821392774582 0.0
0.498183012008667 0.08981166779994965 0.0
0.5044055581092834 0.08985315263271332 0.0
0.5155994892120361 0.08668649196624756 0.0
0.5109229683876038 0.08863773196935654 0.0
0.5195003747940063 0.08555500209331512 0.0
0.11285722255706787 0.0 0.0
0.13502728939056396 0.0 0.0
0.11672228574752808 0.008989516645669937 0.0
0.11697643995285034 0.0227939635515213 0.0
0.11948174238204956 0.028189606964588165 0.0
0.12468606233596802 0.04907272756099701 0.0
0.12120556831359863 0.05714239552617073 0.0
0.12958961725234985 0.06108413264155388 0.0
0.1327177882194519 0.07724640518426895 0.0
0.12991595268249512 0.0709262490272522 0.0
0.1314258575439453 0.08362825959920883 0.0
0.13518118858337402 0.08819098770618439 0.0
0.13751083612442017 0.09343131631612778 0.0
0.1384788155555725 0.09886474907398224 0.0
0.13996422290802002 0.10364703834056854 0.0
0.14266574382781982 0.11604466289281845 0.0
0.1417866349220276 0.11173488944768906 0.0
0.1440327763557434 0.12102604657411575 0.0
0.14415901899337769 0.12757286429405212 0.0
0.15131044387817383 0.13143952190876007 0.0
0.15409153699874878 0.135146826505661 0.0
0.15328145027160645 0.14059454202651978 0.0
0.16247832775115967 0.14385473728179932 0.0
0.16353696584701538 0.14954335987567902 0.0
0.16571396589279175 0.1536804437637329 0.0
0.15884751081466675 0.1538543701171875 0.0
0.16296565532684326 0.15755002200603485 0.0
0.17156851291656494 0.15612636506557465 0.0
0.16661417484283447 0.16120095551013947 0.0
0.17395031452178955 0.16022752225399017 0.0
0.18164998292922974 0.15702570974826813 0.0
0.17968106269836426 0.1619875282049179 0.0
0.186737060546875 0.1599312722682953 0.0
0.1928136944770813 0.15640440583229065 0.0
0.19296813011169434 0.16074983775615692 0.0
0.20202916860580444 0.15930666029453278 0.0
0.20017313957214355 0.1550174206495285 0.0
0.21119946241378784 0.1580023169517517 0.0
0.2108478546142578 0.16248191893100739 0.0
0.21849608421325684 0.16339203715324402 0.0
0.21439826488494873 0.16617047786712646 0.0
0.21934503316879272 0.15917719900608063 0.0
0.2211902141571045 0.1667439192533493 0.0
0.2255128026008606 0.16264154016971588 0.0
0.22929280996322632 0.166646808385849 0.0
0.2331889271736145 0.16246581077575684 0.0
0.5062441825866699 0.0 0.0
0.5113637447357178 0.0 0.0
0.2395409345626831 0.1660274863243103 0.0
0.5160676836967468 0.0 0.0
0.25042182207107544 0.1595359593629837 0.0
0.25941258668899536 0.15825104713439941 0.0
0.25720685720443726 0.16228392720222473 0.0
0.26668643951416016 0.15792495012283325 0.0
0.27250057458877563 0.15516948699951172 0.0
0.5089573264122009 0.01827431097626686 0.0
0.27957844734191895 0.15207397937774658 0.0
0.2859487533569336 0.14961029589176178 0.0
0.294638991355896 0.14983753859996796 0.0
0.5143758654594421 0.022408775985240936 0.0
0.3030393719673157 0.14837144315242767 0.0
0.3087835907936096 0.14595365524291992 0.0
0.5117598176002502 0.02839011698961258 0.0
0.3167338967323303 0.14419732987880707 0.0
0.3251051902770996 0.1418277621269226 0.0
0.32872962951660156 0.13858094811439514 0.0
0.5159662961959839 0.03199832886457443 0.0
0.33459311723709106 0.1411195993423462 0.0
0.5167959332466125 0.03743661567568779 0.0
0.34258878231048584 0.13850392401218414 0.0
0.351671040058136 0.1362924575805664 0.0
0.35629719495773315 0.1334519386291504 0.0
0.37027543783187866 0.1336164027452469 0.0
0.5140907764434814 0.04753734543919563 0.0
0.37864434719085693 0.12963777780532837 0.0
0.38481634855270386 0.12670481204986572 0.0
0.39279693365097046 0.12582989037036896 0.0
0.5171107649803162 0.05153442546725273 0.0
0.40099048614501953 0.1196008175611496 0.0
0.39872437715530396 0.1232825219631195 0.0
0.40801048278808594 0.12035896629095078 0.0
0.5212154984474182 0.05669727548956871 0.0
0.41604799032211304 0.11942477524280548 0.0
0.42114704847335815 0.11508125066757202 0.0
0.42556339502334595 0.11174659430980682 0.0
0.43391746282577515 0.11262896656990051 0.0
0.43538063764572144 0.10927966982126236 0.0
0.4402233362197876 0.11081108450889587 0.0
0.520819365978241 0.06141998618841171 0.0
0.4453688859939575 0.10901854187250137 0.0
0.5154668092727661 0.0669025108218193 0.0
0.5213266015052795 0.06619320809841156 0.0
0.45059698820114136 0.1079837903380394 0.0
0.5187325477600098 0.0692664310336113 0.0
0.4577038884162903 0.10925989598035812 0.0
0.5227597951889038 0.07074110954999924 0.0
0.46378111839294434 0.10834598541259766 0.0
0.47261661291122437 0.10624020546674728 0.0
0.5245983004570007 0.07662110775709152 0.0
0.47788840532302856 0.10452572256326675 0.0
0.5224407315254211 0.07934390753507614 0.0
0.48425906896591187 0.10345064848661423 0.0
0.4938821792602539 0.09552053362131119 0.0
0.5006086230278015 0.09273386001586914 0.0
0.5271357297897339 0.07920613139867783 0.0
0.4901620149612427 0.10209647566080093 0.0
0.49220049381256104 0.09864682704210281 0.0
0.49812817573547363 0.09486757218837738 0.0
0.5023870468139648 0.09582299739122391 0.0
0.5045854449272156 0.0931568294763565 0.0
0.49759000539779663 0.0975564569234848 0.0
0.5086147785186768 0.0921739861369133 0.0
0.5157657861709595 0.0895666629076004 0.0
0.5191409587860107 0.08794817328453064 0.0
0.5221583247184753 0.08695712685585022 0.0
0.5238135457038879 0.08495029807090759 0.0
0.10609614849090576 0.0 0.0
0.10609549283981323 0.0 0.0
0.10609149932861328 0.0 0.0
0.11087137460708618 0.01564904674887657 0.0
0.10689747333526611 0.00861849170178175 0.0
0.11229735612869263 0.029191670939326286 0.0
0.11140042543411255 0.03533823788166046 0.0
0.11593419313430786 0.04248388111591339 0.0
0.11543512344360352 0.05036890506744385 0.0
0.12313371896743774 0.06594957411289215 0.0
0.1206011176109314 0.07423611730337143 0.0
0.12304997444152832 0.08160575479269028 0.0
0.1299254298210144 0.0924849882721901 0.0
0.12474828958511353 0.08817145973443985 0.0
0.12973564863204956 0.0975264236330986 0.0
0.13005352020263672 0.10420498996973038 0.0
0.13656079769134521 0.10884552448987961 0.0
0.13468706607818604 0.1144883781671524 0.0
0.13542485237121582 0.11961311101913452 0.0
0.13697195053100586 0.12386665493249893 0.0
0.14312505722045898 0.13605104386806488 0.0
0.1525430679321289 0.14844976365566254 0.0
0.15099751949310303 0.15526360273361206 0.0
0.1587114930152893 0.16173335909843445 0.0
0.15060603618621826 0.16089177131652832 0.0
0.1565123200416565 0.15795554220676422 0.0
0.1623496413230896 0.16648107767105103 0.0
0.17146456241607666 0.16440066695213318 0.0
0.1696045994758606 0.16960901021957397 0.0
0.17860251665115356 0.16652382910251617 0.0
0.17854100465774536 0.17085401713848114 0.0
0.1868222951889038 0.16370786726474762 0.0
0.18695032596588135 0.16853803396224976 0.0
0.18387430906295776 0.17173819243907928 0.0
0.18928593397140503 0.1726793646812439 0.0
0.1963070034980774 0.1647719442844391 0.0
0.19550377130508423 0.1697310209274292 0.0
0.198894202709198 0.1746513843536377 0.0
0.20555877685546875 0.1681007444858551 0.0
0.20857352018356323 0.1731993705034256 0.0
0.2148914933204651 0.1701381653547287 0.0
0.21530187129974365 0.17482112348079681 0.0
0.2232503890991211 0.17154043912887573 0.0
0.2217470407485962 0.17683090269565582 0.0
0.5121906995773315 0.0 0.0
0.513015866279602 0.0 0.0
0.22777080535888672 0.17462073266506195 0.0
0.23204666376113892 0.17088039219379425 0.0
0.5161707997322083 0.0078789247199893 0.0
0.23405617475509644 0.1751861721277237 0.0
0.23872822523117065 0.1715536266565323 0.0
0.24610048532485962 0.17035473883152008 0.0
0.2505306005477905 0.1651996374130249 0.0
0.25398576259613037 0.16988371312618256 0.0
0.26463812589645386 0.16196177899837494 0.0
0.515875518321991 0.01543523371219635 0.0
0.2607145309448242 0.16684101521968842 0.0
0.2736625671386719 0.16064457595348358 0.0
0.2701871991157532 0.16587141156196594 0.0
0.2803604006767273 0.15689262747764587 0.0
0.2872612476348877 0.15376077592372894 0.0
0.5220317244529724 0.019696315750479698 0.0
0.28160810470581055 0.16087786853313446 0.0
0.2875858545303345 0.15855011343955994 0.0
0.5204178690910339 0.026936916634440422 0.0
0.29498887062072754 0.15578143298625946 0.0
0.30347734689712524 0.15321308374404907 0.0
0.30880099534988403 0.15010780096054077 0.0
0.31604474782943726 0.14977149665355682 0.0
0.523158073425293 0.0326077863574028 0.0
0.32427406311035156 0.14760234951972961 0.0
0.3323725461959839 0.1458774209022522 0.0
0.34258025884628296 0.14336200058460236 0.0
0.3502011299133301 0.1414446383714676 0.0
0.5216124653816223 0.04205228015780449 0.0
0.35702669620513916 0.13998425006866455 0.0
0.3612021803855896 0.13617286086082458 0.0
0.5213699340820312 0.0471809096634388 0.0
0.37990033626556396 0.13451384007930756 0.0
0.387744665145874 0.1308087855577469 0.0
0.5245710611343384 0.05239317938685417 0.0
0.40128952264785767 0.1266132891178131 0.0
0.40501248836517334 0.12344135344028473 0.0
0.41149240732192993 0.12333976477384567 0.0
0.42401713132858276 0.11858784407377243 0.0
0.4283680319786072 0.11594243347644806 0.0
0.5246064066886902 0.05996166542172432 0.0
0.44272351264953613 0.11580106616020203 0.0
0.5274028778076172 0.06340840458869934 0.0
0.44640690088272095 0.11251575499773026 0.0
0.4520690441131592 0.11153942346572876 0.0
0.5279381275177002 0.06917164474725723 0.0
0.5263887643814087 0.07352074235677719 0.0
0.4697566032409668 0.10963970422744751 0.0
0.528933048248291 0.07660333067178726 0.0
0.47605282068252563 0.10872667282819748 0.0
0.4822818636894226 0.1078549399971962 0.0
0.530781090259552 0.07895400375127792 0.0
0.5297164916992188 0.0811927318572998 0.0
0.4880359172821045 0.10586410760879517 0.0
0.4938424825668335 0.10452520847320557 0.0
0.4960485100746155 0.10090935975313187 0.0
0.5072654485702515 0.09513402730226517 0.0
0.5061935186386108 0.0976446121931076 0.0
0.5024454593658447 0.09977785497903824 0.0
0.5125648379325867 0.09475724399089813 0.0
0.5128719806671143 0.09154978394508362 0.0
0.519381582736969 0.0901704877614975 0.0
0.5174493789672852 0.09263661503791809 0.0
0.5225232243537903 0.08903945982456207 0.0
0.5255191326141357 0.08745601028203964 0.0
0.09898120164871216 0.0 0.0
0.10609149932861328 0.0 0.0
0.10609149932861328 0.0 0.0
0.10110461711883545 0.01477077230811119 0.0
0.101784348487854 0.02307448349893093 0.0
0.10256403684616089 0.032093342393636703 0.0
0.10415756702423096 0.03951603174209595 0.0
0.10552173852920532 0.047800213098526 0.0
0.10976684093475342 0.05537578463554382 0.0
0.11249840259552002 0.06262371689081192 0.0
0.11382836103439331 0.06901270896196365 0.0
0.11590951681137085 0.09033102542161942 0.0
0.11529392004013062 0.08570664376020432 0.0
0.12069922685623169 0.09455137699842453 0.0
0.12023895978927612 0.10086550563573837 0.0
0.12696224451065063 0.11131203174591064 0.0
0.11816638708114624 0.10732411593198776 0.0
0.12590301036834717 0.11803988367319107 0.0
0.12946242094039917 0.12323348224163055 0.0
0.13277775049209595 0.1274842768907547 0.0
0.1354188323020935 0.13172797858715057 0.0
0.14364969730377197 0.1440383344888687 0.0
0.14390116930007935 0.14835423231124878 0.0
0.14380133152008057 0.15229980647563934 0.0
0.14350247383117676 0.15783557295799255 0.0
0.14345192909240723 0.1622881144285202 0.0
0.14701372385025024 0.16504119336605072 0.0
0.15358173847198486 0.16589424014091492 0.0
0.15596449375152588 0.17157098650932312 0.0
0.1625778079032898 0.1705542355775833 0.0
0.1639404296875 0.17448820173740387 0.0
0.17257016897201538 0.17380671203136444 0.0
0.1714317798614502 0.17921701073646545 0.0
0.18100792169570923 0.17503410577774048 0.0
0.18297022581100464 0.18071366846561432 0.0
0.1892678141593933 0.17657510936260223 0.0
0.19393664598464966 0.179960235953331 0.0
0.20047497749328613 0.17887043952941895 0.0
0.2010090947151184 0.18279990553855896 0.0
0.20734065771102905 0.17802150547504425 0.0
0.21067732572555542 0.18270732462406158 0.0
0.21524369716644287 0.17893864214420319 0.0
0.513253390789032 0.0 0.0
0.22062921524047852 0.18230770528316498 0.0
0.22829216718673706 0.1787153035402298 0.0
0.523501992225647 0.0055186208337545395 0.0
0.2301749587059021 0.1837160587310791 0.0
0.2361600399017334 0.1798613965511322 0.0
0.24265772104263306 0.17580513656139374 0.0
0.5228391885757446 0.012477907352149487 0.0
0.2440376877784729 0.1811281442642212 0.0
0.2517337203025818 0.17450977861881256 0.0
0.26115190982818604 0.17327338457107544 0.0
0.26744329929351807 0.17009080946445465 0.0
0.27998965978622437 0.1653880476951599 0.0
0.5282937288284302 0.023399565368890762 0.0
0.275063693523407 0.17032700777053833 0.0
0.2865944504737854 0.16253525018692017 0.0
0.2944071888923645 0.16131886839866638 0.0
0.3016200065612793 0.15842346847057343 0.0
0.3117062449455261 0.15377429127693176 0.0
0.527346134185791 0.028532307595014572 0.0
0.307971715927124 0.1570797711610794 0.0
0.31788063049316406 0.15440703928470612 0.0
0.33205997943878174 0.15144337713718414 0.0
0.3375347852706909 0.14463244378566742 0.0
0.5281369090080261 0.037962306290864944 0.0
0.53118896484375 0.03197035193443298 0.0
0.3406968116760254 0.14862436056137085 0.0
0.3496129512786865 0.1464054137468338 0.0
0.5278638601303101 0.04392530769109726 0.0
0.3571639657020569 0.14440368115901947 0.0
0.3645554780960083 0.1414971500635147 0.0
0.3673096299171448 0.13772282004356384 0.0
0.5302614569664001 0.04902088642120361 0.0
0.37354177236557007 0.13919706642627716 0.0
0.3828474283218384 0.13854320347309113 0.0
0.38709115982055664 0.13509544730186462 0.0
0.39425963163375854 0.1340336948633194 0.0
0.3971680998802185 0.12998414039611816 0.0
0.5265340209007263 0.055461619049310684 0.0
0.4041706323623657 0.12985742092132568 0.0
0.40971261262893677 0.12753130495548248 0.0
0.5291743874549866 0.05852812901139259 0.0
0.4187471866607666 0.1259525567293167 0.0
0.4244464039802551 0.12245022505521774 0.0
0.4297928810119629 0.12018687278032303 0.0
0.4354434609413147 0.11797621846199036 0.0
0.5326170921325684 0.06664244085550308 0.0
0.45166242122650146 0.11574143171310425 0.0
0.4586716890335083 0.11985021829605103 0.0
0.46026867628097534 0.11442823708057404 0.0
0.4644029140472412 0.11138255149126053 0.0
0.5309858322143555 0.07351011037826538 0.0
0.46944117546081543 0.11421818286180496 0.0
0.5331217646598816 0.07684758305549622 0.0
0.4743974208831787 0.1120353415608406 0.0
0.4789164662361145 0.11136132478713989 0.0
0.5345707535743713 0.08008792251348495 0.0
0.4844173192977905 0.11227311939001083 0.0
0.49134761095046997 0.10899996012449265 0.0
0.4976881146430969 0.10665605217218399 0.0
0.49984049797058105 0.10337260365486145 0.0
0.5093278884887695 0.10033807158470154 0.0
0.5099801421165466 0.09728758037090302 0.0
0.5324977040290833 0.08358059823513031 0.0
0.5285391807556152 0.08571375906467438 0.0
0.5273101329803467 0.08327069878578186 0.0
0.5152342319488525 0.09860455244779587 0.0
0.5178024172782898 0.09579738974571228 0.0
0.5225279331207275 0.09168023616075516 0.0
0.09041738510131836 0.016719721257686615 0.0
0.08554548025131226 0.008213561028242111 0.0
0.09641134738922119 0.009308211505413055 0.0
0.09237593412399292 0.003440556349232793 0.0
0.08582860231399536 0.0 0.0
0.0924498438835144 0.0 0.0
0.09008955955505371 0.0 0.0
0.08796316385269165 0.0 0.0
0.09267818927764893 0.02956860326230526 0.0
0.08998513221740723 0.023807702586054802 0.0
0.09452873468399048 0.03653683885931969 0.0
0.0957561731338501 0.04361488297581673 0.0
0.09639173746109009 0.04982965812087059 0.0
0.10137820243835449 0.05384722352027893 0.0
0.10232275724411011 0.060095902532339096 0.0
0.1044582724571228 0.06741452217102051 0.0
0.10837310552597046 0.07410450279712677 0.0
0.11269283294677734 0.08010797947645187 0.0
0.10813617706298828 0.08897394686937332 0.0
0.10714662075042725 0.08441544324159622 0.0
0.11036932468414307 0.09370987862348557 0.0
0.1126897931098938 0.0980253666639328 0.0
0.1169554591178894 0.11394861340522766 0.0
0.12449735403060913 0.12688851356506348 0.0
0.1224324107170105 0.12277059257030487 0.0
0.1273900270462036 0.13139410316944122 0.0
0.13071191310882568 0.13628236949443817 0.0
0.1337633728981018 0.1423281878232956 0.0
0.13650423288345337 0.14899729192256927 0.0
0.13628220558166504 0.15526142716407776 0.0
0.13599109649658203 0.16121847927570343 0.0
0.13983601331710815 0.1668182760477066 0.0
0.14730358123779297 0.1696963608264923 0.0
0.1473604440689087 0.176462784409523 0.0
0.15610438585281372 0.1776173710823059 0.0
0.15757149457931519 0.18192487955093384 0.0
0.16218268871307373 0.17927156388759613 0.0
0.16366034746170044 0.1835041493177414 0.0
0.17127037048339844 0.18490441143512726 0.0
0.17605966329574585 0.1825871765613556 0.0
0.17917847633361816 0.1857510507106781 0.0
0.19030296802520752 0.18617556989192963 0.0
0.19836890697479248 0.18677954375743866 0.0
0.20487910509109497 0.18708696961402893 0.0
0.5256654620170593 0.0 0.0
0.5256654620170593 0.0 0.0
0.5256654620170593 0.0 0.0
0.5256654620170593 0.0 0.0
0.21411216259002686 0.18723765015602112 0.0
0.5311599969863892 0.004811193328350782 0.0
0.5256654620170593 0.0 0.0
0.5331166982650757 0.0 0.0
0.223838210105896 0.18834957480430603 0.0
0.5288240909576416 0.010134970769286156 0.0
0.23337799310684204 0.18849854171276093 0.0
0.2388513684272766 0.1848410665988922 0.0
0.24928587675094604 0.17862147092819214 0.0
0.529317319393158 0.01648927666246891 0.0
0.2579256296157837 0.17988651990890503 0.0
0.2507156729698181 0.18212009966373444 0.0
0.2661442160606384 0.1779792159795761 0.0
0.2704317569732666 0.17445455491542816 0.0
0.2839488983154297 0.17076987028121948 0.0
0.2894885540008545 0.16623957455158234 0.0
0.5342333316802979 0.026926415041089058 0.0
0.3007161021232605 0.16183747351169586 0.0
0.30698317289352417 0.16189943253993988 0.0
0.29934024810791016 0.16595134139060974 0.0
0.3149952292442322 0.15865710377693176 0.0
0.32359403371810913 0.1527092158794403 0.0
0.3227394223213196 0.157323956489563 0.0
0.32884418964385986 0.15576240420341492 0.0
0.537013053894043 0.034861091524362564 0.0
0.33828985691070557 0.15270256996154785 0.0
0.5362443923950195 0.03900429606437683 0.0
0.5330905318260193 0.04177532345056534 0.0
0.34969425201416016 0.15132559835910797 0.0
0.5338690876960754 0.04527154192328453 0.0
0.35694605112075806 0.14945615828037262 0.0
0.36430054903030396 0.14736223220825195 0.0
0.37163108587265015 0.14491614699363708 0.0
0.37918341159820557 0.1429690420627594 0.0
0.5315715074539185 0.054037075489759445 0.0
0.5347775220870972 0.05136529728770256 0.0
0.3869272470474243 0.14173416793346405 0.0
0.39086097478866577 0.1378934383392334 0.0
0.399725079536438 0.13794513046741486 0.0
0.40231192111968994 0.13324779272079468 0.0
0.4096437692642212 0.13240037858486176 0.0
0.4172058701515198 0.13142527639865875 0.0
0.42741262912750244 0.12673994898796082 0.0
0.43033307790756226 0.123753622174263 0.0
0.5358938574790955 0.06279375404119492 0.0
0.4354588985443115 0.1226101815700531 0.0
0.441895067691803 0.12121504545211792 0.0
0.5384477972984314 0.06815163046121597 0.0
0.4495002031326294 0.12027924507856369 0.0
0.5338060259819031 0.0704716220498085 0.0
0.537860095500946 0.07174425572156906 0.0
0.5355386137962341 0.0740666314959526 0.0
0.4667365550994873 0.11812809109687805 0.0
0.5377222895622253 0.0771704912185669 0.0
0.47183758020401 0.11725828796625137 0.0
0.4771304130554199 0.11545278877019882 0.0
0.5379005074501038 0.08255510032176971 0.0
0.4967084527015686 0.1094733476638794 0.0
0.5325759649276733 0.08690119534730911 0.0
0.5011663436889648 0.10855909436941147 0.0
0.5031356811523438 0.10582589358091354 0.0
0.505685567855835 0.10313182324171066 0.0
0.5223111510276794 0.09469521045684814 0.0
0.5265644788742065 0.09006981551647186 0.0
0.5291544198989868 0.08815040439367294 0.0
0.5078169107437134 0.10570850223302841 0.0
0.5112314224243164 0.10398224741220474 0.0
0.5147272348403931 0.10197032243013382 0.0
0.07668018341064453 0.015242304652929306 0.0
0.083659827709198 0.0 0.0
0.08552944660186768 0.0 0.0
0.08339476585388184 0.027752762660384178 0.0
0.08292275667190552 0.021706052124500275 0.0
0.08512383699417114 0.03457208722829819 0.0
0.08778548240661621 0.0406549870967865 0.0
0.08649188280105591 0.04817184805870056 0.0
0.09278792142868042 0.05611123517155647 0.0
0.09289449453353882 0.06462148576974869 0.0
0.09703099727630615 0.07309955358505249 0.0
0.10203200578689575 0.07990695536136627 0.0
0.09838885068893433 0.08684545010328293 0.0
0.1024971604347229 0.09219452738761902 0.0
0.10270434617996216 0.09760267287492752 0.0
0.10949140787124634 0.10299801081418991 0.0
0.10535132884979248 0.11028631031513214 0.0
0.10928702354431152 0.1165289431810379 0.0
0.11666995286941528 0.12534183263778687 0.0
0.10724705457687378 0.1223873496055603 0.0
0.11633956432342529 0.11986445635557175 0.0
0.11928898096084595 0.13069723546504974 0.0
0.12280333042144775 0.1351402997970581 0.0
0.12290102243423462 0.1412276178598404 0.0
0.1269974708557129 0.14760389924049377 0.0
0.12891578674316406 0.15332035720348358 0.0
0.13012635707855225 0.15803322196006775 0.0
0.13236510753631592 0.1659310758113861 0.0
0.1400584578514099 0.17290358245372772 0.0
0.15112751722335815 0.18235956132411957 0.0
0.15607613325119019 0.1873171478509903 0.0
0.16498905420303345 0.18894892930984497 0.0
0.15842920541763306 0.1943359673023224 0.0
0.16801565885543823 0.19418081641197205 0.0
0.17341208457946777 0.18977414071559906 0.0
0.1762123703956604 0.1943642944097519 0.0
0.1816355586051941 0.1904410570859909 0.0
0.18300795555114746 0.19435106217861176 0.0
0.18819421529769897 0.1917511224746704 0.0
0.1968345046043396 0.19096510112285614 0.0
0.20749765634536743 0.1920793056488037 0.0
0.1989527940750122 0.19623246788978577 0.0
0.21636581420898438 0.19123195111751556 0.0
0.21368998289108276 0.19461411237716675 0.0
0.5368120670318604 0.011999998241662979 0.0
0.5396732091903687 0.003944018390029669 0.0
0.22203004360198975 0.19419580698013306 0.0
0.22924882173538208 0.19171708822250366 0.0
0.536374568939209 0.020585544407367706 0.0
0.23515915870666504 0.19227485358715057 0.0
0.2421627640724182 0.19025066494941711 0.0
0.24723368883132935 0.18564139306545258 0.0
0.2551693916320801 0.18535886704921722 0.0
0.2519940137863159 0.18997347354888916 0.0
0.2619372606277466 0.18502694368362427 0.0
0.26703375577926636 0.1825786828994751 0.0
0.27412086725234985 0.18002773821353912 0.0
0.2790469527244568 0.17532509565353394 0.0
0.29313576221466064 0.17116710543632507 0.0
0.5383989214897156 0.03040160983800888 0.0
0.2879461646080017 0.1758134812116623 0.0
0.30840981006622314 0.1675208956003189 0.0
0.3023219108581543 0.17170806229114532 0.0
0.31484800577163696 0.16430817544460297 0.0
0.3219754099845886 0.16219556331634521 0.0
0.3292732238769531 0.16021083295345306 0.0
0.3371464014053345 0.15707099437713623 0.0
0.34369176626205444 0.15383362770080566 0.0
0.5402254462242126 0.043018728494644165 0.0
0.34636086225509644 0.1580776572227478 0.0
0.35034000873565674 0.15534235537052155 0.0
0.356684148311615 0.15424175560474396 0.0
0.5386942028999329 0.048736322671175 0.0
0.3638339042663574 0.15246577560901642 0.0
0.371706485748291 0.1504858136177063 0.0
0.37713176012039185 0.147091343998909 0.0
0.5388173460960388 0.05346589535474777 0.0
0.38363176584243774 0.14602822065353394 0.0
0.3911097049713135 0.1446847766637802 0.0
0.3936862349510193 0.14087748527526855 0.0
0.5372087359428406 0.05769992992281914 0.0
0.4075351357460022 0.1362312138080597 0.0
0.4157711863517761 0.13685987889766693 0.0
0.42485475540161133 0.13072602450847626 0.0
0.4240851402282715 0.13534225523471832 0.0
0.43187469244003296 0.13061070442199707 0.0
0.4341137409210205 0.1267091929912567 0.0
0.4406009316444397 0.12594185769557953 0.0
0.4475070834159851 0.12500688433647156 0.0
0.45472490787506104 0.12427602708339691 0.0
0.5419842600822449 0.07171545177698135 0.0
0.4617123007774353 0.12441343814134598 0.0
0.5399742722511292 0.07446788251399994 0.0
0.4658563733100891 0.12164996564388275 0.0
0.5430991053581238 0.07738100737333298 0.0
0.4734974503517151 0.12079482525587082 0.0
0.5400873422622681 0.07990258932113647 0.0
0.48126351833343506 0.11897601187229156 0.0
0.48244601488113403 0.11591429263353348 0.0
0.48698532581329346 0.11659539490938187 0.0
0.48972058296203613 0.11305160075426102 0.0
0.5365965366363525 0.08543843030929565 0.0
0.4942701458930969 0.11218522489070892 0.0
0.5360434651374817 0.08822803199291229 0.0
0.49940741062164307 0.11155776679515839 0.0
0.52219158411026 0.09816112369298935 0.0
0.5270428657531738 0.09644962102174759 0.0
0.5272178649902344 0.09323541074991226 0.0
0.532433032989502 0.09084189683198929 0.0
0.503862202167511 0.11055829375982285 0.0
0.5062399506568909 0.10813673585653305 0.0
0.5207134485244751 0.10177184641361237 0.0
0.5124282240867615 0.10770496726036072 0.0
0.07494145631790161 0.005322568118572235 0.0
0.08432954549789429 0.0 0.0
0.07454532384872437 0.024416465312242508 0.0
0.08249592781066895 0.05600547045469284 0.0
0.07278716564178467 0.05057334154844284 0.0
0.08732622861862183 0.060043927282094955 0.0
0.08966219425201416 0.08015825599431992 0.0
0.08552771806716919 0.0715562030673027 0.0
0.09830033779144287 0.10368998348712921 0.0
0.11068475246429443 0.1292465776205063 0.0
0.11416959762573242 0.1360422819852829 0.0
0.11252111196517944 0.14386415481567383 0.0
0.11939400434494019 0.14719939231872559 0.0
0.12120431661605835 0.1522654891014099 0.0
0.1233866810798645 0.15757602453231812 0.0
0.12672072649002075 0.16278746724128723 0.0
0.13228487968444824 0.17134810984134674 0.0
0.13498026132583618 0.17523802816867828 0.0
0.138261079788208 0.17838303744792938 0.0
0.1430181860923767 0.18317396938800812 0.0
0.1473686695098877 0.1879374384880066 0.0
0.15031003952026367 0.1926008015871048 0.0
0.16391479969024658 0.1989554911851883 0.0
0.17184197902679443 0.1986583024263382 0.0
0.18017840385437012 0.19827409088611603 0.0
0.1893818974494934 0.19626671075820923 0.0
0.18585872650146484 0.20169131457805634 0.0
0.19325745105743408 0.19980694353580475 0.0
0.19987648725509644 0.2006884068250656 0.0
0.5342519283294678 0.0 0.0
0.5353846549987793 0.0 0.0
0.5384975075721741 0.0 0.0
0.20709151029586792 0.19731293618679047 0.0
0.2150421142578125 0.19848759472370148 0.0
0.22424179315567017 0.19985438883304596 0.0
0.5465713739395142 0.01044717151671648 0.0
0.5447232127189636 0.017884278669953346 0.0
0.2307906150817871 0.1955013871192932 0.0
0.23911625146865845 0.19546233117580414 0.0
0.5443534851074219 0.025680722668766975 0.0
0.24817496538162231 0.19485031068325043 0.0
0.26028507947921753 0.18923236429691315 0.0
0.2683265209197998 0.1879182606935501 0.0
0.2730487585067749 0.18469682335853577 0.0
0.2835468053817749 0.18042807281017303 0.0
0.5457941889762878 0.03221061825752258 0.0
0.27956444025039673 0.18479877710342407 0.0
0.296861469745636 0.17619889974594116 0.0
0.292377233505249 0.18065659701824188 0.0
0.543545663356781 0.03787264600396156 0.0
0.3053157329559326 0.17649966478347778 0.0
0.3118826150894165 0.17273476719856262 0.0
0.3151099681854248 0.1685740351676941 0.0
0.3211416006088257 0.1671103686094284 0.0
0.3287554383277893 0.16549938917160034 0.0
0.33675044775009155 0.16326439380645752 0.0
0.34299761056900024 0.16128450632095337 0.0
0.3491767644882202 0.16178220510482788 0.0
0.547114372253418 0.0470135435461998 0.0
0.3552369475364685 0.15907831490039825 0.0
0.5460160374641418 0.05213063955307007 0.0
0.36363059282302856 0.15711084008216858 0.0
0.3693409562110901 0.15491940081119537 0.0
0.3758721351623535 0.15474019944667816 0.0
0.3799213171005249 0.1504085659980774 0.0
0.38754934072494507 0.1492980271577835 0.0
0.5445448160171509 0.056730639189481735 0.0
0.3951869606971741 0.14795398712158203 0.0
0.39883625507354736 0.14316493272781372 0.0
0.5431464314460754 0.06093163415789604 0.0
0.40885841846466064 0.14168231189250946 0.0
0.42989134788513184 0.13407041132450104 0.0
0.5431469082832336 0.065289206802845 0.0
0.43875014781951904 0.13038480281829834 0.0
0.4457980990409851 0.12972190976142883 0.0
0.5440025925636292 0.06904936581850052 0.0
0.4586755037307739 0.1276395320892334 0.0
0.45295947790145874 0.12881189584732056 0.0
0.5478200316429138 0.07243199646472931 0.0
0.5439017415046692 0.07450135797262192 0.0
0.46856236457824707 0.1250382959842682 0.0
0.5468983054161072 0.07607784122228622 0.0
0.544350802898407 0.08014799654483795 0.0
0.48095154762268066 0.12344527244567871 0.0
0.5426316857337952 0.08221341669559479 0.0
0.48661166429519653 0.12115764617919922 0.0
0.5408576130867004 0.08464431762695312 0.0
0.4920785427093506 0.11523418873548508 0.0
0.5397913455963135 0.08744566142559052 0.0
0.4971048831939697 0.11517401039600372 0.0
0.5320892930030823 0.09557464718818665 0.0
0.5038979649543762 0.11420004814863205 0.0
0.5245866179466248 0.10042983293533325 0.0
0.5275992751121521 0.09922773391008377 0.0
0.530191957950592 0.09779749065637589 0.0
0.5088154673576355 0.11109847575426102 0.0
0.5170785188674927 0.10493740439414978 0.0
0.07773512601852417 0.0 0.0
0.062084197998046875 0.0 0.0
0.08168327808380127 0.0 0.0
0.08234184980392456 0.0 0.0
0.08102470636367798 0.0 0.0
0.06496864557266235 0.01950051262974739 0.0
0.06432497501373291 0.010451558977365494 0.0
0.08322036266326904 0.0 0.0
0.07542234659194946 0.03241607919335365 0.0
0.07729274034500122 0.04098125547170639 0.0
0.06811034679412842 0.03701447695493698 0.0
0.0651516318321228 0.04363521933555603 0.0
0.08098667860031128 0.06341627240180969 0.0
0.07426077127456665 0.05802787095308304 0.0
0.07858830690383911 0.07728444784879684 0.0
0.08056080341339111 0.08343334496021271 0.0
0.08688408136367798 0.08818329870700836 0.0
0.09418761730194092 0.09332891553640366 0.0
0.0929517149925232 0.09880346059799194 0.0
0.10087674856185913 0.11640842258930206 0.0
0.0973503589630127 0.1127026230096817 0.0
0.0932207703590393 0.10920237004756927 0.0
0.10108411312103271 0.12793369591236115 0.0
0.0960494875907898 0.12181120365858078 0.0
0.10546088218688965 0.13318629562854767 0.0
0.10475075244903564 0.13891662657260895 0.0
0.11278325319290161 0.15071867406368256 0.0
0.10837650299072266 0.14768587052822113 0.0
0.1155085563659668 0.15669117867946625 0.0
0.11800569295883179 0.1619807779788971 0.0
0.12027919292449951 0.16704833507537842 0.0
0.12237638235092163 0.17273221909999847 0.0
0.12686985731124878 0.16791456937789917 0.0
0.1288820505142212 0.17861616611480713 0.0
0.13471156358718872 0.18416434526443481 0.0
0.13906413316726685 0.18973013758659363 0.0
0.14447909593582153 0.19238486886024475 0.0
0.14539790153503418 0.19577671587467194 0.0
0.15006119012832642 0.19781021773815155 0.0
0.1560179591178894 0.20071080327033997 0.0
0.1615903377532959 0.2036953568458557 0.0
0.16790258884429932 0.20225869119167328 0.0
0.17565065622329712 0.20370861887931824 0.0
0.18470096588134766 0.20786267518997192 0.0
0.19281238317489624 0.20382073521614075 0.0
0.19377869367599487 0.20776328444480896 0.0
0.5432031154632568 0.0 0.0
0.5401774644851685 0.0 0.0
0.5393386483192444 0.0 0.0
0.20018553733825684 0.20502209663391113 0.0
0.5486626029014587 0.003362734569236636 0.0
0.20750796794891357 0.20187488198280334 0.0
0.2077232003211975 0.2066013664007187 0.0
0.21548134088516235 0.20332050323486328 0.0
0.5521842241287231 0.015983130782842636 0.0
0.2229434847831726 0.20506928861141205 0.0
0.22927379608154297 0.2029425948858261 0.0
0.23384332656860352 0.19960784912109375 0.0
0.5512917041778564 0.02126588486135006 0.0
0.23586058616638184 0.20364691317081451 0.0
0.2434089183807373 0.20011474192142487 0.0
0.25351178646087646 0.19879333674907684 0.0
0.25754690170288086 0.1940358281135559 0.0
0.549786388874054 0.028840240091085434 0.0
0.2651652693748474 0.19255104660987854 0.0
0.2755039930343628 0.18804310262203217 0.0
0.2736644148826599 0.19287046790122986 0.0
0.2887653708457947 0.1857684999704361 0.0
0.5528367757797241 0.036600057035684586 0.0
0.3015662431716919 0.1810455471277237 0.0
0.5496262907981873 0.04198988527059555 0.0
0.3084964156150818 0.17982986569404602 0.0
0.3122496008872986 0.1772514283657074 0.0
0.3213880658149719 0.17626863718032837 0.0
0.3192412853240967 0.1711324155330658 0.0
0.32681483030319214 0.17079266905784607 0.0
0.33684903383255005 0.16921202838420868 0.0
0.3461461663246155 0.16619418561458588 0.0
0.3553946018218994 0.1641678810119629 0.0
0.36482101678848267 0.16225367784500122 0.0
0.3712197542190552 0.15853464603424072 0.0
0.5525947213172913 0.056365396827459335 0.0
0.3835686445236206 0.15410974621772766 0.0
0.5487834215164185 0.059910498559474945 0.0
0.3913840055465698 0.1528957337141037 0.0
0.39831531047821045 0.15148431062698364 0.0
0.4030553698539734 0.14728504419326782 0.0
0.548638641834259 0.063681960105896 0.0
0.41077154874801636 0.14750030636787415 0.0
0.41574645042419434 0.1446402221918106 0.0
0.4176824688911438 0.14155752956867218 0.0
0.4241368770599365 0.14020271599292755 0.0
0.4323991537094116 0.13867947459220886 0.0
0.43634217977523804 0.13458633422851562 0.0
0.5482963919639587 0.06786751002073288 0.0
0.4437929391860962 0.13435803353786469 0.0
0.45144182443618774 0.13371196389198303 0.0
0.4644433856010437 0.1283760666847229 0.0
0.47090989351272583 0.1292153298854828 0.0
0.5485135912895203 0.07917981594800949 0.0
0.47550052404403687 0.12618468701839447 0.0
0.5450538396835327 0.08456333726644516 0.0
0.49294161796569824 0.11917626112699509 0.0
0.5431514978408813 0.08658034354448318 0.0
0.5435101985931396 0.08955450356006622 0.0
0.5007681250572205 0.11915794014930725 0.0
0.53891921043396 0.09102150797843933 0.0
0.533315122127533 0.10005932301282883 0.0
0.5072547793388367 0.1180824562907219 0.0
0.5106549859046936 0.11478285491466522 0.0
0.5233933329582214 0.10550124943256378 0.0
0.5275251269340515 0.10249427706003189 0.0
0.5159231424331665 0.11188153922557831 0.0
0.5195125341415405 0.10837259888648987 0.0
0.04804563522338867 0.010017898865044117 0.0
0.03896927833557129 0.0 0.0
0.07830369472503662 0.0 0.0
0.07669538259506226 0.0 0.0
0.05776047706604004 0.015356062911450863 0.0
0.06369388103485107 0.029494689777493477 0.0
0.0696374773979187 0.06348293274641037 0.0
0.06496471166610718 0.05709834396839142 0.0
0.07449054718017578 0.07025377452373505 0.0
0.06982916593551636 0.07580319792032242 0.0
0.07653218507766724 0.08902200311422348 0.0
0.07196223735809326 0.08221451193094254 0.0
0.0836191177368164 0.09589505940675735 0.0
0.08748221397399902 0.10338720679283142 0.0
0.0906599760055542 0.11554192006587982 0.0
0.09104704856872559 0.12737400829792023 0.0
0.09538090229034424 0.14141561090946198 0.0
0.09582728147506714 0.13407166302204132 0.0
0.1033715009689331 0.14519156515598297 0.0
0.10335355997085571 0.15109406411647797 0.0
0.10731899738311768 0.156002014875412 0.0
0.1094931960105896 0.16123634576797485 0.0
0.11209970712661743 0.16634249687194824 0.0
0.11504149436950684 0.17056046426296234 0.0
0.12003457546234131 0.18366962671279907 0.0
0.1196945309638977 0.1782291829586029 0.0
0.12766146659851074 0.18510565161705017 0.0
0.1305936574935913 0.1895585060119629 0.0
0.13267922401428223 0.19465740025043488 0.0
0.13972902297973633 0.1955442875623703 0.0
0.14190250635147095 0.20029905438423157 0.0
0.14803791046142578 0.2032100260257721 0.0
0.15398311614990234 0.20656439661979675 0.0
0.1606677770614624 0.20767690241336823 0.0
0.16385340690612793 0.21094849705696106 0.0
0.16702324151992798 0.20643194019794464 0.0
0.17294937372207642 0.21077094972133636 0.0
0.18093091249465942 0.21467749774456024 0.0
0.5491074919700623 0.0 0.0
0.5491074919700623 0.0 0.0
0.5491074919700623 0.0 0.0
0.19166910648345947 0.2127579003572464 0.0
0.557353138923645 0.0 0.0
0.20009756088256836 0.20954088866710663 0.0
0.19987726211547852 0.2135763317346573 0.0
0.5569919347763062 0.009566404856741428 0.0
0.2078801989555359 0.21183902025222778 0.0
0.215684711933136 0.20821498334407806 0.0
0.21687394380569458 0.2129301130771637 0.0
0.5610743761062622 0.019615143537521362 0.0
0.22369986772537231 0.20964224636554718 0.0
0.22981208562850952 0.20650744438171387 0.0
0.5539693236351013 0.025921545922756195 0.0
0.23628193140029907 0.20729583501815796 0.0
0.5547277331352234 0.031096896156668663 0.0
0.243130624294281 0.2052658051252365 0.0
0.24980592727661133 0.20275186002254486 0.0
0.25670158863067627 0.20223505795001984 0.0
0.2646257281303406 0.1981801986694336 0.0
0.28192293643951416 0.18968260288238525 0.0
0.2754960060119629 0.1983349621295929 0.0
0.2827714681625366 0.19484947621822357 0.0
0.290044367313385 0.19156353175640106 0.0
0.29657113552093506 0.1844489574432373 0.0
0.2970351576805115 0.1886964738368988 0.0
0.5599270462989807 0.042035046964883804 0.0
0.5541597008705139 0.04596849903464317 0.0
0.30339694023132324 0.18603761494159698 0.0
0.309332013130188 0.18345607817173004 0.0
0.3151618242263794 0.180734783411026 0.0
0.3335462808609009 0.17528915405273438 0.0
0.34224188327789307 0.17329290509223938 0.0
0.3437877893447876 0.17005287110805511 0.0
0.5535061359405518 0.05060159042477608 0.0
0.3498326539993286 0.1715916097164154 0.0
0.35463595390319824 0.1682220846414566 0.0
0.560033917427063 0.053883906453847885 0.0
0.36215823888778687 0.16726520657539368 0.0
0.3738049864768982 0.1621660739183426 0.0
0.37901484966278076 0.15875451266765594 0.0
0.38719475269317627 0.1581425815820694 0.0
0.554054856300354 0.061854951083660126 0.0
0.39610224962234497 0.15682822465896606 0.0
0.4056747555732727 0.1532207429409027 0.0
0.41332876682281494 0.1510605663061142 0.0
0.4177948832511902 0.14820772409439087 0.0
0.42311036586761475 0.14503516256809235 0.0
0.5534059405326843 0.06642403453588486 0.0
0.43115872144699097 0.1438036859035492 0.0
0.44131290912628174 0.13874824345111847 0.0
0.5520534515380859 0.07002169638872147 0.0
0.5537375211715698 0.07310447841882706 0.0
0.5512268543243408 0.07623739540576935 0.0
0.4603390693664551 0.1327039748430252 0.0
0.46727538108825684 0.1318359524011612 0.0
0.5539450645446777 0.07937180995941162 0.0
0.4775655269622803 0.13086116313934326 0.0
0.4824395179748535 0.12805277109146118 0.0
0.547181248664856 0.08221668750047684 0.0
0.4870530962944031 0.12530037760734558 0.0
0.49100810289382935 0.12311981618404388 0.0
0.5466084480285645 0.08742883801460266 0.0
0.49676525592803955 0.12368133664131165 0.0
0.5426952838897705 0.09221157431602478 0.0
0.5417850017547607 0.09539381414651871 0.0
0.5024114847183228 0.12313871085643768 0.0
0.5369789600372314 0.09709231555461884 0.0
0.5292321443557739 0.10625364631414413 0.0
0.5326664447784424 0.10399705171585083 0.0
0.5123363137245178 0.11805129051208496 0.0
0.5163427591323853 0.11605295538902283 0.0
0.5221173763275146 0.11114706099033356 0.0
0.5255220532417297 0.10883178561925888 0.0
0.052714645862579346 0.02205681800842285 0.0
0.05857992172241211 0.03799450770020485 0.0
0.05081850290298462 0.032245486974716187 0.0
0.0582614541053772 0.050606537610292435 0.0
0.055494487285614014 0.044153157621622086 0.0
0.06037527322769165 0.0626547634601593 0.0
0.06228893995285034 0.07012829929590225 0.0
0.07205158472061157 0.0957254096865654 0.0
0.06475943326950073 0.08844262361526489 0.0
0.07685816287994385 0.10260296612977982 0.0
0.08137178421020508 0.11034736037254333 0.0
0.0810059905052185 0.11732257157564163 0.0
0.08597004413604736 0.12190810590982437 0.0
0.08604186773300171 0.1441139578819275 0.0
0.08683276176452637 0.1380082070827484 0.0
0.09367692470550537 0.1485966145992279 0.0
0.09559363126754761 0.15394660830497742 0.0
0.10015398263931274 0.15611213445663452 0.0
0.10134118795394897 0.16034261882305145 0.0
0.10191434621810913 0.16608071327209473 0.0
0.10722535848617554 0.17117038369178772 0.0
0.11263483762741089 0.17555417120456696 0.0
0.11375761032104492 0.18053239583969116 0.0
0.12316113710403442 0.18907876312732697 0.0
0.12516576051712036 0.19380038976669312 0.0
0.1340179443359375 0.1996106654405594 0.0
0.14014863967895508 0.20598697662353516 0.0
0.14578598737716675 0.20804041624069214 0.0
0.1486802101135254 0.2120070904493332 0.0
0.1567448377609253 0.21123267710208893 0.0
0.15976476669311523 0.21455875039100647 0.0
0.16589117050170898 0.21550677716732025 0.0
0.17269068956375122 0.21668493747711182 0.0
0.5664311051368713 0.005158532410860062 0.0
0.5707113146781921 0.0 0.0
0.18696248531341553 0.21887333691120148 0.0
0.19592416286468506 0.21749085187911987 0.0
0.5667510628700256 0.011937357485294342 0.0
0.20421850681304932 0.216569185256958 0.0
0.21117860078811646 0.21565888822078705 0.0
0.562358021736145 0.02794155851006508 0.0
0.21739941835403442 0.21755832433700562 0.0
0.22588646411895752 0.214741051197052 0.0
0.23180609941482544 0.2104562669992447 0.0
0.23450946807861328 0.2140524983406067 0.0
0.24183595180511475 0.2106073945760727 0.0
0.2524513006210327 0.2070014327764511 0.0
0.5633647441864014 0.034706391394138336 0.0
0.2630157470703125 0.20402055978775024 0.0
0.27043426036834717 0.2017892748117447 0.0
0.2905259132385254 0.1967323273420334 0.0
0.29783207178115845 0.1937400996685028 0.0
0.5602948069572449 0.04841594770550728 0.0
0.30487769842147827 0.19079937040805817 0.0
0.3110520839691162 0.18785662949085236 0.0
0.31696486473083496 0.1851464956998825 0.0
0.32325124740600586 0.1822177916765213 0.0
0.3293149471282959 0.17962494492530823 0.0
0.3365657329559326 0.180283784866333 0.0
0.341119647026062 0.17731939256191254 0.0
0.3477224111557007 0.1763831079006195 0.0
0.5660884380340576 0.05151776224374771 0.0
0.3542807102203369 0.17532098293304443 0.0
0.3593987822532654 0.17197257280349731 0.0
0.3666568994522095 0.17025448381900787 0.0
0.371532678604126 0.16661959886550903 0.0
0.5598714351654053 0.05940445885062218 0.0
0.3817625641822815 0.1640247106552124 0.0
0.3910977244377136 0.16213186085224152 0.0
0.39751386642456055 0.16149887442588806 0.0
0.40208542346954346 0.15879271924495697 0.0
0.41383588314056396 0.15488740801811218 0.0
0.5568056702613831 0.0697430744767189 0.0
0.5598489046096802 0.06506884098052979 0.0
0.4191996455192566 0.15207894146442413 0.0
0.424801766872406 0.1496085226535797 0.0
0.429934561252594 0.14753109216690063 0.0
0.4394512176513672 0.14323613047599792 0.0
0.43293315172195435 0.15133634209632874 0.0
0.44628775119781494 0.14225530624389648 0.0
0.4489554762840271 0.13842086493968964 0.0
0.5583918690681458 0.07306361943483353 0.0
0.4532933235168457 0.14265304803848267 0.0
0.4567509889602661 0.13802029192447662 0.0
0.5562326312065125 0.07624480873346329 0.0
0.46801626682281494 0.1357659101486206 0.0
0.47302913665771484 0.13360454142093658 0.0
0.48463553190231323 0.1328827440738678 0.0
0.5524541139602661 0.08258768916130066 0.0
0.490017294883728 0.12977974116802216 0.0
0.5495477914810181 0.08525099605321884 0.0
0.4921836853027344 0.12606635689735413 0.0
0.5510669350624084 0.08955100923776627 0.0
0.5470143556594849 0.08980517834424973 0.0
0.4965355396270752 0.1283201426267624 0.0
0.5467404127120972 0.09297211468219757 0.0
0.5021361708641052 0.1269000768661499 0.0
0.5404960513114929 0.1005406379699707 0.0
0.505614161491394 0.12131638079881668 0.0
0.5373266935348511 0.10386543720960617 0.0
0.511137843132019 0.12176555395126343 0.0
0.5276311039924622 0.11227372288703918 0.0
0.5303704738616943 0.10919852554798126 0.0
0.5347851514816284 0.10731586813926697 0.0
0.5173094272613525 0.12020210921764374 0.0
0.5211119055747986 0.1175498217344284 0.0
0.5216609835624695 0.11427681148052216 0.0
0.039484500885009766 0.019711358472704887 0.0
0.034182846546173096 0.012153472751379013 0.0
0.03230994939804077 0.004408862441778183 0.0
0.03259396553039551 0.0 0.0
0.03005373477935791 0.0 0.0
0.03132486343383789 0.0 0.0
0.042814552783966064 0.02749166265130043 0.0
0.03920239210128784 0.034910835325717926 0.0
0.04804110527038574 0.04026048630475998 0.0
0.047366321086883545 0.04740111157298088 0.0
0.05389523506164551 0.057981230318546295 0.0
0.050672054290771484 0.06544225662946701 0.0
0.06180441379547119 0.07927409559488297 0.0
0.06216609477996826 0.09676606953144073 0.0
0.06822335720062256 0.1016080304980278 0.0
0.06887292861938477 0.10880456864833832 0.0
0.0725366473197937 0.11616168916225433 0.0
0.07560944557189941 0.12308716028928757 0.0
0.08261454105377197 0.12684868276119232 0.0
0.08507680892944336 0.13200075924396515 0.0
0.08764231204986572 0.15484915673732758 0.0
0.08256548643112183 0.1504068374633789 0.0
0.07958811521530151 0.14084352552890778 0.0
0.09234076738357544 0.1597936451435089 0.0
0.09629940986633301 0.1633291244506836 0.0
0.1054266095161438 0.18028026819229126 0.0
0.10427331924438477 0.1755453646183014 0.0
0.11049354076385498 0.18489506840705872 0.0
0.11546361446380615 0.1889616698026657 0.0
0.11894315481185913 0.19262158870697021 0.0
0.11807000637054443 0.19723378121852875 0.0
0.12646901607513428 0.1986534297466278 0.0
0.12719732522964478 0.20385053753852844 0.0
0.13514739274978638 0.20365871489048004 0.0
0.1318953037261963 0.20798194408416748 0.0
0.13778382539749146 0.21269361674785614 0.0
0.1530923843383789 0.21606600284576416 0.0
0.15876001119613647 0.21920160949230194 0.0
0.16659694910049438 0.22113533318042755 0.0
0.5779597163200378 8.232527903828668e-08 0.0
0.5765149593353271 0.0 0.0
0.5741910338401794 0.0 0.0
0.5777495503425598 0.0 0.0
0.17669421434402466 0.221526101231575 0.0
0.5785022377967834 4.872089789387246e-07 0.0
0.5724508166313171 0.0 0.0
0.5775482058525085 0.0 0.0
0.1924489140510559 0.22185929119586945 0.0
0.20116901397705078 0.2216651737689972 0.0
0.5735452175140381 0.017054375261068344 0.0
0.20977652072906494 0.21952052414417267 0.0
0.20883512496948242 0.22353395819664001 0.0
0.21629750728607178 0.22229160368442535 0.0
0.2246379852294922 0.22029322385787964 0.0
0.22342246770858765 0.225397527217865 0.0
0.23288702964782715 0.21833829581737518 0.0
0.24911946058273315 0.21075654029846191 0.0
0.5695657730102539 0.030413933098316193 0.0
0.2408205270767212 0.2162502259016037 0.0
0.2481943964958191 0.21401679515838623 0.0
0.25490182638168335 0.2115810513496399 0.0
0.26229339838027954 0.208657369017601 0.0
0.27159327268600464 0.2058599293231964 0.0
0.5714643597602844 0.04021443426609039 0.0
0.27678173780441284 0.20215685665607452 0.0
0.2832295894622803 0.19976793229579926 0.0
0.28222519159317017 0.20477819442749023 0.0
0.29754120111465454 0.19900929927825928 0.0
0.5679498910903931 0.04657629504799843 0.0
0.30550438165664673 0.19600991904735565 0.0
0.31783169507980347 0.18901436030864716 0.0
0.31361114978790283 0.19275906682014465 0.0
0.3251052498817444 0.18741096556186676 0.0
0.3313828706741333 0.1837293803691864 0.0
0.33831125497817993 0.18407385051250458 0.0
0.3445981740951538 0.18128757178783417 0.0
0.5674707889556885 0.05714559182524681 0.0
0.35308772325515747 0.17968310415744781 0.0
0.3604999780654907 0.177290141582489 0.0
0.366996169090271 0.17421135306358337 0.0
0.3727737069129944 0.17132723331451416 0.0
0.3780673146247864 0.1688069850206375 0.0
0.3798329830169678 0.17308704555034637 0.0
0.3843156695365906 0.16907691955566406 0.0
0.38873326778411865 0.16623175144195557 0.0
0.39592236280441284 0.16600732505321503 0.0
0.40354788303375244 0.16360168159008026 0.0
0.40881049633026123 0.15881194174289703 0.0
0.5633533596992493 0.07008569687604904 0.0
0.4169315695762634 0.1589455008506775 0.0
0.4203430414199829 0.15552721917629242 0.0
0.42595207691192627 0.15361981093883514 0.0
0.4372637867927551 0.14757509529590607 0.0
0.5622449517250061 0.07553371787071228 0.0
0.4473801255226135 0.14726226031780243 0.0
0.4619753956794739 0.14251315593719482 0.0
0.4633738398551941 0.13781744241714478 0.0
0.4686233401298523 0.14021168649196625 0.0
0.5584853887557983 0.0792514979839325 0.0
0.47483766078948975 0.13886694610118866 0.0
0.5566473007202148 0.08195039629936218 0.0
0.4799044728279114 0.13577142357826233 0.0
0.5561041831970215 0.08423849195241928 0.0
0.4915052652359009 0.135013148188591 0.0
0.5540721416473389 0.08612082898616791 0.0
0.4968274235725403 0.13277561962604523 0.0
0.5516625046730042 0.09377983212471008 0.0
0.5457034111022949 0.09919462352991104 0.0
0.5071181654930115 0.12496713548898697 0.0
0.5416389107704163 0.10452961921691895 0.0
0.5395992994308472 0.10672684013843536 0.0
0.533701479434967 0.11116545647382736 0.0
0.5163798928260803 0.12395995110273361 0.0
0.5271907448768616 0.11675559729337692 0.0
0.021648168563842773 0.0 0.0
0.03189957141876221 0.02753746137022972 0.0
0.037093162536621094 0.043431978672742844 0.0
0.047672808170318604 0.05342160165309906 0.0
0.04100316762924194 0.05960521474480629 0.0
0.048914432525634766 0.07503145188093185 0.0
0.05543893575668335 0.09177961945533752 0.0
0.05296599864959717 0.08449586480855942 0.0
0.060474932193756104 0.10420311987400055 0.0
0.0626944899559021 0.11612574756145477 0.0
0.05945277214050293 0.1106918603181839 0.0
0.06646299362182617 0.12143318355083466 0.0
0.07614600658416748 0.12997332215309143 0.0
0.06935769319534302 0.140642911195755 0.0
0.07793855667114258 0.1358579695224762 0.0
0.07764482498168945 0.15731510519981384 0.0
0.07673382759094238 0.14590780436992645 0.0
0.08382523059844971 0.15966494381427765 0.0
0.08441227674484253 0.16349375247955322 0.0
0.08968353271484375 0.16745442152023315 0.0
0.09709513187408447 0.17308293282985687 0.0
0.09909147024154663 0.1778527945280075 0.0
0.10065895318984985 0.18622657656669617 0.0
0.10740512609481812 0.18971845507621765 0.0
0.11216121912002563 0.19344432651996613 0.0
0.1207653284072876 0.20157162845134735 0.0
0.14435416460037231 0.21760614216327667 0.0
0.14986813068389893 0.2215835005044937 0.0
0.15654855966567993 0.22587154805660248 0.0
0.16807371377944946 0.22759264707565308 0.0
0.5804980993270874 0.0 0.0
0.5824958086013794 0.0 0.0
0.5789206027984619 0.0 0.0
0.17656999826431274 0.2264200896024704 0.0
0.18451136350631714 0.22526729106903076 0.0
0.5767855644226074 0.00764419324696064 0.0
0.19450974464416504 0.22614987194538116 0.0
0.20374107360839844 0.2267601042985916 0.0
0.5710996985435486 0.024749964475631714 0.0
0.5813672542572021 0.02257750742137432 0.0
0.5784116983413696 0.029725857079029083 0.0
0.5727295875549316 0.034279000014066696 0.0
0.23179852962493896 0.22340521216392517 0.0
0.2482936978340149 0.21936962008476257 0.0
0.23966991901397705 0.22135837376117706 0.0
0.255191445350647 0.21597306430339813 0.0
0.26333320140838623 0.21343621611595154 0.0
0.2692268490791321 0.2100575715303421 0.0
0.27701646089553833 0.2093304544687271 0.0
0.28990811109542847 0.20167343318462372 0.0
0.5753538608551025 0.04561738669872284 0.0
0.5752249956130981 0.051881834864616394 0.0
0.29558265209198 0.20482145249843597 0.0
0.30453765392303467 0.2014969140291214 0.0
0.32198566198349 0.19180352985858917 0.0
0.31373530626296997 0.19865773618221283 0.0
0.319682776927948 0.19532464444637299 0.0
0.3287745714187622 0.19123725593090057 0.0
0.3348337411880493 0.18819867074489594 0.0
0.34306424856185913 0.18636873364448547 0.0
0.3505861163139343 0.18463151156902313 0.0
0.35948771238327026 0.18336622416973114 0.0
0.5708035826683044 0.06276395916938782 0.0
0.5647470355033875 0.06197322905063629 0.0
0.3689238429069519 0.17959144711494446 0.0
0.37331682443618774 0.17522840201854706 0.0
0.5660954117774963 0.06563115864992142 0.0
0.3867332935333252 0.1725953072309494 0.0
0.39119386672973633 0.16987785696983337 0.0
0.4123404026031494 0.1633000373840332 0.0
0.4206886291503906 0.16274327039718628 0.0
0.42661070823669434 0.15835629403591156 0.0
0.4321483373641968 0.15505704283714294 0.0
0.43811655044555664 0.1542515605688095 0.0
0.4417877197265625 0.15137189626693726 0.0
0.44772619009017944 0.15153099596500397 0.0
0.45661652088165283 0.1465137004852295 0.0
0.4684268832206726 0.14398397505283356 0.0
0.47284162044525146 0.142648845911026 0.0
0.4822762608528137 0.14081396162509918 0.0
0.4875035285949707 0.13815703988075256 0.0
0.5577912330627441 0.08672899007797241 0.0
0.5561908483505249 0.08927767723798752 0.0
0.5553278923034668 0.0926302820444107 0.0
0.554724931716919 0.09642769396305084 0.0
0.5015506148338318 0.13066905736923218 0.0
0.5498668551445007 0.09723227471113205 0.0
0.5503066182136536 0.10169057548046112 0.0
0.5086272358894348 0.13066421449184418 0.0
0.5131844878196716 0.12660422921180725 0.0
0.5442781448364258 0.10791477560997009 0.0
0.5456568598747253 0.10347753763198853 0.0
0.5372744202613831 0.11378582566976547 0.0
0.532078206539154 0.11430798470973969 0.0
0.5389630198478699 0.10993354767560959 0.0
0.5216221213340759 0.12393319606781006 0.0
0.5238842368125916 0.12051652371883392 0.0
0.02342301607131958 0.009087629616260529 0.0
0.026879429817199707 0.018474286422133446 0.0
0.028233885765075684 0.0 0.0
0.02804255485534668 0.0 0.0
0.028138399124145508 0.0 0.0
0.024950146675109863 0.037031907588243484 0.0
0.03767800331115723 0.05169152095913887 0.0
0.03734010457992554 0.06848093867301941 0.0
0.04107242822647095 0.08272077888250351 0.0
0.03659510612487793 0.07620414346456528 0.0
0.0457119345664978 0.09056353569030762 0.0
0.051020026206970215 0.09903907775878906 0.0
0.051512062549591064 0.10818368196487427 0.0
0.05264514684677124 0.11591542512178421 0.0
0.05609637498855591 0.1236291453242302 0.0
0.06601804494857788 0.12815642356872559 0.0
0.07025927305221558 0.1338595598936081 0.0
0.061985135078430176 0.1347888708114624 0.0
0.06870090961456299 0.14762301743030548 0.0
0.06074976921081543 0.146370068192482 0.0
0.07284480333328247 0.15215593576431274 0.0
0.077811598777771 0.16302984952926636 0.0
0.07937425374984741 0.16754567623138428 0.0
0.08080726861953735 0.17170655727386475 0.0
0.08611464500427246 0.1748642772436142 0.0
0.0917816162109375 0.17901086807250977 0.0
0.09731340408325195 0.18167687952518463 0.0
0.10082834959030151 0.19119702279567719 0.0
0.1051378846168518 0.19364695250988007 0.0
0.10783898830413818 0.19815769791603088 0.0
0.11439299583435059 0.2014331966638565 0.0
0.11717718839645386 0.20585235953330994 0.0
0.12407523393630981 0.20855937898159027 0.0
0.11697518825531006 0.21206466853618622 0.0
0.12685835361480713 0.21267272531986237 0.0
0.12933439016342163 0.21710677444934845 0.0
0.1354048252105713 0.21991179883480072 0.0
0.14160692691802979 0.22264793515205383 0.0
0.14465153217315674 0.2269333153963089 0.0
0.15819543600082397 0.23140336573123932 0.0
0.5854082107543945 3.8214289816096425e-05 0.0
0.58417809009552 0.0 0.0
0.5833417773246765 0.0 0.0
0.5854443311691284 0.0 0.0
0.5856156945228577 0.0 0.0
0.5859391093254089 0.0 0.0
0.5839847326278687 0.002810376463457942 0.0
0.1768905520439148 0.23092307150363922 0.0
0.588519811630249 0.007237860467284918 0.0
0.1883053183555603 0.23092859983444214 0.0
0.19810950756072998 0.23048259317874908 0.0
0.584742546081543 0.014778095297515392 0.0
0.20727282762527466 0.23130594193935394 0.0
0.21398067474365234 0.22742727398872375 0.0
0.22230947017669678 0.22969655692577362 0.0
0.5813826322555542 0.0359763503074646 0.0
0.23122769594192505 0.22894811630249023 0.0
0.5808975100517273 0.04228919744491577 0.0
0.23818862438201904 0.22590593993663788 0.0
0.2454337477684021 0.22490490972995758 0.0
0.25560635328292847 0.21984168887138367 0.0
0.25308525562286377 0.22364233434200287 0.0
0.2615033984184265 0.21821165084838867 0.0
0.2688494920730591 0.21704156696796417 0.0
0.2723644971847534 0.21312065422534943 0.0
0.2796748876571655 0.21276573836803436 0.0
0.2871255874633789 0.20948566496372223 0.0
0.2888672351837158 0.20515693724155426 0.0
0.3034624457359314 0.20669609308242798 0.0
0.3111436367034912 0.20416706800460815 0.0
0.32647258043289185 0.19480742514133453 0.0
0.5764594674110413 0.0590006560087204 0.0
0.3226270079612732 0.19850847125053406 0.0
0.3351067900657654 0.19345128536224365 0.0
0.3410811424255371 0.19022271037101746 0.0
0.3477237820625305 0.18911266326904297 0.0
0.35423481464385986 0.18766866624355316 0.0
0.36025434732437134 0.18910419940948486 0.0
0.3780471086502075 0.17827942967414856 0.0
0.5719422698020935 0.06854803115129471 0.0
0.36783015727996826 0.1857270449399948 0.0
0.37601375579833984 0.1834947168827057 0.0
0.38593244552612305 0.1767057478427887 0.0
0.39311468601226807 0.17442858219146729 0.0
0.39954841136932373 0.1708838939666748 0.0
0.4016001224517822 0.16742980480194092 0.0
0.4085642099380493 0.16872437298297882 0.0
0.5746341943740845 0.07372450083494186 0.0
0.5682189464569092 0.07286287844181061 0.0
0.41660749912261963 0.1663709431886673 0.0
0.5686556696891785 0.07674708962440491 0.0
0.4274187684059143 0.16260305047035217 0.0
0.43247145414352417 0.1609862744808197 0.0
0.4368888735771179 0.15793080627918243 0.0
0.5631957054138184 0.0795428603887558 0.0
0.4463532567024231 0.1554742008447647 0.0
0.4546487331390381 0.15132081508636475 0.0
0.5598293542861938 0.0816289559006691 0.0
0.4640565514564514 0.1479717344045639 0.0
0.5594546794891357 0.08419724553823471 0.0
0.47787630558013916 0.14397329092025757 0.0
0.4883221387863159 0.14273622632026672 0.0
0.4927282929420471 0.13830241560935974 0.0
0.4983634948730469 0.1381732076406479 0.0
0.5035251379013062 0.13454249501228333 0.0
0.553783118724823 0.09975214302539825 0.0
0.5430853962898254 0.11259955912828445 0.0
0.519629955291748 0.12754398584365845 0.0
0.5166893005371094 0.13108335435390472 0.0
0.526968240737915 0.12773683667182922 0.0
0.5269619226455688 0.12365724891424179 0.0
0.5301851034164429 0.1207728236913681 0.0
0.5340700745582581 0.11736470460891724 0.0
0.013424277305603027 0.015621297061443329 0.0
0.01844632625579834 0.0 0.0
0.015249252319335938 0.0 0.0
0.018143057823181152 0.02632724680006504 0.0
0.025786280632019043 0.04804893210530281 0.0
0.027284204959869385 0.05798005685210228 0.0
0.032353222370147705 0.06322139501571655 0.0
0.028345823287963867 0.07411091029644012 0.0
0.03480100631713867 0.08936704695224762 0.0
0.038997113704681396 0.09677810221910477 0.0
0.04144829511642456 0.10509493947029114 0.0
0.056401073932647705 0.13047780096530914 0.0
0.05759912729263306 0.14049747586250305 0.0
0.06792092323303223 0.15849319100379944 0.0
0.06272149085998535 0.15325860679149628 0.0
0.0713697075843811 0.16245749592781067 0.0
0.07156956195831299 0.16711945831775665 0.0
0.07319283485412598 0.1719195544719696 0.0
0.07634836435317993 0.17649048566818237 0.0
0.09009861946105957 0.18542927503585815 0.0
0.0814329981803894 0.18161292374134064 0.0
0.09370023012161255 0.19087357819080353 0.0
0.08593934774398804 0.19095957279205322 0.0
0.0979347825050354 0.19585512578487396 0.0
0.09950441122055054 0.20151546597480774 0.0
0.10789144039154053 0.20383363962173462 0.0
0.10851269960403442 0.2091040313243866 0.0
0.12113988399505615 0.21732671558856964 0.0
0.12574326992034912 0.22252115607261658 0.0
0.13392049074172974 0.22606182098388672 0.0
0.1487264633178711 0.23175804316997528 0.0
0.15274864435195923 0.23618854582309723 0.0
0.16450566053390503 0.23481914401054382 0.0
0.5869277715682983 0.0 0.0
0.5902444124221802 0.0 0.0
0.5885844230651855 0.0 0.0
0.1740511655807495 0.23660573363304138 0.0
0.18182170391082764 0.23449549078941345 0.0
0.5956606268882751 0.01299308892339468 0.0
0.18115532398223877 0.23842766880989075 0.0
0.1884172558784485 0.23569858074188232 0.0
0.18865889310836792 0.24015694856643677 0.0
0.19438499212265015 0.2336317002773285 0.0
0.5922019481658936 0.020528340712189674 0.0
0.19569605588912964 0.2372623234987259 0.0
0.20156055688858032 0.23448683321475983 0.0
0.5879931449890137 0.02739652991294861 0.0
0.20365417003631592 0.23897694051265717 0.0
0.2104758620262146 0.23611585795879364 0.0
0.2167533040046692 0.23273250460624695 0.0
0.5849781036376953 0.03162058815360069 0.0
0.22609996795654297 0.2334720641374588 0.0
0.23393583297729492 0.23333732783794403 0.0
0.24179673194885254 0.23065310716629028 0.0
0.2504911422729492 0.22844238579273224 0.0
0.2600061297416687 0.22248347103595734 0.0
0.5823292136192322 0.04724154248833656 0.0
0.2580242156982422 0.22708459198474884 0.0
0.26654481887817383 0.22115512192249298 0.0
0.2766677737236023 0.21648730337619781 0.0
0.5856305360794067 0.05223158374428749 0.0
0.2652338147163391 0.22543774545192719 0.0
0.2733422517776489 0.22044909000396729 0.0
0.28549158573150635 0.2156156748533249 0.0
0.29103243350982666 0.21302898228168488 0.0
0.2969416379928589 0.21059392392635345 0.0
0.5822964310646057 0.0563398115336895 0.0
0.30333101749420166 0.21006107330322266 0.0
0.3097991943359375 0.209331214427948 0.0
0.3169093728065491 0.20651496946811676 0.0
0.31928783655166626 0.20252588391304016 0.0
0.33075374364852905 0.19807007908821106 0.0
0.32650959491729736 0.2014717012643814 0.0
0.3396085500717163 0.19748365879058838 0.0
0.34414464235305786 0.19323253631591797 0.0
0.35245048999786377 0.1918436586856842 0.0
0.5786308646202087 0.06487325578927994 0.0
0.36792296171188354 0.19097891449928284 0.0
0.38461464643478394 0.18193764984607697 0.0
0.5818182229995728 0.0708809420466423 0.0
0.3940838575363159 0.18012066185474396 0.0
0.4024544358253479 0.17627502977848053 0.0
0.4172900915145874 0.16976000368595123 0.0
0.42432886362075806 0.16675136983394623 0.0
0.43241626024246216 0.16467097401618958 0.0
0.43840456008911133 0.16221335530281067 0.0
0.4435403347015381 0.15988902747631073 0.0
0.4508718252182007 0.1606067717075348 0.0
0.4567766785621643 0.15649883449077606 0.0
0.4622885584831238 0.15280991792678833 0.0
0.5631499290466309 0.08265438675880432 0.0
0.46971338987350464 0.15136393904685974 0.0
0.4722975492477417 0.14657796919345856 0.0
0.48475784063339233 0.14587315917015076 0.0
0.49417269229888916 0.14180298149585724 0.0
0.5593021512031555 0.08953382819890976 0.0
0.5584622025489807 0.09179490059614182 0.0
0.5054359436035156 0.1384321004152298 0.0
0.5583107471466064 0.0994824692606926 0.0
0.5557431578636169 0.10321047902107239 0.0
0.5588850378990173 0.09521788358688354 0.0
0.5511916875839233 0.10659309476613998 0.0
0.5099781155586243 0.1362113207578659 0.0
0.5490837693214417 0.1112699955701828 0.0
0.5145019888877869 0.1343451738357544 0.0
0.540967583656311 0.1172557845711708 0.0
0.5329923629760742 0.12500889599323273 0.0
0.5365864038467407 0.12099459767341614 0.0
0.0 0.989494264125824 0.0
0.011805593967437744 0.0056111193262040615 0.0
0.012448728084564209 0.0 0.0
0.013567447662353516 0.0 0.0
0.013055145740509033 0.0 0.0
0.01113283634185791 0.03372408077120781 0.0
0.012170076370239258 0.04368961602449417 0.0
0.01567918062210083 0.053647592663764954 0.0
0.023854196071624756 0.06756371259689331 0.0
0.02841287851333618 0.0822196751832962 0.0
0.0425189733505249 0.11364836990833282 0.0
0.042688190937042236 0.1225903332233429 0.0
0.04596757888793945 0.13051652908325195 0.0
0.05225425958633423 0.13559339940547943 0.0
0.047852933406829834 0.14117705821990967 0.0
0.05250424146652222 0.145326629281044 0.0
0.05224877595901489 0.15145815908908844 0.0
0.06021803617477417 0.15956832468509674 0.0
0.054903626441955566 0.1570436954498291 0.0
0.06264609098434448 0.1655794382095337 0.0
0.06621849536895752 0.17102234065532684 0.0
0.07431870698928833 0.18573549389839172 0.0
0.07109403610229492 0.18175621330738068 0.0
0.08020287752151489 0.18815717101097107 0.0
0.08742046356201172 0.1960669457912445 0.0
0.09197127819061279 0.19999180734157562 0.0
0.09191662073135376 0.20480583608150482 0.0
0.10007792711257935 0.2069094330072403 0.0
0.10047614574432373 0.21263554692268372 0.0
0.10859102010726929 0.2136244773864746 0.0
0.11255943775177002 0.21724620461463928 0.0
0.11579364538192749 0.22202083468437195 0.0
0.12715595960617065 0.2301316112279892 0.0
0.12639808654785156 0.22670261561870575 0.0
0.13693928718566895 0.232272669672966 0.0
0.12712383270263672 0.23506863415241241 0.0
0.13026386499404907 0.24374118447303772 0.0
0.138178288936615 0.24235588312149048 0.0
0.1348893642425537 0.24716691672801971 0.0
0.12752026319503784 0.24853597581386566 0.0
0.13353055715560913 0.23846104741096497 0.0
0.14280927181243896 0.23710808157920837 0.0
0.13216626644134521 0.2522670328617096 0.0
0.14139097929000854 0.24550525844097137 0.0
0.1398891806602478 0.2495589554309845 0.0
0.14648103713989258 0.2414103001356125 0.0
0.13932651281356812 0.25417497754096985 0.0
0.1490544080734253 0.24634365737438202 0.0
0.14489489793777466 0.25097453594207764 0.0
0.15597057342529297 0.2405201941728592 0.0
0.14766186475753784 0.25371092557907104 0.0
0.15112626552581787 0.25022631883621216 0.0
0.15779584646224976 0.24768364429473877 0.0
0.15901148319244385 0.24394553899765015 0.0
0.5990850329399109 0.005882115103304386 0.0
0.6063487529754639 0.0 0.0
0.16580051183700562 0.24026472866535187 0.0
0.15845364332199097 0.2519090473651886 0.0
0.15198230743408203 0.2566484212875366 0.0
0.16779875755310059 0.24497857689857483 0.0
0.1612708568572998 0.2561506927013397 0.0
0.17371982336044312 0.24069464206695557 0.0
0.16726189851760864 0.25296783447265625 0.0
0.16963523626327515 0.2492048144340515 0.0
0.1742497682571411 0.24633003771305084 0.0
0.17939573526382446 0.2433042675256729 0.0
0.1795727014541626 0.2476726472377777 0.0
0.1767978072166443 0.25205814838409424 0.0
0.18927687406539917 0.24515867233276367 0.0
0.18694466352462769 0.24984675645828247 0.0
0.19666296243667603 0.24165605008602142 0.0
0.19433516263961792 0.24816593527793884 0.0
0.19735205173492432 0.24528582394123077 0.0
0.5923401117324829 0.03299466148018837 0.0
0.20381087064743042 0.2435998171567917 0.0
0.21279382705688477 0.2415197640657425 0.0
0.5900845527648926 0.04045610502362251 0.0
0.20140254497528076 0.24784666299819946 0.0
0.22084128856658936 0.23798048496246338 0.0
0.5861870646476746 0.04431953281164169 0.0
0.2311621904373169 0.23725731670856476 0.0
0.23857319355010986 0.2355121225118637 0.0
0.24615377187728882 0.235567107796669 0.0
0.24854356050491333 0.23183564841747284 0.0
0.25479012727737427 0.23246043920516968 0.0
0.26392775774002075 0.23027054965496063 0.0
0.2707752585411072 0.22383445501327515 0.0
0.28082799911499023 0.22035302221775055 0.0
0.2721760869026184 0.22812765836715698 0.0
0.27691465616226196 0.22426378726959229 0.0
0.28874456882476807 0.22086024284362793 0.0
0.29487258195877075 0.21650050580501556 0.0
0.589656412601471 0.05733634904026985 0.0
0.3038254380226135 0.21378016471862793 0.0
0.5852912664413452 0.06174261122941971 0.0
0.31186914443969727 0.213558167219162 0.0
0.3194611668586731 0.21082764863967896 0.0
0.3258836269378662 0.2058570683002472 0.0
0.33482396602630615 0.2022169828414917 0.0
0.34446895122528076 0.2008410394191742 0.0
0.34884536266326904 0.1964809149503708 0.0
0.5858451724052429 0.066865473985672 0.0
0.3593117594718933 0.1949481964111328 0.0
0.3742384910583496 0.1880333125591278 0.0
0.3768882155418396 0.19245147705078125 0.0
0.38269174098968506 0.1876630038022995 0.0
0.5806241631507874 0.07566827535629272 0.0
0.3915324807167053 0.18547438085079193 0.0
0.4033646583557129 0.18144412338733673 0.0
0.5751506090164185 0.07814378291368484 0.0
0.40923887491226196 0.1790957748889923 0.0
0.413313090801239 0.17450088262557983 0.0
0.4235305190086365 0.1718917191028595 0.0
0.43150246143341064 0.16930711269378662 0.0
0.43935978412628174 0.167201966047287 0.0
0.568672776222229 0.08070792257785797 0.0
0.44524043798446655 0.16386225819587708 0.0
0.4658665657043457 0.15626321732997894 0.0
0.47438549995422363 0.1546691358089447 0.0
0.4785044193267822 0.14959321916103363 0.0
0.49299198389053345 0.1471213847398758 0.0
0.5009246468544006 0.14574474096298218 0.0
0.5625467300415039 0.08783649653196335 0.0
0.4993128180503845 0.1420329362154007 0.0
0.5626148581504822 0.09262889623641968 0.0
0.5042524933815002 0.14202822744846344 0.0
0.5627301931381226 0.1033879816532135 0.0
0.5583565831184387 0.10721462965011597 0.0
0.5637117028236389 0.09812619537115097 0.0
0.555401086807251 0.11065051704645157 0.0
0.5109131336212158 0.14074526727199554 0.0
0.5163041949272156 0.13819600641727448 0.0
0.5203835368156433 0.13525709509849548 0.0
0.5474810004234314 0.1154957190155983 0.0
0.523735523223877 0.13182403147220612 0.0
0.5395926833152771 0.12428319454193115 0.0
0.5379196405410767 0.12801708281040192 0.0
0.5417124032974243 0.12105307728052139 0.0
0.5331806540489197 0.1290234476327896 0.0
0.0 1.0 0.0
0.0 0.9759779572486877 0.0
0.006426870822906494 1.0 0.0
0.003215968608856201 1.0 0.0
0.0 0.9639285802841187 0.0
0.007044732570648193 0.05093362182378769 0.0
0.01440584659576416 0.062466010451316833 0.0
0.01662212610244751 0.07752065360546112 0.0
0.029963970184326172 0.09509065002202988 0.0
0.025838136672973633 0.09017232805490494 0.0
0.031117141246795654 0.10209387540817261 0.0
0.032681941986083984 0.11052605509757996 0.0
0.03316140174865723 0.11862162500619888 0.0
0.043598294258117676 0.13682526350021362 0.0
0.043076157569885254 0.14792059361934662 0.0
0.052446603775024414 0.16299155354499817 0.0
0.053497254848480225 0.16892772912979126 0.0
0.058738529682159424 0.17271070182323456 0.0
0.06587237119674683 0.17670312523841858 0.0
0.06772327423095703 0.18630389869213104 0.0
0.07829958200454712 0.19464395940303802 0.0
0.0808173418045044 0.19849146902561188 0.0
0.08359634876251221 0.20228929817676544 0.0
0.0926828384399414 0.21026965975761414 0.0
0.09370040893554688 0.213985875248909 0.0
0.10459154844284058 0.2174062728881836 0.0
0.10854595899581909 0.2209966778755188 0.0
0.11908769607543945 0.22746983170509338 0.0
0.11958712339401245 0.23280970752239227 0.0
0.1211310625076294 0.2453090101480484 0.0
0.12096810340881348 0.24952179193496704 0.0
0.1246911883354187 0.24003832042217255 0.0
0.12370842695236206 0.25266560912132263 0.0
0.12663304805755615 0.2568712830543518 0.0
0.13321620225906372 0.2561819553375244 0.0
0.13190627098083496 0.2593243420124054 0.0
0.13749921321868896 0.2606331408023834 0.0
0.13669484853744507 0.257735937833786 0.0
0.6089920401573181 0.0 0.0
0.611632227897644 0.0 0.0
0.14311128854751587 0.25783154368400574 0.0
0.1430777907371521 0.26122167706489563 0.0
0.1480446457862854 0.2599078416824341 0.0
0.604127824306488 0.01110356766730547 0.0
0.15523087978363037 0.26005178689956665 0.0
0.6041032671928406 0.018316566944122314 0.0
0.16515988111495972 0.2598818838596344 0.0
0.17028790712356567 0.2557447850704193 0.0
0.598565399646759 0.026131751015782356 0.0
0.1730751395225525 0.25824475288391113 0.0
0.17840176820755005 0.25579825043678284 0.0
0.6038169264793396 0.031568169593811035 0.0
0.17865818738937378 0.25876158475875854 0.0
0.18493914604187012 0.25344493985176086 0.0
0.1868056058883667 0.257260262966156 0.0
0.19558864831924438 0.2525709569454193 0.0
0.60001540184021 0.03758406266570091 0.0
0.20992547273635864 0.24649183452129364 0.0
0.2068769931793213 0.25080856680870056 0.0
0.2196502685546875 0.24563762545585632 0.0
0.22039419412612915 0.2419165074825287 0.0
0.5922310948371887 0.04745357856154442 0.0
0.5982577204704285 0.04280131682753563 0.0
0.2147182822227478 0.24940617382526398 0.0
0.22794848680496216 0.24222594499588013 0.0
0.23894792795181274 0.23990291357040405 0.0
0.24610638618469238 0.23939496278762817 0.0
0.25304341316223145 0.23853985965251923 0.0
0.2622928023338318 0.23547130823135376 0.0
0.28419989347457886 0.22460950911045074 0.0
0.5931211113929749 0.05348997190594673 0.0
0.5979006290435791 0.05797742307186127 0.0
0.2706944942474365 0.23324748873710632 0.0
0.28046321868896484 0.228292778134346 0.0
0.29053211212158203 0.22509276866912842 0.0
0.29698818922042847 0.2228386104106903 0.0
0.30199384689331055 0.218736469745636 0.0
0.30932706594467163 0.21783560514450073 0.0
0.3178864121437073 0.21621552109718323 0.0
0.32950258255004883 0.21046821773052216 0.0
0.32530009746551514 0.21414268016815186 0.0
0.33562207221984863 0.2069963961839676 0.0
0.34164005517959595 0.2044825702905655 0.0
0.590855062007904 0.06586754322052002 0.0
0.3489372730255127 0.20403917133808136 0.0
0.35347312688827515 0.20004524290561676 0.0
0.36337798833847046 0.20031844079494476 0.0
0.36912381649017334 0.19570674002170563 0.0
0.5875748991966248 0.07612345367670059 0.0
0.3848731517791748 0.192092627286911 0.0
0.39101165533065796 0.19021280109882355 0.0
0.39868301153182983 0.1843300312757492 0.0
0.39866167306900024 0.18840786814689636 0.0
0.41022151708602905 0.18244551122188568 0.0
0.5825520753860474 0.07991223782300949 0.0
0.41739076375961304 0.1803232729434967 0.0
0.4227079749107361 0.17629824578762054 0.0
0.4313197731971741 0.17465703189373016 0.0
0.5757425427436829 0.08245577663183212 0.0
0.4370388388633728 0.17146170139312744 0.0
0.4437623620033264 0.17227642238140106 0.0
0.4466152787208557 0.1681285798549652 0.0
0.4531576633453369 0.1661914885044098 0.0
0.46131432056427 0.16201820969581604 0.0
0.4717192053794861 0.15987415611743927 0.0
0.4876995086669922 0.15129338204860687 0.0
0.4813767075538635 0.15370823442935944 0.0
0.5696470737457275 0.09863635152578354 0.0
0.5669103860855103 0.1014200747013092 0.0
0.5608758330345154 0.11035561561584473 0.0
0.5605983138084412 0.11386474967002869 0.0
0.5535600185394287 0.11438873410224915 0.0
0.5231210589408875 0.13945549726486206 0.0
0.518085241317749 0.1426912397146225 0.0
0.5523414611816406 0.11832273006439209 0.0
0.5463895797729492 0.11955922096967697 0.0
0.5272942781448364 0.1362062394618988 0.0
0.5314696431159973 0.1326407641172409 0.0
0.5433880686759949 0.1272069811820984 0.0
0.5451743006706238 0.12343385070562363 0.0
0.5366832613945007 0.13123300671577454 0.0
0.020901799201965332 0.9863817095756531 0.0
0.007789433002471924 1.0 0.0
0.007703304290771484 1.0 0.0
0.031192302703857422 1.0 0.0
0.007733821868896484 1.0 0.0
0.0076784491539001465 1.0 0.0
0.0 0.9549975991249084 0.0
0.014968335628509521 0.9694621562957764 0.0
0.006576716899871826 0.058176398277282715 0.0
0.011106371879577637 0.07036501914262772 0.0
0.017560064792633057 0.08753570169210434 0.0
0.020077288150787354 0.09806880354881287 0.0
0.023662805557250977 0.1073501706123352 0.0
0.031425654888153076 0.125603586435318 0.0
0.03434783220291138 0.13537752628326416 0.0
0.029260694980621338 0.13103245198726654 0.0
0.03670114278793335 0.12917281687259674 0.0
0.03754657506942749 0.14192907512187958 0.0
0.04602944850921631 0.1579430252313614 0.0
0.04978358745574951 0.1744658499956131 0.0
0.044642746448516846 0.1685560792684555 0.0
0.055724501609802246 0.1786801666021347 0.0
0.06089961528778076 0.18340466916561127 0.0
0.07065528631210327 0.19082850217819214 0.0
0.0738183856010437 0.2012748122215271 0.0
0.07519221305847168 0.2075277417898178 0.0
0.08429872989654541 0.20881536602973938 0.0
0.08636367321014404 0.21571744978427887 0.0
0.09586977958679199 0.218112051486969 0.0
0.10201811790466309 0.2220548838376999 0.0
0.10813307762145996 0.2259768694639206 0.0
0.11106550693511963 0.23139476776123047 0.0
0.11280947923660278 0.2359100878238678 0.0
0.11991006135940552 0.23689119517803192 0.0
0.114490807056427 0.2408164143562317 0.0
0.11490863561630249 0.25256967544555664 0.0
0.11839067935943604 0.25642129778862 0.0
0.11560201644897461 0.24860593676567078 0.0
0.12660348415374756 0.26081737875938416 0.0
0.1317383050918579 0.26340094208717346 0.0
0.6118015646934509 0.0 0.0
0.6119703650474548 0.0 0.0
0.13985663652420044 0.26384010910987854 0.0
0.14807969331741333 0.26349306106567383 0.0
0.6086227893829346 0.005961025133728981 0.0
0.6117684245109558 0.01246159989386797 0.0
0.15787476301193237 0.2643457055091858 0.0
0.1658647060394287 0.26362958550453186 0.0
0.6104184985160828 0.02539297565817833 0.0
0.17323064804077148 0.2618221938610077 0.0
0.18227523565292358 0.26145923137664795 0.0
0.6093058586120605 0.036331433802843094 0.0
0.19074392318725586 0.26134422421455383 0.0
0.6061500906944275 0.041920505464076996 0.0
0.19758069515228271 0.25813785195350647 0.0
0.2057642936706543 0.255258172750473 0.0
0.21405088901519775 0.2531815767288208 0.0
0.22307896614074707 0.25070732831954956 0.0
0.6026626825332642 0.04705585539340973 0.0
0.22804421186447144 0.24677908420562744 0.0
0.6001940965652466 0.0524890273809433 0.0
0.23603367805480957 0.24512961506843567 0.0
0.24588769674301147 0.24314770102500916 0.0
0.25422781705856323 0.24303673207759857 0.0
0.2613125443458557 0.2405194491147995 0.0
0.26951539516448975 0.23799291253089905 0.0
0.2772986888885498 0.2316402643918991 0.0
0.28782618045806885 0.22857001423835754 0.0
0.5939866900444031 0.062408220022916794 0.0
0.27862340211868286 0.2361416071653366 0.0
0.2842543125152588 0.2323053479194641 0.0
0.3059007525444031 0.2226203829050064 0.0
0.5963971018791199 0.06693396717309952 0.0
0.5926063060760498 0.0712430477142334 0.0
0.3263370394706726 0.21902593970298767 0.0
0.3373929262161255 0.21075955033302307 0.0
0.34451478719711304 0.20824605226516724 0.0
0.35337698459625244 0.20707914233207703 0.0
0.35632407665252686 0.20351599156856537 0.0
0.37160050868988037 0.19906499981880188 0.0
0.375882089138031 0.19663740694522858 0.0
0.3836146593093872 0.19622637331485748 0.0
0.3901229500770569 0.19395169615745544 0.0
0.40636855363845825 0.18590885400772095 0.0
0.415141761302948 0.18511657416820526 0.0
0.4276871681213379 0.18005923926830292 0.0
0.5848934650421143 0.08548743277788162 0.0
0.43733030557632446 0.17950059473514557 0.0
0.4386141896247864 0.17479310929775238 0.0
0.4431281089782715 0.17687959969043732 0.0
0.45208197832107544 0.17196767032146454 0.0
0.460379421710968 0.1671610325574875 0.0
0.4666992425918579 0.16626077890396118 0.0
0.4683147668838501 0.16323819756507874 0.0
0.47955918312072754 0.15733325481414795 0.0
0.5752130746841431 0.09647171199321747 0.0
0.568449854850769 0.0930536761879921 0.0
0.5742818117141724 0.09224513918161392 0.0
0.47558802366256714 0.16485407948493958 0.0
0.47942185401916504 0.16093184053897858 0.0
0.486519992351532 0.15596452355384827 0.0
0.5752537846565247 0.10124874860048294 0.0
0.5706955790519714 0.10471425205469131 0.0
0.49502241611480713 0.15171130001544952 0.0
0.49379491806030273 0.1552596092224121 0.0
0.4998791813850403 0.15030984580516815 0.0
0.5054380893707275 0.14958567917346954 0.0
0.5648190975189209 0.10798057168722153 0.0
0.570292055606842 0.10936202853918076 0.0
0.5661396980285645 0.11162153631448746 0.0
0.5109754800796509 0.14640209078788757 0.0
0.557796835899353 0.11719826608896255 0.0
0.5308980941772461 0.14073723554611206 0.0
0.5587440729141235 0.1217920184135437 0.0
0.5511235594749451 0.1225181519985199 0.0
0.5335026979446411 0.13686144351959229 0.0
0.5490275025367737 0.12660056352615356 0.0
0.5467342138290405 0.1300935447216034 0.0
0.5418120622634888 0.13112054765224457 0.0
0.5388594269752502 0.13496795296669006 0.0
0.021863579750061035 0.9762449264526367 0.0
0.04356062412261963 0.9898330569267273 0.0
0.020376205444335938 0.9621760249137878 0.0
0.04088437557220459 0.9801584482192993 0.0
0.04675561189651489 1.0 0.0
0.06231498718261719 1.0 0.0
0.0 0.9465662240982056 0.0
0.0 0.939263641834259 0.0
0.0 0.9329314231872559 0.0
0.0 0.9225674271583557 0.0
0.008175075054168701 0.0848333090543747 0.0
0.007833480834960938 0.09397641569375992 0.0
0.018104135990142822 0.11147001385688782 0.0
0.023795008659362793 0.11569450795650482 0.0
0.015741050243377686 0.11645783483982086 0.0
0.016351819038391113 0.10628464072942734 0.0
0.01784193515777588 0.12208955734968185 0.0
0.025514841079711914 0.12236116081476212 0.0
0.021537601947784424 0.12851037085056305 0.0
0.031186282634735107 0.14836014807224274 0.0
0.035260677337646484 0.15529093146324158 0.0
0.06141328811645508 0.1895691454410553 0.0
0.06308317184448242 0.19427776336669922 0.0
0.06859344244003296 0.19700869917869568 0.0
0.06474220752716064 0.2019660323858261 0.0
0.08920878171920776 0.22220288217067719 0.0
0.09577202796936035 0.2233385443687439 0.0
0.09983110427856445 0.22615772485733032 0.0
0.10107403993606567 0.23099666833877563 0.0
0.10566240549087524 0.23481783270835876 0.0
0.10563170909881592 0.23877523839473724 0.0
0.107937753200531 0.250054270029068 0.0
0.11131113767623901 0.2458357810974121 0.0
0.12034052610397339 0.2602960765361786 0.0
0.12314170598983765 0.2640781104564667 0.0
0.12795400619506836 0.26756903529167175 0.0
0.6140920519828796 0.0 0.0
0.6181117296218872 0.0 0.0
0.6124692559242249 0.0 0.0
0.6132803559303284 0.0 0.0
0.612318217754364 0.0014812377048656344 0.0
0.6122193932533264 0.0 0.0
0.1363152265548706 0.2671841084957123 0.0
0.6167449355125427 0.0064113447442650795 0.0
0.143282949924469 0.26668691635131836 0.0
0.1502895951271057 0.2682090103626251 0.0
0.6141239404678345 0.018678631633520126 0.0
0.1575465202331543 0.2684386372566223 0.0
0.1636350154876709 0.2670392394065857 0.0
0.1700286865234375 0.26558175683021545 0.0
0.6118334531784058 0.03123486414551735 0.0
0.16966837644577026 0.2696089446544647 0.0
0.17832237482070923 0.26624491810798645 0.0
0.18619060516357422 0.26411205530166626 0.0
0.19261538982391357 0.2650415003299713 0.0
0.19903993606567383 0.2626252770423889 0.0
0.20780426263809204 0.260104238986969 0.0
0.2129623293876648 0.2567836344242096 0.0
0.6083036661148071 0.05166105926036835 0.0
0.22119677066802979 0.2559957504272461 0.0
0.2330927848815918 0.249644935131073 0.0
0.6060757040977478 0.05742237716913223 0.0
0.23030942678451538 0.25389066338539124 0.0
0.24191588163375854 0.2482953518629074 0.0
0.25073713064193726 0.24713225662708282 0.0
0.260318398475647 0.24576053023338318 0.0
0.6036621332168579 0.06448124349117279 0.0
0.26842963695526123 0.24251261353492737 0.0
0.2950317859649658 0.2281753420829773 0.0
0.2921832203865051 0.23238234221935272 0.0
0.30265748500823975 0.22737236320972443 0.0
0.3098665475845337 0.22644276916980743 0.0
0.3156384229660034 0.2221587896347046 0.0
0.3171667456626892 0.2281952053308487 0.0
0.33326905965805054 0.2144695520401001 0.0
0.3368486762046814 0.218942791223526 0.0
0.34354090690612793 0.2138001024723053 0.0
0.350671648979187 0.21068306267261505 0.0
0.5950216054916382 0.0773971900343895 0.0
0.3570389151573181 0.20994217693805695 0.0
0.3626449704170227 0.20617465674877167 0.0
0.37150412797927856 0.20295362174510956 0.0
0.3782181739807129 0.1999782770872116 0.0
0.591427743434906 0.08197582513093948 0.0
0.3799673914909363 0.20433887839317322 0.0
0.3863893151283264 0.20109935104846954 0.0
0.39256012439727783 0.19771511852741241 0.0
0.3982810378074646 0.1936098039150238 0.0
0.4063313603401184 0.19071367383003235 0.0
0.4125961661338806 0.1885886937379837 0.0
0.42078524827957153 0.18889738619327545 0.0
0.42360150814056396 0.1844792664051056 0.0
0.43342506885528564 0.18539029359817505 0.0
0.44937193393707275 0.1767026036977768 0.0
0.45776456594467163 0.17015580832958221 0.0
0.46536582708358765 0.1712268590927124 0.0
0.5813766121864319 0.10047527402639389 0.0
0.5834349989891052 0.0944373607635498 0.0
0.472262978553772 0.16910669207572937 0.0
0.4867262840270996 0.16371148824691772 0.0
0.48471736907958984 0.15934433043003082 0.0
0.4917006492614746 0.15935610234737396 0.0
0.5783983469009399 0.10502543300390244 0.0
0.5759755969047546 0.10874408483505249 0.0
0.5002672672271729 0.15425440669059753 0.0
0.5046926736831665 0.15261733531951904 0.0
0.5110580325126648 0.1521369069814682 0.0
0.5157020092010498 0.1498062163591385 0.0
0.567402720451355 0.11484280228614807 0.0
0.5649949908256531 0.11847491562366486 0.0
0.5216584205627441 0.14777037501335144 0.0
0.5249346494674683 0.143281951546669 0.0
0.5555022954940796 0.12642835080623627 0.0
0.5521992444992065 0.13069435954093933 0.0
0.5470016002655029 0.1351616531610489 0.0
0.028965115547180176 0.9529848694801331 0.0
0.034001827239990234 0.9703409671783447 0.0
0.0654420256614685 0.9859481453895569 0.0
0.06099182367324829 0.99526447057724 0.0
0.07908272743225098 1.0 0.0
0.06572043895721436 1.0 0.0
0.06912010908126831 1.0 0.0
0.02560049295425415 0.9421692490577698 0.0
0.017147839069366455 0.933667004108429 0.0
0.012934684753417969 0.926906168460846 0.0
0.0 0.9114417433738708 0.0
0.009190917015075684 0.10358019918203354 0.0
0.011135101318359375 0.11165095865726471 0.0
0.00817561149597168 0.12103487551212311 0.0
0.025139153003692627 0.14247170090675354 0.0
0.02269214391708374 0.13549092411994934 0.0
0.020573019981384277 0.1496501863002777 0.0
0.025756895542144775 0.1535121351480484 0.0
0.037484943866729736 0.16339077055454254 0.0
0.0406535267829895 0.17625389993190765 0.0
0.03465157747268677 0.171242818236351 0.0
0.04713547229766846 0.18152058124542236 0.0
0.05190056562423706 0.18754419684410095 0.0
0.05361294746398926 0.1828245371580124 0.0
0.05413120985031128 0.19481110572814941 0.0
0.059926748275756836 0.1990099996328354 0.0
0.06481397151947021 0.20744572579860687 0.0
0.06792038679122925 0.21280378103256226 0.0
0.06906527280807495 0.21918107569217682 0.0
0.07668823003768921 0.21356429159641266 0.0
0.07769083976745605 0.21878430247306824 0.0
0.08216100931167603 0.22155284881591797 0.0
0.09250926971435547 0.2279224991798401 0.0
0.09283119440078735 0.23315870761871338 0.0
0.09760832786560059 0.23679004609584808 0.0
0.09857505559921265 0.24112793803215027 0.0
0.10440796613693237 0.24324677884578705 0.0
0.10292041301727295 0.24728544056415558 0.0
0.11116552352905273 0.256637841463089 0.0
0.10478419065475464 0.26001399755477905 0.0
0.10438686609268188 0.2548973858356476 0.0
0.11294734477996826 0.25995177030563354 0.0
0.10848116874694824 0.26304489374160767 0.0
0.1149587631225586 0.2638334333896637 0.0
0.11819583177566528 0.26837781071662903 0.0
0.12519943714141846 0.2713640034198761 0.0
0.13320773839950562 0.27078956365585327 0.0
0.6272727251052856 0.006187980994582176 0.0
0.1419275403022766 0.27057692408561707 0.0
0.6209449172019958 0.013787403702735901 0.0
0.6220229268074036 0.022701483219861984 0.0
0.14852553606033325 0.2722320258617401 0.0
0.15466737747192383 0.27177003026008606 0.0
0.6174433827400208 0.028843306005001068 0.0
0.16157984733581543 0.2709347605705261 0.0
0.6175572872161865 0.03449384868144989 0.0
0.17594575881958008 0.2701294422149658 0.0
0.6157978773117065 0.042015403509140015 0.0
0.61012202501297 0.04655889421701431 0.0
0.1826305389404297 0.27088457345962524 0.0
0.18673014640808105 0.2670319974422455 0.0
0.19320005178451538 0.2693650722503662 0.0
0.1990301012992859 0.26635998487472534 0.0
0.20630258321762085 0.2651422619819641 0.0
0.21622836589813232 0.2593086361885071 0.0
0.21686553955078125 0.263718843460083 0.0
0.2222214937210083 0.2598685026168823 0.0
0.22915202379226685 0.2580527663230896 0.0
0.23867762088775635 0.2526228129863739 0.0
0.23589086532592773 0.25614988803863525 0.0
0.24696683883666992 0.25163817405700684 0.0
0.25550657510757446 0.25066155195236206 0.0
0.6123100519180298 0.0615687258541584 0.0
0.2753297686576843 0.24036742746829987 0.0
0.2755810618400574 0.24436266720294952 0.0
0.28398746252059937 0.24115681648254395 0.0
0.28848594427108765 0.23640836775302887 0.0
0.300018310546875 0.23203502595424652 0.0
0.6007217764854431 0.07011526077985764 0.0
0.2968233823776245 0.23610593378543854 0.0
0.3088390827178955 0.23137889802455902 0.0
0.32389718294143677 0.2246488481760025 0.0
0.3234739303588867 0.2280101776123047 0.0
0.3312811851501465 0.22289158403873444 0.0
0.6024555563926697 0.07594475895166397 0.0
0.3467286229133606 0.21927979588508606 0.0
0.35453230142593384 0.21445506811141968 0.0
0.36380535364151 0.21143187582492828 0.0
0.3730354309082031 0.20824749767780304 0.0
0.6000270247459412 0.08175171166658401 0.0
0.37189388275146484 0.2135964035987854 0.0
0.3816995620727539 0.20823727548122406 0.0
0.3880876302719116 0.20608708262443542 0.0
0.3949822783470154 0.20282712578773499 0.0
0.4012501835823059 0.19901835918426514 0.0
0.40766477584838867 0.1954750418663025 0.0
0.41432100534439087 0.19239337742328644 0.0
0.4224967360496521 0.19402553141117096 0.0
0.44033074378967285 0.18366220593452454 0.0
0.44619691371917725 0.18177925050258636 0.0
0.5903947353363037 0.099209725856781 0.0
0.45553308725357056 0.18124862015247345 0.0
0.45537447929382324 0.1765359342098236 0.0
0.4596039056777954 0.17434436082839966 0.0
0.5852881073951721 0.10515066236257553 0.0
0.5813629031181335 0.10816457867622375 0.0
0.5008400678634644 0.15908175706863403 0.0
0.5740187168121338 0.11314930766820908 0.0
0.5725271105766296 0.1176469475030899 0.0
0.5193872451782227 0.15287283062934875 0.0
0.5718298554420471 0.12120334804058075 0.0
0.5303791165351868 0.14578455686569214 0.0
0.5625907778739929 0.12689174711704254 0.0
0.5675806403160095 0.12405157089233398 0.0
0.5378428101539612 0.14402814209461212 0.0
0.5383660793304443 0.13941296935081482 0.0
0.559182345867157 0.13097043335437775 0.0
0.5426021218299866 0.13787870109081268 0.0
0.04598444700241089 0.962855339050293 0.0
0.06102555990219116 0.972989022731781 0.0
0.07559096813201904 0.9935763478279114 0.0
0.05080735683441162 0.9471039175987244 0.0
0.04507327079772949 0.9413550496101379 0.0
0.04316079616546631 0.934990644454956 0.0
0.01947695016860962 0.9194603562355042 0.0
0.030915379524230957 0.9268100261688232 0.0
0.0 0.8986829519271851 0.0
0.0 0.9046248197555542 0.0
0.0 0.8886702656745911 0.0
0.01188814640045166 0.1339939832687378 0.0
0.006400465965270996 0.12932783365249634 0.0
0.013001441955566406 0.12724366784095764 0.0
0.014768064022064209 0.14053067564964294 0.0
0.015453219413757324 0.1457771509885788 0.0
0.025435686111450195 0.15805135667324066 0.0
0.029272735118865967 0.16140493750572205 0.0
0.02818077802658081 0.1672762632369995 0.0
0.03171795606613159 0.1787523627281189 0.0
0.02612084150314331 0.17422433197498322 0.0
0.037563443183898926 0.1835325062274933 0.0
0.04301619529724121 0.1873961240053177 0.0
0.04448217153549194 0.193119078874588 0.0
0.04560822248458862 0.1992555856704712 0.0
0.05233067274093628 0.2006741166114807 0.0
0.0557246208190918 0.20511066913604736 0.0
0.055000901222229004 0.21112051606178284 0.0
0.06057846546173096 0.21288035809993744 0.0
0.07463711500167847 0.22497981786727905 0.0
0.08356285095214844 0.22671638429164886 0.0
0.08569890260696411 0.23213134706020355 0.0
0.08728724718093872 0.23738904297351837 0.0
0.092129647731781 0.24086298048496246 0.0
0.09327453374862671 0.2458699494600296 0.0
0.09727329015731812 0.25170597434043884 0.0
0.09694737195968628 0.255483478307724 0.0
0.09697467088699341 0.25874999165534973 0.0
0.09708565473556519 0.2632030248641968 0.0
0.10280746221542358 0.26434069871902466 0.0
0.10778605937957764 0.2673216760158539 0.0
0.11119669675827026 0.27127617597579956 0.0
0.11764997243881226 0.2729293406009674 0.0
0.12342947721481323 0.27444344758987427 0.0
0.12977486848831177 0.27405866980552673 0.0
0.12530028820037842 0.27750104665756226 0.0
0.6268585920333862 0.0 0.0
0.13245785236358643 0.2766065001487732 0.0
0.6317611336708069 0.015492192469537258 0.0
0.13685965538024902 0.27408671379089355 0.0
0.1378076672554016 0.2779782712459564 0.0
0.14385920763015747 0.27502766251564026 0.0
0.6248246431350708 0.030566630885004997 0.0
0.15120840072631836 0.2757163941860199 0.0
0.15889793634414673 0.27508631348609924 0.0
0.16561293601989746 0.27355286478996277 0.0
0.6257036924362183 0.038515329360961914 0.0
0.17322856187820435 0.2737952470779419 0.0
0.6168015599250793 0.050709862262010574 0.0
0.18947511911392212 0.27390819787979126 0.0
0.6127184629440308 0.05598173663020134 0.0
0.20314794778823853 0.2700493335723877 0.0
0.2114073634147644 0.2682262361049652 0.0
0.22719502449035645 0.2621721923351288 0.0
0.24333101511001587 0.255912184715271 0.0
0.23721462488174438 0.2602420449256897 0.0
0.2517908215522766 0.25497370958328247 0.0
0.6122962236404419 0.06716801971197128 0.0
0.2641867995262146 0.2500837743282318 0.0
0.2684183120727539 0.24641826748847961 0.0
0.6083186864852905 0.07145780324935913 0.0
0.283050000667572 0.24661211669445038 0.0
0.29163849353790283 0.24453100562095642 0.0
0.293984591960907 0.2401379644870758 0.0
0.30452364683151245 0.23592419922351837 0.0
0.31611233949661255 0.2326241284608841 0.0
0.3009623885154724 0.2391985058784485 0.0
0.3124707341194153 0.2360253483057022 0.0
0.3234606981277466 0.23142781853675842 0.0
0.32980531454086304 0.2274971604347229 0.0
0.6126169562339783 0.07807940989732742 0.0
0.3392598628997803 0.22443656623363495 0.0
0.35618555545806885 0.2198420912027359 0.0
0.363524854183197 0.21634210646152496 0.0
0.6071385145187378 0.08160970360040665 0.0
0.605404257774353 0.08685382455587387 0.0
0.3790534734725952 0.21144501864910126 0.0
0.4036913514137268 0.20459775626659393 0.0
0.4096803665161133 0.20057441294193268 0.0
0.4158291220664978 0.1971367448568344 0.0
0.43010860681533813 0.19077341258525848 0.0
0.4368097186088562 0.18958871066570282 0.0
0.4439917802810669 0.18822218477725983 0.0
0.46041470766067505 0.17848840355873108 0.0
0.4676699638366699 0.17766717076301575 0.0
0.475619912147522 0.17388153076171875 0.0
0.47974884510040283 0.16944080591201782 0.0
0.49452728033065796 0.16684028506278992 0.0
0.48839783668518066 0.1691281944513321 0.0
0.49696266651153564 0.16330546140670776 0.0
0.5809087753295898 0.11131591349840164 0.0
0.5070266127586365 0.1561664640903473 0.0
0.5147331357002258 0.15705275535583496 0.0
0.5243887305259705 0.15135160088539124 0.0
0.5294991731643677 0.15036210417747498 0.0
0.5369766354560852 0.14893770217895508 0.0
0.5440536737442017 0.14757782220840454 0.0
0.5458053350448608 0.14179730415344238 0.0
0.5521857738494873 0.139264777302742 0.0
0.5553209781646729 0.1352943331003189 0.0
0.061873018741607666 0.9559309482574463 0.0
0.07011067867279053 0.9641770124435425 0.0
0.08292520046234131 0.9793487787246704 0.0
0.09324204921722412 0.9902228713035583 0.0
0.0790829062461853 1.0 0.0
0.07908284664154053 1.0 0.0
0.06287097930908203 0.9410626888275146 0.0
0.08814531564712524 0.9702712297439575 0.0
0.0521547794342041 0.9272500276565552 0.0
0.04479491710662842 0.919716477394104 0.0
0.03548020124435425 0.9100320935249329 0.0
0.018376290798187256 0.9017707109451294 0.0
0.01535123586654663 0.8937296271324158 0.0
0.0 0.8786552548408508 0.0
0.0 0.8643853664398193 0.0
0.006628751754760742 0.13971373438835144 0.0
0.007686197757720947 0.14477483928203583 0.0
0.01689291000366211 0.15692786872386932 0.0
0.020655333995819092 0.1640930473804474 0.0
0.02144181728363037 0.17049847543239594 0.0
0.02897822856903076 0.18626759946346283 0.0
0.02296006679534912 0.18174505233764648 0.0
0.03523135185241699 0.1914571076631546 0.0
0.03766024112701416 0.19829538464546204 0.0
0.0457797646522522 0.204990416765213 0.0
0.046643078327178955 0.21041862666606903 0.0
0.053758084774017334 0.21623840928077698 0.0
0.060982465744018555 0.2173314243555069 0.0
0.06073659658432007 0.22217366099357605 0.0
0.06473076343536377 0.22595278918743134 0.0
0.07761639356613159 0.23133441805839539 0.0
0.08046042919158936 0.2355128526687622 0.0
0.07819509506225586 0.23976431787014008 0.0
0.08413928747177124 0.24289052188396454 0.0
0.08087527751922607 0.2481003999710083 0.0
0.0861443281173706 0.25188806653022766 0.0
0.0889134407043457 0.25709232687950134 0.0
0.08955323696136475 0.2625134587287903 0.0
0.09667825698852539 0.2682822644710541 0.0
0.10323870182037354 0.27203986048698425 0.0
0.1094009280204773 0.2754533290863037 0.0
0.117767333984375 0.2765502333641052 0.0
0.6268534064292908 0.0 0.0
0.6268559694290161 0.0 0.0
0.11751258373260498 0.28014975786209106 0.0
0.6386246085166931 0.0 0.0
0.1303827166557312 0.2800038754940033 0.0
0.6337817311286926 0.025359423831105232 0.0
0.14530682563781738 0.2799666225910187 0.0
0.6323070526123047 0.033294208347797394 0.0
0.1554410457611084 0.28017550706863403 0.0
0.1653156280517578 0.27792876958847046 0.0
0.1731628179550171 0.2779999077320099 0.0
0.6242185235023499 0.046313729137182236 0.0
0.18060654401779175 0.2759414613246918 0.0
0.6264613270759583 0.05428265035152435 0.0
0.6190248727798462 0.05849991738796234 0.0
0.1946086287498474 0.2760619521141052 0.0
0.19690126180648804 0.2729125916957855 0.0
0.2022724747657776 0.2756703794002533 0.0
0.6189009547233582 0.06549900025129318 0.0
0.21136224269866943 0.27322128415107727 0.0
0.21884626150131226 0.2691061496734619 0.0
0.2245924472808838 0.26592981815338135 0.0
0.23266994953155518 0.2652672529220581 0.0
0.24903684854507446 0.2597877085208893 0.0
0.617381751537323 0.0723445862531662 0.0
0.6252498030662537 0.07013551145792007 0.0
0.2564883828163147 0.2574944496154785 0.0
0.2598000168800354 0.25415998697280884 0.0
0.26803237199783325 0.2538340985774994 0.0
0.2738458514213562 0.24952246248722076 0.0
0.2901696562767029 0.249084010720253 0.0
0.29672157764434814 0.24732111394405365 0.0
0.3009539246559143 0.2435409128665924 0.0
0.3080880641937256 0.2400480955839157 0.0
0.31955069303512573 0.23534855246543884 0.0
0.3185577392578125 0.2400071769952774 0.0
0.3310559391975403 0.23157529532909393 0.0
0.3363637924194336 0.22920286655426025 0.0
0.3438112139701843 0.2289610356092453 0.0
0.34971457719802856 0.22435934841632843 0.0
0.36383724212646484 0.2204614281654358 0.0
0.3711578845977783 0.2183835804462433 0.0
0.6138842105865479 0.08507078140974045 0.0
0.3804835081100464 0.21593153476715088 0.0
0.3873201012611389 0.2115045189857483 0.0
0.3967890739440918 0.20913082361221313 0.0
0.41205573081970215 0.20599181950092316 0.0
0.41750937700271606 0.20217442512512207 0.0
0.42336058616638184 0.19903714954853058 0.0
0.43050479888916016 0.19653034210205078 0.0
0.43939876556396484 0.19408872723579407 0.0
0.45293116569519043 0.18659420311450958 0.0
0.5943345427513123 0.10658938437700272 0.0
0.599122166633606 0.10126323252916336 0.0
0.4598449468612671 0.18604104220867157 0.0
0.46381664276123047 0.18251024186611176 0.0
0.47201359272003174 0.18354424834251404 0.0
0.47729241847991943 0.17956188321113586 0.0
0.5867350697517395 0.10970581322908401 0.0
0.48274749517440796 0.1769900619983673 0.0
0.4849052429199219 0.17332389950752258 0.0
0.5862624645233154 0.11312729865312576 0.0
0.4973302483558655 0.17094950377941132 0.0
0.5020591020584106 0.16746990382671356 0.0
0.5045840740203857 0.16379281878471375 0.0
0.5105371475219727 0.16153761744499207 0.0
0.5820159912109375 0.11496366560459137 0.0
0.5193244814872742 0.1622064858675003 0.0
0.5784339308738708 0.11720040440559387 0.0
0.5215446352958679 0.1574920415878296 0.0
0.5797905921936035 0.12204065173864365 0.0
0.5273181200027466 0.15490642189979553 0.0
0.5746511816978455 0.12473637610673904 0.0
0.5725950002670288 0.12883472442626953 0.0
0.5674904584884644 0.1276480108499527 0.0
0.566516101360321 0.1312362253665924 0.0
0.5586795210838318 0.13984712958335876 0.0
0.5623852610588074 0.1355045586824417 0.0
0.5500003099441528 0.14677755534648895 0.0
0.5541179776191711 0.14368478953838348 0.0
0.11288696527481079 1.0 0.0
0.08214026689529419 0.9487288594245911 0.0
0.09384685754776001 0.9597752690315247 0.0
0.10673600435256958 0.978956401348114 0.0
0.12313622236251831 0.9899265170097351 0.0
0.07288318872451782 0.9328372478485107 0.0
0.07200437784194946 0.9222510457038879 0.0
0.06263655424118042 0.9132187366485596 0.0
0.04487818479537964 0.9000520706176758 0.0
0.03390514850616455 0.8936758637428284 0.0
0.0 0.8724260926246643 0.0
0.016863107681274414 0.8704662919044495 0.0
0.024978935718536377 0.8857422471046448 0.0
0.0 0.8574144244194031 0.0
0.009635686874389648 0.15120819211006165 0.0
0.0 0.851709246635437 0.0
0.009425818920135498 0.16477957367897034 0.0
0.007194638252258301 0.15800461173057556 0.0
0.014256536960601807 0.17091324925422668 0.0
0.017726540565490723 0.17676496505737305 0.0
0.025807201862335205 0.193344384431839 0.0
0.02047121524810791 0.1890832632780075 0.0
0.029601454734802246 0.19835737347602844 0.0
0.031890928745269775 0.20398618280887604 0.0
0.03918957710266113 0.20348908007144928 0.0
0.03489387035369873 0.21074001491069794 0.0
0.0480043888092041 0.21471062302589417 0.0
0.0533597469329834 0.2215745598077774 0.0
0.05499356985092163 0.22740045189857483 0.0
0.06794923543930054 0.23182904720306396 0.0
0.06505650281906128 0.23823827505111694 0.0
0.073372483253479 0.23635335266590118 0.0
0.07056540250778198 0.24083733558654785 0.0
0.0733441710472107 0.2451172173023224 0.0
0.07246851921081543 0.24995942413806915 0.0
0.07637912034988403 0.2528893053531647 0.0
0.08037477731704712 0.25590765476226807 0.0
0.0847960114479065 0.2608782947063446 0.0
0.08150249719619751 0.2639448046684265 0.0
0.07900029420852661 0.2601829469203949 0.0
0.08552950620651245 0.2683933973312378 0.0
0.0901033878326416 0.27211374044418335 0.0
0.09569042921066284 0.2731093764305115 0.0
0.089633047580719 0.2764156758785248 0.0
0.09930837154388428 0.2763833999633789 0.0
0.10414260625839233 0.2798299491405487 0.0
0.11188608407974243 0.2788790762424469 0.0
0.6499586701393127 0.0 0.0
0.6503471732139587 0.0 0.0
0.6495684385299683 0.0 0.0
0.6440985202789307 0.0 0.0
0.6482949256896973 0.0031435771379619837 0.0
0.6435028910636902 0.0120562594383955 0.0
0.12319594621658325 0.2812730371952057 0.0
0.13583874702453613 0.2827981412410736 0.0
0.14261502027511597 0.28432685136795044 0.0
0.6425321698188782 0.03237864747643471 0.0
0.6446122527122498 0.02286425046622753 0.0
0.14906752109527588 0.28374674916267395 0.0
0.6353112459182739 0.039204347878694534 0.0
0.16231971979141235 0.28229522705078125 0.0
0.6304240822792053 0.04379701614379883 0.0
0.16957134008407593 0.2814479172229767 0.0
0.17766308784484863 0.2801458239555359 0.0
0.630481481552124 0.0487058162689209 0.0
0.18698233366012573 0.27865615487098694 0.0
0.19545811414718628 0.2796594798564911 0.0
0.626242458820343 0.06285205483436584 0.0
0.22148334980010986 0.27411791682243347 0.0
0.22733575105667114 0.2694498300552368 0.0
0.23708564043045044 0.2694665193557739 0.0
0.24256354570388794 0.26451271772384644 0.0
0.24620282649993896 0.2679436504840851 0.0
0.2585512399673462 0.26079055666923523 0.0
0.2636287212371826 0.25757622718811035 0.0
0.623738169670105 0.07548190653324127 0.0
0.6196096539497375 0.07779345661401749 0.0
0.2719188332557678 0.25742703676223755 0.0
0.27547138929367065 0.2538885176181793 0.0
0.2823300361633301 0.2515895664691925 0.0
0.2897237539291382 0.25378769636154175 0.0
0.2968921661376953 0.25136691331863403 0.0
0.3035755157470703 0.24866966903209686 0.0
0.31139248609542847 0.2452092319726944 0.0
0.32798224687576294 0.23600110411643982 0.0
0.6186196804046631 0.08160233497619629 0.0
0.33789539337158203 0.2334098219871521 0.0
0.35351991653442383 0.22954674065113068 0.0
0.35924965143203735 0.22431890666484833 0.0
0.6119945645332336 0.09031997621059418 0.0
0.36359941959381104 0.22848360240459442 0.0
0.3697878122329712 0.2236163467168808 0.0
0.3777273893356323 0.2205652892589569 0.0
0.6062567830085754 0.09204640984535217 0.0
0.3890915513038635 0.21609073877334595 0.0
0.39426714181900024 0.2140216827392578 0.0
0.6134285926818848 0.09612710773944855 0.0
0.4008474349975586 0.21456168591976166 0.0
0.4067624807357788 0.21082279086112976 0.0
0.6020312309265137 0.09579364210367203 0.0
0.4144657254219055 0.21078605949878693 0.0
0.42067623138427734 0.20781630277633667 0.0
0.4241800904273987 0.20344744622707367 0.0
0.43020492792129517 0.20167437195777893 0.0
0.43768447637557983 0.1999569535255432 0.0
0.6071327328681946 0.10154294222593307 0.0
0.45013898611068726 0.1943841576576233 0.0
0.4517518877983093 0.19030150771141052 0.0
0.6025747656822205 0.10548806190490723 0.0
0.45925551652908325 0.19175538420677185 0.0
0.4668397307395935 0.18781328201293945 0.0
0.48017650842666626 0.18436287343502045 0.0
0.4854162931442261 0.18100732564926147 0.0
0.593868613243103 0.11314044892787933 0.0
0.4900778532028198 0.17735278606414795 0.0
0.4922267198562622 0.173435777425766 0.0
0.5113352537155151 0.16779349744319916 0.0
0.5890906453132629 0.11657797545194626 0.0
0.5153325796127319 0.16483530402183533 0.0
0.5847980976104736 0.11896191537380219 0.0
0.5276805758476257 0.16088217496871948 0.0
0.5331332683563232 0.15818700194358826 0.0
0.5808922052383423 0.12836463749408722 0.0
0.5363309979438782 0.15417200326919556 0.0
0.5718923211097717 0.1333049088716507 0.0
0.5443692803382874 0.1562020182609558 0.0
0.543303906917572 0.1520962417125702 0.0
0.5659511089324951 0.1395459771156311 0.0
0.5681858658790588 0.13554710149765015 0.0
0.5501006841659546 0.1514805108308792 0.0
0.5623371601104736 0.14479966461658478 0.0
0.13053810596466064 1.0 0.0
0.13891851902008057 1.0 0.0
0.1347225308418274 1.0 0.0
0.08517080545425415 0.940642774105072 0.0
0.11493271589279175 0.9683489799499512 0.0
0.06153446435928345 0.905105471611023 0.0
0.046976327896118164 0.8881282806396484 0.0
0.030742645263671875 0.8764286637306213 0.0
0.017450034618377686 0.8561561107635498 0.0
0.02667182683944702 0.8631168007850647 0.0
0.0 0.8448081016540527 0.0
0.0 0.83759605884552 0.0
0.006667971611022949 0.17207071185112 0.0
0.00862574577331543 0.17783403396606445 0.0
0.011902153491973877 0.18583256006240845 0.0
0.022663474082946777 0.19897854328155518 0.0
0.016939401626586914 0.19590410590171814 0.0
0.023845255374908447 0.20395730435848236 0.0
0.02585822343826294 0.20878581702709198 0.0
0.04032224416732788 0.2154831886291504 0.0
0.04421502351760864 0.22007066011428833 0.0
0.044925570487976074 0.22644490003585815 0.0
0.0603756308555603 0.23058553040027618 0.0
0.05914914608001709 0.23513895273208618 0.0
0.06746232509613037 0.25388115644454956 0.0
0.06481242179870605 0.24976614117622375 0.0
0.07141876220703125 0.25777164101600647 0.0
0.07086694240570068 0.26209551095962524 0.0
0.07520097494125366 0.267925500869751 0.0
0.07465064525604248 0.2640901207923889 0.0
0.08341646194458008 0.274118036031723 0.0
0.0759003758430481 0.27278801798820496 0.0
0.08301317691802979 0.2772136628627777 0.0
0.093569815158844 0.281227707862854 0.0
0.10007953643798828 0.2845248878002167 0.0
0.10957205295562744 0.28233999013900757 0.0
0.6584006547927856 0.0 0.0
0.6630421280860901 0.0 0.0
0.6537585258483887 0.0 0.0
0.6504005789756775 0.0 0.0
0.11573344469070435 0.2845696210861206 0.0
0.6565644145011902 0.007415301166474819 0.0
0.12567764520645142 0.28449341654777527 0.0
0.1307266354560852 0.28629887104034424 0.0
0.13686490058898926 0.2868073880672455 0.0
0.1454254388809204 0.28814896941185 0.0
0.6448939442634583 0.04057473689317703 0.0
0.15630018711090088 0.28562092781066895 0.0
0.637503981590271 0.046195436269044876 0.0
0.1658959984779358 0.2851825952529907 0.0
0.17429673671722412 0.2838728725910187 0.0
0.6351415514945984 0.052901022136211395 0.0
0.18148857355117798 0.2822645604610443 0.0
0.6340252757072449 0.059996530413627625 0.0
0.18791115283966064 0.28278282284736633 0.0
0.19480139017105103 0.28404125571250916 0.0
0.2080579400062561 0.27712467312812805 0.0
0.20415353775024414 0.2813204526901245 0.0
0.21381545066833496 0.27853599190711975 0.0
0.23000097274780273 0.2729007601737976 0.0
0.23683440685272217 0.27464115619659424 0.0
0.25322771072387695 0.264706552028656 0.0
0.6308643221855164 0.0757148265838623 0.0
0.2615041136741638 0.2637518346309662 0.0
0.26746535301208496 0.2613712549209595 0.0
0.27573907375335693 0.2605745494365692 0.0
0.2814161777496338 0.25693103671073914 0.0
0.6249182820320129 0.08074948936700821 0.0
0.2907838225364685 0.2584978938102722 0.0
0.6214154958724976 0.0856412947177887 0.0
0.31127816438674927 0.25057950615882874 0.0
0.31692254543304443 0.24839453399181366 0.0
0.3214349150657654 0.2451852709054947 0.0
0.32992541790008545 0.24175220727920532 0.0
0.3359562158584595 0.23796376585960388 0.0
0.3438257575035095 0.23709315061569214 0.0
0.34638768434524536 0.23291632533073425 0.0
0.6182444095611572 0.09037717431783676 0.0
0.35327285528182983 0.23575973510742188 0.0
0.3598465323448181 0.23255665600299835 0.0
0.3676344156265259 0.2328745424747467 0.0
0.38102781772613525 0.22498002648353577 0.0
0.3862841725349426 0.22017744183540344 0.0
0.39600157737731934 0.21888868510723114 0.0
0.40352070331573486 0.21859538555145264 0.0
0.4066782593727112 0.21580180525779724 0.0
0.4125590920448303 0.21521823108196259 0.0
0.43636244535446167 0.2043357491493225 0.0
0.44624024629592896 0.19912998378276825 0.0
0.609074056148529 0.10657715797424316 0.0
0.4520782232284546 0.19876356422901154 0.0
0.45749151706695557 0.1978977471590042 0.0
0.6029639840126038 0.11068494617938995 0.0
0.46445757150650024 0.19687314331531525 0.0
0.4693448543548584 0.19341938197612762 0.0
0.47610950469970703 0.18922320008277893 0.0
0.48686128854751587 0.1850055456161499 0.0
0.4992061257362366 0.17662888765335083 0.0
0.5057513117790222 0.17242494225502014 0.0
0.5198231935501099 0.1680561900138855 0.0
0.5914087891578674 0.12044370919466019 0.0
0.5261783003807068 0.16606758534908295 0.0
0.588860273361206 0.12324987351894379 0.0
0.5353290438652039 0.16232901811599731 0.0
0.5865392088890076 0.12627744674682617 0.0
0.5396367311477661 0.15920065343379974 0.0
0.5775047540664673 0.13311904668807983 0.0
0.5733892917633057 0.13759785890579224 0.0
0.5706514120101929 0.1429179310798645 0.0
0.5475170016288757 0.15422706305980682 0.0
0.5561003684997559 0.14857672154903412 0.0
0.10298037528991699 0.9438554048538208 0.0
0.1170198917388916 0.9511674642562866 0.0
0.12276273965835571 0.9600871205329895 0.0
0.13815438747406006 0.977485179901123 0.0
0.14971411228179932 0.9905236959457397 0.0
0.16146713495254517 1.0 0.0
0.153112530708313 1.0 0.0
0.15728366374969482 1.0 0.0
0.09201985597610474 0.9274184107780457 0.0
0.09517771005630493 0.9209498167037964 0.0
0.10376089811325073 0.9352785348892212 0.0
0.14141207933425903 0.9653179049491882 0.0
0.07799601554870605 0.9082571268081665 0.0
0.086093008518219 0.9143863916397095 0.0
0.05326724052429199 0.893131673336029 0.0
0.0684671401977539 0.8971377015113831 0.0
0.04992532730102539 0.8814030289649963 0.0
0.04033637046813965 0.8690023422241211 0.0
0.03686094284057617 0.8575384616851807 0.0
0.019647061824798584 0.8479860424995422 0.0
0.020306289196014404 0.8402925729751587 0.0
0.0 0.8301010131835938 0.0
0.0 0.8228094577789307 0.0
0.0 0.8158088326454163 0.0
0.01609361171722412 0.2031291425228119 0.0
0.02244865894317627 0.21454201638698578 0.0
0.03427344560623169 0.21620717644691467 0.0
0.03438073396682739 0.220017209649086 0.0
0.034830689430236816 0.22552473843097687 0.0
0.04553490877151489 0.2325451523065567 0.0
0.05023139715194702 0.23693668842315674 0.0
0.05425441265106201 0.2325434684753418 0.0
0.05597966909408569 0.24058856070041656 0.0
0.056557297706604004 0.24988199770450592 0.0
0.06264287233352661 0.24441003799438477 0.0
0.06315404176712036 0.2577362656593323 0.0
0.05687075853347778 0.25533249974250793 0.0
0.06263232231140137 0.26210999488830566 0.0
0.06619924306869507 0.2668319344520569 0.0
0.0764278769493103 0.27780085802078247 0.0
0.06704080104827881 0.2721646726131439 0.0
0.08243173360824585 0.28070881962776184 0.0
0.1069413423538208 0.2859605550765991 0.0
0.11783081293106079 0.2886161506175995 0.0
0.6544493436813354 0.018328499048948288 0.0
0.12509137392044067 0.2881638705730438 0.0
0.6554813981056213 0.02801373042166233 0.0
0.1301460862159729 0.28928399085998535 0.0
0.6526570320129395 0.035983581095933914 0.0
0.13642442226409912 0.2898055613040924 0.0
0.1542111039161682 0.28959861397743225 0.0
0.6469715237617493 0.046744454652071 0.0
0.16238802671432495 0.28881677985191345 0.0
0.6418644785881042 0.05101105943322182 0.0
0.1715955138206482 0.2876165211200714 0.0
0.6490583419799805 0.052105601876974106 0.0
0.18025702238082886 0.28558245301246643 0.0
0.6426249742507935 0.05700994282960892 0.0
0.18709439039230347 0.2867065370082855 0.0
0.641333818435669 0.0642479807138443 0.0
0.6338691115379333 0.06844309717416763 0.0
0.22161656618118286 0.278661847114563 0.0
0.2286166548728943 0.27695393562316895 0.0
0.24509024620056152 0.2719759941101074 0.0
0.24496793746948242 0.2766587734222412 0.0
0.25348758697509766 0.2695145010948181 0.0
0.26120322942733765 0.2670605182647705 0.0
0.2668076753616333 0.2649047076702118 0.0
0.2739383578300476 0.2643197774887085 0.0
0.6327028870582581 0.08239267766475677 0.0
0.28381431102752686 0.2625635266304016 0.0
0.2964310646057129 0.2555195093154907 0.0
0.6273833513259888 0.08554065972566605 0.0
0.30009371042251587 0.25967979431152344 0.0
0.304599404335022 0.25429627299308777 0.0
0.6252599954605103 0.08976396918296814 0.0
0.3140079379081726 0.2549751102924347 0.0
0.3183858394622803 0.25183627009391785 0.0
0.32335537672042847 0.2491437941789627 0.0
0.32944929599761963 0.24664366245269775 0.0
0.3362429141998291 0.24498924612998962 0.0
0.3401152491569519 0.24152132868766785 0.0
0.34936457872390747 0.24116194248199463 0.0
0.36244386434555054 0.23668713867664337 0.0
0.3731100559234619 0.22869686782360077 0.0
0.6226205825805664 0.09469475597143173 0.0
0.38713163137435913 0.228263720870018 0.0
0.3927432894706726 0.22478614747524261 0.0
0.62105393409729 0.10008250176906586 0.0
0.42103296518325806 0.21437962353229523 0.0
0.42690610885620117 0.21143071353435516 0.0
0.4301891326904297 0.20710104703903198 0.0
0.6144437193870544 0.10276034474372864 0.0
0.4095537066459656 0.21954363584518433 0.0
0.4439849853515625 0.20395006239414215 0.0
0.4542248249053955 0.20325438678264618 0.0
0.6118053197860718 0.11125824600458145 0.0
0.48337453603744507 0.1878984570503235 0.0
0.6017200946807861 0.11574608087539673 0.0
0.4836564064025879 0.19198225438594818 0.0
0.4948957562446594 0.18294097483158112 0.0
0.5974924564361572 0.11914369463920593 0.0
0.5035257935523987 0.18134097754955292 0.0
0.508745014667511 0.17801602184772491 0.0
0.5139756798744202 0.17381061613559723 0.0
0.5973029732704163 0.12469174712896347 0.0
0.5323291420936584 0.16567109525203705 0.0
0.5931751132011414 0.12789981067180634 0.0
0.5889517664909363 0.13068020343780518 0.0
0.5842799544334412 0.13384413719177246 0.0
0.5469915270805359 0.16065920889377594 0.0
0.5782266855239868 0.14111310243606567 0.0
0.580014169216156 0.13689592480659485 0.0
0.5523930788040161 0.1570032835006714 0.0
0.5685810446739197 0.14727520942687988 0.0
0.5577018857002258 0.1532929688692093 0.0
0.5633628368377686 0.15018555521965027 0.0
0.17489761114120483 0.9914353489875793 0.0
0.1837257742881775 1.0 0.0
0.1737576723098755 1.0 0.0
0.17873597145080566 1.0 0.0
0.11585724353790283 0.9251015782356262 0.0
0.12427699565887451 0.9417150020599365 0.0
0.14679604768753052 0.9557874798774719 0.0
0.16913479566574097 0.9697582721710205 0.0
0.09922254085540771 0.9062882661819458 0.0
0.08100676536560059 0.902406632900238 0.0
0.0720556378364563 0.8872517347335815 0.0
0.07013911008834839 0.877387523651123 0.0
0.0489426851272583 0.8621189594268799 0.0
0.05187225341796875 0.8743723034858704 0.0
0.03803223371505737 0.8514481782913208 0.0
0.04283571243286133 0.8432382941246033 0.0
0.019814670085906982 0.8325600624084473 0.0
0.014600813388824463 0.81699138879776 0.0
0.0 0.8087031245231628 0.0
0.00879812240600586 0.194111630320549 0.0
0.008368134498596191 0.20101596415042877 0.0
0.01633697748184204 0.21026673913002014 0.0
0.028079986572265625 0.2179255336523056 0.0
0.03618049621582031 0.23111902177333832 0.0
0.05172830820083618 0.2464950531721115 0.0
0.04600036144256592 0.24251632392406464 0.0
0.039244234561920166 0.23847733438014984 0.0
0.057420194149017334 0.2598332166671753 0.0
0.05445539951324463 0.26333871483802795 0.0
0.05762404203414917 0.2725442051887512 0.0
0.05463087558746338 0.2679152190685272 0.0
0.06774449348449707 0.2769084572792053 0.0
0.08540332317352295 0.2857212424278259 0.0
0.09295976161956787 0.2849292755126953 0.0
0.09184563159942627 0.2882232666015625 0.0
0.1001734733581543 0.28896617889404297 0.0
0.6657453775405884 0.0 0.0
0.6723011136054993 0.0 0.0
0.6650969982147217 0.0 0.0
0.6640717387199402 0.0 0.0
0.6670510172843933 0.005823885090649128 0.0
0.10857230424880981 0.28919273614883423 0.0
0.6659954786300659 0.01567447930574417 0.0
0.11073893308639526 0.29309043288230896 0.0
0.12166398763656616 0.292147159576416 0.0
0.6610423922538757 0.022457052022218704 0.0
0.1308334469795227 0.29237473011016846 0.0
0.1393260359764099 0.29216960072517395 0.0
0.6560775637626648 0.04243158921599388 0.0
0.1486261487007141 0.2923046946525574 0.0
0.1585121750831604 0.2922613024711609 0.0
0.16837728023529053 0.29136577248573303 0.0
0.6518383622169495 0.0572524331510067 0.0
0.1788235902786255 0.2898072302341461 0.0
0.64775151014328 0.061528969556093216 0.0
0.18655985593795776 0.2899256944656372 0.0
0.1929706335067749 0.2881500720977783 0.0
0.19842058420181274 0.2904086709022522 0.0
0.19951874017715454 0.28611013293266296 0.0
0.6435199975967407 0.0719548836350441 0.0
0.2116125226020813 0.2831041216850281 0.0
0.20629984140396118 0.28697866201400757 0.0
0.21883219480514526 0.282341867685318 0.0
0.2268977165222168 0.2813233435153961 0.0
0.23715686798095703 0.2801375687122345 0.0
0.2531474828720093 0.2741544246673584 0.0
0.6388131380081177 0.07811473309993744 0.0
0.2623884677886963 0.2717594802379608 0.0
0.2695069909095764 0.2680579125881195 0.0
0.6330952644348145 0.08861291408538818 0.0
0.293026328086853 0.2623309791088104 0.0
0.3207005262374878 0.25502628087997437 0.0
0.32965242862701416 0.250189870595932 0.0
0.6296066045761108 0.09342150390148163 0.0
0.32536691427230835 0.2527683675289154 0.0
0.3364254832267761 0.24895969033241272 0.0
0.3450683355331421 0.2463991343975067 0.0
0.35838180780410767 0.24080488085746765 0.0
0.36538630723953247 0.24060088396072388 0.0
0.3712141513824463 0.23797066509723663 0.0
0.37703263759613037 0.23361952602863312 0.0
0.380790114402771 0.22943802177906036 0.0
0.3861691355705261 0.23239567875862122 0.0
0.6284627318382263 0.0982285887002945 0.0
0.39494025707244873 0.23034444451332092 0.0
0.40398967266082764 0.2238561511039734 0.0
0.41323429346084595 0.22345612943172455 0.0
0.4175063967704773 0.2197902351617813 0.0
0.42996305227279663 0.2155916839838028 0.0
0.4341098666191101 0.2121942788362503 0.0
0.44080376625061035 0.2089652568101883 0.0
0.6200941205024719 0.10445180535316467 0.0
0.6158215403556824 0.10734552145004272 0.0
0.4493393301963806 0.2077377289533615 0.0
0.4642651081085205 0.20169852674007416 0.0
0.47154897451400757 0.19899146258831024 0.0
0.6085573434829712 0.11549795418977737 0.0
0.4776005148887634 0.19528396427631378 0.0
0.490551233291626 0.18893635272979736 0.0
0.6067583560943604 0.12006548792123795 0.0
0.49957287311553955 0.18844419717788696 0.0
0.5031926035881042 0.18498674035072327 0.0
0.5180405378341675 0.17980851233005524 0.0
0.5275005102157593 0.17111285030841827 0.0
0.521975576877594 0.17421706020832062 0.0
0.6033742427825928 0.12350191175937653 0.0
0.5313361883163452 0.16902901232242584 0.0
0.5369723439216614 0.16962957382202148 0.0
0.5380751490592957 0.16626977920532227 0.0
0.5423574447631836 0.1639859825372696 0.0
0.5908520817756653 0.13581320643424988 0.0
0.5850315093994141 0.13876697421073914 0.0
0.5532660484313965 0.16182135045528412 0.0
0.5756441354751587 0.14611908793449402 0.0
0.5602825880050659 0.15701386332511902 0.0
0.5650498270988464 0.1545484960079193 0.0
0.5718246698379517 0.15133266150951385 0.0
0.20406025648117065 0.9926924109458923 0.0
0.20372861623764038 1.0 0.0
0.19567549228668213 1.0 0.0
0.13038641214370728 0.9333217740058899 0.0
0.14420145750045776 0.9460228085517883 0.0
0.15802150964736938 0.9618963003158569 0.0
0.18857204914093018 0.9812933206558228 0.0
0.10996711254119873 0.9151812791824341 0.0
0.1433430314064026 0.9386589527130127 0.0
0.1681455373764038 0.9478293657302856 0.0
0.17564594745635986 0.9575520753860474 0.0
0.09723430871963501 0.895354151725769 0.0
0.08841371536254883 0.8805088400840759 0.0
0.09763944149017334 0.8860090374946594 0.0
0.0657728910446167 0.8685840964317322 0.0
0.07017749547958374 0.8601489663124084 0.0
0.054258882999420166 0.8553404211997986 0.0
0.05850499868392944 0.848511278629303 0.0
0.03966599702835083 0.8350653052330017 0.0
0.03856086730957031 0.8278318643569946 0.0
0.020639479160308838 0.8240447640419006 0.0
0.012834906578063965 0.8105714917182922 0.0
0.0 0.8012900352478027 0.0
0.006623685359954834 0.21486125886440277 0.0
0.0077117085456848145 0.20806710422039032 0.0
0.01249152421951294 0.2176028937101364 0.0
0.018157124519348145 0.2210157960653305 0.0
0.025449097156524658 0.2239367663860321 0.0
0.024164438247680664 0.23071177303791046 0.0
0.041776418685913086 0.24846725165843964 0.0
0.046647608280181885 0.25357165932655334 0.0
0.04745525121688843 0.2664177715778351 0.0
0.049908995628356934 0.26097312569618225 0.0
0.04911327362060547 0.25738584995269775 0.0
0.05926233530044556 0.2769455909729004 0.0
0.067324697971344 0.28209248185157776 0.0
0.07350629568099976 0.2856317460536957 0.0
0.07730996608734131 0.2904108762741089 0.0
0.08499443531036377 0.28914567828178406 0.0
0.0848202109336853 0.29231321811676025 0.0
0.09320592880249023 0.2918573319911957 0.0
0.678054928779602 0.0 0.0
0.683807373046875 0.0 0.0
0.09995460510253906 0.2937161326408386 0.0
0.6775304079055786 0.008670877665281296 0.0
0.10409128665924072 0.29706478118896484 0.0
0.11343687772750854 0.2974945604801178 0.0
0.668727457523346 0.02627159096300602 0.0
0.1251354217529297 0.29592183232307434 0.0
0.6651999354362488 0.035746585577726364 0.0
0.13363617658615112 0.29482120275497437 0.0
0.1415654420852661 0.29538699984550476 0.0
0.6669725179672241 0.04265156388282776 0.0
0.15284115076065063 0.2958622872829437 0.0
0.6544656157493591 0.048168476670980453 0.0
0.16441702842712402 0.29491519927978516 0.0
0.6583739519119263 0.05283846706151962 0.0
0.17433100938796997 0.2938994765281677 0.0
0.18286734819412231 0.29288578033447266 0.0
0.19021421670913696 0.2918895483016968 0.0
0.648014485836029 0.06623610109090805 0.0
0.2153937816619873 0.28655749559402466 0.0
0.6481553912162781 0.07942777127027512 0.0
0.22544020414352417 0.28595519065856934 0.0
0.6414282917976379 0.08493276685476303 0.0
0.2322215437889099 0.28381723165512085 0.0
0.24538123607635498 0.2798842787742615 0.0
0.2538890838623047 0.27939677238464355 0.0
0.25980496406555176 0.27594268321990967 0.0
0.26716744899749756 0.27580806612968445 0.0
0.2723962664604187 0.2721281349658966 0.0
0.27990204095840454 0.26835116744041443 0.0
0.27555590867996216 0.27615275979042053 0.0
0.27975165843963623 0.27282264828681946 0.0
0.29163384437561035 0.2666723430156708 0.0
0.29863178730010986 0.2639622390270233 0.0
0.3065580725669861 0.2635834217071533 0.0
0.3103453516960144 0.25917911529541016 0.0
0.6354780197143555 0.09301478415727615 0.0
0.319438099861145 0.25862032175064087 0.0
0.32679301500320435 0.2567741572856903 0.0
0.3339662551879883 0.2537941634654999 0.0
0.6340025663375854 0.09627949446439743 0.0
0.343960165977478 0.25226303935050964 0.0
0.35344403982162476 0.25062742829322815 0.0
0.355404257774353 0.24557563662528992 0.0
0.3647369146347046 0.24506999552249908 0.0
0.3705139756202698 0.24242323637008667 0.0
0.3775925636291504 0.23769503831863403 0.0
0.3836895227432251 0.23723430931568146 0.0
0.6278489232063293 0.10411712527275085 0.0
0.41261959075927734 0.22780326008796692 0.0
0.40460705757141113 0.23008091747760773 0.0
0.42662566900253296 0.21985547244548798 0.0
0.43695592880249023 0.2159101665019989 0.0
0.43547677993774414 0.21933798491954803 0.0
0.441473126411438 0.2137935906648636 0.0
0.622606635093689 0.10820148885250092 0.0
0.4516528248786926 0.21332955360412598 0.0
0.6183735132217407 0.11120801419019699 0.0
0.45643746852874756 0.2088777869939804 0.0
0.4639710783958435 0.20723678171634674 0.0
0.6174212694168091 0.11650046706199646 0.0
0.4736087918281555 0.20519252121448517 0.0
0.47996991872787476 0.2007697969675064 0.0
0.48545509576797485 0.19686390459537506 0.0
0.4897019863128662 0.1935461461544037 0.0
0.6119950413703918 0.11871600151062012 0.0
0.49641597270965576 0.1928754448890686 0.0
0.5107920169830322 0.18408812582492828 0.0
0.5256578326225281 0.17950421571731567 0.0
0.5314581394195557 0.17703793942928314 0.0
0.6063271164894104 0.12867635488510132 0.0
0.534629762172699 0.17295140027999878 0.0
0.6003075242042542 0.13053633272647858 0.0
0.5447631478309631 0.16951815783977509 0.0
0.5957334637641907 0.1329033076763153 0.0
0.597447395324707 0.13825665414333344 0.0
0.5507552027702332 0.16578222811222076 0.0
0.5910828709602356 0.14127027988433838 0.0
0.5836372971534729 0.14393042027950287 0.0
0.5812288522720337 0.14933428168296814 0.0
0.5599213242530823 0.16100908815860748 0.0
0.557144284248352 0.16452699899673462 0.0
0.5672243237495422 0.15880811214447021 0.0
0.5712985992431641 0.15573814511299133 0.0
0.1996067762374878 1.0 0.0
0.23017841577529907 1.0 0.0
0.21695178747177124 1.0 0.0
0.12495690584182739 0.9074433445930481 0.0
0.13856405019760132 0.9166392087936401 0.0
0.13947415351867676 0.9260480999946594 0.0
0.1522311568260193 0.9318088293075562 0.0
0.16216468811035156 0.9391267895698547 0.0
0.19203311204910278 0.9640176892280579 0.0
0.1975446343421936 0.9720884561538696 0.0
0.11613297462463379 0.9007741808891296 0.0
0.12190288305282593 0.8948413133621216 0.0
0.19300687313079834 0.9483494162559509 0.0
0.20376229286193848 0.9566025137901306 0.0
0.10886341333389282 0.8789548277854919 0.0
0.08816558122634888 0.8651807904243469 0.0
0.0887143611907959 0.8732871413230896 0.0
0.07408320903778076 0.8529710173606873 0.0
0.06385385990142822 0.8425662517547607 0.0
0.0598909854888916 0.8366109728813171 0.0
0.05574887990951538 0.8294943571090698 0.0
0.04370146989822388 0.820717990398407 0.0
0.029545485973358154 0.8173867464065552 0.0
0.02747654914855957 0.8119823932647705 0.0
0.011225581169128418 0.8051548004150391 0.0
0.011805117130279541 0.7962426543235779 0.0
0.018903613090515137 0.800171434879303 0.0
0.0 0.7944495677947998 0.0
0.01437455415725708 0.2272367626428604 0.0
0.029378056526184082 0.23638686537742615 0.0
0.028782665729522705 0.2421502321958542 0.0
0.03579676151275635 0.24485696852207184 0.0
0.03620481491088867 0.25824421644210815 0.0
0.04287499189376831 0.25984811782836914 0.0
0.03391766548156738 0.2639329433441162 0.0
0.03729856014251709 0.2534172832965851 0.0
0.045458853244781494 0.2710168957710266 0.0
0.04090297222137451 0.26518622040748596 0.0
0.05010664463043213 0.27824482321739197 0.0
0.04801034927368164 0.27416664361953735 0.0
0.05228322744369507 0.28226134181022644 0.0
0.060579121112823486 0.28056570887565613 0.0
0.056501924991607666 0.2853356897830963 0.0
0.06178945302963257 0.28794795274734497 0.0
0.6847770810127258 0.0 0.0
0.685742974281311 0.0 0.0
0.0889853835105896 0.2957991361618042 0.0
0.6771965026855469 0.019927367568016052 0.0
0.12058573961257935 0.30043724179267883 0.0
0.13225430250167847 0.29843437671661377 0.0
0.1429816484451294 0.29906249046325684 0.0
0.6626557111740112 0.04726553335785866 0.0
0.15233564376831055 0.2991143465042114 0.0
0.16084152460098267 0.298295795917511 0.0
0.6580542325973511 0.05751410871744156 0.0
0.6564334034919739 0.0631193220615387 0.0
0.17086446285247803 0.2974775433540344 0.0
0.17989885807037354 0.2963030934333801 0.0
0.6524810194969177 0.07037827372550964 0.0
0.1865832805633545 0.294877290725708 0.0
0.19304108619689941 0.2947605848312378 0.0
0.6500976085662842 0.07454715669155121 0.0
0.20197677612304688 0.2943773567676544 0.0
0.20431029796600342 0.29067546129226685 0.0
0.21077758073806763 0.29108867049217224 0.0
0.22074097394943237 0.29016315937042236 0.0
0.23492777347564697 0.2870905101299286 0.0
0.23883551359176636 0.28451502323150635 0.0
0.6495670080184937 0.08550854027271271 0.0
0.24668973684310913 0.2833389937877655 0.0
0.6470411419868469 0.0890912190079689 0.0
0.26264768838882446 0.27863937616348267 0.0
0.6410562992095947 0.0909743458032608 0.0
0.28298479318618774 0.2756783664226532 0.0
0.288147509098053 0.27200549840927124 0.0
0.29634422063827515 0.27015841007232666 0.0
0.30150896310806274 0.2672685384750366 0.0
0.6404426097869873 0.095967598259449 0.0
0.3108202815055847 0.26756224036216736 0.0
0.317008376121521 0.2635762691497803 0.0
0.3273714780807495 0.26200392842292786 0.0
0.3336944580078125 0.2585796117782593 0.0
0.3417920470237732 0.2576046586036682 0.0
0.6369373202323914 0.10104542970657349 0.0
0.36110174655914307 0.24916155636310577 0.0
0.3787185549736023 0.24231448769569397 0.0
0.3724821209907532 0.24589303135871887 0.0
0.3936195373535156 0.236366406083107 0.0
0.40069884061813354 0.2339075803756714 0.0
0.4121416211128235 0.231941357254982 0.0
0.4227319359779358 0.22576767206192017 0.0
0.4084330201148987 0.23551368713378906 0.0
0.4190828800201416 0.23128485679626465 0.0
0.43369024991989136 0.22379159927368164 0.0
0.44466733932495117 0.21821050345897675 0.0
0.6257807016372681 0.1134980246424675 0.0
0.4629170894622803 0.2124776840209961 0.0
0.461666464805603 0.21668066084384918 0.0
0.4720481038093567 0.21130754053592682 0.0
0.4932485818862915 0.19711889326572418 0.0
0.6160274147987366 0.12282118201255798 0.0
0.5003222823143005 0.19650498032569885 0.0
0.5057296752929688 0.19300562143325806 0.0
0.5068345665931702 0.1881510466337204 0.0
0.5148010849952698 0.19035054743289948 0.0
0.5198827981948853 0.18596209585666656 0.0
0.6094212532043457 0.12492576241493225 0.0
0.5246635675430298 0.18327580392360687 0.0
0.538946270942688 0.1770552098751068 0.0
0.5394620299339294 0.18153035640716553 0.0
0.542201817035675 0.1741102933883667 0.0
0.6066141724586487 0.13449908792972565 0.0
0.6014169454574585 0.1352369636297226 0.0
0.5530943870544434 0.17075444757938385 0.0
0.5593855381011963 0.1687425822019577 0.0
0.5896031260490417 0.14686143398284912 0.0
0.5634379386901855 0.16518941521644592 0.0
0.5669295191764832 0.1625283807516098 0.0
0.5790755748748779 0.15503257513046265 0.0
0.5743032693862915 0.15840353071689606 0.0
0.23735660314559937 1.0 0.0
0.2445264458656311 1.0 0.0
0.15936654806137085 0.9231410026550293 0.0
0.22326558828353882 0.9814525842666626 0.0
0.24513494968414307 0.993499219417572 0.0
0.25115638971328735 1.0 0.0
0.24951434135437012 1.0 0.0
0.24944841861724854 1.0 0.0
0.2503005266189575 1.0 0.0
0.13552230596542358 0.8993798494338989 0.0
0.15032774209976196 0.9060108065605164 0.0
0.17636269330978394 0.9300771355628967 0.0
0.18553799390792847 0.9395318031311035 0.0
0.21579235792160034 0.9663034677505493 0.0
0.11708182096481323 0.8879098296165466 0.0
0.21080315113067627 0.940418541431427 0.0
0.10593092441558838 0.8623708486557007 0.0
0.10701394081115723 0.8698698282241821 0.0
0.08961224555969238 0.8578030467033386 0.0
0.09376341104507446 0.8509848713874817 0.0
0.07847833633422852 0.8459451794624329 0.0
0.05132877826690674 0.8249756693840027 0.0
0.04260510206222534 0.8136646151542664 0.0
0.027465999126434326 0.8054768443107605 0.0
0.013026833534240723 0.7915244698524475 0.0
0.0 0.7871877551078796 0.0
0.005139827728271484 0.22017481923103333 0.0
0.00799483060836792 0.22361591458320618 0.0
0.011050522327423096 0.23326262831687927 0.0
0.017756998538970947 0.23683400452136993 0.0
0.020799875259399414 0.24108725786209106 0.0
0.025893747806549072 0.24789541959762573 0.0
0.02109658718109131 0.24531224370002747 0.0
0.03220653533935547 0.2507055699825287 0.0
0.03892236948013306 0.2706471383571625 0.0
0.031677305698394775 0.26964351534843445 0.0
0.029135406017303467 0.25646692514419556 0.0
0.0267488956451416 0.2623578608036041 0.0
0.03783911466598511 0.276411771774292 0.0
0.0651593804359436 0.29180020093917847 0.0
0.07049590349197388 0.2942279875278473 0.0
0.07667708396911621 0.29435017704963684 0.0
0.0705767273902893 0.29866835474967957 0.0
0.08047467470169067 0.2963518798351288 0.0
0.6861193180084229 0.0 0.0
0.6907089948654175 0.0 0.0
0.08164560794830322 0.30061790347099304 0.0
0.691406786441803 0.006395062897354364 0.0
0.09412479400634766 0.2995939552783966 0.0
0.6858789324760437 0.01539631374180317 0.0
0.10303962230682373 0.3010753393173218 0.0
0.6879244446754456 0.02551773004233837 0.0
0.11022335290908813 0.3026643991470337 0.0
0.1160779595375061 0.30512967705726624 0.0
0.6789457201957703 0.032819535583257675 0.0
0.12750673294067383 0.30333563685417175 0.0
0.6780117750167847 0.041047099977731705 0.0
0.1352764368057251 0.30088376998901367 0.0
0.1385905146598816 0.3034283220767975 0.0
0.672713577747345 0.047255512326955795 0.0
0.6671625971794128 0.05142625421285629 0.0
0.14783412218093872 0.30152982473373413 0.0
0.6657561659812927 0.05756017565727234 0.0
0.15654689073562622 0.3016439378261566 0.0
0.16718995571136475 0.30114495754241943 0.0
0.17765837907791138 0.3000071048736572 0.0
0.6610886454582214 0.07024085521697998 0.0
0.1864035725593567 0.2979360818862915 0.0
0.656826376914978 0.07636815309524536 0.0
0.19441241025924683 0.29854297637939453 0.0
0.21065157651901245 0.2958807945251465 0.0
0.6573117971420288 0.08424526453018188 0.0
0.21724212169647217 0.29345646500587463 0.0
0.22551852464675903 0.29387953877449036 0.0
0.2317020297050476 0.29058605432510376 0.0
0.23843461275100708 0.289603054523468 0.0
0.2449554204940796 0.2880881130695343 0.0
0.6537907123565674 0.08971261233091354 0.0
0.2509494423866272 0.28631481528282166 0.0
0.257210910320282 0.28479883074760437 0.0
0.26227617263793945 0.28164809942245483 0.0
0.2702031135559082 0.28025883436203003 0.0
0.6490672826766968 0.09439258277416229 0.0
0.2810530662536621 0.28032228350639343 0.0
0.29097312688827515 0.277300089597702 0.0
0.2960721254348755 0.27340924739837646 0.0
0.30449438095092773 0.27166470885276794 0.0
0.6464447379112244 0.10027126222848892 0.0
0.3185920715332031 0.26783040165901184 0.0
0.3239901661872864 0.266215443611145 0.0
0.33822524547576904 0.26316431164741516 0.0
0.35291028022766113 0.2565816342830658 0.0
0.3481827974319458 0.2618170380592346 0.0
0.6378653049468994 0.10786646604537964 0.0
0.3619533181190491 0.25356966257095337 0.0
0.36956214904785156 0.2503232955932617 0.0
0.389165461063385 0.2417043149471283 0.0
0.3864111304283142 0.2469167858362198 0.0
0.6297731399536133 0.10948504507541656 0.0
0.3988513946533203 0.24223162233829498 0.0
0.4018031358718872 0.2376735806465149 0.0
0.4076828360557556 0.24088308215141296 0.0
0.4161105751991272 0.23488271236419678 0.0
0.4262862205505371 0.2309357076883316 0.0
0.43288761377334595 0.2286265641450882 0.0
0.44137144088745117 0.22223110496997833 0.0
0.6267185211181641 0.11917869746685028 0.0
0.44975751638412476 0.22306381165981293 0.0
0.4558643698692322 0.21952079236507416 0.0
0.6214486956596375 0.12063892930746078 0.0
0.48066258430480957 0.2100333720445633 0.0
0.4824962019920349 0.20544123649597168 0.0
0.4893677830696106 0.20228281617164612 0.0
0.48873770236968994 0.20842313766479492 0.0
0.49882447719573975 0.2008799910545349 0.0
0.5147369503974915 0.19607765972614288 0.0
0.5232799649238586 0.19049067795276642 0.0
0.5276724100112915 0.18762324750423431 0.0
0.5319691300392151 0.1834850162267685 0.0
0.6150391101837158 0.1293688267469406 0.0
0.5470144748687744 0.17973928153514862 0.0
0.611986517906189 0.13336904346942902 0.0
0.5518092513084412 0.17537592351436615 0.0
0.6054496765136719 0.14064830541610718 0.0
0.5979250073432922 0.14447902143001556 0.0
0.5674608945846558 0.16883942484855652 0.0
0.5877205729484558 0.15227803587913513 0.0
0.5739311575889587 0.16213524341583252 0.0
0.5707158446311951 0.1656155288219452 0.0
0.2614601254463196 0.9839285016059875 0.0
0.2749171853065491 1.0 0.0
0.1711033582687378 0.9134566187858582 0.0
0.1790962815284729 0.9215219616889954 0.0
0.21546751260757446 0.9488085508346558 0.0
0.23406612873077393 0.9563590288162231 0.0
0.24605947732925415 0.9697877764701843 0.0
0.13137364387512207 0.8815500140190125 0.0
0.14075016975402832 0.8898894190788269 0.0
0.15818220376968384 0.8964162468910217 0.0
0.17564254999160767 0.9025560021400452 0.0
0.19347351789474487 0.9245752096176147 0.0
0.20194321870803833 0.9314841032028198 0.0
0.12134099006652832 0.8663603067398071 0.0
0.126203715801239 0.8733683228492737 0.0
0.10526168346405029 0.8562384843826294 0.0
0.07899636030197144 0.838749349117279 0.0
0.10117220878601074 0.8425571918487549 0.0
0.07691162824630737 0.8304976224899292 0.0
0.06648743152618408 0.8218350410461426 0.0
0.05687415599822998 0.8154923319816589 0.0
0.058744966983795166 0.8085448741912842 0.0
0.040479958057403564 0.8084900975227356 0.0
0.04803788661956787 0.8031643629074097 0.0
0.03709006309509277 0.7990152835845947 0.0
0.027933180332183838 0.7936277985572815 0.0
0.0 0.7806254029273987 0.0
0.0 0.7752484679222107 0.0
0.0 0.7698696255683899 0.0
0.011982738971710205 0.24171702563762665 0.0
0.008452892303466797 0.2381623536348343 0.0
0.015360474586486816 0.24512462317943573 0.0
0.019261538982391357 0.2602146863937378 0.0
0.022913694381713867 0.25385621190071106 0.0
0.024293243885040283 0.2682707607746124 0.0
0.029672563076019287 0.2754516005516052 0.0
0.041908979415893555 0.27945128083229065 0.0
0.032226741313934326 0.2836107909679413 0.0
0.041244566440582275 0.28469112515449524 0.0
0.04613959789276123 0.2882407009601593 0.0
0.05130267143249512 0.29139769077301025 0.0
0.05231565237045288 0.2968863844871521 0.0
0.05747860670089722 0.2919539213180542 0.0
0.06345474720001221 0.29623714089393616 0.0
0.6955715417861938 0.0 0.0
0.7004356980323792 0.0 0.0
0.08705693483352661 0.3038212060928345 0.0
0.09481030702590942 0.3044631779193878 0.0
0.6960363388061523 0.016468852758407593 0.0
0.1022910475730896 0.3047942519187927 0.0
0.6904017329216003 0.034785766154527664 0.0
0.10662108659744263 0.30705901980400085 0.0
0.1202734112739563 0.3083578050136566 0.0
0.13008153438568115 0.30753254890441895 0.0
0.13829445838928223 0.30747100710868835 0.0
0.6756144165992737 0.0535544715821743 0.0
0.1484084129333496 0.3054128587245941 0.0
0.16201430559158325 0.3052684962749481 0.0
0.667675793170929 0.06519029289484024 0.0
0.6692230701446533 0.07187207788228989 0.0
0.1745951771736145 0.30434995889663696 0.0
0.16918224096298218 0.3067558705806732 0.0
0.664297342300415 0.07517340779304504 0.0
0.18660837411880493 0.3022705018520355 0.0
0.6648519039154053 0.08062667399644852 0.0
0.2029191255569458 0.29920196533203125 0.0
0.21967262029647827 0.2969130575656891 0.0
0.2126777172088623 0.30069202184677124 0.0
0.6606373190879822 0.09011244028806686 0.0
0.2429753541946411 0.2926695942878723 0.0
0.25516951084136963 0.28875407576560974 0.0
0.2673875093460083 0.2848597764968872 0.0
0.2752685546875 0.28411567211151123 0.0
0.29024308919906616 0.2829691767692566 0.0
0.30090248584747314 0.2762993276119232 0.0
0.29859453439712524 0.28081274032592773 0.0
0.3101344108581543 0.27583926916122437 0.0
0.3151278495788574 0.2715572714805603 0.0
0.3240019679069519 0.2704876959323883 0.0
0.3311586380004883 0.26746654510498047 0.0
0.6442034244537354 0.10475192219018936 0.0
0.3401114344596863 0.26951003074645996 0.0
0.34545499086380005 0.265910804271698 0.0
0.3637945055961609 0.2583843469619751 0.0
0.3783167600631714 0.2486894130706787 0.0
0.37069302797317505 0.25549939274787903 0.0
0.37667447328567505 0.2530343532562256 0.0
0.3934851884841919 0.24572013318538666 0.0
0.3929920792579651 0.25024324655532837 0.0
0.39970099925994873 0.24800699949264526 0.0
0.6360857486724854 0.11447781324386597 0.0
0.41651004552841187 0.2394755333662033 0.0
0.42476844787597656 0.2360624521970749 0.0
0.44278383255004883 0.22671808302402496 0.0
0.4658759832382202 0.22093603014945984 0.0
0.4709978699684143 0.21698689460754395 0.0
0.6255241632461548 0.12439556419849396 0.0
0.47934532165527344 0.2152157723903656 0.0
0.49703145027160645 0.2063845843076706 0.0
0.5076358318328857 0.19915640354156494 0.0
0.6211907863616943 0.12788784503936768 0.0
0.5165058374404907 0.20092514157295227 0.0
0.5224252343177795 0.19471168518066406 0.0
0.5344434976577759 0.18866930902004242 0.0
0.5400056838989258 0.18670755624771118 0.0
0.6131932735443115 0.13884103298187256 0.0
0.5599566698074341 0.17369191348552704 0.0
0.565339207649231 0.17192573845386505 0.0
0.6042612791061401 0.14602744579315186 0.0
0.6008633971214294 0.14874723553657532 0.0
0.5950919389724731 0.14996445178985596 0.0
0.5938855409622192 0.15476620197296143 0.0
0.5771713256835938 0.16581733524799347 0.0
0.5806324481964111 0.16004647314548492 0.0
0.5873631834983826 0.15748491883277893 0.0
0.2630345821380615 1.0 0.0
0.29519909620285034 0.9872105717658997 0.0
0.2992399334907532 1.0 0.0
0.3089805841445923 1.0 0.0
0.30179572105407715 1.0 0.0
0.3053804636001587 1.0 0.0
0.1491432785987854 0.8819494843482971 0.0
0.16921347379684448 0.8854874968528748 0.0
0.20169579982757568 0.9075523614883423 0.0
0.19642168283462524 0.9173866510391235 0.0
0.23901301622390747 0.943256139755249 0.0
0.2620398998260498 0.950689435005188 0.0
0.26114875078201294 0.9608302712440491 0.0
0.28218358755111694 0.970853328704834 0.0
0.14289969205856323 0.8666430711746216 0.0
0.14238637685775757 0.8760229349136353 0.0
0.21411460638046265 0.9233412146568298 0.0
0.23164790868759155 0.9315595030784607 0.0
0.11364132165908813 0.8513030409812927 0.0
0.12313705682754517 0.8593555688858032 0.0
0.08664572238922119 0.8237016797065735 0.0
0.09728097915649414 0.8286118507385254 0.0
0.09256362915039062 0.834868848323822 0.0
0.07317107915878296 0.8131678104400635 0.0
0.08072096109390259 0.8060628771781921 0.0
0.07030004262924194 0.8003075122833252 0.0
0.055870771408081055 0.796925961971283 0.0
0.045748233795166016 0.7937483787536621 0.0
0.04472243785858154 0.7874241471290588 0.0
0.02465122938156128 0.7858631610870361 0.0
0.014461815357208252 0.7811879515647888 0.0
0.014156997203826904 0.7756522297859192 0.0
0.013674020767211914 0.7692447304725647 0.0
0.009277045726776123 0.7649667859077454 0.0
0.0 0.763373076915741 0.0
0.01464378833770752 0.2515948712825775 0.0
0.008005499839782715 0.24726398289203644 0.0
0.017364501953125 0.2664754390716553 0.0
0.012148261070251465 0.26479172706604004 0.0
0.0167083740234375 0.25649571418762207 0.0
0.021587252616882324 0.2742871642112732 0.0
0.028393566608428955 0.2804010808467865 0.0
0.05964106321334839 0.2998417019844055 0.0
0.06204700469970703 0.30372747778892517 0.0
0.07167190313339233 0.3042238652706146 0.0
0.7068243026733398 0.008685827255249023 0.0
0.7132365703582764 0.0 0.0
0.07956790924072266 0.305411696434021 0.0
0.7048475742340088 0.01806243136525154 0.0
0.08563202619552612 0.30856025218963623 0.0
0.7005279660224915 0.024494724348187447 0.0
0.09704971313476562 0.30844101309776306 0.0
0.6976964473724365 0.031030751764774323 0.0
0.6848273873329163 0.03788456693291664 0.0
0.11165231466293335 0.3091892600059509 0.0
0.6915165185928345 0.04222679138183594 0.0
0.11270016431808472 0.3133610785007477 0.0
0.12355613708496094 0.3119203448295593 0.0
0.6848121285438538 0.04897414147853851 0.0
0.13253414630889893 0.31122344732284546 0.0
0.6854555010795593 0.05666230246424675 0.0
0.6765671372413635 0.060859791934490204 0.0
0.14227724075317383 0.3103216886520386 0.0
0.15359771251678467 0.3092445731163025 0.0
0.6769213676452637 0.06846641004085541 0.0
0.6696348190307617 0.07723398506641388 0.0
0.18380242586135864 0.3062257766723633 0.0
0.1939319372177124 0.30587640404701233 0.0
0.19600218534469604 0.3020011782646179 0.0
0.2031676173210144 0.303475022315979 0.0
0.666957676410675 0.08767874538898468 0.0
0.22369074821472168 0.30073535442352295 0.0
0.2292165756225586 0.29778817296028137 0.0
0.23561537265777588 0.29525625705718994 0.0
0.25282013416290283 0.2921791970729828 0.0
0.6585121154785156 0.09469809383153915 0.0
0.26051437854766846 0.2918538749217987 0.0
0.264090895652771 0.2888365387916565 0.0
0.6555064916610718 0.10005307197570801 0.0
0.27479320764541626 0.2890888750553131 0.0
0.28282493352890015 0.28583648800849915 0.0
0.3056941032409668 0.27922993898391724 0.0
0.6520342826843262 0.10521412640810013 0.0
0.32096076011657715 0.27636173367500305 0.0
0.6475253105163574 0.10920253396034241 0.0
0.33221083879470825 0.2739073932170868 0.0
0.35410743951797485 0.26633891463279724 0.0
0.35786551237106323 0.2618083953857422 0.0
0.6434313654899597 0.11237256973981857 0.0
0.3671185374259949 0.26249244809150696 0.0
0.372725248336792 0.25964537262916565 0.0
0.3788177967071533 0.25676673650741577 0.0
0.3848886489868164 0.25284436345100403 0.0
0.6454567313194275 0.11669714748859406 0.0
0.40688496828079224 0.24614538252353668 0.0
0.4144625663757324 0.24462474882602692 0.0
0.43180781602859497 0.23277859389781952 0.0
0.43949443101882935 0.2318115085363388 0.0
0.6414547562599182 0.11958002299070358 0.0
0.6347812414169312 0.12059202790260315 0.0
0.4219489097595215 0.24375715851783752 0.0
0.42322200536727905 0.24038319289684296 0.0
0.4353073835372925 0.23651975393295288 0.0
0.4488060474395752 0.2309771180152893 0.0
0.4522199034690857 0.22704212367534637 0.0
0.630596399307251 0.12278857827186584 0.0
0.46031391620635986 0.22502721846103668 0.0
0.46988797187805176 0.22514231503009796 0.0
0.47474151849746704 0.22226236760616302 0.0
0.47884225845336914 0.21941985189914703 0.0
0.4871824383735657 0.2138504981994629 0.0
0.4953044056892395 0.21218468248844147 0.0
0.5053203701972961 0.20447596907615662 0.0
0.627379834651947 0.13037052750587463 0.0
0.5043658018112183 0.21048320829868317 0.0
0.511925458908081 0.20336253941059113 0.0
0.5214768648147583 0.19876880943775177 0.0
0.5317752361297607 0.19343982636928558 0.0
0.6219146847724915 0.13206589221954346 0.0
0.5467857718467712 0.185141921043396 0.0
0.618500828742981 0.13528504967689514 0.0
0.5542078614234924 0.18426768481731415 0.0
0.5554258823394775 0.18037346005439758 0.0
0.5613213777542114 0.17846189439296722 0.0
0.6098507046699524 0.14577415585517883 0.0
0.5707875490188599 0.171995148062706 0.0
0.6065768599510193 0.1507149189710617 0.0
0.5756077170372009 0.16956768929958344 0.0
0.5999218821525574 0.15278279781341553 0.0
0.5986934900283813 0.15659664571285248 0.0
0.580964207649231 0.1638624668121338 0.0
0.5886614322662354 0.1631092131137848 0.0
0.5944792032241821 0.15934371948242188 0.0
0.1786022186279297 0.8942665457725525 0.0
0.19754564762115479 0.8974683880805969 0.0
0.3268941640853882 0.9887955188751221 0.0
0.3255968689918518 1.0 0.0
0.3362523317337036 1.0 0.0
0.32821428775787354 1.0 0.0
0.33222609758377075 1.0 0.0
0.1598181128501892 0.8753836750984192 0.0
0.2213028073310852 0.9149129390716553 0.0
0.2547711133956909 0.935004711151123 0.0
0.26861250400543213 0.9406556487083435 0.0
0.2848699688911438 0.9569544792175293 0.0
0.13353145122528076 0.8534702062606812 0.0
0.13870573043823242 0.8592347502708435 0.0
0.2405126690864563 0.9209694266319275 0.0
0.12475395202636719 0.8457803726196289 0.0
0.11880224943161011 0.839342474937439 0.0
0.08936631679534912 0.8106171488761902 0.0
0.10477107763290405 0.812355101108551 0.0
0.0874643325805664 0.8170273303985596 0.0
0.10572731494903564 0.8207435607910156 0.0
0.10809206962585449 0.8344328999519348 0.0
0.07135099172592163 0.7941861748695374 0.0
0.06267845630645752 0.7900983095169067 0.0
0.060738980770111084 0.7842119336128235 0.0
0.051717281341552734 0.7793090343475342 0.0
0.03244227170944214 0.7767276167869568 0.0
0.02942734956741333 0.7649939656257629 0.0
0.03906959295272827 0.7679731249809265 0.0
0.025545239448547363 0.7708749175071716 0.0
0.020449340343475342 0.7625705003738403 0.0
0.013142228126525879 0.7590581178665161 0.0
0.0 0.7568516135215759 0.0
0.005622923374176025 0.25256043672561646 0.0
0.01058429479598999 0.26013514399528503 0.0
0.01374197006225586 0.2722996771335602 0.0
0.00788038969039917 0.2696952223777771 0.0
0.010483860969543457 0.27842211723327637 0.0
0.019231140613555908 0.28096887469291687 0.0
0.02304786443710327 0.28477177023887634 0.0
0.030878424644470215 0.28901422023773193 0.0
0.022602617740631104 0.28941190242767334 0.0
0.03529322147369385 0.29146501421928406 0.0
0.037287235260009766 0.2991732060909271 0.0
0.02980172634124756 0.2970432937145233 0.0
0.040749430656433105 0.2939200699329376 0.0
0.04526865482330322 0.2954176366329193 0.0
0.041433751583099365 0.30256423354148865 0.0
0.05053287744522095 0.3039655089378357 0.0
0.06479448080062866 0.3073863089084625 0.0
0.717974841594696 0.0 0.0
0.7227100729942322 0.0 0.0
0.7207937240600586 0.005739295855164528 0.0
0.07244330644607544 0.30950310826301575 0.0
0.7159985303878784 0.011411987245082855 0.0
0.7128397226333618 0.016958137974143028 0.0
0.708715558052063 0.023289445787668228 0.0
0.7086016535758972 0.03111289069056511 0.0
0.09060853719711304 0.31322288513183594 0.0
0.10248196125030518 0.3120481073856354 0.0
0.7010958194732666 0.03777439892292023 0.0
0.6963821053504944 0.049511782824993134 0.0
0.11880743503570557 0.31633540987968445 0.0
0.692333996295929 0.053658757358789444 0.0
0.1267884373664856 0.3147195875644684 0.0
0.13474184274673462 0.31542134284973145 0.0
0.14692550897598267 0.31355196237564087 0.0
0.6870656609535217 0.06470675021409988 0.0
0.15830069780349731 0.31240954995155334 0.0
0.1645837426185608 0.3089475631713867 0.0
0.6759908199310303 0.07559090107679367 0.0
0.1693880558013916 0.3118329644203186 0.0
0.1757049560546875 0.3085402548313141 0.0
0.18015754222869873 0.3121134340763092 0.0
0.6740066409111023 0.08316678553819656 0.0
0.18854284286499023 0.30961230397224426 0.0
0.20419639348983765 0.3078857958316803 0.0
0.15620380640029907 0.32711124420166016 0.0
0.16249871253967285 0.3265703320503235 0.0
0.15605759620666504 0.32816699147224426 0.0
0.15983277559280396 0.32567110657691956 0.0
0.2106853723526001 0.30483493208885193 0.0
0.16223108768463135 0.3278115689754486 0.0
0.16575640439987183 0.3251546323299408 0.0
0.21935373544692993 0.3043697774410248 0.0
0.14722728729248047 0.33201026916503906 0.0
0.14550822973251343 0.33244672417640686 0.0
0.1447778344154358 0.33259573578834534 0.0
0.14829540252685547 0.33168521523475647 0.0
0.15170598030090332 0.33080923557281494 0.0
0.1522565484046936 0.3308742344379425 0.0
0.15091222524642944 0.33050379157066345 0.0
0.1559009552001953 0.329820841550827 0.0
0.15587365627288818 0.3291725218296051 0.0
0.15036189556121826 0.32982170581817627 0.0
0.2322421669960022 0.30130401253700256 0.0
0.6659135818481445 0.0937647596001625 0.0
0.14644396305084229 0.33220887184143066 0.0
0.14588689804077148 0.3323504626750946 0.0
0.14616507291793823 0.332279771566391 0.0
0.15544193983078003 0.3301906883716583 0.0
0.16090458631515503 0.32881951332092285 0.0
0.16713905334472656 0.32668834924697876 0.0
0.16974568367004395 0.3256368339061737 0.0
0.2387726902961731 0.2997782230377197 0.0
0.24579495191574097 0.2975562512874603 0.0
0.2517775297164917 0.2955748438835144 0.0
0.16025757789611816 0.3293827176094055 0.0
0.16539156436920166 0.3280456066131592 0.0
0.168501079082489 0.327280730009079 0.0
0.17269867658615112 0.326383113861084 0.0
0.2609679102897644 0.29590773582458496 0.0
0.6650658845901489 0.0997747853398323 0.0
0.15628761053085327 0.33010590076446533 0.0
0.1534520983695984 0.33065152168273926 0.0
0.16543740034103394 0.3285174071788788 0.0
0.26858043670654297 0.2932295501232147 0.0
0.15973281860351562 0.32953697443008423 0.0
0.16565215587615967 0.3287113606929779 0.0
0.17058515548706055 0.3278162479400635 0.0
0.1736953854560852 0.32708168029785156 0.0
0.2856760621070862 0.29097214341163635 0.0
0.6609102487564087 0.10546756535768509 0.0
0.15294700860977173 0.3307510018348694 0.0
0.1524409055709839 0.33085066080093384 0.0
0.15801119804382324 0.32982125878334045 0.0
0.16991549730300903 0.32822611927986145 0.0
0.17487603425979614 0.3278816342353821 0.0
0.2904168963432312 0.2874598503112793 0.0
0.2987765073776245 0.2862144708633423 0.0
0.30610066652297974 0.28312090039253235 0.0
0.1744418740272522 0.32795456051826477 0.0
0.31306368112564087 0.280333936214447 0.0
0.3212846517562866 0.28241512179374695 0.0
0.3295133113861084 0.28018173575401306 0.0
0.34036684036254883 0.2744317650794983 0.0
0.34799522161483765 0.26924192905426025 0.0
0.6505328416824341 0.11393038928508759 0.0
0.34654176235198975 0.2729727327823639 0.0
0.3626006841659546 0.26521071791648865 0.0
0.37175124883651733 0.2664104104042053 0.0
0.37485194206237793 0.26294776797294617 0.0
0.38082510232925415 0.26070401072502136 0.0
0.38584136962890625 0.257652223110199 0.0
0.3934258222579956 0.25584250688552856 0.0
0.3991040587425232 0.252419650554657 0.0
0.40682822465896606 0.252010315656662 0.0
0.4145392179489136 0.24961945414543152 0.0
0.4302530884742737 0.24190257489681244 0.0
0.4446646571159363 0.23573631048202515 0.0
0.45450395345687866 0.23538509011268616 0.0
0.45806366205215454 0.23017100989818573 0.0
0.6346040368080139 0.12723097205162048 0.0
0.46852707862854004 0.2300867736339569 0.0
0.48539572954177856 0.21881455183029175 0.0
0.49310725927352905 0.2177262157201767 0.0
0.501128613948822 0.21620965003967285 0.0
0.5118702054023743 0.20772138237953186 0.0
0.5182562470436096 0.20564904808998108 0.0
0.5288349986076355 0.19885197281837463 0.0
0.5365408062934875 0.19861970841884613 0.0
0.5407236218452454 0.1958269625902176 0.0
0.5404608845710754 0.19152002036571503 0.0
0.5460484027862549 0.18938472867012024 0.0
0.6274710893630981 0.13675107061862946 0.0
0.5529000759124756 0.18891236186027527 0.0
0.5626319050788879 0.18366536498069763 0.0
0.6214355826377869 0.1406569629907608 0.0
0.6167858242988586 0.14475280046463013 0.0
0.5697569847106934 0.17617440223693848 0.0
0.5685263276100159 0.1809854656457901 0.0
0.5757882595062256 0.1735638827085495 0.0
0.6145570874214172 0.15012849867343903 0.0
0.604285478591919 0.1559896171092987 0.0
0.5846289992332458 0.16827017068862915 0.0
0.5825604200363159 0.17315348982810974 0.0
0.1783429980278015 0.8756346702575684 0.0
0.19335609674453735 0.8797021508216858 0.0
0.194430410861969 0.8886740207672119 0.0
0.22174721956253052 0.8998397588729858 0.0
0.23149585723876953 0.9073989391326904 0.0
0.2891741991043091 0.9461758732795715 0.0
0.30718642473220825 0.9514997601509094 0.0
0.31052374839782715 0.9616059064865112 0.0
0.31702864170074463 0.9749767184257507 0.0
0.3580029606819153 0.9891036748886108 0.0
0.3531818389892578 1.0 0.0
0.3701138496398926 1.0 0.0
0.15441691875457764 0.8570085763931274 0.0
0.17480671405792236 0.8652081489562988 0.0
0.24422812461853027 0.9132874011993408 0.0
0.2608681321144104 0.9268351793289185 0.0
0.2743895649909973 0.932608425617218 0.0
0.29440736770629883 0.9356823563575745 0.0
0.13578379154205322 0.8402387499809265 0.0
0.1460530161857605 0.8478080034255981 0.0
0.1017608642578125 0.8048218488693237 0.0
0.11484718322753906 0.8278135657310486 0.0
0.12524491548538208 0.8338268995285034 0.0
0.09146308898925781 0.7993012070655823 0.0
0.0856010913848877 0.7940929532051086 0.0
0.07691186666488647 0.7830511331558228 0.0
0.08149915933609009 0.7890904545783997 0.0
0.06712734699249268 0.7730199098587036 0.0
0.05250662565231323 0.7704265713691711 0.0
0.06703156232833862 0.7793774008750916 0.0
0.050772905349731445 0.7643937468528748 0.0
0.04341578483581543 0.7614403367042542 0.0
0.033774375915527344 0.7581371665000916 0.0
0.023413896560668945 0.7585614919662476 0.0
0.026209533214569092 0.7542428374290466 0.0
0.014053583145141602 0.7519164085388184 0.0
0.0 0.7494706511497498 0.0
0.0 0.7431245446205139 0.0
0.0060585737228393555 0.2569954991340637 0.0
0.0 0.724457859992981 0.0
0.006059408187866211 0.26620134711265564 0.0
0.013209700584411621 0.28829970955848694 0.0
0.023424506187438965 0.2947359085083008 0.0
0.029862046241760254 0.3051310181617737 0.0
0.03750920295715332 0.30770641565322876 0.0
0.05548453330993652 0.3086733818054199 0.0
0.7277288436889648 0.0 0.0
0.7327485680580139 0.0 0.0
0.06271392107009888 0.3109195828437805 0.0
0.7232311367988586 0.015938056632876396 0.0
0.06517070531845093 0.3153602182865143 0.0
0.07826995849609375 0.31438490748405457 0.0
0.7171310186386108 0.024763664230704308 0.0
0.0954332947731018 0.31630611419677734 0.0
0.09594649076461792 0.3205370306968689 0.0
0.1030920147895813 0.3163301944732666 0.0
0.704011857509613 0.04550353065133095 0.0
0.10842597484588623 0.3191722631454468 0.0
0.11635994911193848 0.32004326581954956 0.0
0.6989263892173767 0.05477616935968399 0.0
0.12431663274765015 0.3184666037559509 0.0
0.6946938633918762 0.05909880995750427 0.0
0.1296095848083496 0.32131701707839966 0.0
0.1416836380958557 0.3181225657463074 0.0
0.6853176355361938 0.0729161873459816 0.0
0.13886016607284546 0.3228744864463806 0.0
0.1490740180015564 0.31951218843460083 0.0
0.15253692865371704 0.3160175085067749 0.0
0.14923632144927979 0.3225177526473999 0.0
0.1570863127708435 0.317760705947876 0.0
0.6818981766700745 0.07981012761592865 0.0
0.15680909156799316 0.3201572895050049 0.0
0.16418123245239258 0.31527888774871826 0.0
0.15840566158294678 0.32268446683883667 0.0
0.14980721473693848 0.32514768838882446 0.0
0.16442817449569702 0.31836846470832825 0.0
0.17415016889572144 0.3142240047454834 0.0
0.14532470703125 0.328440397977829 0.0
0.15232843160629272 0.32667267322540283 0.0
0.14974939823150635 0.32873523235321045 0.0
0.143207848072052 0.33013713359832764 0.0
0.14732348918914795 0.32695573568344116 0.0
0.15703052282333374 0.324787437915802 0.0
0.16365736722946167 0.320587694644928 0.0
0.17457085847854614 0.31719207763671875 0.0
0.1393938660621643 0.3339831531047821 0.0
0.14329445362091064 0.3328598141670227 0.0
0.14138346910476685 0.3335382640361786 0.0
0.14465880393981934 0.3307953178882599 0.0
0.16765332221984863 0.32215774059295654 0.0
0.17109030485153198 0.31998300552368164 0.0
0.18270528316497803 0.31524142622947693 0.0
0.19644135236740112 0.3088874816894531 0.0
0.6730429530143738 0.08851413428783417 0.0
0.14214956760406494 0.33283016085624695 0.0
0.146783709526062 0.33178383111953735 0.0
0.1458083987236023 0.3314172625541687 0.0
0.16372549533843994 0.3240300416946411 0.0
0.17982923984527588 0.3199504315853119 0.0
0.1903223991394043 0.3135448694229126 0.0
0.6723514795303345 0.09248625487089157 0.0
0.1758742332458496 0.3219394087791443 0.0
0.18499702215194702 0.31809619069099426 0.0
0.19129717350006104 0.31671279668807983 0.0
0.1995558738708496 0.3118644654750824 0.0
0.21507513523101807 0.307954877614975 0.0
0.1719157099723816 0.3239780068397522 0.0
0.18280792236328125 0.3218759000301361 0.0
0.22934961318969727 0.3044607639312744 0.0
0.6710100769996643 0.09696771204471588 0.0
0.14569777250289917 0.33239853382110596 0.0
0.1807323694229126 0.3235407769680023 0.0
0.23991918563842773 0.3047387897968292 0.0
0.17781686782836914 0.325275719165802 0.0
0.2557259798049927 0.2995082437992096 0.0
0.18661272525787354 0.3249306082725525 0.0
0.2708829641342163 0.29787421226501465 0.0
0.1794593334197998 0.3265293538570404 0.0
0.27923834323883057 0.29546475410461426 0.0
0.1778842806816101 0.3274502158164978 0.0
0.29549676179885864 0.29128050804138184 0.0
0.6568834185600281 0.11095307767391205 0.0
0.17899298667907715 0.3277348577976227 0.0
0.18450015783309937 0.32715633511543274 0.0
0.18714535236358643 0.32638654112815857 0.0
0.307283878326416 0.2870209813117981 0.0
0.3138415217399597 0.28506097197532654 0.0
0.17808020114898682 0.3278045356273651 0.0
0.17738348245620728 0.32783326506614685 0.0
0.18351495265960693 0.3276195824146271 0.0
0.6569990515708923 0.11593125015497208 0.0
0.17778611183166504 0.3278166353702545 0.0
0.17776000499725342 0.3278177082538605 0.0
0.18095099925994873 0.3277251720428467 0.0
0.32788920402526855 0.28476929664611816 0.0
0.33902180194854736 0.27911409735679626 0.0
0.3451008200645447 0.2766937017440796 0.0
0.3555435538291931 0.2718236744403839 0.0
0.3635129928588867 0.2689371407032013 0.0
0.6530007123947144 0.11849505454301834 0.0
0.17776095867156982 0.3278176784515381 0.0
0.17792028188705444 0.3278111219406128 0.0
0.6486849188804626 0.121993787586689 0.0
0.38174909353256226 0.26480674743652344 0.0
0.38995349407196045 0.2614244520664215 0.0
0.4020218253135681 0.25644809007644653 0.0
0.42036497592926025 0.2477637082338333 0.0
0.42799288034439087 0.24778784811496735 0.0
0.44078701734542847 0.24087995290756226 0.0
0.6424390077590942 0.12472698837518692 0.0
0.3976108431816101 0.25974419713020325 0.0
0.43853265047073364 0.24724003672599792 0.0
0.44871652126312256 0.23946981132030487 0.0
0.6414069533348083 0.1286827027797699 0.0
0.4627154469490051 0.23369713127613068 0.0
0.4619061350822449 0.2375008910894394 0.0
0.4787222743034363 0.2275814712047577 0.0
0.4828333854675293 0.22309693694114685 0.0
0.4905446767807007 0.22262784838676453 0.0
0.6333631277084351 0.13324737548828125 0.0
0.5079901814460754 0.21512512862682343 0.0
0.5118654370307922 0.21225950121879578 0.0
0.5253024697303772 0.20342083275318146 0.0
0.5362310409545898 0.20360223948955536 0.0
0.5491728186607361 0.19409863650798798 0.0
0.5595551133155823 0.18762870132923126 0.0
0.6287437677383423 0.14246076345443726 0.0
0.6243188381195068 0.1451827585697174 0.0
0.6232921481132507 0.15000019967556 0.0
0.5799108147621155 0.17710739374160767 0.0
0.5766730308532715 0.1813567876815796 0.0
0.6074139475822449 0.16009104251861572 0.0
0.6010107398033142 0.15996956825256348 0.0
0.612198531627655 0.1557547003030777 0.0
0.5954633355140686 0.16858868300914764 0.0
0.5974622368812561 0.16370616853237152 0.0
0.21626293659210205 0.8913995027542114 0.0
0.34727734327316284 0.976355791091919 0.0
0.37569111585617065 1.0 0.0
0.37651991844177246 1.0 0.0
0.37610650062561035 1.0 0.0
0.3771147131919861 1.0 0.0
0.3777105212211609 1.0 0.0
0.19297045469284058 0.871389627456665 0.0
0.21317154169082642 0.8826802968978882 0.0
0.24322211742401123 0.9014188647270203 0.0
0.2568342685699463 0.9071084856987 0.0
0.2692717909812927 0.9159935712814331 0.0
0.31976228952407837 0.9409601092338562 0.0
0.3397791385650635 0.9634960889816284 0.0
0.15746629238128662 0.840677797794342 0.0
0.1708189845085144 0.849115252494812 0.0
0.1725482940673828 0.8567273020744324 0.0
0.29221105575561523 0.9244887232780457 0.0
0.1186525821685791 0.8072612285614014 0.0
0.12852734327316284 0.8139008283615112 0.0
0.12397146224975586 0.8220742344856262 0.0
0.1330738663673401 0.827441394329071 0.0
0.144847571849823 0.8336496353149414 0.0
0.09471946954727173 0.7892220616340637 0.0
0.1034015417098999 0.7928565740585327 0.0
0.07853323221206665 0.7760847210884094 0.0
0.0645783543586731 0.7682479023933411 0.0
0.05671107769012451 0.7590906023979187 0.0
0.062033236026763916 0.7641558051109314 0.0
0.04948538541793823 0.7550438046455383 0.0
0.042517125606536865 0.7503673434257507 0.0
0.030195951461791992 0.7473203539848328 0.0
0.016730844974517822 0.7440717816352844 0.0
0.012622296810150146 0.7387298345565796 0.0
0.0 0.7361557483673096 0.0
0.0 0.7287068963050842 0.0
0.0 0.7174666523933411 0.0
0.008429884910583496 0.28402256965637207 0.0
0.0 0.7108635306358337 0.0
0.021377146244049072 0.29904481768608093 0.0
0.02181696891784668 0.3025064170360565 0.0
0.04592651128768921 0.30882254242897034 0.0
0.03922927379608154 0.3115316927433014 0.0
0.7413954138755798 0.0 0.0
0.7426854372024536 0.0 0.0
0.7436724305152893 0.0016272477805614471 0.0
0.7436138987541199 0.0 0.0
0.046800076961517334 0.3126145303249359 0.0
0.7383008003234863 0.0 0.0
0.7356767654418945 0.0 0.0
0.7342149615287781 0.0 0.0
0.055677950382232666 0.313734769821167 0.0
0.7304149270057678 0.009158328175544739 0.0
0.0712512731552124 0.3200715482234955 0.0
0.08482813835144043 0.31908658146858215 0.0
0.7208815217018127 0.03379737213253975 0.0
0.7136810421943665 0.04100138694047928 0.0
0.10070866346359253 0.32402610778808594 0.0
0.705353856086731 0.05260610207915306 0.0
0.11022579669952393 0.3233647644519806 0.0
0.7046389579772949 0.059632159769535065 0.0
0.11905503273010254 0.32263317704200745 0.0
0.6981733441352844 0.06599365174770355 0.0
0.12749773263931274 0.3260580003261566 0.0
0.12115746736526489 0.3253827393054962 0.0
0.13334441184997559 0.3275470733642578 0.0
0.6887794137001038 0.0783209279179573 0.0
0.6964797973632812 0.07413894683122635 0.0
0.1411595344543457 0.327749639749527 0.0
0.1321280598640442 0.33046260476112366 0.0
0.14251708984375 0.32513272762298584 0.0
0.13721781969070435 0.33083441853523254 0.0
0.6874997615814209 0.08342314511537552 0.0
0.6815632581710815 0.08515878766775131 0.0
0.134365975856781 0.3356998860836029 0.0
0.13837039470672607 0.33448007702827454 0.0
0.13722938299179077 0.3342715799808502 0.0
0.13852113485336304 0.33214080333709717 0.0
0.6786909699440002 0.09012696892023087 0.0
0.14029371738433838 0.3339049816131592 0.0
0.1404392123222351 0.3326430320739746 0.0
0.14031964540481567 0.33389773964881897 0.0
0.14037901163101196 0.3338801860809326 0.0
0.1403680443763733 0.3338831663131714 0.0
0.14238858222961426 0.3332812488079071 0.0
0.14043575525283813 0.3338630795478821 0.0
0.14050161838531494 0.33384329080581665 0.0
0.1409231424331665 0.33371761441230774 0.0
0.2117404341697693 0.31205618381500244 0.0
0.6778579950332642 0.0969407856464386 0.0
0.18851828575134277 0.3207155466079712 0.0
0.19173014163970947 0.318956196308136 0.0
0.1988634467124939 0.3158343434333801 0.0
0.22538316249847412 0.30834463238716125 0.0
0.21988075971603394 0.3107505738735199 0.0
0.18827080726623535 0.3230331540107727 0.0
0.19770008325576782 0.3186993896961212 0.0
0.20657038688659668 0.31514376401901245 0.0
0.20658272504806519 0.3187830448150635 0.0
0.2353542447090149 0.3083531856536865 0.0
0.6731991767883301 0.10119274258613586 0.0
0.1954110860824585 0.32228222489356995 0.0
0.19509190320968628 0.32042452692985535 0.0
0.24943530559539795 0.30288633704185486 0.0
0.6692561507225037 0.10548150539398193 0.0
0.2653440833091736 0.3008294701576233 0.0
0.19512730836868286 0.32431456446647644 0.0
0.27765655517578125 0.29990118741989136 0.0
0.6660539507865906 0.1105266809463501 0.0
0.19452089071273804 0.32596006989479065 0.0
0.29182130098342896 0.296603798866272 0.0
0.3048054575920105 0.29072800278663635 0.0
0.19439291954040527 0.32719478011131287 0.0
0.3136100172996521 0.28963956236839294 0.0
0.19029754400253296 0.32759785652160645 0.0
0.1875627040863037 0.32775190472602844 0.0
0.19696897268295288 0.32795998454093933 0.0
0.32173705101013184 0.28739607334136963 0.0
0.33532601594924927 0.28420987725257874 0.0
0.35222160816192627 0.2762593626976013 0.0
0.18001681566238403 0.3277509808540344 0.0
0.18040627241134644 0.32774022221565247 0.0
0.180678129196167 0.32773271203041077 0.0
0.182736337184906 0.32771003246307373 0.0
0.18385881185531616 0.32770049571990967 0.0
0.18329709768295288 0.3277052640914917 0.0
0.3427908420562744 0.28350934386253357 0.0
0.34890562295913696 0.28054600954055786 0.0
0.3603036403656006 0.27582618594169617 0.0
0.36637091636657715 0.27327877283096313 0.0
0.37205642461776733 0.2705281674861908 0.0
0.6557482481002808 0.12248352915048599 0.0
0.38088929653167725 0.26948079466819763 0.0
0.4098801612854004 0.2574465572834015 0.0
0.4157271981239319 0.2546428442001343 0.0
0.4237526059150696 0.2525699734687805 0.0
0.6483923196792603 0.1257987767457962 0.0
0.3915334939956665 0.2671990394592285 0.0
0.3971788287162781 0.26335766911506653 0.0
0.4045596122741699 0.2615891098976135 0.0
0.41658616065979004 0.2586364448070526 0.0
0.43394339084625244 0.25253885984420776 0.0
0.44756829738616943 0.24426841735839844 0.0
0.6479648947715759 0.12993063032627106 0.0
0.45624667406082153 0.2415003925561905 0.0
0.46612870693206787 0.24153445661067963 0.0
0.4703153371810913 0.236465185880661 0.0
0.4787771701812744 0.23348039388656616 0.0
0.4882023334503174 0.22701530158519745 0.0
0.4948473572731018 0.2260751724243164 0.0
0.6407953500747681 0.13304506242275238 0.0
0.4991339445114136 0.22213979065418243 0.0
0.5061567425727844 0.22429873049259186 0.0
0.5072426795959473 0.2198498398065567 0.0
0.5196747779846191 0.21139474213123322 0.0
0.5247582197189331 0.20812946557998657 0.0
0.532174825668335 0.20821982622146606 0.0
0.6365725994110107 0.13830307126045227 0.0
0.5159342288970947 0.21751147508621216 0.0
0.5457075834274292 0.20047912001609802 0.0
0.6320797801017761 0.1403706818819046 0.0
0.5604724287986755 0.19275760650634766 0.0
0.5667221546173096 0.1887557953596115 0.0
0.5721007585525513 0.18532273173332214 0.0
0.6190358400344849 0.15389969944953918 0.0
0.5872111320495605 0.17688654363155365 0.0
0.6138684749603271 0.16126736998558044 0.0
0.5919219255447388 0.17375576496124268 0.0
0.6015418767929077 0.16676510870456696 0.0
0.603946328163147 0.16364061832427979 0.0
0.21131354570388794 0.873256266117096 0.0
0.23081248998641968 0.8856971263885498 0.0
0.2417580485343933 0.8932748436927795 0.0
0.33241331577301025 0.9515801072120667 0.0
0.3645545244216919 0.965235710144043 0.0
0.37682610750198364 0.9756326675415039 0.0
0.3910728096961975 0.989630937576294 0.0
0.38856589794158936 1.0 0.0
0.383134663105011 1.0 0.0
0.41565072536468506 1.0 0.0
0.4025540351867676 1.0 0.0
0.40909576416015625 1.0 0.0
0.18886828422546387 0.855080246925354 0.0
0.20580041408538818 0.8625837564468384 0.0
0.23365062475204468 0.8766561150550842 0.0
0.26341861486434937 0.8990188837051392 0.0
0.36539846658706665 0.9518538117408752 0.0
0.10702961683273315 0.798254668712616 0.0
0.12191832065582275 0.8002265095710754 0.0
0.1423180103302002 0.8204734921455383 0.0
0.15350067615509033 0.8265661001205444 0.0
0.16918957233428955 0.8325464129447937 0.0
0.2983514666557312 0.9139421582221985 0.0
0.09623998403549194 0.783329427242279 0.0
0.10622620582580566 0.7869762182235718 0.0
0.09021890163421631 0.7778145670890808 0.0
0.0784803032875061 0.7715287208557129 0.0
0.07720190286636353 0.765765905380249 0.0
0.06361055374145508 0.7526311278343201 0.0
0.055692970752716064 0.7495887875556946 0.0
0.045627474784851074 0.7433328032493591 0.0
0.03467369079589844 0.7403231263160706 0.0
0.024911463260650635 0.7377851605415344 0.0
0.020994246006011963 0.7330777645111084 0.0
0.01682502031326294 0.7255385518074036 0.0
0.02299576997756958 0.7281482219696045 0.0
0.012260258197784424 0.7301437854766846 0.0
0.009857416152954102 0.7220594882965088 0.0
0.01361304521560669 0.29446759819984436 0.0
0.005568027496337891 0.29382944107055664 0.0
0.011490225791931152 0.3008638620376587 0.0
0.0060384273529052734 0.29820021986961365 0.0
0.026112139225006104 0.30955371260643005 0.0
0.016132831573486328 0.30878445506095886 0.0
0.029881834983825684 0.31258127093315125 0.0
0.7457588911056519 0.0 0.0
0.7498445510864258 0.0 0.0
0.03625720739364624 0.3161221444606781 0.0
0.738541305065155 0.007978826761245728 0.0
0.04741489887237549 0.3171290159225464 0.0
0.055784404277801514 0.31773316860198975 0.0
0.7366094589233398 0.017984654754400253 0.0
0.7282505631446838 0.026582913473248482 0.0
0.059908390045166016 0.3208918571472168 0.0
0.07581734657287598 0.3251120448112488 0.0
0.08655005693435669 0.32345977425575256 0.0
0.0921068787574768 0.3249625563621521 0.0
0.7148525714874268 0.05002168193459511 0.0
0.7121972441673279 0.05665675923228264 0.0
0.10371774435043335 0.32690733671188354 0.0
0.11180704832077026 0.32725170254707336 0.0
0.7070070505142212 0.06570098549127579 0.0
0.11752861738204956 0.3297618329524994 0.0
0.1245318055152893 0.3296142816543579 0.0
0.12664860486984253 0.33081957697868347 0.0
0.6943992376327515 0.08134336769580841 0.0
0.1286689043045044 0.3331596851348877 0.0
0.1255321502685547 0.33268243074417114 0.0
0.13134866952896118 0.33399084210395813 0.0
0.6932786107063293 0.08683795481920242 0.0
0.13375890254974365 0.3347010910511017 0.0
0.6864624619483948 0.08887820690870285 0.0
0.13870090246200562 0.3343949317932129 0.0
0.13581383228302002 0.33534708619117737 0.0
0.13352274894714355 0.33557477593421936 0.0
0.13972043991088867 0.33408138155937195 0.0
0.14012491703033447 0.3339570164680481 0.0
0.14028507471084595 0.33390846848487854 0.0
0.21578937768936157 0.3169611692428589 0.0
0.22150474786758423 0.31398922204971313 0.0
0.22606176137924194 0.3119182884693146 0.0
0.679176390171051 0.10194291174411774 0.0
0.20135068893432617 0.32114091515541077 0.0
0.23279350996017456 0.3116343915462494 0.0
0.24478626251220703 0.3100356161594391 0.0
0.24880725145339966 0.30718591809272766 0.0
0.6763424873352051 0.10551707446575165 0.0
0.2036973237991333 0.3237415552139282 0.0
0.209303617477417 0.3221956491470337 0.0
0.21592307090759277 0.32090142369270325 0.0
0.25606828927993774 0.30754658579826355 0.0
0.2603292465209961 0.3042280077934265 0.0
0.6735848188400269 0.1098388135433197 0.0
0.27296316623687744 0.30166682600975037 0.0
0.20290493965148926 0.32578206062316895 0.0
0.28011107444763184 0.30396604537963867 0.0
0.2851012945175171 0.3003982603549957 0.0
0.30270057916641235 0.2954930365085602 0.0
0.3015080690383911 0.3002714216709137 0.0
0.6718414425849915 0.11501765996217728 0.0
0.6637305617332458 0.11572130024433136 0.0
0.20211762189865112 0.3271956443786621 0.0
0.3122134208679199 0.2942611575126648 0.0
0.2022244930267334 0.3281779885292053 0.0
0.3223559856414795 0.29266390204429626 0.0
0.6608774065971375 0.1203046590089798 0.0
0.19614899158477783 0.328125923871994 0.0
0.33124685287475586 0.2890898883342743 0.0
0.34173518419265747 0.2880127727985382 0.0
0.35876721143722534 0.2795538604259491 0.0
0.1875627040863037 0.32775190472602844 0.0
0.1875627040863037 0.32775190472602844 0.0
0.1875627040863037 0.32775190472602844 0.0
0.1875627040863037 0.32775190472602844 0.0
0.36956357955932617 0.2781256139278412 0.0
0.37786877155303955 0.274324506521225 0.0
0.654906153678894 0.12709711492061615 0.0
0.38982075452804565 0.2731741964817047 0.0
0.40150898694992065 0.26657766103744507 0.0
0.41330188512802124 0.2617615759372711 0.0
0.42294156551361084 0.25777047872543335 0.0
0.6542068719863892 0.13088330626487732 0.0
0.3987541198730469 0.27097365260124207 0.0
0.4098718762397766 0.2658480107784271 0.0
0.4209713935852051 0.26178672909736633 0.0
0.4314138889312744 0.25720494985580444 0.0
0.4420784115791321 0.2525104284286499 0.0
0.44797682762145996 0.2496517449617386 0.0
0.45389002561569214 0.24662765860557556 0.0
0.46189725399017334 0.2464882880449295 0.0
0.4874669313430786 0.231743723154068 0.0
0.4950926899909973 0.23013155162334442 0.0
0.6483254432678223 0.13568273186683655 0.0
0.47444313764572144 0.24141688644886017 0.0
0.480255663394928 0.2387285828590393 0.0
0.5019866228103638 0.2277543544769287 0.0
0.5293706059455872 0.21237623691558838 0.0
0.6436789035797119 0.13808423280715942 0.0
0.5142045617103577 0.2241331934928894 0.0
0.5267540812492371 0.21717852354049683 0.0
0.5379456281661987 0.21263796091079712 0.0
0.540958821773529 0.20893368124961853 0.0
0.5454378724098206 0.20579269528388977 0.0
0.643147885799408 0.14252839982509613 0.0
0.6357142329216003 0.14332562685012817 0.0
0.5551853775978088 0.20536278188228607 0.0
0.5571361184120178 0.1990009844303131 0.0
0.5696051120758057 0.1932816058397293 0.0
0.5673310160636902 0.19791936874389648 0.0
0.5753000974655151 0.19055059552192688 0.0
0.6318832635879517 0.14770381152629852 0.0
0.582431435585022 0.18716035783290863 0.0
0.6314852833747864 0.15300437808036804 0.0
0.5872539281845093 0.18171153962612152 0.0
0.6255501508712769 0.1554633527994156 0.0
0.6138697862625122 0.1659780591726303 0.0
0.6092603802680969 0.16365870833396912 0.0
0.6205323934555054 0.16365648806095123 0.0
0.619835615158081 0.15841487050056458 0.0
0.6006188988685608 0.1734720915555954 0.0
0.5989630222320557 0.17680472135543823 0.0
0.6039720773696899 0.17010052502155304 0.0
0.6072739958763123 0.16687197983264923 0.0
0.22893446683883667 0.8663457036018372 0.0
0.2502399682998657 0.8840858340263367 0.0
0.2667238712310791 0.8907239437103271 0.0
0.2859899401664734 0.9050955176353455 0.0
0.32072335481643677 0.9287170171737671 0.0
0.3508412837982178 0.9406580924987793 0.0
0.39259791374206543 0.9603134989738464 0.0
0.40619200468063354 0.9735828638076782 0.0
0.42209768295288086 0.9847257137298584 0.0
0.4406740665435791 0.99192875623703 0.0
0.45614129304885864 1.0 0.0
0.4592822790145874 1.0 0.0
0.45771533250808716 1.0 0.0
0.4592094421386719 1.0 0.0
0.1383480429649353 0.8049324750900269 0.0
0.14464819431304932 0.8096352815628052 0.0
0.15501874685287476 0.8131571412086487 0.0
0.16623562574386597 0.8192067742347717 0.0
0.1719396710395813 0.8253733515739441 0.0
0.1804978847503662 0.8400048613548279 0.0
0.19525063037872314 0.845767080783844 0.0
0.21227848529815674 0.8509674668312073 0.0
0.28302001953125 0.8960762619972229 0.0
0.3216952681541443 0.9172900915145874 0.0
0.341739296913147 0.9323129653930664 0.0
0.12144452333450317 0.7881603837013245 0.0
0.11705726385116577 0.7945511341094971 0.0
0.10759824514389038 0.7751170992851257 0.0
0.09113991260528564 0.770966112613678 0.0
0.07124751806259155 0.7580190300941467 0.0
0.05447804927825928 0.745607316493988 0.0
0.050273895263671875 0.7366584539413452 0.0
0.03844571113586426 0.7332195043563843 0.0
0.03385734558105469 0.7282742857933044 0.0
0.03026878833770752 0.724308967590332 0.0
0.024740755558013916 0.7204148769378662 0.0
0.01750624179840088 0.7161469459533691 0.0
0.010926604270935059 0.7116571664810181 0.0
0.007773399353027344 0.7077810168266296 0.0
0.0 0.7059898972511292 0.0
0.009441852569580078 0.3061535060405731 0.0
0.0 0.692878007888794 0.0
0.01859891414642334 0.3132229447364807 0.0
0.7599002718925476 0.0 0.0
0.7637887597084045 0.0 0.0
0.7560091614723206 0.0 0.0
0.0229453444480896 0.3171594440937042 0.0
0.7523544430732727 0.0 0.0
0.7541805505752563 0.0 0.0
0.7510998845100403 0.0 0.0
0.7495862245559692 0.012462377548217773 0.0
0.03893035650253296 0.3210310935974121 0.0
0.04974651336669922 0.3213510513305664 0.0
0.7472046613693237 0.023788897320628166 0.0
0.7392855882644653 0.02983577735722065 0.0
0.06359952688217163 0.3251757025718689 0.0
0.7317610383033752 0.03631934896111488 0.0
0.7247939705848694 0.04223774001002312 0.0
0.08406567573547363 0.3274797797203064 0.0
0.09314006567001343 0.32931894063949585 0.0
0.7208294868469238 0.057858243584632874 0.0
0.7265179753303528 0.0508761890232563 0.0
0.10188281536102295 0.33078107237815857 0.0
0.7145336270332336 0.06347175687551498 0.0
0.10804539918899536 0.3320617377758026 0.0
0.11151206493377686 0.333689421415329 0.0
0.704401433467865 0.07008537650108337 0.0
0.11787962913513184 0.33403700590133667 0.0
0.7075443863868713 0.0752575695514679 0.0
0.12221235036849976 0.3349643349647522 0.0
0.7024325132369995 0.08045085519552231 0.0
0.12372052669525146 0.33627599477767944 0.0
0.12624937295913696 0.3372177481651306 0.0
0.699122428894043 0.08487444370985031 0.0
0.12871646881103516 0.33760717511177063 0.0
0.12911444902420044 0.337878942489624 0.0
0.6928515434265137 0.092437244951725 0.0
0.6854701638221741 0.09461240470409393 0.0
0.6848666667938232 0.10023828595876694 0.0
0.6835516095161438 0.10562913864850998 0.0
0.230965256690979 0.3154217600822449 0.0
0.2394719123840332 0.311629056930542 0.0
0.2248120903968811 0.31731244921684265 0.0
0.2235981822013855 0.3201904296875 0.0
0.23937588930130005 0.31472089886665344 0.0
0.2534448504447937 0.3108336329460144 0.0
0.2234640121459961 0.32309138774871826 0.0
0.25993049144744873 0.3111165165901184 0.0
0.2644728422164917 0.3088833689689636 0.0
0.2708442211151123 0.30560213327407837 0.0
0.6793560981750488 0.10899685323238373 0.0
0.6788808107376099 0.11328933387994766 0.0
0.2115880846977234 0.32427749037742615 0.0
0.2169792652130127 0.3237038552761078 0.0
0.21080899238586426 0.325798362493515 0.0
0.21766722202301025 0.3258073031902313 0.0
0.2882322072982788 0.3041587173938751 0.0
0.29388201236724854 0.30211928486824036 0.0
0.21210217475891113 0.32792240381240845 0.0
0.31162065267562866 0.29940757155418396 0.0
0.20796412229537964 0.3285176753997803 0.0
0.3192753195762634 0.29696035385131836 0.0
0.6697596907615662 0.12096971273422241 0.0
0.20308488607406616 0.3288032114505768 0.0
0.21380293369293213 0.3296399414539337 0.0
0.3312488794326782 0.29350948333740234 0.0
0.3497120141983032 0.28533053398132324 0.0
0.35628795623779297 0.283090204000473 0.0
0.6616209149360657 0.12490025907754898 0.0
0.20341670513153076 0.3289553225040436 0.0
0.20996516942977905 0.32961276173591614 0.0
0.33851510286331177 0.2921956777572632 0.0
0.3509026765823364 0.2900960445404053 0.0
0.3662312626838684 0.2833960950374603 0.0
0.663055956363678 0.12890753149986267 0.0
0.37967580556869507 0.2784079313278198 0.0
0.38589680194854736 0.2769506573677063 0.0
0.6603074669837952 0.13267025351524353 0.0
0.3984339237213135 0.2747093737125397 0.0
0.4069936275482178 0.27015089988708496 0.0
0.41784316301345825 0.26546794176101685 0.0
0.42923831939697266 0.2616409957408905 0.0
0.6540865898132324 0.13416855037212372 0.0
0.45011383295059204 0.2552817761898041 0.0
0.4567168951034546 0.25105932354927063 0.0
0.47294753789901733 0.24671870470046997 0.0
0.4875597357749939 0.23660965263843536 0.0
0.49677377939224243 0.23523418605327606 0.0
0.5020062327384949 0.2321835160255432 0.0
0.5087000727653503 0.23125867545604706 0.0
0.5093273520469666 0.22747908532619476 0.0
0.649796187877655 0.14070825278759003 0.0
0.5248698592185974 0.22344543039798737 0.0
0.5362862348556519 0.21685625612735748 0.0
0.5499835014343262 0.20993992686271667 0.0
0.5648402571678162 0.2032836377620697 0.0
0.6420239210128784 0.1480586975812912 0.0
0.5827214121818542 0.1926189810037613 0.0
0.6378347277641296 0.1517709195613861 0.0
0.5926942825317383 0.18728871643543243 0.0
0.6318121552467346 0.1571369171142578 0.0
0.5942193865776062 0.17887382209300995 0.0
0.5974037051200867 0.18360820412635803 0.0
0.6025809049606323 0.18050207197666168 0.0
0.6208012700080872 0.16976097226142883 0.0
0.6276734471321106 0.1607673168182373 0.0
0.605868935585022 0.17709311842918396 0.0
0.6082195043563843 0.17361246049404144 0.0
0.6114287376403809 0.17010051012039185 0.0
0.24580520391464233 0.8691774010658264 0.0
0.2573193907737732 0.8755331635475159 0.0
0.44530946016311646 0.9825143218040466 0.0
0.467316210269928 1.0 0.0
0.13976454734802246 0.7981103658676147 0.0
0.15829122066497803 0.8060066103935242 0.0
0.19116216897964478 0.8268435597419739 0.0
0.18967753648757935 0.8336924910545349 0.0
0.2016812562942505 0.8377678394317627 0.0
0.23043882846832275 0.8561341762542725 0.0
0.24811631441116333 0.8611514568328857 0.0
0.27221381664276123 0.8825647234916687 0.0
0.2881525158882141 0.8890173435211182 0.0
0.30716729164123535 0.8963170647621155 0.0
0.3162050247192383 0.9068132638931274 0.0
0.3494643568992615 0.921545147895813 0.0
0.3644558787345886 0.9301264882087708 0.0
0.3788912296295166 0.9381451606750488 0.0
0.39685720205307007 0.945927619934082 0.0
0.41868841648101807 0.9622396230697632 0.0
0.43601012229919434 0.9711098670959473 0.0
0.4688369035720825 0.9891060590744019 0.0
0.48498332500457764 1.0 0.0
0.4764810800552368 1.0 0.0
0.48072880506515503 1.0 0.0
0.11538481712341309 0.7815679311752319 0.0
0.13171088695526123 0.7935553193092346 0.0
0.15782052278518677 0.7984498739242554 0.0
0.10939091444015503 0.7669942378997803 0.0
0.09656471014022827 0.7630526423454285 0.0
0.08773714303970337 0.7574509382247925 0.0
0.08159786462783813 0.7498849630355835 0.0
0.06770408153533936 0.7451218366622925 0.0
0.059701502323150635 0.7402600049972534 0.0
0.0567052960395813 0.7293269038200378 0.0
0.045729100704193115 0.7275569438934326 0.0
0.0429530143737793 0.7237356901168823 0.0
0.03888171911239624 0.7196617126464844 0.0
0.034560978412628174 0.7143731713294983 0.0
0.024475276470184326 0.7104726433753967 0.0
0.017285525798797607 0.707017183303833 0.0
0.010917425155639648 0.7032968401908875 0.0
0.0 0.7019765377044678 0.0
0.0 0.6968287825584412 0.0
0.0 0.6892067193984985 0.0
0.00865781307220459 0.3133196532726288 0.0
0.7675078511238098 0.0 0.0
0.7684890627861023 0.0 0.0
0.7683678269386292 0.00241777952760458 0.0
0.7700598835945129 0.0 0.0
0.7661300897598267 0.0 0.0
0.7649601101875305 0.0 0.0
0.02847468852996826 0.32049450278282166 0.0
0.7609745264053345 0.009008582681417465 0.0
0.7609568238258362 0.019252246245741844 0.0
0.02883976697921753 0.3251434564590454 0.0
0.04168444871902466 0.32561004161834717 0.0
0.053053200244903564 0.3253551423549652 0.0
0.7501658797264099 0.033598024398088455 0.0
0.7556117177009583 0.026959698647260666 0.0
0.05613601207733154 0.32890063524246216 0.0
0.06508183479309082 0.3304750323295593 0.0
0.7346340417861938 0.045271169394254684 0.0
0.07549887895584106 0.32987913489341736 0.0
0.08136767148971558 0.33203306794166565 0.0
0.0864298939704895 0.3349161446094513 0.0
0.09441423416137695 0.333692342042923 0.0
0.09952270984649658 0.33565741777420044 0.0
0.7242421507835388 0.06540245562791824 0.0
0.10578709840774536 0.33549684286117554 0.0
0.7120500802993774 0.06996989250183105 0.0
0.10837143659591675 0.33701005578041077 0.0
0.11038506031036377 0.3386705219745636 0.0
0.11566561460494995 0.33860936760902405 0.0
0.11885261535644531 0.33999404311180115 0.0
0.12146562337875366 0.34076640009880066 0.0
0.7057879567146301 0.08587409555912018 0.0
0.6999282240867615 0.08967429399490356 0.0
0.6922584176063538 0.09821612387895584 0.0
0.6910266876220703 0.10372314602136612 0.0
0.6848070025444031 0.11095637083053589 0.0
0.239859938621521 0.31860020756721497 0.0
0.24467140436172485 0.3136395215988159 0.0
0.23236173391342163 0.320080041885376 0.0
0.24809807538986206 0.3175281286239624 0.0
0.25122302770614624 0.31413862109184265 0.0
0.2597097158432007 0.3147096335887909 0.0
0.22946232557296753 0.3226012587547302 0.0
0.2406296730041504 0.32193639874458313 0.0
0.2662384510040283 0.31323397159576416 0.0
0.27391719818115234 0.31130117177963257 0.0
0.27923470735549927 0.30814293026924133 0.0
0.6792619824409485 0.11934265494346619 0.0
0.2243329882621765 0.325659841299057 0.0
0.23082298040390015 0.325192391872406 0.0
0.2871814966201782 0.3076929450035095 0.0
0.21750986576080322 0.3273704946041107 0.0
0.29512882232666016 0.3064602017402649 0.0
0.301902711391449 0.3045908510684967 0.0
0.30795711278915405 0.3030727505683899 0.0
0.32768458127975464 0.29686668515205383 0.0
0.66985684633255 0.1272888481616974 0.0
0.21031564474105835 0.3300587832927704 0.0
0.33673298358917236 0.29621922969818115 0.0
0.3442692160606384 0.2912651002407074 0.0
0.3584451675415039 0.28668931126594543 0.0
0.20341676473617554 0.3289553225040436 0.0
0.20341670513153076 0.3289553225040436 0.0
0.37753939628601074 0.2820029854774475 0.0
0.38662856817245483 0.28054818511009216 0.0
0.20362263917922974 0.328988254070282 0.0
0.2035713791847229 0.32898005843162537 0.0
0.3946378827095032 0.2781221568584442 0.0
0.40426892042160034 0.2735517621040344 0.0
0.4152204990386963 0.2694159150123596 0.0
0.42585068941116333 0.26551634073257446 0.0
0.4384024143218994 0.2612234950065613 0.0
0.4405062198638916 0.25671184062957764 0.0
0.6601155400276184 0.13790729641914368 0.0
0.6541212201118469 0.13829505443572998 0.0
0.41288596391677856 0.27417659759521484 0.0
0.42202240228652954 0.26845812797546387 0.0
0.4358620047569275 0.26607364416122437 0.0
0.44767242670059204 0.26028794050216675 0.0
0.46089059114456177 0.25599220395088196 0.0
0.4665851593017578 0.2516564726829529 0.0
0.4832613468170166 0.24421632289886475 0.0
0.48773694038391113 0.24062293767929077 0.0
0.4946518540382385 0.23979516327381134 0.0
0.50804203748703 0.23598361015319824 0.0
0.5165295004844666 0.2296493649482727 0.0
0.5205104351043701 0.2267848700284958 0.0
0.53530353307724 0.2218598574399948 0.0
0.5448402762413025 0.21631816029548645 0.0
0.5453901290893555 0.2127164751291275 0.0
0.6511021256446838 0.14663392305374146 0.0
0.5540104508399963 0.21526648104190826 0.0
0.5596622228622437 0.21103523671627045 0.0
0.5640628337860107 0.20771881937980652 0.0
0.5715970993041992 0.2073913812637329 0.0
0.5739181041717529 0.20263512432575226 0.0
0.5779425501823425 0.19710832834243774 0.0
0.5900516510009766 0.19199927151203156 0.0
0.598382294178009 0.19175192713737488 0.0
0.6382661461830139 0.15639753639698029 0.0
0.6353703737258911 0.16052988171577454 0.0
0.6266192197799683 0.16569741070270538 0.0
0.6133337616920471 0.17663870751857758 0.0
0.6148050427436829 0.17324231564998627 0.0
0.17180031538009644 0.8135538697242737 0.0
0.19062602519989014 0.8131426572799683 0.0
0.18412178754806519 0.8209035992622375 0.0
0.20715242624282837 0.8309522867202759 0.0
0.2164859175682068 0.8418703079223633 0.0
0.23605793714523315 0.8453717827796936 0.0
0.2635488510131836 0.8670220971107483 0.0
0.28114837408065796 0.8742131590843201 0.0
0.2904934287071228 0.8820337653160095 0.0
0.41900110244750977 0.9516198635101318 0.0
0.46350574493408203 0.9754964113235474 0.0
0.5045742392539978 0.9911318421363831 0.0
0.4944007992744446 1.0 0.0
0.5038116574287415 1.0 0.0
0.13543349504470825 0.7804341912269592 0.0
0.1408953070640564 0.7873630523681641 0.0
0.14869290590286255 0.7928033471107483 0.0
0.1773802638053894 0.8080741763114929 0.0
0.21499007940292358 0.8243120908737183 0.0
0.22076541185379028 0.8346086740493774 0.0
0.25250017642974854 0.8518791794776917 0.0
0.2705802321434021 0.8578676581382751 0.0
0.3074594736099243 0.8864172101020813 0.0
0.3310275077819824 0.9000189900398254 0.0
0.3455190062522888 0.9082552790641785 0.0
0.3739709258079529 0.9217559695243835 0.0
0.38876259326934814 0.9274046421051025 0.0
0.4052548408508301 0.9347261190414429 0.0
0.4195888042449951 0.9417556524276733 0.0
0.4409521818161011 0.9577886462211609 0.0
0.45835816860198975 0.9649024605751038 0.0
0.4924280643463135 0.979504406452179 0.0
0.519443154335022 1.0 0.0
0.12520039081573486 0.775533139705658 0.0
0.12450069189071655 0.7692539095878601 0.0
0.37172800302505493 0.9128800630569458 0.0
0.11246931552886963 0.7600303292274475 0.0
0.10180884599685669 0.757028341293335 0.0
0.09914755821228027 0.7513298988342285 0.0
0.0849350094795227 0.741234540939331 0.0
0.07405441999435425 0.7375397682189941 0.0
0.06498920917510986 0.7338352799415588 0.0
0.07044833898544312 0.7282992005348206 0.0
0.05547642707824707 0.7232471108436584 0.0
0.051606953144073486 0.7188631892204285 0.0
0.047062456607818604 0.715349555015564 0.0
0.03788107633590698 0.7075873017311096 0.0
0.02824956178665161 0.7053313255310059 0.0
0.02141857147216797 0.703109860420227 0.0
0.020819425582885742 0.6989481449127197 0.0
0.010512709617614746 0.6978933215141296 0.0
0.011569499969482422 0.6927604079246521 0.0
0.006142854690551758 0.6915090680122375 0.0
0.00595933198928833 0.6870220303535461 0.0
0.0 0.684001088142395 0.0
0.010486721992492676 0.31738200783729553 0.0
0.7740267515182495 0.0 0.0
0.7779309749603271 0.0 0.0
0.7801066637039185 0.002641742117702961 0.0
0.015060663223266602 0.3227687180042267 0.0
0.7695504426956177 0.012402323074638844 0.0
0.03189164400100708 0.33064234256744385 0.0
0.045768678188323975 0.3299761116504669 0.0
0.7574912905693054 0.03260884806513786 0.0
0.7420023679733276 0.03953712433576584 0.0
0.07141178846359253 0.3343260884284973 0.0
0.7446777820587158 0.04841158539056778 0.0
0.07777899503707886 0.33643996715545654 0.0
0.7377752661705017 0.053945958614349365 0.0
0.7318304777145386 0.06086423248052597 0.0
0.09073340892791748 0.3379088044166565 0.0
0.09425926208496094 0.34078100323677063 0.0
0.7192918062210083 0.06947174668312073 0.0
0.10146796703338623 0.33901649713516235 0.0
0.10743957757949829 0.34241101145744324 0.0
0.1039312481880188 0.34122681617736816 0.0
0.718002200126648 0.07601363211870193 0.0
0.11114758253097534 0.34355130791664124 0.0
0.7112067937850952 0.08132137358188629 0.0
0.11556577682495117 0.34312644600868225 0.0
0.11521285772323608 0.34474870562553406 0.0
0.12022632360458374 0.3421249985694885 0.0
0.7085788249969482 0.09185031801462173 0.0
0.700031578540802 0.09558091312646866 0.0
0.6996749639511108 0.10208355635404587 0.0
0.689721941947937 0.10840127617120743 0.0
0.6848411560058594 0.11569616943597794 0.0
0.23740023374557495 0.32419514656066895 0.0
0.24754273891448975 0.32167914509773254 0.0
0.2562485337257385 0.31761080026626587 0.0
0.26609712839126587 0.31610605120658875 0.0
0.24599802494049072 0.32472750544548035 0.0
0.25703704357147217 0.3217630088329315 0.0
0.2737879157066345 0.3168417513370514 0.0
0.27899330854415894 0.31417733430862427 0.0
0.2845708727836609 0.31208857893943787 0.0
0.22517579793930054 0.3281739354133606 0.0
0.23210883140563965 0.3279576301574707 0.0
0.28399980068206787 0.31652963161468506 0.0
0.29598772525787354 0.3112908899784088 0.0
0.6773281097412109 0.1251213252544403 0.0
0.2218770980834961 0.32937827706336975 0.0
0.3034687042236328 0.30872973799705505 0.0
0.30958420038223267 0.3066321015357971 0.0
0.31567972898483276 0.30421382188796997 0.0
0.32330769300460815 0.3011271059513092 0.0
0.21994662284851074 0.33051833510398865 0.0
0.21837568283081055 0.3313847482204437 0.0
0.3338560461997986 0.30031532049179077 0.0
0.34624701738357544 0.29473379254341125 0.0
0.3611135482788086 0.29089784622192383 0.0
0.6687219142913818 0.13272394239902496 0.0
0.20507532358169556 0.32922062277793884 0.0
0.3434094190597534 0.29956352710723877 0.0
0.35535919666290283 0.2941478192806244 0.0
0.3667668104171753 0.2878126800060272 0.0
0.3763093948364258 0.2868920564651489 0.0
0.6674147248268127 0.13737986981868744 0.0
0.2136175036430359 0.330792099237442 0.0
0.21444451808929443 0.33097580075263977 0.0
0.21403133869171143 0.33088400959968567 0.0
0.3861386179924011 0.2848717272281647 0.0
0.40480995178222656 0.27744102478027344 0.0
0.4014967083930969 0.28092068433761597 0.0
0.4144309163093567 0.27925214171409607 0.0
0.42220211029052734 0.2721749246120453 0.0
0.4292048215866089 0.26960489153862 0.0
0.4459431767463684 0.2647409439086914 0.0
0.4559038281440735 0.2593793570995331 0.0
0.47091734409332275 0.2566373944282532 0.0
0.47665417194366455 0.2526550889015198 0.0
0.48235684633255005 0.24932073056697845 0.0
0.4931354522705078 0.2438151091337204 0.0
0.4997760057449341 0.24268297851085663 0.0
0.5029086470603943 0.23967541754245758 0.0
0.5149927139282227 0.23391945660114288 0.0
0.5266813635826111 0.22983095049858093 0.0
0.658484697341919 0.14325499534606934 0.0
0.5350788831710815 0.2270340621471405 0.0
0.5442899465560913 0.22068002820014954 0.0
0.5515182018280029 0.21938392519950867 0.0
0.569167971611023 0.21171456575393677 0.0
0.6542505621910095 0.15150178968906403 0.0
0.648973286151886 0.15076600015163422 0.0
0.6450517773628235 0.15415310859680176 0.0
0.5877856016159058 0.19694288074970245 0.0
0.5857225060462952 0.20101310312747955 0.0
0.6004300713539124 0.18780377507209778 0.0
0.6406951546669006 0.1604069471359253 0.0
0.6070694327354431 0.18550564348697662 0.0
0.632986843585968 0.16483227908611298 0.0
0.6302843689918518 0.16935661435127258 0.0
0.6120908856391907 0.1809440404176712 0.0
0.6204272508621216 0.17533503472805023 0.0
0.20365387201309204 0.8192087411880493 0.0
0.5116273760795593 1.0 0.0
0.5404160618782043 1.0 0.0
0.5364015102386475 1.0 0.0
0.5444320440292358 1.0 0.0
0.1502196192741394 0.78228360414505 0.0
0.15729445219039917 0.7868665456771851 0.0
0.1633496880531311 0.7917847633361816 0.0
0.17714029550552368 0.8006269931793213 0.0
0.22482049465179443 0.8286134004592896 0.0
0.23236113786697388 0.8379730582237244 0.0
0.2469182014465332 0.8380170464515686 0.0
0.2822422385215759 0.8653877973556519 0.0
0.3039814233779907 0.8781743049621582 0.0
0.33196282386779785 0.8906803727149963 0.0
0.34917229413986206 0.8980266451835632 0.0
0.44595420360565186 0.9450193047523499 0.0
0.4838394522666931 0.9669784903526306 0.0
0.5205240249633789 0.9825015664100647 0.0
0.5406363010406494 0.9919872879981995 0.0
0.1425299048423767 0.7713040113449097 0.0
0.2620556354522705 0.8428770303726196 0.0
0.27019673585891724 0.8498051166534424 0.0
0.30166327953338623 0.8693783283233643 0.0
0.32166582345962524 0.8823286294937134 0.0
0.37167733907699585 0.901240885257721 0.0
0.3930218815803528 0.9173172116279602 0.0
0.41575396060943604 0.9232856035232544 0.0
0.43179941177368164 0.9334628582000732 0.0
0.46922534704208374 0.9555304050445557 0.0
0.5146845579147339 0.9712032675743103 0.0
0.12307918071746826 0.7631965279579163 0.0
0.11392354965209961 0.7532710433006287 0.0
0.09841775894165039 0.7441813349723816 0.0
0.11315053701400757 0.7463906407356262 0.0
0.09999191761016846 0.7370485067367554 0.0
0.08851104974746704 0.7341412305831909 0.0
0.07854419946670532 0.7310509085655212 0.0
0.0705060362815857 0.7222937345504761 0.0
0.06457501649856567 0.7171204090118408 0.0
0.04948985576629639 0.7097872495651245 0.0
0.030321180820465088 0.700455904006958 0.0
0.03809469938278198 0.7025840878486633 0.0
0.021621346473693848 0.693141520023346 0.0
0.01910841464996338 0.6888257265090942 0.0
0.012950539588928223 0.6878032684326172 0.0
0.01322472095489502 0.683428168296814 0.0
0.7920458912849426 0.0 0.0
0.7930926084518433 0.0 0.0
0.790996253490448 0.0 0.0
0.0 0.6785370707511902 0.0
0.7810704112052917 0.0 0.0
0.7838728427886963 0.0 0.0
0.7796377539634705 0.0 0.0
0.7805461883544922 0.015388158150017262 0.0
0.7712340950965881 0.021394969895482063 0.0
0.015323936939239502 0.33016717433929443 0.0
0.766198456287384 0.030944788828492165 0.0
0.038132309913635254 0.33598005771636963 0.0
0.05251646041870117 0.33347171545028687 0.0
0.7590878009796143 0.03819590061903 0.0
0.7518332600593567 0.04302465543150902 0.0
0.060549259185791016 0.33653488755226135 0.0
0.0684807300567627 0.34072789549827576 0.0
0.7477127909660339 0.0567544624209404 0.0
0.741413950920105 0.06120370328426361 0.0
0.08124160766601562 0.3403489291667938 0.0
0.08761858940124512 0.34216412901878357 0.0
0.08890336751937866 0.3461821377277374 0.0
0.7315214276313782 0.06830228120088577 0.0
0.09692037105560303 0.3437838852405548 0.0
0.7262603640556335 0.07233397662639618 0.0
0.10006225109100342 0.3463519811630249 0.0
0.10488748550415039 0.3460499346256256 0.0
0.10599803924560547 0.3480764925479889 0.0
0.11095565557479858 0.34641626477241516 0.0
0.71941739320755 0.08349088579416275 0.0
0.7129576802253723 0.08660933375358582 0.0
0.7073035836219788 0.09839364141225815 0.0
0.6965942978858948 0.1079164668917656 0.0
0.6929243206977844 0.11431536823511124 0.0
0.6885427832603455 0.12077001482248306 0.0
0.6836791038513184 0.1242489442229271 0.0
0.2532387375831604 0.3248072564601898 0.0
0.2647585868835449 0.31921911239624023 0.0
0.2385045886039734 0.32749488949775696 0.0
0.24421340227127075 0.3269752264022827 0.0
0.2929233908653259 0.3156340420246124 0.0
0.6833712458610535 0.1287650167942047 0.0
0.2285711169242859 0.33072027564048767 0.0
0.2335655689239502 0.3307567238807678 0.0
0.24639207124710083 0.32999080419540405 0.0
0.31091374158859253 0.31024879217147827 0.0
0.6776272058486938 0.12956503033638 0.0
0.2269706130027771 0.33190909028053284 0.0
0.31747525930404663 0.30881252884864807 0.0
0.32470619678497314 0.30618956685066223 0.0
0.6750350594520569 0.1323057860136032 0.0
0.22485440969467163 0.33263739943504333 0.0
0.33131319284439087 0.3038843274116516 0.0
0.21709340810775757 0.3315640985965729 0.0
0.34134823083877563 0.3044332265853882 0.0
0.34770774841308594 0.3021208941936493 0.0
0.3551216125488281 0.29994887113571167 0.0
0.3636869192123413 0.29567092657089233 0.0
0.3717517852783203 0.2918948531150818 0.0
0.380271315574646 0.29061728715896606 0.0
0.3852114677429199 0.2885236144065857 0.0
0.39499974250793457 0.2829849123954773 0.0
0.6663305759429932 0.1420070230960846 0.0
0.3957372307777405 0.2887626886367798 0.0
0.40511614084243774 0.2849782407283783 0.0
0.4080567955970764 0.28122198581695557 0.0
0.43807464838027954 0.27105236053466797 0.0
0.44422292709350586 0.26852867007255554 0.0
0.4555935859680176 0.26347967982292175 0.0
0.4655528664588928 0.26110589504241943 0.0
0.4922979474067688 0.249142125248909 0.0
0.5070297718048096 0.24366723001003265 0.0
0.511047899723053 0.24051859974861145 0.0
0.5199448466300964 0.23857389390468597 0.0
0.5217618346214294 0.23369434475898743 0.0
0.42298054695129395 0.27697405219078064 0.0
0.43117570877075195 0.27423086762428284 0.0
0.4538991451263428 0.2685497999191284 0.0
0.47501707077026367 0.2603784203529358 0.0
0.5009820461273193 0.2464645802974701 0.0
0.5370676517486572 0.23181523382663727 0.0
0.5444816946983337 0.2260923832654953 0.0
0.6604276895523071 0.15043945610523224 0.0
0.552963137626648 0.22357936203479767 0.0
0.5656204223632812 0.21614816784858704 0.0
0.5768640041351318 0.2115173637866974 0.0
0.5807989239692688 0.2077866941690445 0.0
0.5811913013458252 0.2028190642595291 0.0
0.5877892374992371 0.2057279497385025 0.0
0.6517139077186584 0.15436480939388275 0.0
0.5941426753997803 0.20253194868564606 0.0
0.5962449908256531 0.1967008262872696 0.0
0.6511498093605042 0.16017545759677887 0.0
0.6442444920539856 0.1586574763059616 0.0
0.644888699054718 0.16287507116794586 0.0
0.6062998175621033 0.1909027248620987 0.0
0.6372608542442322 0.16855986416339874 0.0
0.635013222694397 0.1729397475719452 0.0
0.6393548846244812 0.16411113739013672 0.0
0.615681529045105 0.18516694009304047 0.0
0.6209812760353088 0.18248885869979858 0.0
0.6187781691551208 0.17891925573349 0.0
0.6266409754753113 0.17888784408569336 0.0
0.6278596520423889 0.17392204701900482 0.0
0.17725270986557007 0.7933470606803894 0.0
0.1948838233947754 0.8018911480903625 0.0
0.21783196926116943 0.811795711517334 0.0
0.21113455295562744 0.8043676614761353 0.0
0.24135667085647583 0.8314040899276733 0.0
0.5638520121574402 1.0 0.0
0.5584997534751892 1.0 0.0
0.5606537461280823 1.0 0.0
0.560630202293396 1.0 0.0
0.5622378587722778 1.0 0.0
0.15167784690856934 0.7769403457641602 0.0
0.16562777757644653 0.7797850966453552 0.0
0.17376136779785156 0.7865375876426697 0.0
0.19464784860610962 0.7947930693626404 0.0
0.22373676300048828 0.8178927898406982 0.0
0.23915374279022217 0.8222160935401917 0.0
0.2841340899467468 0.8522701263427734 0.0
0.2972733974456787 0.8591299057006836 0.0
0.3230138421058655 0.8747714757919312 0.0
0.3418735861778259 0.8814419507980347 0.0
0.3617924451828003 0.8898134231567383 0.0
0.39291203022003174 0.9072304964065552 0.0
0.46127933263778687 0.9335178136825562 0.0
0.506258487701416 0.9566022157669067 0.0
0.5501952767372131 0.9768280386924744 0.0
0.13806182146072388 0.7631387114524841 0.0
0.2835274338722229 0.8455142974853516 0.0
0.32499510049819946 0.8646466732025146 0.0
0.41417407989501953 0.9115315079689026 0.0
0.12987244129180908 0.756289005279541 0.0
0.1282261610031128 0.7485137581825256 0.0
0.09174931049346924 0.727737307548523 0.0
0.08185827732086182 0.7248873710632324 0.0
0.05865931510925293 0.7129716277122498 0.0
0.05125141143798828 0.7019579410552979 0.0
0.042643725872039795 0.696825385093689 0.0
0.03141427040100098 0.6951665878295898 0.0
0.027651190757751465 0.6871282458305359 0.0
0.03203022480010986 0.6904256343841553 0.0
0.022220969200134277 0.6827143430709839 0.0
0.016750872135162354 0.6791573762893677 0.0
0.008327901363372803 0.6800797581672668 0.0
0.7955760955810547 0.0 0.0
0.7984117865562439 0.0 0.0
0.8000320196151733 0.0020552980713546276 0.0
0.006329655647277832 0.6746925115585327 0.0
0.7909079790115356 0.008319955319166183 0.0
0.0 0.6726343631744385 0.0
0.7787759304046631 0.02758725918829441 0.0
0.020044922828674316 0.3372448682785034 0.0
0.048821091651916504 0.3390200436115265 0.0
0.037244319915771484 0.34193113446235657 0.0
0.056880414485931396 0.34124046564102173 0.0
0.7546383142471313 0.051303260028362274 0.0
0.07454198598861694 0.3448238968849182 0.0
0.08172208070755005 0.3455769717693329 0.0
0.7397229075431824 0.06837042421102524 0.0
0.7345609068870544 0.07433325797319412 0.0
0.09267616271972656 0.3491751551628113 0.0
0.7282194495201111 0.08012111485004425 0.0
0.10082334280014038 0.34992197155952454 0.0
0.7255492210388184 0.08638640493154526 0.0
0.10655397176742554 0.3503267467021942 0.0
0.7188394069671631 0.09011330455541611 0.0
0.10992968082427979 0.34869658946990967 0.0
0.11211085319519043 0.34724336862564087 0.0
0.10726743936538696 0.35137495398521423 0.0
0.7151127457618713 0.09606490284204483 0.0
0.713163435459137 0.10064711421728134 0.0
0.7079607248306274 0.10357509553432465 0.0
0.7033562660217285 0.1068766787648201 0.0
0.703251838684082 0.11246977746486664 0.0
0.6952028274536133 0.12035063654184341 0.0
0.6894791126251221 0.1268230378627777 0.0
0.2659112215042114 0.32360774278640747 0.0
0.2527309060096741 0.3283131718635559 0.0
0.26230138540267944 0.3269420564174652 0.0
0.27396953105926514 0.3229239583015442 0.0
0.2825819253921509 0.3209274411201477 0.0
0.2400835156440735 0.3306497633457184 0.0
0.2912272810935974 0.3197982907295227 0.0
0.2999333143234253 0.319075345993042 0.0
0.3013244867324829 0.3154631555080414 0.0
0.3066352605819702 0.31303805112838745 0.0
0.6820834279060364 0.13388969004154205 0.0
0.23405563831329346 0.3336414396762848 0.0
0.24049443006515503 0.3337356746196747 0.0
0.2488994002342224 0.33432328701019287 0.0
0.2306901216506958 0.3345737159252167 0.0
0.24070018529891968 0.3366559147834778 0.0
0.3270420432090759 0.31175827980041504 0.0
0.3338199257850647 0.3078003227710724 0.0
0.6765418648719788 0.13777022063732147 0.0
0.22679483890533447 0.33424705266952515 0.0
0.672327995300293 0.14138369262218475 0.0
0.21488332748413086 0.33107325434684753 0.0
0.21466416120529175 0.3310245871543884 0.0
0.35121679306030273 0.30490702390670776 0.0
0.36532461643218994 0.29990437626838684 0.0
0.3735824227333069 0.29812103509902954 0.0
0.38055914640426636 0.2944537401199341 0.0
0.3875964283943176 0.2921568751335144 0.0
0.4146765470504761 0.2837026119232178 0.0
0.48031431436538696 0.25747132301330566 0.0
0.486444354057312 0.25386255979537964 0.0
0.5171449780464172 0.24457047879695892 0.0
0.530307412147522 0.2360788881778717 0.0
0.6671226620674133 0.1474083811044693 0.0
0.42345428466796875 0.28205016255378723 0.0
0.44054919481277466 0.2756093740463257 0.0
0.4470500349998474 0.27227625250816345 0.0
0.46445900201797485 0.26641353964805603 0.0
0.5033061504364014 0.2514861524105072 0.0
0.5102106928825378 0.24818605184555054 0.0
0.5410975217819214 0.22920075058937073 0.0
0.5466651320457458 0.23198895156383514 0.0
0.44918137788772583 0.27664193511009216 0.0
0.5545944571495056 0.22869114577770233 0.0
0.5610359907150269 0.2210225760936737 0.0
0.5722885727882385 0.2212076336145401 0.0
0.5769290328025818 0.21662208437919617 0.0
0.5887748003005981 0.2102661281824112 0.0
0.6583192348480225 0.15622268617153168 0.0
0.6044245958328247 0.19588173925876617 0.0
0.6027954816818237 0.20105203986167908 0.0
0.6491314172744751 0.16672952473163605 0.0
0.6145700812339783 0.18952985107898712 0.0
0.6412027478218079 0.17215706408023834 0.0
0.6433218121528625 0.1676819622516632 0.0
0.6330511569976807 0.17668411135673523 0.0
0.18395256996154785 0.7800858616828918 0.0
0.19361048936843872 0.7866553664207458 0.0
0.21194779872894287 0.7960194945335388 0.0
0.23432767391204834 0.8043471574783325 0.0
0.26174336671829224 0.8256453275680542 0.0
0.26300299167633057 0.8339112997055054 0.0
0.4816916584968567 0.9440231919288635 0.0
0.5782839059829712 0.9888757467269897 0.0
0.6099253296852112 1.0 0.0
0.15730232000350952 0.7629424333572388 0.0
0.16467130184173584 0.771037757396698 0.0
0.17775356769561768 0.7746397852897644 0.0
0.19912070035934448 0.7795107364654541 0.0
0.24206912517547607 0.8121146559715271 0.0
0.282623291015625 0.828916072845459 0.0
0.2832050919532776 0.8374884128570557 0.0
0.30070817470550537 0.8498790860176086 0.0
0.3195553421974182 0.8547001481056213 0.0
0.34563660621643066 0.872235894203186 0.0
0.36726588010787964 0.8783971071243286 0.0
0.3835333585739136 0.8933182954788208 0.0
0.3932535648345947 0.8988779187202454 0.0
0.4123780131340027 0.9011206030845642 0.0
0.4337412118911743 0.915302038192749 0.0
0.4451930522918701 0.9236294031143188 0.0
0.4917359948158264 0.9325686097145081 0.0
0.5355949997901917 0.9642660021781921 0.0
0.1496739387512207 0.7559205889701843 0.0
0.3016911745071411 0.8417190313339233 0.0
0.3374057412147522 0.8578764200210571 0.0
0.3850306272506714 0.8852795362472534 0.0
0.4045169949531555 0.8910537958145142 0.0
0.437976598739624 0.9045275449752808 0.0
0.14350342750549316 0.7499133348464966 0.0
0.1279217004776001 0.7415167093276978 0.0
0.11317342519760132 0.739473283290863 0.0
0.1020277738571167 0.7305972576141357 0.0
0.11354964971542358 0.7329320311546326 0.0
0.08596700429916382 0.7184045910835266 0.0
0.09488850831985474 0.7215287685394287 0.0
0.07860404253005981 0.7143039107322693 0.0
0.0716748833656311 0.7102596163749695 0.0
0.06539422273635864 0.7053020596504211 0.0
0.04937434196472168 0.6922692060470581 0.0
0.056379616260528564 0.6939218640327454 0.0
0.04254180192947388 0.6903494000434875 0.0
0.03799760341644287 0.6855780482292175 0.0
0.033631324768066406 0.6813197731971741 0.0
0.030381739139556885 0.6775487065315247 0.0
0.024145901203155518 0.675848662853241 0.0
0.8001652359962463 0.0 0.0
0.8009974956512451 0.0 0.0
0.7995302081108093 0.0 0.0
0.015631794929504395 0.673427402973175 0.0
0.0081825852394104 0.6685782670974731 0.0
0.8017775416374207 0.014198364689946175 0.0
0.7915011644363403 0.017803078517317772 0.0
0.0 0.666724443435669 0.0
0.787321150302887 0.024371203035116196 0.0
0.02975022792816162 0.3397999703884125 0.0
0.7687796354293823 0.04157455638051033 0.0
0.7613729238510132 0.04617619514465332 0.0
0.04780852794647217 0.3450736403465271 0.0
0.7649022936820984 0.05343618243932724 0.0
0.0587083101272583 0.3449384570121765 0.0
0.7581638097763062 0.05929313972592354 0.0
0.7501162886619568 0.06589849293231964 0.0
0.0658947229385376 0.3473743200302124 0.0
0.07417017221450806 0.3502506613731384 0.0
0.7465471029281616 0.07268963754177094 0.0
0.08201897144317627 0.3498363792896271 0.0
0.08576315641403198 0.35210713744163513 0.0
0.7414239048957825 0.07514612376689911 0.0
0.7388500571250916 0.08134729415178299 0.0
0.09510385990142822 0.3520983159542084 0.0
0.7327142357826233 0.08678226172924042 0.0
0.1021694540977478 0.35239771008491516 0.0
0.7272152900695801 0.09123894572257996 0.0
0.10596680641174316 0.3523361086845398 0.0
0.10312026739120483 0.3542928695678711 0.0
0.7221413850784302 0.0948537290096283 0.0
0.7209188342094421 0.10021761059761047 0.0
0.7153464555740356 0.10492012649774551 0.0
0.709829568862915 0.10860412567853928 0.0
0.7006509900093079 0.11850525438785553 0.0
0.6995375156402588 0.12380705028772354 0.0
0.6940754055976868 0.12438657134771347 0.0
0.27050894498825073 0.32641854882240295 0.0
0.6893969774246216 0.1322573870420456 0.0
0.2538149356842041 0.33210456371307373 0.0
0.2626270651817322 0.332258403301239 0.0
0.2767031788825989 0.3273187279701233 0.0
0.28255265951156616 0.32561615109443665 0.0
0.28980159759521484 0.3240419626235962 0.0
0.31026285886764526 0.31854137778282166 0.0
0.31675243377685547 0.3140566349029541 0.0
0.23657262325286865 0.3369140923023224 0.0
0.24542027711868286 0.3365417420864105 0.0
0.6830571889877319 0.13787242770195007 0.0
0.23434340953826904 0.3372481167316437 0.0
0.33721697330474854 0.31227079033851624 0.0
0.34146106243133545 0.3091270923614502 0.0
0.6844742298126221 0.14151982963085175 0.0
0.6789616346359253 0.14482970535755157 0.0
0.23445987701416016 0.33773717284202576 0.0
0.34840458631515503 0.30864378809928894 0.0
0.3598119020462036 0.306183397769928 0.0
0.3635903000831604 0.3030531108379364 0.0
0.672145664691925 0.14512096345424652 0.0
0.3549274802207947 0.3084894120693207 0.0
0.37058407068252563 0.30317598581314087 0.0
0.3826807141304016 0.2986549139022827 0.0
0.38765233755111694 0.29619893431663513 0.0
0.39635199308395386 0.29525110125541687 0.0
0.40663766860961914 0.2895703911781311 0.0
0.5270711183547974 0.24333548545837402 0.0
0.5284557342529297 0.23994803428649902 0.0
0.40379053354263306 0.292620450258255 0.0
0.41419631242752075 0.2882009744644165 0.0
0.4226270318031311 0.28681913018226624 0.0
0.4337969422340393 0.2798731327056885 0.0
0.4557535648345947 0.2735079228878021 0.0
0.463617205619812 0.2711556553840637 0.0
0.4755202531814575 0.2649089992046356 0.0
0.48175179958343506 0.2614801526069641 0.0
0.4899284839630127 0.2595369815826416 0.0
0.49624884128570557 0.25500011444091797 0.0
0.5144245028495789 0.2537505626678467 0.0
0.518631637096405 0.249547079205513 0.0
0.5358226299285889 0.24146926403045654 0.0
0.5410451292991638 0.23670519888401031 0.0
0.43184298276901245 0.2857617735862732 0.0
0.44342726469039917 0.27962443232536316 0.0
0.5607309937477112 0.22594082355499268 0.0
0.6690868735313416 0.1538785696029663 0.0
0.5691608786582947 0.22587473690509796 0.0
0.5855401754379272 0.21401670575141907 0.0
0.663744330406189 0.1550952047109604 0.0
0.5962191820144653 0.2094849944114685 0.0
0.593319296836853 0.2136082500219345 0.0
0.6594612002372742 0.1627206653356552 0.0
0.6103991270065308 0.19980400800704956 0.0
0.6093703508377075 0.2045193761587143 0.0
0.6126843690872192 0.19479379057884216 0.0
0.6553171873092651 0.1667187213897705 0.0
0.6231111884117126 0.18732227385044098 0.0
0.6222233772277832 0.19331404566764832 0.0
0.6468396186828613 0.17160113155841827 0.0
0.6444633603096008 0.17529979348182678 0.0
0.628671407699585 0.18362614512443542 0.0
0.6355628371238708 0.18089592456817627 0.0
0.6391934752464294 0.17640788853168488 0.0
0.6280699968338013 1.0 0.0
0.6400629281997681 1.0 0.0
0.6340612173080444 1.0 0.0
0.2090132236480713 0.7896783351898193 0.0
0.2308221459388733 0.796796441078186 0.0
0.6106718182563782 0.9874364733695984 0.0
0.6418697834014893 0.9913414716720581 0.0
0.6633762121200562 1.0 0.0
0.18172240257263184 0.7691290378570557 0.0
0.19421488046646118 0.7731742262840271 0.0
0.21499592065811157 0.7821484208106995 0.0
0.22672343254089355 0.7890380024909973 0.0
0.25398921966552734 0.8042353987693787 0.0
0.2637593746185303 0.8158885836601257 0.0
0.2795579433441162 0.8215636014938354 0.0
0.4739413857460022 0.9228986501693726 0.0
0.5177125930786133 0.9417019486427307 0.0
0.5418310165405273 0.952983558177948 0.0
0.5650262832641602 0.962915301322937 0.0
0.5965110063552856 0.9729400873184204 0.0
0.17680972814559937 0.7628467679023743 0.0
0.3057786226272583 0.8325244188308716 0.0
0.31865501403808594 0.8460960388183594 0.0
0.3528074622154236 0.8633390665054321 0.0
0.36544597148895264 0.8700168132781982 0.0
0.38832175731658936 0.8779444098472595 0.0
0.43153542280197144 0.8930365443229675 0.0
0.45766109228134155 0.9130872488021851 0.0
0.503302812576294 0.9223322868347168 0.0
0.14246350526809692 0.7435962557792664 0.0
0.3012850880622864 0.8219952583312988 0.0
0.31766611337661743 0.8389742970466614 0.0
0.3387588858604431 0.8497046232223511 0.0
0.35155433416366577 0.8556495904922485 0.0
0.3830578923225403 0.8718199133872986 0.0
0.404252290725708 0.8811971545219421 0.0
0.12755006551742554 0.73466956615448 0.0
0.11348342895507812 0.7275239825248718 0.0
0.10512155294418335 0.7244351506233215 0.0
0.09779185056686401 0.7159431576728821 0.0
0.09313857555389404 0.7114509344100952 0.0
0.08560335636138916 0.7060698866844177 0.0
0.07605373859405518 0.7052916288375854 0.0
0.06793707609176636 0.6966580152511597 0.0
0.08066749572753906 0.6994665265083313 0.0
0.056175291538238525 0.6872987151145935 0.0
0.04877537488937378 0.683718204498291 0.0
0.043934404850006104 0.6797235012054443 0.0
0.039708852767944336 0.674750030040741 0.0
0.03213244676589966 0.6729817390441895 0.0
0.027125000953674316 0.6690918803215027 0.0
0.8110735416412354 0.0 0.0
0.8137930631637573 0.0 0.0
0.8091780543327332 0.0 0.0
0.8101879358291626 0.0 0.0
0.8031408190727234 0.0 0.0
0.018696844577789307 0.6662654280662537 0.0
0.8096053600311279 0.005946888122707605 0.0
0.005482077598571777 0.6635935306549072 0.0
0.7966387867927551 0.025786329060792923 0.0
0.0 0.6605312824249268 0.0
0.7889596223831177 0.033111680299043655 0.0
0.7785452008247375 0.03760840371251106 0.0
0.02415543794631958 0.34427639842033386 0.0
0.7783932685852051 0.04648382589221001 0.0
0.769923746585846 0.048552412539720535 0.0
0.03541886806488037 0.34765490889549255 0.0
0.054306089878082275 0.35047730803489685 0.0
0.07806146144866943 0.35529422760009766 0.0
0.746716320514679 0.0787561759352684 0.0
0.08913153409957886 0.35476040840148926 0.0
0.09737831354141235 0.3547498285770416 0.0
0.7404049038887024 0.0886935368180275 0.0
0.09922677278518677 0.3573468327522278 0.0
0.73468017578125 0.09276483952999115 0.0
0.7285094857215881 0.09665929526090622 0.0
0.10708987712860107 0.3515547513961792 0.0
0.10691308975219727 0.3517337739467621 0.0
0.1069406270980835 0.3517059087753296 0.0
0.10674399137496948 0.3519050180912018 0.0
0.10487520694732666 0.35379737615585327 0.0
0.7233273983001709 0.10621640086174011 0.0
0.7179847359657288 0.11066412180662155 0.0
0.7118812799453735 0.11367466300725937 0.0
0.7079355716705322 0.11809474229812622 0.0
0.7049140334129333 0.12226954102516174 0.0
0.6972178220748901 0.1299128383398056 0.0
0.2724997401237488 0.33066749572753906 0.0
0.2978419065475464 0.32314640283584595 0.0
0.295734703540802 0.3273068368434906 0.0
0.2582111358642578 0.33546051383018494 0.0
0.2555201053619385 0.33772826194763184 0.0
0.30523139238357544 0.3223632872104645 0.0
0.6890761256217957 0.1379275768995285 0.0
0.2510097622871399 0.33869999647140503 0.0
0.32575464248657227 0.3180423080921173 0.0
0.2387445569038391 0.3393286466598511 0.0
0.24170494079589844 0.33967316150665283 0.0
0.2464565634727478 0.339838445186615 0.0
0.3334085941314697 0.3158358633518219 0.0
0.23906338214874268 0.3401866555213928 0.0
0.34098178148269653 0.31672829389572144 0.0
0.346477746963501 0.31325554847717285 0.0
0.24027389287948608 0.34098970890045166 0.0
0.3547690510749817 0.312204509973526 0.0
0.36684590578079224 0.3061492145061493 0.0
0.38043737411499023 0.3038775324821472 0.0
0.6756042838096619 0.15034343302249908 0.0
0.3733724355697632 0.30794739723205566 0.0
0.3912625312805176 0.30107709765434265 0.0
0.4059046506881714 0.2962586283683777 0.0
0.414137065410614 0.29379281401634216 0.0
0.4214034676551819 0.2907983958721161 0.0
0.4717169404029846 0.26944735646247864 0.0
0.4867556095123291 0.2650705575942993 0.0
0.49922794103622437 0.2595265507698059 0.0
0.5058060884475708 0.2568785548210144 0.0
0.5259721875190735 0.24814525246620178 0.0
0.5344540476799011 0.24692361056804657 0.0
0.5447331666946411 0.24109548330307007 0.0
0.5499799847602844 0.237741619348526 0.0
0.4293866753578186 0.29061925411224365 0.0
0.4426147937774658 0.28478696942329407 0.0
0.4506118893623352 0.2812177836894989 0.0
0.45715367794036865 0.27787062525749207 0.0
0.46290498971939087 0.27507472038269043 0.0
0.47207891941070557 0.274585098028183 0.0
0.481994092464447 0.2706257104873657 0.0
0.4975547790527344 0.2646547257900238 0.0
0.5564612746238708 0.23421001434326172 0.0
0.5651735067367554 0.23112022876739502 0.0
0.5761755108833313 0.23058779537677765 0.0
0.579216718673706 0.22590580582618713 0.0
0.5809386968612671 0.2217247039079666 0.0
0.5871610045433044 0.21973209083080292 0.0
0.666708767414093 0.16025923192501068 0.0
0.6013386845588684 0.21553631126880646 0.0
0.6027875542640686 0.20635412633419037 0.0
0.6093084812164307 0.2084454447031021 0.0
0.6155722737312317 0.20310594141483307 0.0
0.6185531616210938 0.19898293912410736 0.0
0.6608424782752991 0.16764424741268158 0.0
0.6284710168838501 0.190163716673851 0.0
0.6301523447036743 0.18709221482276917 0.0
0.649673581123352 0.1759462207555771 0.0
0.6526294946670532 0.171519935131073 0.0
0.6343110799789429 0.18520677089691162 0.0
0.6409334540367126 0.18535111844539642 0.0
0.6448278427124023 0.18007388710975647 0.0
0.6560649275779724 1.0 0.0
0.6597477197647095 1.0 0.0
0.6616541743278503 1.0 0.0
0.6599391102790833 1.0 0.0
0.2091847062110901 0.7756366729736328 0.0
0.2469918131828308 0.7982295155525208 0.0
0.5526580810546875 0.9412470459938049 0.0
0.5737431645393372 0.9505496025085449 0.0
0.5914492607116699 0.958801805973053 0.0
0.6290904879570007 0.9793707728385925 0.0
0.1714702844619751 0.7536813020706177 0.0
0.19704699516296387 0.7640610337257385 0.0
0.28724783658981323 0.8145049214363098 0.0
0.2752634882926941 0.80544114112854 0.0
0.4484780430793762 0.8969677090644836 0.0
0.4880744218826294 0.9117608070373535 0.0
0.5157406330108643 0.9308420419692993 0.0
0.5360958576202393 0.9334372282028198 0.0
0.1539885401725769 0.7455092072486877 0.0
0.15789002180099487 0.7399941682815552 0.0
0.15756607055664062 0.7498340606689453 0.0
0.33293408155441284 0.8410221934318542 0.0
0.3665774464607239 0.8572587370872498 0.0
0.37916314601898193 0.8637199997901917 0.0
0.4017852544784546 0.8734884858131409 0.0
0.4211515188217163 0.884607195854187 0.0
0.4699938893318176 0.8997164964675903 0.0
0.14496344327926636 0.7361299991607666 0.0
0.3281559944152832 0.8333414196968079 0.0
0.34848129749298096 0.8424208760261536 0.0
0.36268728971481323 0.8484319448471069 0.0
0.12582916021347046 0.7281737327575684 0.0
0.10787224769592285 0.7178856730461121 0.0
0.1081613302230835 0.7105247974395752 0.0
0.07049363851547241 0.687707245349884 0.0
0.03926056623458862 0.6677870154380798 0.0
0.8347669839859009 0.0 0.0
0.8347669839859009 0.0 0.0
0.8347669839859009 0.0 0.0
0.8347669839859009 0.0 0.0
0.8347669839859009 0.0 0.0
0.8227219581604004 0.0 0.0
0.02676558494567871 0.6636766195297241 0.0
0.022130727767944336 0.6600781679153442 0.0
0.012709200382232666 0.6623950004577637 0.0
0.8142588138580322 0.01589997485280037 0.0
0.007457375526428223 0.6595220565795898 0.0
0.8075990080833435 0.025962065905332565 0.0
0.010975182056427002 0.3431231379508972 0.0
0.7905531525611877 0.043987520039081573 0.0
0.776674211025238 0.05455024912953377 0.0
0.04340881109237671 0.350356787443161 0.0
0.7785775661468506 0.061473358422517776 0.0
0.7692251801490784 0.060462336987257004 0.0
0.04469853639602661 0.3554229736328125 0.0
0.7629602551460266 0.0678885206580162 0.0
0.06415939331054688 0.35331991314888 0.0
0.0548672080039978 0.35726702213287354 0.0
0.7545463442802429 0.07529383152723312 0.0
0.07054656744003296 0.35578015446662903 0.0
0.7521986365318298 0.082570381462574 0.0
0.08313369750976562 0.3576892912387848 0.0
0.7465368509292603 0.08542106300592422 0.0
0.09170722961425781 0.3581048548221588 0.0
0.09540688991546631 0.3590526878833771 0.0
0.7466310858726501 0.09107279777526855 0.0
0.7421963810920715 0.09474466741085052 0.0
0.7364423871040344 0.09876547753810883 0.0
0.10290718078613281 0.3559170663356781 0.0
0.10106348991394043 0.35764527320861816 0.0
0.10169261693954468 0.3579269349575043 0.0
0.7297862768173218 0.10253534466028214 0.0
0.7171850204467773 0.1146455928683281 0.0
0.7154263854026794 0.11826516687870026 0.0
0.7048689126968384 0.12718090415000916 0.0
0.7051917314529419 0.13297687470912933 0.0
0.7002480626106262 0.13564282655715942 0.0
0.694767951965332 0.13535580039024353 0.0
0.27126801013946533 0.33496996760368347 0.0
0.2795793414115906 0.33570748567581177 0.0
0.28296029567718506 0.33059388399124146 0.0
0.2887858748435974 0.32785549759864807 0.0
0.26169657707214355 0.33925843238830566 0.0
0.26630765199661255 0.3370712697505951 0.0
0.30473780632019043 0.3268633186817169 0.0
0.6979689002037048 0.14033880829811096 0.0
0.3127262592315674 0.32451069355010986 0.0
0.31981658935546875 0.3219532072544098 0.0
0.6919078230857849 0.14351467788219452 0.0
0.252993106842041 0.34329378604888916 0.0
0.3286346197128296 0.3238983154296875 0.0
0.3359413743019104 0.3208654224872589 0.0
0.687596321105957 0.14694997668266296 0.0
0.2429301142692566 0.34238630533218384 0.0
0.24640250205993652 0.34283703565597534 0.0
0.3477986454963684 0.3177061378955841 0.0
0.6839855313301086 0.1509423702955246 0.0
0.24108660221099854 0.34155869483947754 0.0
0.24189841747283936 0.34212711453437805 0.0
0.3542638421058655 0.3167693316936493 0.0
0.3639736771583557 0.3155330717563629 0.0
0.3600786328315735 0.3105545938014984 0.0
0.3664245009422302 0.310063898563385 0.0
0.4024984836578369 0.3004228472709656 0.0
0.5064266920089722 0.2622224986553192 0.0
0.5156248211860657 0.2602025866508484 0.0
0.5224900841712952 0.25743383169174194 0.0
0.5258390307426453 0.2533046305179596 0.0
0.53272545337677 0.25100183486938477 0.0
0.5431987643241882 0.2457406371831894 0.0
0.6814541816711426 0.15526489913463593 0.0
0.675869882106781 0.15548093616962433 0.0
0.41236335039138794 0.29967668652534485 0.0
0.4219321608543396 0.29905760288238525 0.0
0.49269676208496094 0.26958155632019043 0.0
0.5524201989173889 0.2438414990901947 0.0
0.557187557220459 0.23920613527297974 0.0
0.6733589768409729 0.15858730673789978 0.0
0.43850308656692505 0.2903690040111542 0.0
0.45252078771591187 0.2860909700393677 0.0
0.4588281512260437 0.2823992073535919 0.0
0.465420663356781 0.2788676917552948 0.0
0.5644664764404297 0.23753823339939117 0.0
0.574858546257019 0.23615054786205292 0.0
0.5883789658546448 0.22491319477558136 0.0
0.5960074663162231 0.22262261807918549 0.0
0.594253420829773 0.21779721975326538 0.0
0.6054596304893494 0.2113138884305954 0.0
0.6165378093719482 0.2077525109052658 0.0
0.6131030917167664 0.21176713705062866 0.0
0.6242784857749939 0.20409950613975525 0.0
0.6273882985115051 0.19843320548534393 0.0
0.6311065554618835 0.1938088983297348 0.0
0.6645365357398987 0.16567319631576538 0.0
0.6354442238807678 0.1894276738166809 0.0
0.6561132669448853 0.1762857437133789 0.0
0.6589303016662598 0.17173099517822266 0.0
0.672673225402832 0.9916630983352661 0.0
0.6900730133056641 1.0 0.0
0.6828449964523315 1.0 0.0
0.6870631575584412 1.0 0.0
0.6870673894882202 1.0 0.0
0.6885671019554138 1.0 0.0
0.24947220087051392 0.790223240852356 0.0
0.6066516637802124 0.9477101564407349 0.0
0.6131575703620911 0.959719717502594 0.0
0.6327940821647644 0.9668265581130981 0.0
0.6643328666687012 0.9761531352996826 0.0
0.18982571363449097 0.7565269470214844 0.0
0.18834835290908813 0.7506994605064392 0.0
0.21311265230178833 0.7692579030990601 0.0
0.22556447982788086 0.774579644203186 0.0
0.24003863334655762 0.7806826829910278 0.0
0.2632187008857727 0.7971475720405579 0.0
0.27922743558883667 0.7962127923965454 0.0
0.5637127757072449 0.9291424751281738 0.0
0.583000898361206 0.9392074346542358 0.0
0.16940069198608398 0.7445735335350037 0.0
0.29538702964782715 0.8076221346855164 0.0
0.39634132385253906 0.8675597906112671 0.0
0.423612117767334 0.8756821155548096 0.0
0.4410223960876465 0.88271564245224 0.0
0.45526057481765747 0.8902159333229065 0.0
0.5324590802192688 0.9237967133522034 0.0
0.3072046637535095 0.8127917051315308 0.0
0.32102638483047485 0.8171384930610657 0.0
0.32398736476898193 0.8249481320381165 0.0
0.3450295329093933 0.8351904153823853 0.0
0.38716059923171997 0.8535522222518921 0.0
0.4028526544570923 0.8613585233688354 0.0
0.41427505016326904 0.867741048336029 0.0
0.47481590509414673 0.8886553049087524 0.0
0.5051354765892029 0.9002737998962402 0.0
0.5215378999710083 0.9113807678222656 0.0
0.14137393236160278 0.7292935252189636 0.0
0.34202367067337036 0.8273119926452637 0.0
0.36307352781295776 0.8369733095169067 0.0
0.3842068314552307 0.8413249254226685 0.0
0.13864296674728394 0.7226980328559875 0.0
0.12123757600784302 0.7213836312294006 0.0
0.12124592065811157 0.7134509086608887 0.0
0.10339802503585815 0.7035983204841614 0.0
0.09490269422531128 0.6983668208122253 0.0
0.09109967947006226 0.6936745643615723 0.0
0.08229261636734009 0.6913129091262817 0.0
0.0664987564086914 0.6820197105407715 0.0
0.05895763635635376 0.6802416443824768 0.0
0.052520930767059326 0.6784300804138184 0.0
0.05939739942550659 0.6741290092468262 0.0
0.050145626068115234 0.6742332577705383 0.0
0.04741775989532471 0.6699153780937195 0.0
0.056242167949676514 0.6689158082008362 0.0
0.8474814891815186 0.0 0.0
0.8474814891815186 0.0 0.0
0.8474814891815186 0.0 0.0
0.8474814891815186 0.0 0.0
0.8455405831336975 0.0 0.0
0.8456394076347351 0.0 0.0
0.8446125388145447 0.0 0.0
0.845077395439148 0.0 0.0
0.8347669839859009 0.0 0.0
0.03375279903411865 0.6638445854187012 0.0
0.8360487222671509 0.005107391159981489 0.0
0.8372695446014404 0.0 0.0
0.03239339590072632 0.6589666604995728 0.0
0.8302789926528931 0.010683165863156319 0.0
0.825590193271637 0.02090395614504814 0.0
0.014703035354614258 0.6556439399719238 0.0
0.816809892654419 0.026949075981974602 0.0
0.8125436902046204 0.034011028707027435 0.0
0.005215585231781006 0.6550008058547974 0.0
0.8019343018531799 0.03654979169368744 0.0
0.0 0.649599552154541 0.0
0.0 0.6545847058296204 0.0
0.01207500696182251 0.3494308888912201 0.0
0.025299489498138428 0.35109734535217285 0.0
0.7960554957389832 0.05332149937748909 0.0
0.7862676382064819 0.05172441154718399 0.0
0.03502488136291504 0.35337838530540466 0.0
0.789392352104187 0.06017637252807617 0.0
0.774254322052002 0.06688950955867767 0.0
0.7830728888511658 0.0663994550704956 0.0
0.7707532644271851 0.0723784789443016 0.0
0.7643942832946777 0.07648322731256485 0.0
0.06375062465667725 0.359258234500885 0.0
0.7594530582427979 0.08332984149456024 0.0
0.07147741317749023 0.36111992597579956 0.0
0.07803332805633545 0.36056092381477356 0.0
0.7540066838264465 0.09013644605875015 0.0
0.08651715517044067 0.3596498370170593 0.0
0.09635019302368164 0.36241257190704346 0.0
0.7498331665992737 0.0965578705072403 0.0
0.09898072481155396 0.36120113730430603 0.0
0.10061061382293701 0.35947975516319275 0.0
0.1006084680557251 0.35986295342445374 0.0
0.10034102201461792 0.36034056544303894 0.0
0.10360395908355713 0.35544684529304504 0.0
0.10423606634140015 0.3546266555786133 0.0
0.7386006712913513 0.10547870397567749 0.0
0.7313337922096252 0.10864762961864471 0.0
0.725357174873352 0.11100038141012192 0.0
0.7236014604568481 0.1164880245923996 0.0
0.7206130623817444 0.12337623536586761 0.0
0.7115616202354431 0.12383967638015747 0.0
0.7111157178878784 0.130015566945076 0.0
0.2686862349510193 0.3415115475654602 0.0
0.2741243839263916 0.33905598521232605 0.0
0.28725165128707886 0.3348853886127472 0.0
0.2928794026374817 0.33182916045188904 0.0
0.3004668354988098 0.33044275641441345 0.0
0.2574627995491028 0.3411601483821869 0.0
0.30778300762176514 0.33170655369758606 0.0
0.3129577040672302 0.3289077877998352 0.0
0.6989997625350952 0.14607201516628265 0.0
0.322611927986145 0.3285031318664551 0.0
0.33563071489334106 0.3255246877670288 0.0
0.6942093968391418 0.14815981686115265 0.0
0.2472173571586609 0.34531232714653015 0.0
0.34474730491638184 0.3209491968154907 0.0
0.2468380331993103 0.34588637948036194 0.0
0.35207241773605347 0.3209831118583679 0.0
0.3599214553833008 0.3207896053791046 0.0
0.6876271963119507 0.155800461769104 0.0
0.37389612197875977 0.31332719326019287 0.0
0.3816354274749756 0.31039395928382874 0.0
0.3898215889930725 0.3076135814189911 0.0
0.3993881344795227 0.3058038651943207 0.0
0.5412753820419312 0.251350075006485 0.0
0.40937376022338867 0.3048984706401825 0.0
0.4257533550262451 0.2947884202003479 0.0
0.4837483763694763 0.27748820185661316 0.0
0.4903374910354614 0.27387815713882446 0.0
0.5007703900337219 0.26990270614624023 0.0
0.5068134665489197 0.26764166355133057 0.0
0.51411372423172 0.26556849479675293 0.0
0.5213885307312012 0.26487118005752563 0.0
0.5261101126670837 0.26199713349342346 0.0
0.5313788056373596 0.25845253467559814 0.0
0.5359835028648376 0.2548978626728058 0.0
0.5493625998497009 0.24942290782928467 0.0
0.6792660355567932 0.1595228612422943 0.0
0.43517231941223145 0.295177161693573 0.0
0.44755709171295166 0.290397047996521 0.0
0.4672762155532837 0.28362202644348145 0.0
0.4743746519088745 0.2802552282810211 0.0
0.498272180557251 0.2739064693450928 0.0
0.5623679161071777 0.24352023005485535 0.0
0.571767270565033 0.24219490587711334 0.0
0.5813521146774292 0.23381273448467255 0.0
0.5882269144058228 0.23120765388011932 0.0
0.6012728810310364 0.22017984092235565 0.0
0.6081154346466064 0.21969053149223328 0.0
0.6754692196846008 0.1638702005147934 0.0
0.46077775955200195 0.2869894504547119 0.0
0.6102617979049683 0.21552187204360962 0.0
0.6696626543998718 0.1663229912519455 0.0
0.619782567024231 0.2119802087545395 0.0
0.6338079571723938 0.20242683589458466 0.0
0.6355044841766357 0.19777211546897888 0.0
0.6668334007263184 0.1714460849761963 0.0
0.6379726529121399 0.193810373544693 0.0
0.6446012854576111 0.1911005824804306 0.0
0.6602271199226379 0.1809830665588379 0.0
0.6531098484992981 0.18069961667060852 0.0
0.6630068421363831 0.1766795516014099 0.0
0.650192379951477 0.1859576553106308 0.0
0.7594524025917053 1.0 0.0
0.7355319261550903 1.0 0.0
0.7647972702980042 1.0 0.0
0.7626171708106995 1.0 0.0
0.6994457244873047 0.9868571162223816 0.0
0.7728119492530823 1.0 0.0
0.7804222106933594 1.0 0.0
0.7766110301017761 1.0 0.0
0.20123964548110962 0.7512442469596863 0.0
0.20536822080612183 0.7568684220314026 0.0
0.22128212451934814 0.7608453631401062 0.0
0.2336013913154602 0.7678209543228149 0.0
0.2423151135444641 0.7731534838676453 0.0
0.26260340213775635 0.7820314764976501 0.0
0.2711811661720276 0.7897492051124573 0.0
0.6355088949203491 0.9529314041137695 0.0
0.6559812426567078 0.9603243470191956 0.0
0.16366583108901978 0.7335119247436523 0.0
0.17409777641296387 0.7370712161064148 0.0
0.1828182339668274 0.7468021512031555 0.0
0.29763275384902954 0.7979668378829956 0.0
0.5926316380500793 0.9305381178855896 0.0
0.15566784143447876 0.7298820614814758 0.0
0.30932408571243286 0.8055354356765747 0.0
0.43326646089553833 0.8681157231330872 0.0
0.44760364294052124 0.8733404874801636 0.0
0.4655402898788452 0.8801872730255127 0.0
0.4935782551765442 0.891175389289856 0.0
0.5581377744674683 0.9147853255271912 0.0
0.15656638145446777 0.7233437895774841 0.0
0.3280874490737915 0.8078557848930359 0.0
0.3432549238204956 0.8170284628868103 0.0
0.37697821855545044 0.8338910937309265 0.0
0.4024708867073059 0.846840500831604 0.0
0.41335684061050415 0.8537943363189697 0.0
0.42627274990081787 0.8611940145492554 0.0
0.48835569620132446 0.8819517493247986 0.0
0.5099214315414429 0.8921009302139282 0.0
0.35543960332870483 0.823732316493988 0.0
0.3551768660545349 0.8300093412399292 0.0
0.37063372135162354 0.8271179795265198 0.0
0.13760626316070557 0.7149651050567627 0.0
0.11343526840209961 0.7048497796058655 0.0
0.12184756994247437 0.7064999938011169 0.0
0.12103205919265747 0.6987531185150146 0.0
0.10785949230194092 0.6955618262290955 0.0
0.10005927085876465 0.6926251649856567 0.0
0.09665584564208984 0.6873984336853027 0.0
0.08594965934753418 0.6834948062896729 0.0
0.07731211185455322 0.6790996789932251 0.0
0.06864035129547119 0.6756196022033691 0.0
0.864210844039917 0.0 0.0
0.864210844039917 0.0 0.0
0.864210844039917 0.0 0.0
0.04385310411453247 0.6600449681282043 0.0
0.05074828863143921 0.6647266149520874 0.0
0.8458079099655151 0.0 0.0
0.8523738384246826 0.0 0.0
0.8474748134613037 0.010879400186240673 0.0
0.8372663855552673 0.01787916012108326 0.0
0.027980327606201172 0.6527438759803772 0.0
0.8225575685501099 0.03616112470626831 0.0
0.009014546871185303 0.6494101881980896 0.0
0.8127910494804382 0.042634982615709305 0.0
0.8036396503448486 0.047603853046894073 0.0
0.007355213165283203 0.35627126693725586 0.0
0.01819831132888794 0.3560335636138916 0.0
0.027305185794830322 0.3561253845691681 0.0
0.03437608480453491 0.3600020110607147 0.0
0.7920109629631042 0.07012145221233368 0.0
0.04599028825759888 0.36163514852523804 0.0
0.780918300151825 0.07476440817117691 0.0
0.7718363404273987 0.07779218256473541 0.0
0.05576491355895996 0.36417412757873535 0.0
0.06448811292648315 0.3644140362739563 0.0
0.7680040001869202 0.08376120030879974 0.0
0.08145898580551147 0.3639255464076996 0.0
0.07559031248092651 0.3647199869155884 0.0
0.7646833658218384 0.09233306348323822 0.0
0.08749175071716309 0.3640191853046417 0.0
0.09249341487884521 0.3631749153137207 0.0
0.09732216596603394 0.3668368458747864 0.0
0.7447479367256165 0.10107575356960297 0.0
0.09891444444656372 0.36351022124290466 0.0
0.10035175085067749 0.36032143235206604 0.0
0.10035461187362671 0.36031630635261536 0.0
0.7402374148368835 0.11387932300567627 0.0
0.7307692170143127 0.11360710114240646 0.0
0.7283336520195007 0.12256685644388199 0.0
0.716657817363739 0.12777428328990936 0.0
0.7175993919372559 0.13253678381443024 0.0
0.7119991779327393 0.13557393848896027 0.0
0.706432044506073 0.1390971839427948 0.0
0.7052026391029358 0.14441275596618652 0.0
0.2768751382827759 0.3445744216442108 0.0
0.2809515595436096 0.3405843675136566 0.0
0.28698039054870605 0.33909833431243896 0.0
0.2940016984939575 0.3371357321739197 0.0
0.3013327121734619 0.33468958735466003 0.0
0.263507604598999 0.34274303913116455 0.0
0.3104267120361328 0.3365590572357178 0.0
0.31649237871170044 0.3329498767852783 0.0
0.26062077283859253 0.34539055824279785 0.0
0.33190107345581055 0.3281509280204773 0.0
0.6926631331443787 0.15298345685005188 0.0
0.25108861923217773 0.3466389775276184 0.0
0.24979639053344727 0.34834325313568115 0.0
0.2575867176055908 0.3487570881843567 0.0
0.3423578143119812 0.3250368535518646 0.0
0.3489989638328552 0.32427647709846497 0.0
0.3674827814102173 0.32088151574134827 0.0
0.374383807182312 0.31879565119743347 0.0
0.6858677268028259 0.15984053909778595 0.0
0.3834758400917053 0.3162321150302887 0.0
0.3889075517654419 0.31249773502349854 0.0
0.3974667191505432 0.31159672141075134 0.0
0.4057876467704773 0.3092699646949768 0.0
0.5424520373344421 0.25537747144699097 0.0
0.5500632524490356 0.2553679347038269 0.0
0.41941940784454346 0.3040919601917267 0.0
0.4312719702720642 0.2994152009487152 0.0
0.44419509172439575 0.2952136993408203 0.0
0.47611886262893677 0.2851545810699463 0.0
0.4817476272583008 0.2823300361633301 0.0
0.4944988489151001 0.2781258523464203 0.0
0.5024521946907043 0.27798980474472046 0.0
0.5085428357124329 0.27429524064064026 0.0
0.5140150785446167 0.27019819617271423 0.0
0.5592420697212219 0.2505582273006439 0.0
0.5700648427009583 0.24857774376869202 0.0
0.5803170204162598 0.24117814004421234 0.0
0.5873404741287231 0.23761987686157227 0.0
0.5980962514877319 0.22779221832752228 0.0
0.6059933304786682 0.22441305220127106 0.0
0.6831206679344177 0.1640952080488205 0.0
0.44127392768859863 0.30047929286956787 0.0
0.4526950716972351 0.29492515325546265 0.0
0.4558478593826294 0.2906518280506134 0.0
0.46285468339920044 0.2907743752002716 0.0
0.4692844748497009 0.28840184211730957 0.0
0.6156968474388123 0.21908168494701385 0.0
0.6137316823005676 0.22275909781455994 0.0
0.617845356464386 0.2153041809797287 0.0
0.6263189911842346 0.21516938507556915 0.0
0.6756177544593811 0.17021577060222626 0.0
0.6257389187812805 0.20995551347732544 0.0
0.6338773965835571 0.20772799849510193 0.0
0.6400623321533203 0.20087718963623047 0.0
0.6434337496757507 0.19718308746814728 0.0
0.6748733520507812 0.17564430832862854 0.0
0.6693622469902039 0.17736513912677765 0.0
0.6527801752090454 0.19114765524864197 0.0
0.6569994688034058 0.1890568882226944 0.0
0.6579305529594421 0.18507589399814606 0.0
0.7634673118591309 1.0 0.0
0.7325647473335266 0.9796875715255737 0.0
0.7631772756576538 0.9905356168746948 0.0
0.7851169109344482 1.0 0.0
0.7898049354553223 1.0 0.0
0.19630193710327148 0.7455414533615112 0.0
0.20930606126785278 0.7461957931518555 0.0
0.21905744075775146 0.7517110705375671 0.0
0.2553326487541199 0.7754790186882019 0.0
0.2732732892036438 0.7742672562599182 0.0
0.6075664758682251 0.9363335967063904 0.0
0.6378627419471741 0.9374493360519409 0.0
0.6823903322219849 0.9597298502922058 0.0
0.7011732459068298 0.9718695282936096 0.0
0.1774715781211853 0.7315891981124878 0.0
0.18798953294754028 0.7401203513145447 0.0
0.2820712924003601 0.7830036282539368 0.0
0.2867763042449951 0.7905635833740234 0.0
0.1723332405090332 0.7266346216201782 0.0
0.3185574412345886 0.7993436455726624 0.0
0.5926936268806458 0.9205393195152283 0.0
0.4216231107711792 0.8455337285995483 0.0
0.4527260661125183 0.8634862303733826 0.0
0.46695393323898315 0.8709443211555481 0.0
0.48174846172332764 0.8741189241409302 0.0
0.5287893414497375 0.8926092386245728 0.0
0.5431689023971558 0.9033071398735046 0.0
0.5866978168487549 0.9104674458503723 0.0
0.15031474828720093 0.7180002331733704 0.0
0.3469845652580261 0.8080480098724365 0.0
0.39173340797424316 0.829704225063324 0.0
0.40727365016937256 0.8380553126335144 0.0
0.5001278519630432 0.8738237023353577 0.0
0.510984480381012 0.8839729428291321 0.0
0.5574395060539246 0.89415043592453 0.0
0.36050260066986084 0.8096646070480347 0.0
0.36594218015670776 0.8174917101860046 0.0
0.1321999430656433 0.7089920043945312 0.0
0.38754528760910034 0.8184974193572998 0.0
0.10916900634765625 0.6890251040458679 0.0
0.09100741147994995 0.6753701567649841 0.0
0.08041077852249146 0.670802891254425 0.0
0.06772935390472412 0.6679090261459351 0.0
0.8810662031173706 0.0 0.0
0.8814732432365417 0.0 0.0
0.8809318542480469 0.0005054539069533348 0.0
0.8807530999183655 0.0 0.0
0.8739903569221497 0.0016908360412344337 0.0
0.8771133422851562 0.0 0.0
0.8797655701637268 0.0 0.0
0.060264527797698975 0.6639094352722168 0.0
0.8701711893081665 0.0 0.0
0.8724732995033264 0.0 0.0
0.8741807341575623 0.0 0.0
0.8597720265388489 0.010071637108922005 0.0
0.040962398052215576 0.6533342599868774 0.0
0.019155502319335938 0.6491963863372803 0.0
0.8354870080947876 0.03215426951646805 0.0
0.0 0.6435323357582092 0.0
0.8224692940711975 0.04926888644695282 0.0
0.8129112124443054 0.051000189036130905 0.0
0.8069457411766052 0.05729600414633751 0.0
0.7988811135292053 0.059147320687770844 0.0
0.02366054058074951 0.3604581356048584 0.0
0.8026098012924194 0.06608064472675323 0.0
0.04725533723831177 0.3669973909854889 0.0
0.7764727473258972 0.08332203328609467 0.0
0.06122666597366333 0.3695527911186218 0.0
0.06966865062713623 0.36824366450309753 0.0
0.7732637524604797 0.09050324559211731 0.0
0.07699012756347656 0.36961424350738525 0.0
0.08398789167404175 0.37126463651657104 0.0
0.7591239213943481 0.09995433688163757 0.0
0.09015542268753052 0.36860501766204834 0.0
0.0943945050239563 0.3674051761627197 0.0
0.7521750926971436 0.1028226837515831 0.0
0.09792834520339966 0.3693843483924866 0.0
0.748683750629425 0.10865627974271774 0.0
0.10035568475723267 0.36031433939933777 0.0
0.10034835338592529 0.36032742261886597 0.0
0.7331826090812683 0.11849477887153625 0.0
0.7259176969528198 0.1257518231868744 0.0
0.7234552502632141 0.1290929615497589 0.0
0.7189503908157349 0.1378607451915741 0.0
0.7143178582191467 0.14074932038784027 0.0
0.7112226486206055 0.14376448094844818 0.0
0.29354560375213623 0.3417644500732422 0.0
0.7051033973693848 0.14862260222434998 0.0
0.26864659786224365 0.3466135859489441 0.0
0.3027094602584839 0.3406376242637634 0.0
0.700859785079956 0.15161985158920288 0.0
0.26426243782043457 0.349817156791687 0.0
0.3245161175727844 0.3341915011405945 0.0
0.33322083950042725 0.3330967426300049 0.0
0.25347089767456055 0.3506816625595093 0.0
0.33940351009368896 0.32919925451278687 0.0
0.24987691640853882 0.3491825461387634 0.0
0.24911081790924072 0.3483515679836273 0.0
0.2519506812095642 0.3513568341732025 0.0
0.3494047522544861 0.3289288282394409 0.0
0.3561961054801941 0.3250942528247833 0.0
0.6940548419952393 0.1604318916797638 0.0
0.36515724658966064 0.32493117451667786 0.0
0.39261192083358765 0.31596076488494873 0.0
0.3898816704750061 0.3194151222705841 0.0
0.5306600332260132 0.26796460151672363 0.0
0.5363346934318542 0.2637218236923218 0.0
0.5422578454017639 0.259421706199646 0.0
0.6892691254615784 0.16413997113704681 0.0
0.39983493089675903 0.315957248210907 0.0
0.4064105749130249 0.313666969537735 0.0
0.41618263721466064 0.31050267815589905 0.0
0.42738115787506104 0.3028862476348877 0.0
0.48386484384536743 0.2858670949935913 0.0
0.49058258533477783 0.28311288356781006 0.0
0.5197268724441528 0.2747221887111664 0.0
0.5215927958488464 0.26949357986450195 0.0
0.5540997385978699 0.2626177966594696 0.0
0.5613920092582703 0.258135050535202 0.0
0.5694230198860168 0.25508734583854675 0.0
0.5811930894851685 0.2470695972442627 0.0
0.5941710472106934 0.23537969589233398 0.0
0.6019394993782043 0.23353347182273865 0.0
0.6074679493904114 0.22939959168434143 0.0
0.6165888905525208 0.22754745185375214 0.0
0.6808294653892517 0.1678309440612793 0.0
0.42820680141448975 0.30794695019721985 0.0
0.4350770115852356 0.3041384220123291 0.0
0.45057743787765503 0.2995407283306122 0.0
0.4608856439590454 0.2944486141204834 0.0
0.4697084426879883 0.29322123527526855 0.0
0.4809895157814026 0.29068154096603394 0.0
0.6220866441726685 0.22273463010787964 0.0
0.6221423149108887 0.21840806305408478 0.0
0.6824395656585693 0.17145180702209473 0.0
0.634443461894989 0.21297068893909454 0.0
0.6426394581794739 0.20539571344852448 0.0
0.645327627658844 0.20146645605564117 0.0
0.6495177745819092 0.1997486799955368 0.0
0.6805925369262695 0.17443500459194183 0.0
0.6512891054153442 0.1956482082605362 0.0
0.6609070301055908 0.19467873871326447 0.0
0.6682319641113281 0.18203286826610565 0.0
0.6641103625297546 0.18506130576133728 0.0
0.7983331680297852 1.0 0.0
0.8068779110908508 1.0 0.0
0.22258329391479492 0.7438600063323975 0.0
0.23863309621810913 0.754903256893158 0.0
0.244501531124115 0.7616612315177917 0.0
0.2553465962409973 0.7685149908065796 0.0
0.2727041244506836 0.7669141292572021 0.0
0.6627770066261292 0.9480896592140198 0.0
0.7166904807090759 0.9588496685028076 0.0
0.7783181071281433 0.9764085412025452 0.0
0.7946364283561707 0.9889527559280396 0.0
0.826213002204895 1.0 0.0
0.8413832783699036 0.9967632293701172 0.0
0.8342192769050598 1.0 0.0
0.841533899307251 1.0 0.0
0.8564429879188538 1.0 0.0
0.8779594302177429 1.0 0.0
0.8769070506095886 1.0 0.0
0.8804957270622253 0.9978283643722534 0.0
0.1881122589111328 0.7336484789848328 0.0
0.18897861242294312 0.7278015613555908 0.0
0.1967257857322693 0.7356580495834351 0.0
0.20753389596939087 0.7387495040893555 0.0
0.29318690299987793 0.7761735916137695 0.0
0.30172550678253174 0.7853500247001648 0.0
0.615483820438385 0.9278421998023987 0.0
0.6939957141876221 0.9444103240966797 0.0
0.8788235187530518 1.0 0.0
0.17456400394439697 0.7193557620048523 0.0
0.314561665058136 0.7915189266204834 0.0
0.6402953863143921 0.9242345094680786 0.0
0.16391342878341675 0.7162154912948608 0.0
0.3300108313560486 0.7920525074005127 0.0
0.33331239223480225 0.799180805683136 0.0
0.440151572227478 0.8525715470314026 0.0
0.57066810131073 0.9035667181015015 0.0
0.6127163767814636 0.9114165902137756 0.0
0.6204228401184082 0.9194487929344177 0.0
0.34522855281829834 0.8018049597740173 0.0
0.4284696578979492 0.8367305994033813 0.0
0.46849238872528076 0.8544749021530151 0.0
0.48441749811172485 0.8643528819084167 0.0
0.5285890102386475 0.8827841281890869 0.0
0.600792646408081 0.9011233448982239 0.0
0.15573054552078247 0.7116488814353943 0.0
0.1452164649963379 0.7073561549186707 0.0
0.3567259907722473 0.8039425611495972 0.0
0.41734975576400757 0.8266292214393616 0.0
0.5239642262458801 0.8735127449035645 0.0
0.5489928722381592 0.8810657858848572 0.0
0.13617676496505737 0.7020592093467712 0.0
0.3783663511276245 0.8095963597297668 0.0
0.1358911395072937 0.695703387260437 0.0
0.11838942766189575 0.691730797290802 0.0
0.09764629602432251 0.6806840300559998 0.0
0.10495924949645996 0.6757450103759766 0.0
0.9056731462478638 0.0 0.0
0.9056731462478638 0.0 0.0
0.9056731462478638 0.0 0.0
0.8977059125900269 0.0 0.0
0.8977082967758179 0.0 0.0
0.8977106809616089 0.0 0.0
0.07865309715270996 0.6634154319763184 0.0
0.8816251158714294 0.0 0.0
0.8818850517272949 0.0 0.0
0.8832823634147644 0.0 0.0
0.8874911069869995 0.0 0.0
0.06895053386688232 0.6602175831794739 0.0
0.8809398412704468 0.005965663120150566 0.0
0.05694472789764404 0.659331202507019 0.0
0.8805184364318848 0.01779184862971306 0.0
0.8708915710449219 0.008779622614383698 0.0
0.05406808853149414 0.6534480452537537 0.0
0.8677517175674438 0.019506366923451424 0.0
0.8563259840011597 0.022383473813533783 0.0
0.04913049936294556 0.6486740112304688 0.0
0.03985804319381714 0.6463050246238708 0.0
0.028174638748168945 0.6448978781700134 0.0
0.8462328910827637 0.027444515377283096 0.0
0.01602017879486084 0.6424150466918945 0.0
0.8326020240783691 0.04477585107088089 0.0
0.00856316089630127 0.6379632353782654 0.0
0.0 0.637415885925293 0.0
0.8183273673057556 0.05781745910644531 0.0
0.012648820877075195 0.3633902370929718 0.0
0.8153733611106873 0.06619424372911453 0.0
0.025409281253814697 0.36717402935028076 0.0
0.8016947507858276 0.0747135654091835 0.0
0.03827857971191406 0.36674460768699646 0.0
0.7941840291023254 0.07991918921470642 0.0
0.7857789397239685 0.08414917439222336 0.0
0.05261945724487305 0.3709859549999237 0.0
0.7813671231269836 0.09034326672554016 0.0
0.06591272354125977 0.3737541437149048 0.0
0.7676771283149719 0.10104016959667206 0.0
0.08946752548217773 0.37358173727989197 0.0
0.7673734426498413 0.10888966172933578 0.0
0.7579606771469116 0.10821546614170074 0.0
0.09781360626220703 0.37325260043144226 0.0
0.7560881972312927 0.11424731463193893 0.0
0.09842127561569214 0.36644795536994934 0.0
0.7497609853744507 0.11525908857584 0.0
0.7476982474327087 0.11988471448421478 0.0
0.7406539916992188 0.12115984410047531 0.0
0.7349433302879333 0.1233687475323677 0.0
0.73162841796875 0.12794145941734314 0.0
0.728051483631134 0.13134720921516418 0.0
0.7253896594047546 0.13485099375247955 0.0
0.7201694250106812 0.14219368994235992 0.0
0.2867727279663086 0.3446559011936188 0.0
0.28263700008392334 0.3494425415992737 0.0
0.2759144902229309 0.35024863481521606 0.0
0.7089828252792358 0.15272563695907593 0.0
0.27028775215148926 0.3520433306694031 0.0
0.30815762281417847 0.3454113304615021 0.0
0.3139152526855469 0.34172871708869934 0.0
0.32002758979797363 0.33780279755592346 0.0
0.7064043879508972 0.15586581826210022 0.0
0.701030433177948 0.15777479112148285 0.0
0.2620730996131897 0.352494478225708 0.0
0.25811177492141724 0.3536021411418915 0.0
0.32963335514068604 0.3384524881839752 0.0
0.34399884939193726 0.33375465869903564 0.0
0.2529919147491455 0.3537611663341522 0.0
0.2546805739402771 0.35444360971450806 0.0
0.7001514434814453 0.16139401495456696 0.0
0.24949312210083008 0.3487662971019745 0.0
0.36149466037750244 0.3301665782928467 0.0
0.37398242950439453 0.32382023334503174 0.0
0.3837822675704956 0.3222150504589081 0.0
0.3933733105659485 0.3228429853916168 0.0
0.3970910310745239 0.31942018866539 0.0
0.4131345748901367 0.31582194566726685 0.0
0.5008313655853271 0.28244462609291077 0.0
0.5308347940444946 0.27443599700927734 0.0
0.5426007509231567 0.2695311903953552 0.0
0.5456311106681824 0.26484954357147217 0.0
0.570756733417511 0.2608305513858795 0.0
0.5786862373352051 0.25337785482406616 0.0
0.5889252424240112 0.2433014214038849 0.0
0.5937586426734924 0.24112671613693237 0.0
0.599635899066925 0.2390248030424118 0.0
0.61430424451828 0.23317109048366547 0.0
0.6878837943077087 0.1691514551639557 0.0
0.42574387788772583 0.31279319524765015 0.0
0.438778817653656 0.308811217546463 0.0
0.4428223967552185 0.305402934551239 0.0
0.44977569580078125 0.30423176288604736 0.0
0.4590708017349243 0.2988406717777252 0.0
0.46788257360458374 0.2978828251361847 0.0
0.4899181127548218 0.28804242610931396 0.0
0.5094509124755859 0.28111013770103455 0.0
0.5168001055717468 0.2793583571910858 0.0
0.6288329362869263 0.22001852095127106 0.0
0.6301864385604858 0.22385728359222412 0.0
0.6356488466262817 0.21783839166164398 0.0
0.6879087686538696 0.17520537972450256 0.0
0.47882080078125 0.2968636751174927 0.0
0.6427632570266724 0.21128889918327332 0.0
0.6510596871376038 0.2039940506219864 0.0
0.6830624341964722 0.17923513054847717 0.0
0.6754212379455566 0.18070216476917267 0.0
0.6564951539039612 0.20044083893299103 0.0
0.6715530157089233 0.18818123638629913 0.0
0.6634929180145264 0.18912865221500397 0.0
0.23678845167160034 0.7478605508804321 0.0
0.25491875410079956 0.7568712830543518 0.0
0.2636147737503052 0.7618352770805359 0.0
0.8274633884429932 0.9862396717071533 0.0
0.8688305616378784 1.0 0.0
0.8753568530082703 1.0 0.0
0.20241880416870117 0.7310442328453064 0.0
0.28721219301223755 0.7687367796897888 0.0
0.3104356527328491 0.7754311561584473 0.0
0.6689703464508057 0.9370294213294983 0.0
0.7226120233535767 0.9460275769233704 0.0
0.7400960922241211 0.9524467587471008 0.0
0.7516878247261047 0.9655924439430237 0.0
0.8657342195510864 0.9837676882743835 0.0
0.8799599409103394 1.0 0.0
0.8821033835411072 1.0 0.0
0.9199823141098022 1.0 0.0
0.8995555639266968 1.0 0.0
0.8871092796325684 1.0 0.0
0.189705491065979 0.7208366990089417 0.0
0.32602888345718384 0.781758725643158 0.0
0.6604414582252502 0.929003119468689 0.0
0.6878349184989929 0.9287055134773254 0.0
0.9097699522972107 1.0 0.0
0.9341623783111572 1.0 0.0
0.9368856549263 1.0 0.0
0.9360045194625854 1.0 0.0
0.9364233613014221 1.0 0.0
0.18012398481369019 0.711835503578186 0.0
0.6399549245834351 0.9141362905502319 0.0
0.16717654466629028 0.7117220759391785 0.0
0.34612810611724854 0.793971836566925 0.0
0.43982118368148804 0.843356728553772 0.0
0.4594532251358032 0.8452251553535461 0.0
0.5797536969184875 0.8955976366996765 0.0
0.1575380563735962 0.7054662704467773 0.0
0.36009329557418823 0.797547459602356 0.0
0.4902327060699463 0.8545843958854675 0.0
0.5076960921287537 0.8659530282020569 0.0
0.5739568471908569 0.8869897723197937 0.0
0.5967141389846802 0.8900559544563293 0.0
0.153151273727417 0.7001089453697205 0.0
0.3705143332481384 0.8027147054672241 0.0
0.4364337921142578 0.8300348520278931 0.0
0.45069432258605957 0.8357648849487305 0.0
0.48310530185699463 0.8469367623329163 0.0
0.5036174654960632 0.8586956858634949 0.0
0.5237014889717102 0.860516369342804 0.0
0.13213086128234863 0.6900200843811035 0.0
0.3951008915901184 0.8095173835754395 0.0
0.4111744165420532 0.8148527145385742 0.0
0.121803879737854 0.6856048107147217 0.0
0.1099972128868103 0.6819928884506226 0.0
0.9272149205207825 0.0 0.0
0.929922342300415 0.0 0.0
0.9265230298042297 7.645412125611983e-08 0.0
0.9251427054405212 0.0 0.0
0.9237625002861023 0.0 0.0
0.9231314659118652 0.0 0.0
0.9248263239860535 0.0 0.0
0.9217545986175537 0.0 0.0
0.9145902395248413 0.0 0.0
0.10105913877487183 0.66862553358078 0.0
0.09026014804840088 0.6699258685112 0.0
0.9080743193626404 0.0077409581281244755 0.0
0.08910101652145386 0.665483295917511 0.0
0.8932870030403137 0.01028750091791153 0.0
0.07676482200622559 0.654737651348114 0.0
0.07796084880828857 0.6589811444282532 0.0
0.06453663110733032 0.6554046273231506 0.0
0.06718325614929199 0.6505106091499329 0.0
0.874836802482605 0.028738630935549736 0.0
0.8653182983398438 0.029618849977850914 0.0
0.8567613959312439 0.036974966526031494 0.0
0.03649318218231201 0.6410714983940125 0.0
0.02945530414581299 0.637048602104187 0.0
0.8449390530586243 0.04344189167022705 0.0
0.8399152755737305 0.05409169942140579 0.0
0.8312749862670898 0.053817834705114365 0.0
0.008932113647460938 0.6320816874504089 0.0
0.8265146613121033 0.057823389768600464 0.0
0.8255085349082947 0.06518813222646713 0.0
0.0 0.6303555369377136 0.0
0.8130244612693787 0.0758487805724144 0.0
0.03300201892852783 0.37349358201026917 0.0
0.04339337348937988 0.3723243176937103 0.0
0.792570948600769 0.08604696393013 0.0
0.049681007862091064 0.37769782543182373 0.0
0.7908986210823059 0.09169971942901611 0.0
0.05892974138259888 0.3759804368019104 0.0
0.07245635986328125 0.374470591545105 0.0
0.7786943912506104 0.09584702551364899 0.0
0.07853132486343384 0.3747895359992981 0.0
0.7732083201408386 0.0981152132153511 0.0
0.08278357982635498 0.3785918354988098 0.0
0.0875362753868103 0.37715694308280945 0.0
0.0932612419128418 0.37253034114837646 0.0
0.09802490472793579 0.3725607097148895 0.0
0.09917783737182617 0.37689846754074097 0.0
0.09797662496566772 0.3709733188152313 0.0
0.746224582195282 0.12443998456001282 0.0
0.740388035774231 0.1263885200023651 0.0
0.7327501773834229 0.13341502845287323 0.0
0.726378321647644 0.1412748098373413 0.0
0.7242421507835388 0.1452188938856125 0.0
0.7183986306190491 0.14594481885433197 0.0
0.7123538255691528 0.1487395316362381 0.0
0.28054845333099365 0.3535405993461609 0.0
0.28933966159820557 0.3497838079929352 0.0
0.29799550771713257 0.3474397361278534 0.0
0.2756531834602356 0.3553178608417511 0.0
0.7088706493377686 0.160289466381073 0.0
0.2637168765068054 0.35754725337028503 0.0
0.2661735415458679 0.35358816385269165 0.0
0.3243706226348877 0.3430340886116028 0.0
0.34020549058914185 0.33887767791748047 0.0
0.7049722075462341 0.16288524866104126 0.0
0.25533169507980347 0.3587767779827118 0.0
0.2549646496772766 0.3589569330215454 0.0
0.34832870960235596 0.3375917375087738 0.0
0.3535717725753784 0.33432289958000183 0.0
0.7007392048835754 0.1650208681821823 0.0
0.25143343210220337 0.3514704704284668 0.0
0.3720506429672241 0.32844117283821106 0.0
0.6951942443847656 0.16718538105487823 0.0
0.38144737482070923 0.32735976576805115 0.0
0.3907508850097656 0.3267165720462799 0.0
0.40631353855133057 0.3189085125923157 0.0
0.5530315041542053 0.26842355728149414 0.0
0.5612077713012695 0.2673933804035187 0.0
0.5651745796203613 0.26391446590423584 0.0
0.5889523029327393 0.2526959776878357 0.0
0.5931275486946106 0.24835677444934845 0.0
0.5999858975410461 0.24450212717056274 0.0
0.6089938282966614 0.24245409667491913 0.0
0.6115556955337524 0.23820872604846954 0.0
0.6248807311058044 0.23232494294643402 0.0
0.6274410486221313 0.22748242318630219 0.0
0.6361584663391113 0.2267330288887024 0.0
0.6964727640151978 0.1737603396177292 0.0
0.39796316623687744 0.3260691165924072 0.0
0.4016822576522827 0.3231656849384308 0.0
0.4207674264907837 0.3160479664802551 0.0
0.42926162481307983 0.3169807493686676 0.0
0.4339595437049866 0.31285643577575684 0.0
0.4577329754829407 0.30312204360961914 0.0
0.4951484203338623 0.29289084672927856 0.0
0.49852025508880615 0.287386417388916 0.0
0.5080756545066833 0.2865368127822876 0.0
0.5188035368919373 0.28565141558647156 0.0
0.5271474719047546 0.2808775305747986 0.0
0.5779950022697449 0.2588311433792114 0.0
0.6365222930908203 0.22238916158676147 0.0
0.4491127133369446 0.3093637526035309 0.0
0.457660436630249 0.3072926104068756 0.0
0.4668578505516052 0.30263322591781616 0.0
0.4744185209274292 0.30086344480514526 0.0
0.48638486862182617 0.2947824001312256 0.0
0.6420717835426331 0.21579702198505402 0.0
0.6515066623687744 0.2095979005098343 0.0
0.6825564503669739 0.18446148931980133 0.0
0.6656078100204468 0.2016514539718628 0.0
0.6708121299743652 0.19786790013313293 0.0
0.6700219511985779 0.19322021305561066 0.0
0.675683319568634 0.18494899570941925 0.0
0.2359371781349182 0.7419490218162537 0.0
0.24969005584716797 0.7434074282646179 0.0
0.25650477409362793 0.7503615021705627 0.0
0.27133458852767944 0.7559078931808472 0.0
0.28103697299957275 0.7620549201965332 0.0
0.8105798363685608 0.9740463495254517 0.0
0.2037205696105957 0.7240724563598633 0.0
0.21634602546691895 0.7321003675460815 0.0
0.22771602869033813 0.7363578677177429 0.0
0.29788631200790405 0.7634539604187012 0.0
0.3011946678161621 0.7700467705726624 0.0
0.7615295052528381 0.9525704979896545 0.0
0.7885686159133911 0.960303008556366 0.0
0.8453390002250671 0.9719244241714478 0.0
0.18535953760147095 0.7164813876152039 0.0
0.32474809885025024 0.7723847031593323 0.0
0.7168095707893372 0.9351519346237183 0.0
0.7471391558647156 0.9399921894073486 0.0
0.9192231893539429 0.9888546466827393 0.0
0.9461160898208618 1.0 0.0
0.3441475033760071 0.7854602932929993 0.0
0.6643423438072205 0.9197148084640503 0.0
0.9386885166168213 1.0 0.0
0.9943414330482483 0.0 0.0
0.9943414330482483 0.0 0.0
0.9943414330482483 0.0 0.0
0.9943414330482483 0.0 0.0
0.1697658896446228 0.7062928080558777 0.0
0.3656604290008545 0.7873604893684387 0.0
0.6356883645057678 0.9026642441749573 0.0
1.0 1.0 0.0
0.9921095371246338 0.0 0.0
0.9932262897491455 0.0 0.0
0.9860963821411133 0.0 0.0
0.9827425479888916 0.0 0.0
0.9847350716590881 0.0 0.0
0.9840764999389648 0.0 0.0
0.984865665435791 0.0 0.0
0.1647011637687683 0.7012099623680115 0.0
0.47497665882110596 0.83802330493927 0.0
0.6241282224655151 0.891819179058075 0.0
0.6649004220962524 0.9084482789039612 0.0
0.9837406873703003 0.0 0.0
0.1453261375427246 0.6963639855384827 0.0
0.15651649236679077 0.6925969123840332 0.0
0.3768876791000366 0.7952266931533813 0.0
0.437923789024353 0.8233631253242493 0.0
0.44965189695358276 0.8278099894523621 0.0
0.5095757246017456 0.849294900894165 0.0
0.5444315671920776 0.8676795363426208 0.0
0.561883270740509 0.8720402121543884 0.0
0.5710521340370178 0.8785245418548584 0.0
0.5893896818161011 0.8804364800453186 0.0
0.9715443253517151 0.0018270760774612427 0.0
0.9755469560623169 0.0 0.0
0.9730088710784912 0.0 0.0
0.9721254706382751 0.0 0.0
0.9715223908424377 0.0 0.0
0.966370701789856 0.0 0.0
0.9698336124420166 0.0 0.0
0.1453116536140442 0.6910672187805176 0.0
0.14529865980148315 0.6856080293655396 0.0
0.39085203409194946 0.8006503582000732 0.0
0.42720502614974976 0.8186211585998535 0.0
0.49517756700515747 0.8405715227127075 0.0
0.9629700779914856 0.0 0.0
0.9608947038650513 0.0 0.0
0.9615970849990845 0.0 0.0
0.13715368509292603 0.6815735697746277 0.0
0.12418001890182495 0.6793915629386902 0.0
0.40881526470184326 0.8049328923225403 0.0
0.947242796421051 0.0 0.0
0.9563355445861816 0.0 0.0
0.939744770526886 0.0 0.0
0.9334591627120972 0.0 0.0
0.11592304706573486 0.67656409740448 0.0
0.9390950202941895 0.007530000526458025 0.0
0.9330275654792786 0.0 0.0
0.931475043296814 0.0 0.0
0.9357203245162964 0.0 0.0
0.9348294138908386 0.0 0.0
0.9214238524436951 0.006636073812842369 0.0
0.11493951082229614 0.6715877056121826 0.0
0.09716004133224487 0.6625193357467651 0.0
0.08805793523788452 0.6587063670158386 0.0
0.9052063226699829 0.02148691937327385 0.0
0.8929864764213562 0.024265937507152557 0.0
0.8843728303909302 0.02853814885020256 0.0
0.0583949089050293 0.6478493213653564 0.0
0.05400693416595459 0.6423696279525757 0.0
0.870833694934845 0.03983062505722046 0.0
0.04399377107620239 0.6406601667404175 0.0
0.8640730977058411 0.04698110744357109 0.0
0.040917158126831055 0.6362192034721375 0.0
0.8559849262237549 0.049813855439424515 0.0
0.8488557934761047 0.05459466576576233 0.0
0.018261849880218506 0.6343115568161011 0.0
0.8348575830459595 0.06295230984687805 0.0
0.8325445652008057 0.07114063948392868 0.0
0.8252297639846802 0.07495781779289246 0.0
0.01243668794631958 0.3721374571323395 0.0
0.022592246532440186 0.37498027086257935 0.0
0.8063132166862488 0.08242863416671753 0.0
0.039916157722473145 0.3791276812553406 0.0
0.8003488779067993 0.08910191059112549 0.0
0.047090232372283936 0.3847307562828064 0.0
0.7858903408050537 0.09727314859628677 0.0
0.0676373839378357 0.3803682327270508 0.0
0.07641690969467163 0.37975576519966125 0.0
0.7822127938270569 0.10325426608324051 0.0
0.7748752236366272 0.1061602309346199 0.0
0.09311771392822266 0.37840163707733154 0.0
0.09680628776550293 0.37629157304763794 0.0
0.10005998611450195 0.37976545095443726 0.0
0.7633560299873352 0.11490057408809662 0.0
0.7603267431259155 0.11880567669868469 0.0
0.7547545433044434 0.11950264871120453 0.0
0.75289386510849 0.12460508197546005 0.0
0.7483307123184204 0.12951919436454773 0.0
0.7398132085800171 0.13138346374034882 0.0
0.7399564385414124 0.13645321130752563 0.0
0.7329549193382263 0.13850538432598114 0.0
0.7338326573371887 0.14319726824760437 0.0
0.7313410043716431 0.14725954830646515 0.0
0.7260057330131531 0.149605393409729 0.0
0.7210466861724854 0.15160593390464783 0.0
0.7168270349502563 0.1545410454273224 0.0
0.28177547454833984 0.3586384952068329 0.0
0.2863311767578125 0.3539264500141144 0.0
0.712986171245575 0.15761812031269073 0.0
0.2698386311531067 0.3568490743637085 0.0
0.30896055698394775 0.35028955340385437 0.0
0.3020097017288208 0.35375407338142395 0.0
0.31739962100982666 0.3471764028072357 0.0
0.3346460461616516 0.3436141312122345 0.0
0.2553746700286865 0.3645017445087433 0.0
0.25788480043411255 0.35841482877731323 0.0
0.34855252504348755 0.34161490201950073 0.0
0.3426870107650757 0.3437715768814087 0.0
0.3556370139122009 0.3392029106616974 0.0
0.3631557822227478 0.3360772430896759 0.0
0.37196046113967896 0.33760273456573486 0.0
0.3714882731437683 0.33319273591041565 0.0
0.379159152507782 0.33129146695137024 0.0
0.702602744102478 0.17061005532741547 0.0
0.38924694061279297 0.33189287781715393 0.0
0.5520126819610596 0.2729046940803528 0.0
0.5441198348999023 0.27627915143966675 0.0
0.5709729194641113 0.2688964307308197 0.0
0.5976004004478455 0.25241774320602417 0.0
0.6035796403884888 0.24985544383525848 0.0
0.6122162938117981 0.24709941446781158 0.0
0.6208828091621399 0.2432151734828949 0.0
0.6228830218315125 0.23748883605003357 0.0
0.6330206394195557 0.23639953136444092 0.0
0.6349488496780396 0.2314750850200653 0.0
0.39894169569015503 0.3301308751106262 0.0
0.4107798933982849 0.324116051197052 0.0
0.4161107540130615 0.32018357515335083 0.0
0.42411142587661743 0.32033228874206543 0.0
0.504946231842041 0.29069313406944275 0.0
0.5139004588127136 0.2911803126335144 0.0
0.5365715622901917 0.2796826660633087 0.0
0.5727895498275757 0.26498082280158997 0.0
0.5786638259887695 0.26347917318344116 0.0
0.5870881080627441 0.25772082805633545 0.0
0.6426665186882019 0.22512362897396088 0.0
0.6453387141227722 0.22080272436141968 0.0
0.6514619588851929 0.21594510972499847 0.0
0.6598287224769592 0.21352070569992065 0.0
0.6605556607246399 0.20698954164981842 0.0
0.6946409940719604 0.1781628280878067 0.0
0.6905542612075806 0.17981044948101044 0.0
0.4382880926132202 0.3175448477268219 0.0
0.44312578439712524 0.3134094476699829 0.0
0.4637061357498169 0.30582764744758606 0.0
0.48335134983062744 0.30181947350502014 0.0
0.4910772442817688 0.2984834611415863 0.0
0.6902820467948914 0.1838100254535675 0.0
0.6745437383651733 0.2028774619102478 0.0
0.674730658531189 0.1959376037120819 0.0
0.6788750290870667 0.1937822550535202 0.0
0.6813016533851624 0.1890091896057129 0.0
0.2651176452636719 0.7441403269767761 0.0
0.2615036964416504 0.7372266054153442 0.0
0.28048771619796753 0.7483806610107422 0.0
0.290887713432312 0.7561392784118652 0.0
0.2145213484764099 0.7269893884658813 0.0
0.22871506214141846 0.7280495762825012 0.0
0.23893964290618896 0.732131838798523 0.0
0.24400633573532104 0.7372838854789734 0.0
0.314716100692749 0.7663643956184387 0.0
0.8264968991279602 0.959969162940979 0.0
0.19772672653198242 0.7135348916053772 0.0
0.20585274696350098 0.7182523608207703 0.0
0.22068828344345093 0.7207044959068298 0.0
0.34276068210601807 0.7717938423156738 0.0
0.7794274687767029 0.945769727230072 0.0
0.8081640005111694 0.948757529258728 0.0
0.8648305535316467 0.9585223197937012 0.0
0.8741635680198669 0.9702765345573425 0.0
0.9001926779747009 0.9757265448570251 0.0
0.1960424780845642 0.707339346408844 0.0
0.3420928120613098 0.7792996764183044 0.0
0.3567523956298828 0.7780121564865112 0.0
0.6905620098114014 0.9154913425445557 0.0
0.7185164093971252 0.9225843548774719 0.0
0.932918131351471 0.9755761623382568 0.0
0.9603303670883179 0.9848118424415588 0.0
0.18778002262115479 0.7024210095405579 0.0
0.9916365742683411 0.009863635525107384 0.0
0.17637425661087036 0.6986727118492126 0.0
0.6429433226585388 0.8947778344154358 0.0
0.6639392971992493 0.8961526155471802 0.0
0.9835456609725952 0.01560250949114561 0.0
0.16715270280838013 0.6951558589935303 0.0
0.4676952362060547 0.8289834856987 0.0
0.5796862840652466 0.871300458908081 0.0
0.6013338565826416 0.8722496032714844 0.0
0.6116539239883423 0.8819741010665894 0.0
0.9760672450065613 0.010091306641697884 0.0
0.386177122592926 0.7888397574424744 0.0
0.38820576667785645 0.794206976890564 0.0
0.42933857440948486 0.8130369186401367 0.0
0.4421405792236328 0.8163847923278809 0.0
0.45636874437332153 0.8216053247451782 0.0
0.5138076543807983 0.838169276714325 0.0
0.533184289932251 0.8442558646202087 0.0
0.5321699976921082 0.8524627685546875 0.0
0.5430527329444885 0.8584513664245605 0.0
0.5638623237609863 0.8619351983070374 0.0
0.9665756225585938 0.012110112234950066 0.0
0.13448572158813477 0.6763028502464294 0.0
0.4105638265609741 0.7973184585571289 0.0
0.4218141436576843 0.801030158996582 0.0
0.42545658349990845 0.8071374297142029 0.0
0.9523530006408691 0.013263225555419922 0.0
0.12591111660003662 0.6739836931228638 0.0
0.12793779373168945 0.6677758097648621 0.0
0.11452704668045044 0.6665366888046265 0.0
0.9303737878799438 0.013414721004664898 0.0
0.10786300897598267 0.662441611289978 0.0
0.9196642637252808 0.020361900329589844 0.0
0.10067957639694214 0.6580169200897217 0.0
0.09541618824005127 0.6553718447685242 0.0
0.09019583463668823 0.65273118019104 0.0
0.08207184076309204 0.6479520201683044 0.0
0.9019255638122559 0.03338070958852768 0.0
0.8918153643608093 0.034911323338747025 0.0
0.069424569606781 0.6440832018852234 0.0
0.8904212117195129 0.044246163219213486 0.0
0.8821147680282593 0.0372467041015625 0.0
0.06584709882736206 0.6386744379997253 0.0
0.8811883926391602 0.04752469062805176 0.0
0.8725060224533081 0.052016131579875946 0.0
0.0491788387298584 0.6369556784629822 0.0
0.8645079135894775 0.05645208805799484 0.0
0.03741598129272461 0.6312958002090454 0.0
0.028303205966949463 0.6293578743934631 0.0
0.8566083312034607 0.060885731130838394 0.0
0.018167853355407715 0.6275303363800049 0.0
0.8470925688743591 0.06507497280836105 0.0
0.009093701839447021 0.6255268454551697 0.0
0.8409364223480225 0.07306157052516937 0.0
0.8358133435249329 0.07892099767923355 0.0
0.0 0.6228268146514893 0.0
0.8222598433494568 0.08174245059490204 0.0
0.013131976127624512 0.3810257017612457 0.0
0.028598248958587646 0.3819483518600464 0.0
0.816746711730957 0.08520465344190598 0.0
0.03853929042816162 0.3854324221611023 0.0
0.8116261959075928 0.09064485132694244 0.0
0.8079806566238403 0.09674669802188873 0.0
0.7994620203971863 0.09695495665073395 0.0
0.7931614518165588 0.0986611619591713 0.0
0.05751138925552368 0.38352569937705994 0.0
0.7915765643119812 0.10381624102592468 0.0
0.07484543323516846 0.38517436385154724 0.0
0.08191937208175659 0.38461488485336304 0.0
0.782764732837677 0.11140446364879608 0.0
0.7769972681999207 0.1146174892783165 0.0
0.08991968631744385 0.38387948274612427 0.0
0.770958423614502 0.1177198588848114 0.0
0.09910821914672852 0.3826240301132202 0.0
0.766035795211792 0.12138662487268448 0.0
0.7600110769271851 0.123599573969841 0.0
0.7588562369346619 0.12985378503799438 0.0
0.7458949685096741 0.1343207061290741 0.0
0.7410987615585327 0.14225809276103973 0.0
0.7274899482727051 0.15405111014842987 0.0
0.7245228290557861 0.15681466460227966 0.0
0.29015058279037476 0.3585798442363739 0.0
0.29371827840805054 0.35349610447883606 0.0
0.29731255769729614 0.35757842659950256 0.0
0.7206364274024963 0.15990321338176727 0.0
0.27468156814575195 0.3604028820991516 0.0
0.3098500967025757 0.35490456223487854 0.0
0.3189340829849243 0.3532468378543854 0.0
0.7163254022598267 0.1627868264913559 0.0
0.26837873458862305 0.36272650957107544 0.0
0.329584002494812 0.3496550917625427 0.0
0.7119038105010986 0.16544492542743683 0.0
0.25498706102371216 0.3670492470264435 0.0
0.2549175024032593 0.367506206035614 0.0
0.2549523115158081 0.3672773540019989 0.0
0.25507211685180664 0.367948055267334 0.0
0.2567022442817688 0.3634956181049347 0.0
0.2607841491699219 0.36336180567741394 0.0
0.3554205894470215 0.34346264600753784 0.0
0.7074693441390991 0.1679953932762146 0.0
0.3656630516052246 0.3422689139842987 0.0
0.38165485858917236 0.33595210313796997 0.0
0.5576003789901733 0.2772276699542999 0.0
0.5625928044319153 0.2724415957927704 0.0
0.598115086555481 0.25678887963294983 0.0
0.6047382354736328 0.2539414167404175 0.0
0.6134819388389587 0.25248125195503235 0.0
0.6319563984870911 0.2413267195224762 0.0
0.6452645659446716 0.22991837561130524 0.0
0.7054673433303833 0.17624010145664215 0.0
0.4054555892944336 0.3275994062423706 0.0
0.5300314426422119 0.2874412536621094 0.0
0.5373420715332031 0.28449809551239014 0.0
0.5438675284385681 0.282028466463089 0.0
0.5733376741409302 0.27372658252716064 0.0
0.578559398651123 0.26722800731658936 0.0
0.585159957408905 0.2618468701839447 0.0
0.5955227613449097 0.2620539963245392 0.0
0.6497306823730469 0.22562170028686523 0.0
0.658328652381897 0.22255538403987885 0.0
0.6685442924499512 0.21220090985298157 0.0
0.666976809501648 0.21820804476737976 0.0
0.6967253088951111 0.18236368894577026 0.0
0.41383153200149536 0.3287578225135803 0.0
0.4220126271247864 0.3259260952472687 0.0
0.43263906240463257 0.32255542278289795 0.0
0.45212721824645996 0.31468620896339417 0.0
0.45942628383636475 0.31185734272003174 0.0
0.46651989221572876 0.30930161476135254 0.0
0.4703603982925415 0.30662575364112854 0.0
0.4767587184906006 0.3048681616783142 0.0
0.501118004322052 0.29763340950012207 0.0
0.5073797702789307 0.2947993278503418 0.0
0.5247653722763062 0.2923153340816498 0.0
0.670579195022583 0.2070135623216629 0.0
0.6897865533828735 0.1885783076286316 0.0
0.44625675678253174 0.3174282908439636 0.0
0.49211859703063965 0.3029913902282715 0.0
0.5013178586959839 0.3022193908691406 0.0
0.6793590188026428 0.19901150465011597 0.0
0.27886027097702026 0.7399213910102844 0.0
0.27650386095046997 0.7334612607955933 0.0
0.30378538370132446 0.7495397329330444 0.0
0.3098487854003906 0.7576353549957275 0.0
0.2515614628791809 0.7311834096908569 0.0
0.21794897317886353 0.7127389907836914 0.0
0.23910248279571533 0.721463680267334 0.0
0.2428961992263794 0.7272359728813171 0.0
0.3305245637893677 0.7663341164588928 0.0
0.7971091866493225 0.939626157283783 0.0
0.8393594026565552 0.947440505027771 0.0
0.8922531008720398 0.9638714790344238 0.0
0.21049219369888306 0.7070403099060059 0.0
0.20504814386367798 0.7012877464294434 0.0
0.3604549169540405 0.7706961035728455 0.0
0.7513052821159363 0.9247989058494568 0.0
0.7371841669082642 0.9124463200569153 0.0
0.7762832045555115 0.9338481426239014 0.0
0.8992407321929932 0.9541345834732056 0.0
0.9202379584312439 0.9641023278236389 0.0
0.712745726108551 0.9112645387649536 0.0
0.9597674608230591 0.9663816690444946 0.0
1.0 0.9790176749229431 0.0
0.18088918924331665 0.6914653778076172 0.0
0.3721180558204651 0.7787236571311951 0.0
0.6938548684120178 0.9030107259750366 0.0
0.9908227920532227 0.02689833752810955 0.0
0.15696287155151367 0.6859295964241028 0.0
0.17098575830459595 0.6870139837265015 0.0
0.38427841663360596 0.7810741066932678 0.0
0.6318941712379456 0.8823367953300476 0.0
0.6475338339805603 0.8877297639846802 0.0
0.6911490559577942 0.8913822174072266 0.0
0.9835688471794128 0.02551724575459957 0.0
0.15483099222183228 0.6793333888053894 0.0
0.39939427375793457 0.7922278046607971 0.0
0.460620641708374 0.8138695955276489 0.0
0.4936577081680298 0.8311406970024109 0.0
0.5511200428009033 0.851331889629364 0.0
0.5773401260375977 0.8517208099365234 0.0
0.5889772176742554 0.8626073002815247 0.0
0.6241703033447266 0.8733105659484863 0.0
0.9755619764328003 0.023026050999760628 0.0
0.14704746007919312 0.674345850944519 0.0
0.13792788982391357 0.6716324090957642 0.0
0.4429051876068115 0.809299111366272 0.0
0.5159733295440674 0.8300506472587585 0.0
0.9628745317459106 0.025329848751425743 0.0
0.9403607845306396 0.020601794123649597 0.0
0.12115228176116943 0.6620428562164307 0.0
0.11312371492385864 0.6571260690689087 0.0
0.10334861278533936 0.6525752544403076 0.0
0.9138548374176025 0.03371349349617958 0.0
0.09651178121566772 0.6475967168807983 0.0
0.09191817045211792 0.643808126449585 0.0
0.08373266458511353 0.6417770981788635 0.0
0.0765724778175354 0.6381740570068359 0.0
0.8983973860740662 0.04164908081293106 0.0
0.05859076976776123 0.634752094745636 0.0
0.8894510269165039 0.05282435566186905 0.0
0.048676371574401855 0.6302544474601746 0.0
0.8825011849403381 0.05958595871925354 0.0
0.8728467226028442 0.062448881566524506 0.0
0.038813650608062744 0.6241178512573242 0.0
0.026551663875579834 0.6229823231697083 0.0
0.8577234148979187 0.07193857431411743 0.0
0.8501785397529602 0.07684212923049927 0.0
0.017421305179595947 0.622307538986206 0.0
0.010463416576385498 0.6191068887710571 0.0
0.0 0.6154724359512329 0.0
0.8444551825523376 0.08194294571876526 0.0
0.008573472499847412 0.38791608810424805 0.0
0.8309730887413025 0.08520139008760452 0.0
0.8244259357452393 0.08746764808893204 0.0
0.019276916980743408 0.389069527387619 0.0
0.8218320608139038 0.09334603697061539 0.0
0.8158996105194092 0.09743622690439224 0.0
0.8057491779327393 0.10192204266786575 0.0
0.043827056884765625 0.39001888036727905 0.0
0.7993991374969482 0.10327965766191483 0.0
0.055284082889556885 0.39263153076171875 0.0
0.06784826517105103 0.3894466161727905 0.0
0.7906060814857483 0.11052276194095612 0.0
0.08001208305358887 0.39115872979164124 0.0
0.7892537117004395 0.11803003400564194 0.0
0.0871349573135376 0.3891550898551941 0.0
0.7764472365379333 0.12013155966997147 0.0
0.09910941123962402 0.3877809941768646 0.0
0.10383337736129761 0.3875710368156433 0.0
0.10469156503677368 0.38591626286506653 0.0
0.10286533832550049 0.3832542300224304 0.0
0.7657573819160461 0.12675435841083527 0.0
0.753311812877655 0.1350812166929245 0.0
0.7478296160697937 0.13897158205509186 0.0
0.7386939525604248 0.14704731106758118 0.0
0.7377309799194336 0.15099453926086426 0.0
0.733524739742279 0.15366651117801666 0.0
0.2857740521430969 0.3646934926509857 0.0
0.7282443046569824 0.1620977371931076 0.0
0.2736554741859436 0.3648579716682434 0.0
0.27873098850250244 0.3635719120502472 0.0
0.3050846457481384 0.35910171270370483 0.0
0.3147169351577759 0.3583957254886627 0.0
0.7239571213722229 0.16530001163482666 0.0
0.25705236196517944 0.3688032627105713 0.0
0.3269500136375427 0.3542807698249817 0.0
0.3402882218360901 0.3479604125022888 0.0
0.7192317247390747 0.16809681057929993 0.0
0.34924137592315674 0.3467867374420166 0.0
0.7145339250564575 0.17067080736160278 0.0
0.7100404500961304 0.17331349849700928 0.0
0.37840569019317627 0.34101951122283936 0.0
0.3921263813972473 0.3368286192417145 0.0
0.6104587316513062 0.2578079402446747 0.0
0.6252226233482361 0.24996909499168396 0.0
0.631865382194519 0.24590353667736053 0.0
0.6402371525764465 0.239878848195076 0.0
0.642991304397583 0.23563531041145325 0.0
0.6535959839820862 0.23495955765247345 0.0
0.6564692258834839 0.22938573360443115 0.0
0.7012090086936951 0.1794949322938919 0.0
0.40009307861328125 0.33532610535621643 0.0
0.4098834991455078 0.3332296907901764 0.0
0.5486282706260681 0.2875889837741852 0.0
0.552993893623352 0.2817928194999695 0.0
0.5690945982933044 0.2775522470474243 0.0
0.5826256275177002 0.27172690629959106 0.0
0.5876669883728027 0.2664777934551239 0.0
0.6031507253646851 0.2600942850112915 0.0
0.4784242510795593 0.3104621171951294 0.0
0.5102102160453796 0.2995239198207855 0.0
0.5174201130867004 0.2962537705898285 0.0
0.533591091632843 0.29174700379371643 0.0
0.5382766127586365 0.2890614867210388 0.0
0.6768633723258972 0.21092049777507782 0.0
0.6776041984558105 0.20695649087429047 0.0
0.6834529042243958 0.2045900821685791 0.0
0.6958709359169006 0.19208623468875885 0.0
0.6891465783119202 0.1937098354101181 0.0
0.6985051035881042 0.1880377233028412 0.0
0.4391278624534607 0.32643571496009827 0.0
0.4443863034248352 0.3221735954284668 0.0
0.453164279460907 0.31944942474365234 0.0
0.4613208770751953 0.3168545365333557 0.0
0.46943145990371704 0.31390437483787537 0.0
0.4881596565246582 0.3067869246006012 0.0
0.4972713589668274 0.30580946803092957 0.0
0.6857964992523193 0.19731807708740234 0.0
0.29762428998947144 0.7415821552276611 0.0
0.3238336443901062 0.7511852979660034 0.0
0.32745689153671265 0.7593898177146912 0.0
0.26685798168182373 0.7290175557136536 0.0
0.3436703085899353 0.7617880702018738 0.0
0.23469758033752441 0.7146355509757996 0.0
0.2558801770210266 0.723115086555481 0.0
0.3596363663673401 0.7643187046051025 0.0
0.818478524684906 0.9398240447044373 0.0
0.7799925804138184 0.9230318069458008 0.0
0.8052133321762085 0.9297205209732056 0.0
0.8738007545471191 0.9450840353965759 0.0
0.1881026029586792 0.6953639388084412 0.0
0.19976115226745605 0.6954019069671631 0.0
0.37181830406188965 0.772678017616272 0.0
0.7228462100028992 0.9026985168457031 0.0
0.9332788586616516 0.9528955817222595 0.0
1.0 0.9620611071586609 0.0
0.16839385032653809 0.6802306771278381 0.0
0.38242971897125244 0.7747663855552673 0.0
0.403192937374115 0.7828149795532227 0.0
0.6711500287055969 0.8843474388122559 0.0
0.7105048894882202 0.8954169750213623 0.0
0.9926716089248657 0.040925316512584686 0.0
0.16107606887817383 0.6725420355796814 0.0
0.4184677004814148 0.7891749143600464 0.0
0.4806574583053589 0.8204091787338257 0.0
0.6115723848342896 0.8633365035057068 0.0
0.6502536535263062 0.8756563067436218 0.0
0.6967406272888184 0.8810061812400818 0.0
0.9834471344947815 0.035659920424222946 0.0
0.1466968059539795 0.6702495813369751 0.0
0.14474284648895264 0.6662696599960327 0.0
0.4256324768066406 0.7956211566925049 0.0
0.4412953853607178 0.8002439141273499 0.0
0.46082043647766113 0.8060784339904785 0.0
0.5062739849090576 0.8226322531700134 0.0
0.5341768860816956 0.8344542980194092 0.0
0.5581109523773193 0.8408504724502563 0.0
0.5986876487731934 0.855740487575531 0.0
0.9718970656394958 0.036279112100601196 0.0
0.1356896162033081 0.6615268588066101 0.0
0.5307319760322571 0.8240289688110352 0.0
0.9599371552467346 0.037639446556568146 0.0
0.9505677223205566 0.02851889282464981 0.0
0.12723857164382935 0.6564559936523438 0.0
0.9390490651130676 0.034015629440546036 0.0
0.9312403202056885 0.024818412959575653 0.0
0.11830747127532959 0.6512426733970642 0.0
0.9263509511947632 0.034239139407873154 0.0
0.9075161218643188 0.0437614805996418 0.0
0.8992497324943542 0.05142238363623619 0.0
0.07157987356185913 0.6326183080673218 0.0
0.06281280517578125 0.6265499591827393 0.0
0.0522230863571167 0.621857762336731 0.0
0.8654754757881165 0.06694960594177246 0.0
0.02226722240447998 0.6177154183387756 0.0
0.8515292406082153 0.08455769717693329 0.0
0.839652955532074 0.08627428114414215 0.0
0.0 0.6082990169525146 0.0
0.8384591937065125 0.09451453387737274 0.0
0.8293920159339905 0.09187109023332596 0.0
0.033745646476745605 0.39173424243927 0.0
0.8142728209495544 0.10405021160840988 0.0
0.8074047565460205 0.1078619733452797 0.0
0.045101821422576904 0.39530351758003235 0.0
0.799540102481842 0.10978593677282333 0.0
0.7830185890197754 0.11642321199178696 0.0
0.0885629653930664 0.3940659463405609 0.0
0.7828497290611267 0.12205512076616287 0.0
0.09499537944793701 0.3922215700149536 0.0
0.7743405699729919 0.12618905305862427 0.0
0.10701316595077515 0.3874548375606537 0.0
0.7685945630073547 0.1324559599161148 0.0
0.7619138956069946 0.1365523785352707 0.0
0.7564229369163513 0.14104166626930237 0.0
0.750332772731781 0.14484268426895142 0.0
0.7450993657112122 0.1473741978406906 0.0
0.7315754890441895 0.15843161940574646 0.0
0.2768632173538208 0.368931382894516 0.0
0.2964252233505249 0.36308661103248596 0.0
0.2694464325904846 0.36849138140678406 0.0
0.2549423575401306 0.37374693155288696 0.0
0.25381630659103394 0.3723236322402954 0.0
0.2638636827468872 0.3676925599575043 0.0
0.3247426748275757 0.35837721824645996 0.0
0.33391696214675903 0.3559841811656952 0.0
0.33863121271133423 0.3521849513053894 0.0
0.34582310914993286 0.3517795503139496 0.0
0.2538023591041565 0.37108004093170166 0.0
0.7214975357055664 0.1731296330690384 0.0
0.3586333394050598 0.3477032780647278 0.0
0.3530471920967102 0.35142016410827637 0.0
0.3681606650352478 0.3486417829990387 0.0
0.7169444561004639 0.17550028860569 0.0
0.37550461292266846 0.3453349769115448 0.0
0.3890092372894287 0.3404093086719513 0.0
0.6232824325561523 0.25617116689682007 0.0
0.6210281848907471 0.26163068413734436 0.0
0.6382144093513489 0.2501830458641052 0.0
0.6422494053840637 0.2450973391532898 0.0
0.6508698463439941 0.24091538786888123 0.0
0.7089583277702332 0.18158908188343048 0.0
0.7130857110023499 0.17840974032878876 0.0
0.39970576763153076 0.340656578540802 0.0
0.5593251585960388 0.285503089427948 0.0
0.5640772581100464 0.28180840611457825 0.0
0.5802302956581116 0.2774691879749298 0.0
0.5935205817222595 0.2709781527519226 0.0
0.5997920632362366 0.26728174090385437 0.0
0.608411431312561 0.26339641213417053 0.0
0.6670790910720825 0.22857792675495148 0.0
0.6693665981292725 0.22362704575061798 0.0
0.676382839679718 0.2213129848241806 0.0
0.6764244437217712 0.2160017490386963 0.0
0.7043517231941223 0.1847536414861679 0.0
0.421423077583313 0.3325323164463043 0.0
0.43167316913604736 0.3282836973667145 0.0
0.5256687998771667 0.2974051833152771 0.0
0.5327807664871216 0.29580187797546387 0.0
0.5420907735824585 0.29380306601524353 0.0
0.6827000975608826 0.20908501744270325 0.0
0.6971594095230103 0.19567985832691193 0.0
0.4717770218849182 0.31960323452949524 0.0
0.47829389572143555 0.3157908022403717 0.0
0.4901675581932068 0.3115757703781128 0.0
0.4994271993637085 0.3104310929775238 0.0
0.5056045651435852 0.3070032596588135 0.0
0.512073278427124 0.3043011426925659 0.0
0.5213003754615784 0.3017038404941559 0.0
0.6871179938316345 0.20085589587688446 0.0
0.6937358975410461 0.19921191036701202 0.0
0.4613420367240906 0.3220117390155792 0.0
0.29348790645599365 0.7330465316772461 0.0
0.32017403841018677 0.7420732975006104 0.0
0.34234797954559326 0.7533701658248901 0.0
0.27349746227264404 0.7212710976600647 0.0
0.28301912546157837 0.7267152667045593 0.0
0.23247015476226807 0.7091590762138367 0.0
0.2508498430252075 0.7155582904815674 0.0
0.24631643295288086 0.7090879678726196 0.0
0.3603056073188782 0.7559512853622437 0.0
0.2227279543876648 0.7005165815353394 0.0
0.22439658641815186 0.7065362334251404 0.0
0.3716859817504883 0.7668141722679138 0.0
0.8449892401695251 0.9332504272460938 0.0
0.21453487873077393 0.6943166255950928 0.0
0.7683038711547852 0.911311686038971 0.0
0.8009332418441772 0.915251612663269 0.0
0.8240415453910828 0.9224435687065125 0.0
0.885994553565979 0.9348031878471375 0.0
0.9089853167533875 0.9435715675354004 0.0
0.1957317590713501 0.6888800859451294 0.0
0.38726311922073364 0.7673861384391785 0.0
0.7484913468360901 0.9018330574035645 0.0
0.9414201378822327 0.9417636394500732 0.0
0.9680474996566772 0.9507946372032166 0.0
0.17948323488235474 0.6803958415985107 0.0
0.18640398979187012 0.6842295527458191 0.0
0.3964986801147461 0.774263858795166 0.0
0.7115405797958374 0.8877270817756653 0.0
0.7337045669555664 0.8918120265007019 0.0
1.0 0.9473925232887268 0.0
0.15633004903793335 0.6682643294334412 0.0
0.167464017868042 0.6678784489631653 0.0
0.16745692491531372 0.6752599477767944 0.0
0.6779253482818604 0.8733339309692383 0.0
0.9885253310203552 0.04902788624167442 0.0
0.438407301902771 0.7900687456130981 0.0
0.45471054315567017 0.7934743165969849 0.0
0.4644348621368408 0.7990823984146118 0.0
0.475924551486969 0.8036790490150452 0.0
0.48139244318008423 0.8102677464485168 0.0
0.4979743957519531 0.8153066039085388 0.0
0.5173670053482056 0.8151689171791077 0.0
0.5842286348342896 0.8421168923377991 0.0
0.5967296957969666 0.8488618731498718 0.0
0.618059515953064 0.8527051210403442 0.0
0.6360165476799011 0.8635984659194946 0.0
0.6624252796173096 0.8641772270202637 0.0
0.9792542457580566 0.04552135616540909 0.0
0.5529325008392334 0.8295168280601501 0.0
0.9690589308738708 0.04914705082774162 0.0
0.9553950428962708 0.04706951975822449 0.0
0.9495516419410706 0.038802582770586014 0.0
0.13241636753082275 0.6506400108337402 0.0
0.9432628750801086 0.04637599736452103 0.0
0.10957050323486328 0.646253228187561 0.0
0.9326236844062805 0.043165601789951324 0.0
0.10207796096801758 0.642063319683075 0.0
0.9208168387413025 0.048007022589445114 0.0
0.09491193294525146 0.638909637928009 0.0
0.08750873804092407 0.6362584829330444 0.0
0.9096280932426453 0.053379662334918976 0.0
0.08152145147323608 0.6335726976394653 0.0
0.08170187473297119 0.6285251379013062 0.0
0.9048991799354553 0.061796482652425766 0.0
0.07414877414703369 0.6261301636695862 0.0
0.8940584659576416 0.06162582337856293 0.0
0.8790715336799622 0.06892702728509903 0.0
0.8728170394897461 0.07116049528121948 0.0
0.04380905628204346 0.6157760620117188 0.0
0.8675715327262878 0.07807739078998566 0.0
0.032713890075683594 0.6184865832328796 0.0
0.030269622802734375 0.6129090785980225 0.0
0.8584374785423279 0.08210927993059158 0.0
0.014566242694854736 0.6118283867835999 0.0
0.011777043342590332 0.6037268042564392 0.0
0.8475059866905212 0.09010691195726395 0.0
0.009859800338745117 0.39349788427352905 0.0
0.8302487730979919 0.09867162257432938 0.0
0.8229391574859619 0.10189902782440186 0.0
0.020847976207733154 0.3989427089691162 0.0
0.8153711557388306 0.11132089793682098 0.0
0.05214875936508179 0.399665504693985 0.0
0.06542342901229858 0.40194180607795715 0.0
0.7987220287322998 0.11717300862073898 0.0
0.07417517900466919 0.3967096209526062 0.0
0.7968100905418396 0.12578989565372467 0.0
0.0850723385810852 0.3986087739467621 0.0
0.10300225019454956 0.3933444321155548 0.0
0.7828357219696045 0.12931880354881287 0.0
0.1076512336730957 0.39212796092033386 0.0
0.1083175539970398 0.38984736800193787 0.0
0.10717380046844482 0.38759011030197144 0.0
0.10733377933502197 0.38772475719451904 0.0
0.10728824138641357 0.38768646121025085 0.0
0.11058127880096436 0.390458881855011 0.0
0.10762971639633179 0.38797393441200256 0.0
0.7687054872512817 0.13833460211753845 0.0
0.7750274538993835 0.13728630542755127 0.0
0.759797990322113 0.1483004093170166 0.0
0.7517737746238708 0.15146546065807343 0.0
0.743976891040802 0.15155333280563354 0.0
0.741442859172821 0.15557599067687988 0.0
0.7387110590934753 0.15964750945568085 0.0
0.7357224225997925 0.16391195356845856 0.0
0.7315020561218262 0.1675325185060501 0.0
0.2695108652114868 0.3738880157470703 0.0
0.2841816544532776 0.3714430332183838 0.0
0.29180026054382324 0.3684792220592499 0.0
0.2645869255065918 0.3723292946815491 0.0
0.30507248640060425 0.3641599416732788 0.0
0.3008144497871399 0.36935290694236755 0.0
0.31116658449172974 0.3622962534427643 0.0
0.31896424293518066 0.3627914786338806 0.0
0.7266549468040466 0.17063342034816742 0.0
0.2512519359588623 0.3774469792842865 0.0
0.25925618410110474 0.3725042939186096 0.0
0.3268936276435852 0.3631606101989746 0.0
0.3323880434036255 0.3609594702720642 0.0
0.34226512908935547 0.35555171966552734 0.0
0.2535611391067505 0.37154293060302734 0.0
0.25332075357437134 0.37200409173965454 0.0
0.35036033391952515 0.35682788491249084 0.0
0.3611775040626526 0.3542648255825043 0.0
0.7227053046226501 0.17703375220298767 0.0
0.7200430631637573 0.1797969937324524 0.0
0.3871665596961975 0.34522080421447754 0.0
0.6329665780067444 0.2604970633983612 0.0
0.6308765411376953 0.26585009694099426 0.0
0.6350179314613342 0.25516417622566223 0.0
0.6475127339363098 0.25022098422050476 0.0
0.6549656391143799 0.2476016879081726 0.0
0.661508321762085 0.23935037851333618 0.0
0.6642144918441772 0.23422391712665558 0.0
0.7172295451164246 0.18382962048053741 0.0
0.3942956328392029 0.3430749177932739 0.0
0.5689928531646729 0.28641781210899353 0.0
0.575099766254425 0.2821752727031708 0.0
0.5929852724075317 0.2767988443374634 0.0
0.604163408279419 0.27259430289268494 0.0
0.6094530820846558 0.2681821882724762 0.0
0.6190390586853027 0.26681673526763916 0.0
0.6778900027275085 0.22720253467559814 0.0
0.684049129486084 0.2191839963197708 0.0
0.6854783296585083 0.21379302442073822 0.0
0.7076663970947266 0.190278559923172 0.0
0.7121062278747559 0.18691688776016235 0.0
0.4095104932785034 0.33897721767425537 0.0
0.419558048248291 0.3386293351650238 0.0
0.5541026592254639 0.2939664125442505 0.0
0.5613268613815308 0.28993770480155945 0.0
0.6899816989898682 0.20906534790992737 0.0
0.6924764513969421 0.20429237186908722 0.0
0.7032745480537415 0.19422878324985504 0.0
0.7021345496177673 0.19906699657440186 0.0
0.42739856243133545 0.33687248826026917 0.0
0.4314250946044922 0.3332296311855316 0.0
0.43929940462112427 0.33083072304725647 0.0
0.4480862021446228 0.3279798924922943 0.0
0.4531644582748413 0.323719322681427 0.0
0.48714667558670044 0.315357506275177 0.0
0.5134780406951904 0.3082926571369171 0.0
0.5316288471221924 0.3005691468715668 0.0
0.5389841794967651 0.2986396253108978 0.0
0.5489035844802856 0.2996912896633148 0.0
0.4587164521217346 0.32700490951538086 0.0
0.4695279598236084 0.3257489502429962 0.0
0.48375022411346436 0.32011187076568604 0.0
0.49708443880081177 0.31534117460250854 0.0
0.5102666020393372 0.3114783465862274 0.0
0.5207319855690002 0.30730172991752625 0.0
0.3098662495613098 0.7356182932853699 0.0
0.3123859167098999 0.7276906371116638 0.0
0.3398021459579468 0.7453634738922119 0.0
0.3595317602157593 0.7470026612281799 0.0
0.26167571544647217 0.7098796963691711 0.0
0.2657700181007385 0.715907871723175 0.0
0.37879717350006104 0.7592808604240417 0.0
0.23857426643371582 0.7033451795578003 0.0
0.23706525564193726 0.697496235370636 0.0
0.2079285979270935 0.6898012757301331 0.0
0.8484276533126831 0.919762372970581 0.0
0.8713936805725098 0.9261202812194824 0.0
0.2074623703956604 0.6849613189697266 0.0
0.7698597311973572 0.8996196985244751 0.0
0.7906991839408875 0.9023102521896362 0.0
0.8266133069992065 0.9136972427368164 0.0
0.8998304009437561 0.9261623620986938 0.0
0.9187191724777222 0.9342750310897827 0.0
0.1797359585762024 0.6743868589401245 0.0
0.19090396165847778 0.6773163676261902 0.0
0.19950658082962036 0.6814882159233093 0.0
0.40695756673812866 0.7664200067520142 0.0
0.41446787118911743 0.7735741138458252 0.0
0.7584915161132812 0.8932122588157654 0.0
0.9445363283157349 0.9332452416419983 0.0
0.9713188409805298 0.9374902844429016 0.0
0.16904383897781372 0.6629750728607178 0.0
0.17280429601669312 0.6705299019813538 0.0
0.42364931106567383 0.7805085778236389 0.0
0.4302940368652344 0.7851824164390564 0.0
0.7269995808601379 0.8784512281417847 0.0
0.9926452040672302 0.060978930443525314 0.0
0.1498696208000183 0.6601772904396057 0.0
0.15690958499908447 0.6633405685424805 0.0
0.4837186336517334 0.7981461882591248 0.0
0.489990234375 0.8040617108345032 0.0
0.5033570528030396 0.8083689212799072 0.0
0.648758053779602 0.8525144457817078 0.0
0.6850327849388123 0.8642243146896362 0.0
0.7035315632820129 0.8699657320976257 0.0
0.9818181991577148 0.05625368654727936 0.0
0.14139050245285034 0.6557670831680298 0.0
0.45903098583221436 0.785271942615509 0.0
0.4725014567375183 0.7917853593826294 0.0
0.5498145818710327 0.8212708830833435 0.0
0.5749608278274536 0.8332401514053345 0.0
0.5936353206634521 0.8358391523361206 0.0
0.6055887937545776 0.8425459265708923 0.0
0.628916323184967 0.8429425954818726 0.0
0.5703164339065552 0.822748064994812 0.0
0.12349790334701538 0.6443974375724792 0.0
0.9503341913223267 0.053737036883831024 0.0
0.11323404312133789 0.6397486329078674 0.0
0.9429519176483154 0.055523522198200226 0.0
0.1054527759552002 0.6358011364936829 0.0
0.9338997006416321 0.0526687316596508 0.0
0.09759789705276489 0.6328247785568237 0.0
0.92684406042099 0.06082680821418762 0.0
0.08962821960449219 0.6306990385055542 0.0
0.9156848788261414 0.06106598302721977 0.0
0.9113026857376099 0.07115722447633743 0.0
0.08274143934249878 0.6216009259223938 0.0
0.07173925638198853 0.6207884550094604 0.0
0.9003576636314392 0.07156246155500412 0.0
0.06257587671279907 0.6189098954200745 0.0
0.8884945511817932 0.07254316657781601 0.0
0.05540889501571655 0.6159061193466187 0.0
0.8782418966293335 0.07897399365901947 0.0
0.8665465116500854 0.08876717835664749 0.0
0.02583521604537964 0.6061670184135437 0.0
0.8564813733100891 0.08990906924009323 0.0
0.8615386486053467 0.09718529134988785 0.0
0.8533547520637512 0.09545178711414337 0.0
0.0 0.6000820398330688 0.0
0.8475300669670105 0.09724383801221848 0.0
0.8441967368125916 0.10339462757110596 0.0
0.8367645144462585 0.10290365666151047 0.0
0.8309648633003235 0.10686314851045609 0.0
0.823132336139679 0.10991966724395752 0.0
0.04007226228713989 0.4019165337085724 0.0
0.8094072937965393 0.11585520952939987 0.0
0.0538632869720459 0.4056774377822876 0.0
0.07961511611938477 0.40293261408805847 0.0
0.09540557861328125 0.399104505777359 0.0
0.7892594933509827 0.12851880490779877 0.0
0.10509240627288818 0.3986158072948456 0.0
0.7874879240989685 0.1363919973373413 0.0
0.1094973087310791 0.3962804675102234 0.0
0.7794278264045715 0.1333589404821396 0.0
0.116932213306427 0.40073361992836 0.0
0.11435407400131226 0.3936194181442261 0.0
0.1189570426940918 0.3951284885406494 0.0
0.11593890190124512 0.3967137038707733 0.0
0.11627715826034546 0.39363011717796326 0.0
0.11818236112594604 0.39467084407806396 0.0
0.7724361419677734 0.1431044489145279 0.0
0.7648670077323914 0.14263056218624115 0.0
0.7591449618339539 0.15491582453250885 0.0
0.7496120929718018 0.157073512673378 0.0
0.7452415823936462 0.1604519933462143 0.0
0.282387375831604 0.3774276375770569 0.0
0.2761135697364807 0.3752613663673401 0.0
0.26071733236312866 0.37842077016830444 0.0
0.2920750379562378 0.37427225708961487 0.0
0.2544403672218323 0.37775447964668274 0.0
0.3125818967819214 0.367503821849823 0.0
0.251492440700531 0.3755117952823639 0.0
0.32384586334228516 0.3674220144748688 0.0
0.3413293957710266 0.3608967363834381 0.0
0.7288729548454285 0.17600302398204803 0.0
0.3704213500022888 0.35304710268974304 0.0
0.3793039917945862 0.35036033391952515 0.0
0.6425390839576721 0.25963908433914185 0.0
0.6469500064849854 0.2554219365119934 0.0
0.6605417132377625 0.24387161433696747 0.0
0.670287549495697 0.23858503997325897 0.0
0.6759722232818604 0.2341669499874115 0.0
0.40066826343536377 0.34614160656929016 0.0
0.3933725357055664 0.3510392904281616 0.0
0.5863150358200073 0.28260621428489685 0.0
0.6051685810089111 0.27882134914398193 0.0
0.612293541431427 0.2755317687988281 0.0
0.6157411932945251 0.27150681614875793 0.0
0.6834955215454102 0.22352644801139832 0.0
0.6913586854934692 0.21800322830677032 0.0
0.69630366563797 0.21427516639232635 0.0
0.715246856212616 0.19226433336734772 0.0
0.4105435013771057 0.3435432016849518 0.0
0.563772439956665 0.29439833760261536 0.0
0.572852611541748 0.2921088635921478 0.0
0.5797905325889587 0.2872346341609955 0.0
0.5975882411003113 0.2837490737438202 0.0
0.6987465620040894 0.20873354375362396 0.0
0.7005887627601624 0.20368579030036926 0.0
0.7082129120826721 0.19871994853019714 0.0
0.42960047721862793 0.34111809730529785 0.0
0.42256855964660645 0.34484967589378357 0.0
0.4353669285774231 0.3380172550678253 0.0
0.4395495057106018 0.3349517285823822 0.0
0.5401660203933716 0.3032631576061249 0.0
0.44676727056503296 0.333465039730072 0.0
0.4555109143257141 0.3318997025489807 0.0
0.4779004454612732 0.3234313726425171 0.0
0.49393928050994873 0.31946811079978943 0.0
0.5071235299110413 0.31574130058288574 0.0
0.5190760493278503 0.31175899505615234 0.0
0.5313150882720947 0.30639079213142395 0.0
0.3263789415359497 0.7332292795181274 0.0
0.3404974341392517 0.737798810005188 0.0
0.35291504859924316 0.7410344481468201 0.0
0.29117876291275024 0.7176501154899597 0.0
0.29736191034317017 0.7250925302505493 0.0
0.37770140171051025 0.7503924369812012 0.0
0.2730349898338318 0.7111455798149109 0.0
0.27780449390411377 0.7150731682777405 0.0
0.24851173162460327 0.6980810165405273 0.0
0.24571514129638672 0.6922165155410767 0.0
0.2580435872077942 0.7028132081031799 0.0
0.22276437282562256 0.6852597594261169 0.0
0.22981762886047363 0.693055272102356 0.0
0.4013332724571228 0.7581005692481995 0.0
0.21194106340408325 0.6796365976333618 0.0
0.8169612288475037 0.9042502045631409 0.0
0.8490390777587891 0.9065700173377991 0.0
0.881591796875 0.9158144593238831 0.0
0.18314892053604126 0.6686962842941284 0.0
0.19519805908203125 0.6700298190116882 0.0
0.4219629168510437 0.7664244771003723 0.0
0.7830908894538879 0.8899586200714111 0.0
0.9131944179534912 0.918944776058197 0.0
0.9297122955322266 0.9262698888778687 0.0
0.1629735231399536 0.6586825251579285 0.0
0.1777835488319397 0.6656064987182617 0.0
0.43445783853530884 0.7714651226997375 0.0
0.44169068336486816 0.7806296944618225 0.0
0.7571637630462646 0.8832528591156006 0.0
0.9579713940620422 0.9269096255302429 0.0
1.0 0.9355420470237732 0.0
0.15496230125427246 0.6548187136650085 0.0
0.4569684863090515 0.7780144214630127 0.0
0.506266176700592 0.7990657687187195 0.0
0.5275213718414307 0.8060334920883179 0.0
0.6772054433822632 0.8555611968040466 0.0
0.1459009051322937 0.6503737568855286 0.0
0.49534231424331665 0.7898270487785339 0.0
0.5382410287857056 0.8149436712265015 0.0
0.5575819611549377 0.8146743178367615 0.0
0.650023341178894 0.8425021171569824 0.0
0.9863492250442505 0.06840839982032776 0.0
0.13700127601623535 0.6453306674957275 0.0
0.5916973948478699 0.8278989195823669 0.0
0.6133670806884766 0.8331518173217773 0.0
0.9734526872634888 0.06378641724586487 0.0
0.1309279203414917 0.6406006813049316 0.0
0.9603058099746704 0.05741307511925697 0.0
0.11545783281326294 0.633223831653595 0.0
0.12309318780899048 0.6373668313026428 0.0
0.9630041122436523 0.06864596903324127 0.0
0.9502506852149963 0.06334623694419861 0.0
0.10840004682540894 0.628455638885498 0.0
0.943157970905304 0.0720677450299263 0.0
0.9379718899726868 0.062333494424819946 0.0
0.09813165664672852 0.6266098022460938 0.0
0.9322291016578674 0.07036995887756348 0.0
0.09630125761032104 0.6199782490730286 0.0
0.08988285064697266 0.6254957318305969 0.0
0.9219281673431396 0.070397287607193 0.0
0.07781416177749634 0.6166405081748962 0.0
0.07019805908203125 0.6151371598243713 0.0
0.907386839389801 0.08060000836849213 0.0
0.8974976539611816 0.08169636130332947 0.0
0.06255179643630981 0.6136730909347534 0.0
0.05482453107833862 0.6097265481948853 0.0
0.8881430625915527 0.08545845746994019 0.0
0.8781358599662781 0.0912041962146759 0.0
0.04890024662017822 0.6026256680488586 0.0
0.04013580083847046 0.6081197261810303 0.0
0.03519082069396973 0.6011260151863098 0.0
0.8710171580314636 0.09670300036668777 0.0
0.02147907018661499 0.5988849401473999 0.0
0.009643852710723877 0.5969054102897644 0.0
0.8536470532417297 0.10294050723314285 0.0
0.8394355773925781 0.11034628003835678 0.0
0.012629449367523193 0.40676286816596985 0.0
0.8322561383247375 0.11608413606882095 0.0
0.027608871459960938 0.4092814028263092 0.0
0.8214848041534424 0.11793762445449829 0.0
0.8156476020812988 0.12340108305215836 0.0
0.8064588308334351 0.1233968511223793 0.0
0.06389850378036499 0.41184520721435547 0.0
0.8055633902549744 0.1305118203163147 0.0
0.07850998640060425 0.40933653712272644 0.0
0.09362798929214478 0.4070999026298523 0.0
0.7954713106155396 0.13408102095127106 0.0
0.1052858829498291 0.4045104384422302 0.0
0.11312568187713623 0.4036632776260376 0.0
0.7813447713851929 0.13870197534561157 0.0
0.12375301122665405 0.3980313837528229 0.0
0.12339764833450317 0.3999864459037781 0.0
0.7790504097938538 0.14320296049118042 0.0
0.1186676025390625 0.3949151039123535 0.0
0.11897414922714233 0.395088791847229 0.0
0.11928647756576538 0.3952121436595917 0.0
0.1197272539138794 0.3954174816608429 0.0
0.12163281440734863 0.39622557163238525 0.0
0.7692403197288513 0.14867013692855835 0.0
0.7663693428039551 0.15437468886375427 0.0
0.7546412348747253 0.15596802532672882 0.0
0.744063675403595 0.16554376482963562 0.0
0.7389953136444092 0.16948376595973969 0.0
0.2617644667625427 0.3837343156337738 0.0
0.2549617290496826 0.38516372442245483 0.0
0.2684352397918701 0.37962856888771057 0.0
0.27477365732192993 0.38042953610420227 0.0
0.2534829378128052 0.38199132680892944 0.0
0.7340799570083618 0.17272749543190002 0.0
0.2491919994354248 0.38223040103912354 0.0
0.30872464179992676 0.3745679259300232 0.0
0.24484187364578247 0.3836366832256317 0.0
0.24499332904815674 0.3827866017818451 0.0
0.3200250267982483 0.37268826365470886 0.0
0.33434879779815674 0.36623960733413696 0.0
0.3507184386253357 0.36359184980392456 0.0
0.3438171148300171 0.36667415499687195 0.0
0.35727959871292114 0.3602809011936188 0.0
0.7267791628837585 0.18022699654102325 0.0
0.36444973945617676 0.36050131916999817 0.0
0.36851584911346436 0.35671699047088623 0.0
0.37684935331344604 0.35639986395835876 0.0
0.7244893908500671 0.18372319638729095 0.0
0.3858187198638916 0.3544526696205139 0.0
0.6438226699829102 0.2656896114349365 0.0
0.6533698439598083 0.2623912990093231 0.0
0.6568028330802917 0.25811153650283813 0.0
0.6556161046028137 0.2534022033214569 0.0
0.6628201007843018 0.25205913186073303 0.0
0.6662976741790771 0.2482312172651291 0.0
0.6694912910461426 0.2434336543083191 0.0
0.684596598148346 0.23173551261425018 0.0
0.6881540417671204 0.22751888632774353 0.0
0.723840594291687 0.18759948015213013 0.0
0.719079315662384 0.18925920128822327 0.0
0.621416449546814 0.27590978145599365 0.0
0.6154425740242004 0.28026142716407776 0.0
0.6282209157943726 0.2716005742549896 0.0
0.6909144520759583 0.22263562679290771 0.0
0.711491048336029 0.19573135673999786 0.0
0.41332095861434937 0.34833839535713196 0.0
0.4051857590675354 0.3512958586215973 0.0
0.5833780169487 0.29198506474494934 0.0
0.590226411819458 0.2885230481624603 0.0
0.7069423198699951 0.20825524628162384 0.0
0.708058774471283 0.20306482911109924 0.0
0.5603939294815063 0.29863250255584717 0.0
0.5702675580978394 0.29774466156959534 0.0
0.4391806125640869 0.3424980640411377 0.0
0.4456474781036377 0.3386129140853882 0.0
0.4531187415122986 0.3360529839992523 0.0
0.4648017883300781 0.330776184797287 0.0
0.4726032614707947 0.33011308312416077 0.0
0.47978901863098145 0.3277709186077118 0.0
0.4845008850097656 0.3243541717529297 0.0
0.4916127324104309 0.3234429657459259 0.0
0.503557026386261 0.3200281858444214 0.0
0.5169321298599243 0.3161541223526001 0.0
0.5278048515319824 0.31154412031173706 0.0
0.5419241786003113 0.3084421157836914 0.0
0.5493950247764587 0.30585116147994995 0.0
0.5583418011665344 0.30386215448379517 0.0
0.4992436170578003 0.3229907155036926 0.0
0.5147659182548523 0.32138997316360474 0.0
0.5257761478424072 0.31604287028312683 0.0
0.5368208289146423 0.3118871748447418 0.0
0.3214638829231262 0.7207001447677612 0.0
0.33129316568374634 0.7257207632064819 0.0
0.3654141426086426 0.7404091954231262 0.0
0.30736130475997925 0.7201573848724365 0.0
0.3062923550605774 0.7143407464027405 0.0
0.37794041633605957 0.7429022789001465 0.0
0.27362316846847534 0.705722987651825 0.0
0.28432565927505493 0.7099300622940063 0.0
0.39211034774780273 0.7525454759597778 0.0
0.23702824115753174 0.6879726052284241 0.0
0.24079865217208862 0.682553768157959 0.0
0.22250759601593018 0.677524209022522 0.0
0.419281005859375 0.7596037983894348 0.0
0.19034194946289062 0.6643304824829102 0.0
0.20444804430007935 0.675025999546051 0.0
0.8071568608283997 0.8943325281143188 0.0
0.8806679844856262 0.9041675925254822 0.0
0.17665868997573853 0.6568849086761475 0.0
0.16816049814224243 0.6534233689308167 0.0
0.18405681848526 0.6604287028312683 0.0
0.4502562880516052 0.773363471031189 0.0
0.7841084003448486 0.8760901689529419 0.0
0.832927942276001 0.8940051198005676 0.0
0.9141519069671631 0.9082175493240356 0.0
0.9408987760543823 0.9177629351615906 0.0
0.9819114804267883 0.9287893176078796 0.0
0.15880638360977173 0.649721622467041 0.0
0.46356189250946045 0.7722108960151672 0.0
0.7052460312843323 0.857703447341919 0.0
0.7306370735168457 0.8645452857017517 0.0
0.756793200969696 0.8705132603645325 0.0
0.9746907353401184 0.9184104204177856 0.0
1.0 0.9264943599700928 0.0
0.1491541862487793 0.6453664302825928 0.0
0.47048354148864746 0.7779608964920044 0.0
0.48022180795669556 0.7836249470710754 0.0
0.514536440372467 0.7910747528076172 0.0
0.5475560426712036 0.8086044192314148 0.0
0.566769540309906 0.8064143657684326 0.0
0.6696066856384277 0.8460950255393982 0.0
0.6644081473350525 0.8362224698066711 0.0
0.6929636597633362 0.8481703400611877 0.0
0.1401945948600769 0.6405730843544006 0.0
0.5746926069259644 0.8139922618865967 0.0
0.592589259147644 0.8177522420883179 0.0
0.6077894568443298 0.8239602446556091 0.0
0.6392468214035034 0.8345204591751099 0.0
0.9800118207931519 0.07391312718391418 0.0
0.13208919763565063 0.6359646320343018 0.0
0.9722638130187988 0.07355846464633942 0.0
0.12471842765808105 0.6315725445747375 0.0
0.11844509840011597 0.6278661489486694 0.0
0.9548295140266418 0.07531582564115524 0.0
0.10581713914871216 0.6226851940155029 0.0
0.9371140003204346 0.07951267063617706 0.0
0.9280645251274109 0.07748513668775558 0.0
0.08713918924331665 0.6139495968818665 0.0
0.9194374680519104 0.08132557570934296 0.0
0.07717019319534302 0.6123844385147095 0.0
0.06912869215011597 0.609146237373352 0.0
0.9044593572616577 0.08834691345691681 0.0
0.06232333183288574 0.6031503677368164 0.0
0.8976023197174072 0.09211820363998413 0.0
0.8892829418182373 0.0962153896689415 0.0
0.8767304420471191 0.097944475710392 0.0
0.8754282593727112 0.10368484258651733 0.0
0.030025601387023926 0.5938763618469238 0.0
0.8679270148277283 0.10182997584342957 0.0
0.8624287247657776 0.10511483997106552 0.0
0.014993011951446533 0.5904954075813293 0.0
0.8492375612258911 0.11220138520002365 0.0
0.0 0.5912545323371887 0.0
0.013431012630462646 0.4162672758102417 0.0
0.8298833966255188 0.12351168692111969 0.0
0.04573476314544678 0.4123116433620453 0.0
0.8122276067733765 0.12813124060630798 0.0
0.07681846618652344 0.4157758951187134 0.0
0.06745082139968872 0.4200710356235504 0.0
0.08987510204315186 0.4155993163585663 0.0
0.10714107751846313 0.4162745773792267 0.0
0.10858476161956787 0.410060316324234 0.0
0.7935720682144165 0.13907811045646667 0.0
0.11631113290786743 0.40820613503456116 0.0
0.7924845218658447 0.14422406256198883 0.0
0.7852315306663513 0.14342725276947021 0.0
0.1296525001525879 0.4035703241825104 0.0
0.12306702136993408 0.4058328866958618 0.0
0.12803268432617188 0.3988661766052246 0.0
0.7769349813461304 0.14879432320594788 0.0
0.7743515372276306 0.15458889305591583 0.0
0.7640222311019897 0.158656045794487 0.0
0.7580877542495728 0.16011691093444824 0.0
0.7523180842399597 0.16415736079216003 0.0
0.750609815120697 0.16894106566905975 0.0
0.7462756037712097 0.17152388393878937 0.0
0.2568703889846802 0.3891501724720001 0.0
0.2675374150276184 0.3860546052455902 0.0
0.2793768048286438 0.38405704498291016 0.0
0.2879626750946045 0.37981051206588745 0.0
0.7413558959960938 0.17471694946289062 0.0
0.2485034465789795 0.3861284554004669 0.0
0.7363483309745789 0.1769489049911499 0.0
0.24430477619171143 0.3863891661167145 0.0
0.3180375099182129 0.3775210678577423 0.0
0.7342492341995239 0.18046531081199646 0.0
0.23133325576782227 0.39171019196510315 0.0
0.2313355803489685 0.39170899987220764 0.0
0.2308853268623352 0.391940712928772 0.0
0.2311098575592041 0.3918251395225525 0.0
0.23493331670761108 0.38985753059387207 0.0
0.33042019605636597 0.3721582889556885 0.0
0.3409254550933838 0.3718380630016327 0.0
0.7315487861633301 0.18420524895191193 0.0
0.3598495125770569 0.3662019670009613 0.0
0.37153005599975586 0.36034655570983887 0.0
0.729076623916626 0.18707695603370667 0.0
0.6784916520118713 0.24900265038013458 0.0
0.6725167632102966 0.2538464069366455 0.0
0.385326623916626 0.3584042191505432 0.0
0.3959425091743469 0.35732758045196533 0.0
0.6556823253631592 0.2688174247741699 0.0
0.6659986972808838 0.2578210234642029 0.0
0.6802248358726501 0.24177496135234833 0.0
0.6876102685928345 0.23723535239696503 0.0
0.6935425996780396 0.2329098880290985 0.0
0.6985530257225037 0.22757551074028015 0.0
0.6996514797210693 0.22058089077472687 0.0
0.7225378751754761 0.19446124136447906 0.0
0.7188101410865784 0.1975751668214798 0.0
0.7245320081710815 0.19125236570835114 0.0
0.40038108825683594 0.3536953628063202 0.0
0.6261526346206665 0.28140273690223694 0.0
0.6309335827827454 0.27715206146240234 0.0
0.639860212802887 0.2758581340312958 0.0
0.6389885544776917 0.2703053951263428 0.0
0.7029097676277161 0.2169971615076065 0.0
0.7050082683563232 0.21356981992721558 0.0
0.7151721119880676 0.20173722505569458 0.0
0.42381685972213745 0.3507404923439026 0.0
0.6013940572738647 0.2912583649158478 0.0
0.6086980104446411 0.28521427512168884 0.0
0.43318605422973633 0.34497371315956116 0.0
0.5814065337181091 0.2976316809654236 0.0
0.5916097164154053 0.2948433756828308 0.0
0.4620840549468994 0.3360142707824707 0.0
0.47107434272766113 0.33410295844078064 0.0
0.5676482915878296 0.3025413453578949 0.0
0.5755859017372131 0.30160313844680786 0.0
0.4560263752937317 0.3401029109954834 0.0
0.47873955965042114 0.33247125148773193 0.0
0.48941028118133545 0.3273650109767914 0.0
0.4983149766921997 0.32670244574546814 0.0
0.5341039896011353 0.3158942759037018 0.0
0.545540988445282 0.31312721967697144 0.0
0.5496258735656738 0.31017637252807617 0.0
0.5585572123527527 0.3098250925540924 0.0
0.33423495292663574 0.719902515411377 0.0
0.3443868160247803 0.7303146123886108 0.0
0.3592996597290039 0.734764039516449 0.0
0.31600379943847656 0.7158573269844055 0.0
0.3175402283668518 0.7094483375549316 0.0
0.37678492069244385 0.736336350440979 0.0
0.2894243001937866 0.7017802000045776 0.0
0.29939645528793335 0.709182620048523 0.0
0.395852267742157 0.7449100613594055 0.0
0.40483206510543823 0.7503311038017273 0.0
0.2625150680541992 0.6946811079978943 0.0
0.25845688581466675 0.6875448822975159 0.0
0.27302223443984985 0.6997730731964111 0.0
0.41770410537719727 0.7519508004188538 0.0
0.24714797735214233 0.6864277124404907 0.0
0.21596145629882812 0.674329400062561 0.0
0.2281089425086975 0.671454906463623 0.0
0.23463064432144165 0.6773353219032288 0.0
0.1980159878730774 0.6591505408287048 0.0
0.20456856489181519 0.6636083126068115 0.0
0.2133902907371521 0.6687875390052795 0.0
0.4346286654472351 0.7618429660797119 0.0
0.454656183719635 0.7643640637397766 0.0
0.18169724941253662 0.6512068510055542 0.0
0.1713126301765442 0.6483412981033325 0.0
0.814734935760498 0.882271945476532 0.0
0.864726185798645 0.8945985436439514 0.0
0.898085355758667 0.895716667175293 0.0
0.16118943691253662 0.644996166229248 0.0
0.783251166343689 0.8633940815925598 0.0
0.8499137163162231 0.8832539319992065 0.0
0.9521121382713318 0.9077062010765076 0.0
0.15153443813323975 0.640649139881134 0.0
0.5322368144989014 0.7949258089065552 0.0
0.5272278189659119 0.7872926592826843 0.0
0.5494853258132935 0.801234781742096 0.0
0.684174656867981 0.8409526348114014 0.0
0.7141174674034119 0.8481694459915161 0.0
0.7329163551330566 0.8527178168296814 0.0
0.7577881217002869 0.8578293919563293 0.0
1.0 0.9148639440536499 0.0
0.9895697236061096 0.08168663084506989 0.0
0.14233464002609253 0.6358429789543152 0.0
0.48597925901412964 0.775770366191864 0.0
0.49864304065704346 0.7802644371986389 0.0
0.513850748538971 0.7839617729187012 0.0
0.5880789160728455 0.8082707524299622 0.0
0.6297392845153809 0.824108898639679 0.0
0.6512244939804077 0.8279660940170288 0.0
0.1343066692352295 0.6310498118400574 0.0
0.9774899482727051 0.08228274434804916 0.0
0.12755733728408813 0.6258482336997986 0.0
0.9663804769515991 0.07968589663505554 0.0
0.11737757921218872 0.62180495262146 0.0
0.9714505672454834 0.09208883345127106 0.0
0.9587007164955139 0.08668256551027298 0.0
0.9476742148399353 0.08231358975172043 0.0
0.10863864421844482 0.6175923347473145 0.0
0.9416701197624207 0.08918574452400208 0.0
0.10102987289428711 0.6128827929496765 0.0
0.9310636520385742 0.08610320091247559 0.0
0.9250168204307556 0.09401919692754745 0.0
0.08134812116622925 0.6078625321388245 0.0
0.9133462309837341 0.0900033563375473 0.0
0.07471895217895508 0.6029403209686279 0.0
0.9079801440238953 0.09796932339668274 0.0
0.056516945362091064 0.5968457460403442 0.0
0.04331773519515991 0.5957582592964172 0.0
0.8824954628944397 0.10082067549228668 0.0
0.03777867555618286 0.588504433631897 0.0
0.86944580078125 0.10794973373413086 0.0
0.8645138740539551 0.11135024577379227 0.0
0.8579064011573792 0.11095792800188065 0.0
0.0 0.5837388634681702 0.0
0.8432285785675049 0.11968544870615005 0.0
0.8369020819664001 0.12327486276626587 0.0
0.031305015087127686 0.4185525178909302 0.0
0.8232936263084412 0.12495037913322449 0.0
0.044743895530700684 0.42027005553245544 0.0
0.8200884461402893 0.13032321631908417 0.0
0.05562227964401245 0.4179370105266571 0.0
0.8131891489028931 0.13360393047332764 0.0
0.08210629224777222 0.42236384749412537 0.0
0.8081445097923279 0.13606354594230652 0.0
0.8023900389671326 0.13573628664016724 0.0
0.09869605302810669 0.42325150966644287 0.0
0.7991932034492493 0.14132346212863922 0.0
0.11988157033920288 0.4135681688785553 0.0
0.1283968687057495 0.41073551774024963 0.0
0.7826056480407715 0.1480628401041031 0.0
0.13035142421722412 0.40122824907302856 0.0
0.13463503122329712 0.4078024625778198 0.0
0.1349625587463379 0.4012744724750519 0.0
0.13969022035598755 0.40364548563957214 0.0
0.7712109088897705 0.16039036214351654 0.0
0.7652538418769836 0.16269630193710327 0.0
0.7618453502655029 0.16665740311145782 0.0
0.7569760680198669 0.16985496878623962 0.0
0.7533551454544067 0.17329254746437073 0.0
0.7488667368888855 0.17660444974899292 0.0
0.24724727869033813 0.3908734917640686 0.0
0.24274778366088867 0.3896108567714691 0.0
0.25996363162994385 0.3932860195636749 0.0
0.27148962020874023 0.3919997811317444 0.0
0.2834789752960205 0.3894096910953522 0.0
0.28842222690582275 0.38399598002433777 0.0
0.2982409596443176 0.38016167283058167 0.0
0.743087887763977 0.1803048551082611 0.0
0.23763179779052734 0.3901219666004181 0.0
0.31159377098083496 0.38146597146987915 0.0
0.3266776204109192 0.3771422505378723 0.0
0.7394768595695496 0.18491283059120178 0.0
0.7364158630371094 0.18914596736431122 0.0
0.35094451904296875 0.370060533285141 0.0
0.7302775382995605 0.1911967694759369 0.0
0.3696744441986084 0.3656593859195709 0.0
0.3798724412918091 0.36324042081832886 0.0
0.6784683465957642 0.26040172576904297 0.0
0.6841954588890076 0.2562345862388611 0.0
0.6886743903160095 0.25252604484558105 0.0
0.6888114809989929 0.24760299921035767 0.0
0.69120192527771 0.24288125336170197 0.0
0.7004465460777283 0.24038144946098328 0.0
0.7023045420646667 0.23383016884326935 0.0
0.7280383706092834 0.19429169595241547 0.0
0.38990288972854614 0.36179763078689575 0.0
0.6648184657096863 0.26801204681396484 0.0
0.6629906892776489 0.2622692286968231 0.0
0.7066564559936523 0.22534416615962982 0.0
0.70871901512146 0.2311684787273407 0.0
0.7103002667427063 0.22018112242221832 0.0
0.7238515615463257 0.19850751757621765 0.0
0.7250792384147644 0.2034303992986679 0.0
0.40722233057022095 0.3557768166065216 0.0
0.6386561989784241 0.2825879454612732 0.0
0.6509378552436829 0.2738586962223053 0.0
0.7142010927200317 0.21387514472007751 0.0
0.7142407894134521 0.20742087066173553 0.0
0.720190703868866 0.20675510168075562 0.0
0.41556084156036377 0.3533048927783966 0.0
0.6134782433509827 0.2918703258037567 0.0
0.6197057962417603 0.2863602936267853 0.0
0.432674765586853 0.34889665246009827 0.0
0.5999119281768799 0.2977558374404907 0.0
0.440984845161438 0.34708282351493835 0.0
0.45003604888916016 0.3446837067604065 0.0
0.5659453868865967 0.3068927228450775 0.0
0.5757617354393005 0.3068752586841583 0.0
0.5828610062599182 0.30347251892089844 0.0
0.5929133892059326 0.3021479547023773 0.0
0.46412163972854614 0.3405735492706299 0.0
0.4614960551261902 0.34465548396110535 0.0
0.47079718112945557 0.33873072266578674 0.0
0.4786834716796875 0.336831659078598 0.0
0.4868263602256775 0.3313645124435425 0.0
0.4960033893585205 0.3308287560939789 0.0
0.5080763697624207 0.32550203800201416 0.0
0.5244594812393188 0.3206024467945099 0.0
0.5327561497688293 0.32015010714530945 0.0
0.5414745211601257 0.31586724519729614 0.0
0.5535892248153687 0.31372755765914917 0.0
0.505555272102356 0.3302633464336395 0.0
0.5179649591445923 0.3264644145965576 0.0
0.52440345287323 0.3250906765460968 0.0
0.5408438444137573 0.31962957978248596 0.0
0.5507866144180298 0.31865453720092773 0.0
0.34859567880630493 0.7224220633506775 0.0
0.3417847156524658 0.7155724763870239 0.0
0.35959386825561523 0.7277724742889404 0.0
0.37454015016555786 0.7294665575027466 0.0
0.3274853825569153 0.7151921987533569 0.0
0.3906446695327759 0.738311231136322 0.0
0.30706673860549927 0.7027558088302612 0.0
0.3010755777359009 0.6986300945281982 0.0
0.41508573293685913 0.7444568872451782 0.0
0.27298933267593384 0.6884039640426636 0.0
0.28017479181289673 0.6946022510528564 0.0
0.2547268271446228 0.6817848086357117 0.0
0.24464023113250732 0.6709814071655273 0.0
0.4324825406074524 0.7539353370666504 0.0
0.4456025958061218 0.7563512921333313 0.0
0.19266897439956665 0.6543975472450256 0.0
0.20558208227157593 0.6548734903335571 0.0
0.17157667875289917 0.6441534757614136 0.0
0.16355043649673462 0.6405968070030212 0.0
0.47202908992767334 0.7671065926551819 0.0
0.8091805577278137 0.8684143424034119 0.0
0.8381425738334656 0.8715685606002808 0.0
0.8825322389602661 0.884579598903656 0.0
0.9328128695487976 0.8971505761146545 0.0
0.15401846170425415 0.6361029148101807 0.0
0.47646772861480713 0.7720980644226074 0.0
0.705717921257019 0.8396632671356201 0.0
0.8048154711723328 0.8583082556724548 0.0
0.9160829782485962 0.8857892751693726 0.0
0.9646379947662354 0.8979552388191223 0.0
0.9810294508934021 0.9069342017173767 0.0
0.145233154296875 0.631308376789093 0.0
0.5451135039329529 0.7863677144050598 0.0
0.5572226643562317 0.7930628657341003 0.0
0.5674025416374207 0.7985932230949402 0.0
0.5847786664962769 0.7999616265296936 0.0
0.6042382717132568 0.810361921787262 0.0
0.6140327453613281 0.8164951205253601 0.0
0.6316048502922058 0.8146429061889648 0.0
0.670164167881012 0.8269727230072021 0.0
0.6866500973701477 0.8336190581321716 0.0
1.0 0.9049077033996582 0.0
0.13798922300338745 0.6271775364875793 0.0
0.6539303660392761 0.8176348209381104 0.0
0.9846599102020264 0.0927218571305275 0.0
0.12696731090545654 0.621247410774231 0.0
0.9511722326278687 0.0915389284491539 0.0
0.11446315050125122 0.6123827695846558 0.0
0.0933191180229187 0.6074194312095642 0.0
0.10588878393173218 0.6068588495254517 0.0
0.9361371397972107 0.09570002555847168 0.0
0.08609986305236816 0.6023328304290771 0.0
0.9175589680671692 0.09862405806779861 0.0
0.06929981708526611 0.5974750518798828 0.0
0.8991705179214478 0.10376527160406113 0.0
0.890265941619873 0.10505743324756622 0.0
0.05092346668243408 0.589892566204071 0.0
0.8845787644386292 0.11213770508766174 0.0
0.8757888078689575 0.11129550635814667 0.0
0.026056408882141113 0.5871325135231018 0.0
0.031049013137817383 0.5808970332145691 0.0
0.015646934509277344 0.5812237858772278 0.0
0.8625673651695251 0.11740583181381226 0.0
0.8560015559196472 0.1173318400979042 0.0
0.8515954613685608 0.12038280069828033 0.0
0.0 0.572540819644928 0.0
0.8430659770965576 0.1278841495513916 0.0
0.8359281420707703 0.12889660894870758 0.0
0.019700586795806885 0.42517581582069397 0.0
0.8285908102989197 0.12962906062602997 0.0
0.03552216291427612 0.4268750250339508 0.0
0.05400073528289795 0.4256094694137573 0.0
0.8200849890708923 0.13748252391815186 0.0
0.06932085752487183 0.42798465490341187 0.0
0.8134392499923706 0.13965287804603577 0.0
0.8068143725395203 0.14097876846790314 0.0
0.11485910415649414 0.4240873157978058 0.0
0.1239621639251709 0.41950011253356934 0.0
0.7990696430206299 0.14758743345737457 0.0
0.1337774395942688 0.41595587134361267 0.0
0.7882508039474487 0.14972823858261108 0.0
0.13911020755767822 0.40583154559135437 0.0
0.14293277263641357 0.4121696650981903 0.0
0.7832170128822327 0.154827281832695 0.0
0.1460745930671692 0.40595322847366333 0.0
0.1455574631690979 0.40825340151786804 0.0
0.1418094038963318 0.4024363160133362 0.0
0.13492149114608765 0.40065136551856995 0.0
0.14601147174835205 0.40344759821891785 0.0
0.15080112218856812 0.4049997329711914 0.0
0.7785823345184326 0.15953002870082855 0.0
0.771255612373352 0.16699400544166565 0.0
0.7675123810768127 0.17171546816825867 0.0
0.7620078325271606 0.1708318591117859 0.0
0.7618680596351624 0.1751996874809265 0.0
0.7555718421936035 0.17749066650867462 0.0
0.24137020111083984 0.39580482244491577 0.0
0.23697715997695923 0.3939242362976074 0.0
0.24954062700271606 0.39491716027259827 0.0
0.7533259391784668 0.18201689422130585 0.0
0.2937983274459839 0.3874051868915558 0.0
0.2322264313697815 0.3939157724380493 0.0
0.22907596826553345 0.39381787180900574 0.0
0.30440205335617065 0.3868148624897003 0.0
0.7479496598243713 0.18618535995483398 0.0
0.22846919298171997 0.3932051658630371 0.0
0.32304996252059937 0.3820491135120392 0.0
0.743772566318512 0.1892549842596054 0.0
0.2255253791809082 0.3944312036037445 0.0
0.3364240527153015 0.37710314989089966 0.0
0.33169907331466675 0.381067156791687 0.0
0.34905123710632324 0.37772607803344727 0.0
0.3604152798652649 0.37327176332473755 0.0
0.7370758056640625 0.1935323029756546 0.0
0.36547917127609253 0.3694545328617096 0.0
0.7339799404144287 0.19596731662750244 0.0
0.37573862075805664 0.36769890785217285 0.0
0.674558699131012 0.26566460728645325 0.0
0.6833094954490662 0.26540011167526245 0.0
0.6992097496986389 0.24785318970680237 0.0
0.7105656266212463 0.23782363533973694 0.0
0.7295003533363342 0.19887199997901917 0.0
0.39047664403915405 0.3669079840183258 0.0
0.39926600456237793 0.36394649744033813 0.0
0.664399266242981 0.2748488485813141 0.0
0.7159735560417175 0.22782683372497559 0.0
0.7198317646980286 0.22049526870250702 0.0
0.7222392559051514 0.2165762335062027 0.0
0.7206518054008484 0.2115672081708908 0.0
0.7261881828308105 0.20998042821884155 0.0
0.4079127907752991 0.3609617352485657 0.0
0.6311353445053101 0.2878190577030182 0.0
0.6499348282814026 0.28115469217300415 0.0
0.4180848002433777 0.3587436079978943 0.0
0.4243503212928772 0.35515791177749634 0.0
0.6242632865905762 0.2927343547344208 0.0
0.4325096011161804 0.3537944555282593 0.0
0.6084898710250854 0.29735031723976135 0.0
0.44129127264022827 0.35177987813949585 0.0
0.6056509017944336 0.30315548181533813 0.0
0.448436975479126 0.3496055603027344 0.0
0.4582096338272095 0.35019221901893616 0.0
0.47912585735321045 0.341628760099411 0.0
0.4850159287452698 0.3349769115447998 0.0
0.5696913599967957 0.31156086921691895 0.0
0.588588297367096 0.30923813581466675 0.0
0.47001874446868896 0.349025160074234 0.0
0.47066062688827515 0.3435104787349701 0.0
0.4887368679046631 0.33943846821784973 0.0
0.4934391379356384 0.3350619971752167 0.0
0.5034173130989075 0.33447039127349854 0.0
0.5164581537246704 0.33068859577178955 0.0
0.5318658947944641 0.324343204498291 0.0
0.539630115032196 0.32381096482276917 0.0
0.563788890838623 0.31687232851982117 0.0
0.357468843460083 0.7156857252120972 0.0
0.36976557970046997 0.7215366959571838 0.0
0.3336319327354431 0.7101063132286072 0.0
0.3280368447303772 0.7064892649650574 0.0
0.3886061906814575 0.7240444421768188 0.0
0.39098912477493286 0.731807291507721 0.0
0.311906635761261 0.6954798102378845 0.0
0.3224133253097534 0.7025085091590881 0.0
0.40934836864471436 0.7352938055992126 0.0
0.28161728382110596 0.6832365989685059 0.0
0.2873592972755432 0.6890168190002441 0.0
0.2952204942703247 0.6947659850120544 0.0
0.24993133544921875 0.6763976216316223 0.0
0.26509231328964233 0.6759949922561646 0.0
0.26841509342193604 0.6821889281272888 0.0
0.43155795335769653 0.7460504770278931 0.0
0.22679424285888672 0.6659196019172668 0.0
0.23950648307800293 0.6658785939216614 0.0
0.44615185260772705 0.7489966154098511 0.0
0.20700740814208984 0.6501557230949402 0.0
0.195490300655365 0.6481586694717407 0.0
0.211955726146698 0.6582589745521545 0.0
0.2193276286125183 0.6624575257301331 0.0
0.18388688564300537 0.6451825499534607 0.0
0.17619538307189941 0.6403754949569702 0.0
0.4609490633010864 0.7536440491676331 0.0
0.1665046215057373 0.6361796855926514 0.0
0.47561901807785034 0.7597563862800598 0.0
0.1571926474571228 0.6317608952522278 0.0
0.4886375069618225 0.7671296000480652 0.0
0.7310728430747986 0.8420791625976562 0.0
0.7558282613754272 0.8459483981132507 0.0
0.7849439978599548 0.8505306243896484 0.0
0.8286865949630737 0.8603558540344238 0.0
0.8686949014663696 0.8735639452934265 0.0
0.8993056416511536 0.8749718070030212 0.0
0.9501432776451111 0.8876103162765503 0.0
0.14935141801834106 0.6265383958816528 0.0
0.499741792678833 0.7732237577438354 0.0
0.5160210728645325 0.7750366926193237 0.0
0.5318601131439209 0.7803514003753662 0.0
0.5790101885795593 0.7925228476524353 0.0
0.6069997549057007 0.8014235496520996 0.0
0.6211066842079163 0.808091938495636 0.0
0.6895338892936707 0.8254650831222534 0.0
0.7034711241722107 0.8310700058937073 0.0
0.722823441028595 0.8321933150291443 0.0
0.9802805185317993 0.8902319073677063 0.0
0.986283004283905 0.8985231518745422 0.0
0.13677549362182617 0.6220952868461609 0.0
0.6416512727737427 0.8070781826972961 0.0
0.6752538084983826 0.820106029510498 0.0
1.0 0.8932289481163025 0.0
0.9900420308113098 0.10373195260763168 0.0
0.12767362594604492 0.6160249710083008 0.0
0.9800488352775574 0.10074295848608017 0.0
0.1237369179725647 0.6101782917976379 0.0
0.9724650382995605 0.10282386094331741 0.0
0.9608066082000732 0.09931516647338867 0.0
0.9473245143890381 0.10026369243860245 0.0
0.0977887511253357 0.6015699505805969 0.0
0.9394781589508057 0.10365644842386246 0.0
0.9325255751609802 0.10163605213165283 0.0
0.9258900880813599 0.10554801672697067 0.0
0.08911669254302979 0.5968117117881775 0.0
0.9163077473640442 0.10642307251691818 0.0
0.07959187030792236 0.5983125567436218 0.0
0.07842046022415161 0.5924628973007202 0.0
0.9087032079696655 0.10771667957305908 0.0
0.9049997329711914 0.11483721435070038 0.0
0.06429678201675415 0.5911324620246887 0.0
0.8955044746398926 0.11358081549406052 0.0
0.058946967124938965 0.5837624073028564 0.0
0.04511302709579468 0.5819739103317261 0.0
0.8706560134887695 0.11628812551498413 0.0
0.8597472906112671 0.12536226212978363 0.0
0.8506987690925598 0.12682725489139557 0.0
0.8346560001373291 0.13487693667411804 0.0
0.01873600482940674 0.4354470670223236 0.0
0.8272590041160583 0.13570594787597656 0.0
0.04399460554122925 0.43574488162994385 0.0
0.8268464803695679 0.14189118146896362 0.0
0.05817759037017822 0.43137913942337036 0.0
0.820200502872467 0.14394636452198029 0.0
0.08812004327774048 0.4327664077281952 0.0
0.8131213784217834 0.1458212435245514 0.0
0.10670357942581177 0.42961832880973816 0.0
0.8056789636611938 0.14706951379776 0.0
0.12259906530380249 0.4312744736671448 0.0
0.12811899185180664 0.4248347878456116 0.0
0.13826966285705566 0.421610563993454 0.0
0.13931399583816528 0.4279920756816864 0.0
0.8037014007568359 0.1535034477710724 0.0
0.7952467799186707 0.15143154561519623 0.0
0.14837712049484253 0.4175000488758087 0.0
0.7909650206565857 0.15570320188999176 0.0
0.15518087148666382 0.41406679153442383 0.0
0.7882444262504578 0.15870888531208038 0.0
0.15483170747756958 0.41054731607437134 0.0
0.16550511121749878 0.41714930534362793 0.0
0.7855215668678284 0.16223035752773285 0.0
0.15092867612838745 0.4038214683532715 0.0
0.155328631401062 0.4072229564189911 0.0
0.1655614972114563 0.41243985295295715 0.0
0.14824539422988892 0.4034123420715332 0.0
0.1501849889755249 0.4036993384361267 0.0
0.15075844526290894 0.4037758409976959 0.0
0.1566331386566162 0.4046037197113037 0.0
0.16484910249710083 0.4091079533100128 0.0
0.7783753871917725 0.1645965576171875 0.0
0.15157747268676758 0.40388092398643494 0.0
0.1531316637992859 0.40404003858566284 0.0
0.24043333530426025 0.3995683491230011 0.0
0.22958660125732422 0.4030035436153412 0.0
0.23267769813537598 0.3986222445964813 0.0
0.2511012554168701 0.3997955322265625 0.0
0.2379956841468811 0.404079407453537 0.0
0.26255857944488525 0.39724478125572205 0.0
0.7604236006736755 0.18050847947597504 0.0
0.2259984016418457 0.3972628116607666 0.0
0.22259092330932617 0.40165501832962036 0.0
0.2694407105445862 0.39808765053749084 0.0
0.27897942066192627 0.3960345387458801 0.0
0.28990834951400757 0.39359405636787415 0.0
0.7601772546768188 0.18457581102848053 0.0
0.2986564636230469 0.3913891315460205 0.0
0.7571923136711121 0.18891899287700653 0.0
0.2231156826019287 0.3965451419353485 0.0
0.22148197889328003 0.39629873633384705 0.0
0.7506529688835144 0.1920146942138672 0.0
0.31742268800735474 0.3882489502429962 0.0
0.7439773082733154 0.19416679441928864 0.0
0.22026419639587402 0.39651015400886536 0.0
0.33925342559814453 0.3817465305328369 0.0
0.7402875423431396 0.19711807370185852 0.0
0.3720795512199402 0.37222200632095337 0.0
0.695478618144989 0.2520691752433777 0.0
0.7039481997489929 0.254573792219162 0.0
0.6968007683753967 0.25818920135498047 0.0
0.7077871561050415 0.2512708306312561 0.0
0.7069298028945923 0.24686981737613678 0.0
0.7384082078933716 0.20070545375347137 0.0
0.735066294670105 0.20485001802444458 0.0
0.3819485306739807 0.3697335422039032 0.0
0.689026951789856 0.2717731297016144 0.0
0.6908474564552307 0.2640524208545685 0.0
0.7126156091690063 0.24450387060642242 0.0
0.7184468507766724 0.23523357510566711 0.0
0.6774573922157288 0.27472323179244995 0.0
0.673836350440979 0.2823355197906494 0.0
0.7273279428482056 0.21527698636054993 0.0
0.7328577041625977 0.20954640209674835 0.0
0.7317995429039001 0.21363845467567444 0.0
0.4161806106567383 0.36336761713027954 0.0
0.6426697969436646 0.2896457314491272 0.0
0.6485642194747925 0.28628429770469666 0.0
0.6614750027656555 0.2814664840698242 0.0
0.43037790060043335 0.3592994213104248 0.0
0.6355555653572083 0.2950369119644165 0.0
0.6194862127304077 0.29882439970970154 0.0
0.4408186674118042 0.35701292753219604 0.0
0.4509958028793335 0.35454872250556946 0.0
0.5799726843833923 0.3130723237991333 0.0
0.6005547046661377 0.30891111493110657 0.0
0.48775815963745117 0.3449280560016632 0.0
0.5018938183784485 0.339678019285202 0.0
0.511347770690918 0.3336001932621002 0.0
0.5255405306816101 0.3293936252593994 0.0
0.5311072468757629 0.3277333676815033 0.0
0.5383217334747314 0.3278345763683319 0.0
0.5465797185897827 0.3229147791862488 0.0
0.5542507767677307 0.324756383895874 0.0
0.5601773858070374 0.3219960927963257 0.0
0.5738123655319214 0.31593263149261475 0.0
0.512955367565155 0.33783435821533203 0.0
0.5185139179229736 0.3350561857223511 0.0
0.5278282165527344 0.3345736265182495 0.0
0.34808337688446045 0.7100051641464233 0.0
0.3630339503288269 0.7093334794044495 0.0
0.37148571014404297 0.7143599390983582 0.0
0.33812016248703003 0.7040895819664001 0.0
0.3311830163002014 0.6969611644744873 0.0
0.32493823766708374 0.6900246739387512 0.0
0.4031184911727905 0.7269307374954224 0.0
0.2939794659614563 0.6842725276947021 0.0
0.3007895350456238 0.6895112991333008 0.0
0.42683809995651245 0.7319276332855225 0.0
0.42862242460250854 0.73838871717453 0.0
0.2792222499847412 0.6770790219306946 0.0
0.2334948182106018 0.661457359790802 0.0
0.2548803687095642 0.664938747882843 0.0
0.2607662081718445 0.6700510382652283 0.0
0.44794875383377075 0.7393020391464233 0.0
0.1971692442893982 0.6432856917381287 0.0
0.20908308029174805 0.6439351439476013 0.0
0.21919459104537964 0.6527522206306458 0.0
0.22610390186309814 0.6574292778968811 0.0
0.4590073227882385 0.7458190321922302 0.0
0.19078058004379272 0.6391164064407349 0.0
0.17922323942184448 0.6354732513427734 0.0
0.16918891668319702 0.6317578554153442 0.0
0.47444987297058105 0.7535030841827393 0.0
0.16116458177566528 0.6284023523330688 0.0
0.48866134881973267 0.7601898908615112 0.0
0.8566578030586243 0.8627427816390991 0.0
0.5000274777412415 0.7611162066459656 0.0
0.507516086101532 0.7678674459457397 0.0
0.5217678546905518 0.7682346701622009 0.0
0.5697281360626221 0.7846430540084839 0.0
0.5925819277763367 0.78594571352005 0.0
0.5999611616134644 0.7928436994552612 0.0
0.620609700679779 0.7919025421142578 0.0
0.6302727460861206 0.7991930246353149 0.0
0.7091359496116638 0.8232709765434265 0.0
0.7508105039596558 0.8335790038108826 0.0
0.7743076086044312 0.839860737323761 0.0
0.816171407699585 0.8501089811325073 0.0
0.8446506857872009 0.8522511124610901 0.0
0.8847534656524658 0.8648015260696411 0.0
0.9093583226203918 0.8663742542266846 0.0
0.9332682490348816 0.8747567534446716 0.0
0.14120519161224365 0.6174997091293335 0.0
0.1500045657157898 0.6209208369255066 0.0
0.5365248322486877 0.7717291116714478 0.0
0.5522112846374512 0.7782394886016846 0.0
0.6618949770927429 0.8067202568054199 0.0
0.6726269721984863 0.8133441209793091 0.0
0.6905148029327393 0.8165163993835449 0.0
0.9704530835151672 0.8799172043800354 0.0
1.0 0.8845941424369812 0.0
0.14061278104782104 0.6128653287887573 0.0
0.9941899180412292 0.11445317417383194 0.0
0.9818325042724609 0.11188182979822159 0.0
0.11722052097320557 0.6064904928207397 0.0
0.9685237407684326 0.11009831726551056 0.0
0.9569496512413025 0.1116987094283104 0.0
0.11073541641235352 0.6007548570632935 0.0
0.9453611373901367 0.11126183718442917 0.0
0.9359800815582275 0.10968396812677383 0.0
0.9309592247009277 0.11603035032749176 0.0
0.922745943069458 0.11311127990484238 0.0
0.9153061509132385 0.11637118458747864 0.0
0.07223832607269287 0.5857504606246948 0.0
0.8923407196998596 0.1229361817240715 0.0
0.054029107093811035 0.5744135975837708 0.0
0.8784056305885315 0.11779352277517319 0.0
0.8759143948554993 0.12578092515468597 0.0
0.8675429224967957 0.12309640645980835 0.0
0.03827422857284546 0.5735030770301819 0.0
0.022618114948272705 0.5726184844970703 0.0
0.8575461506843567 0.13339769840240479 0.0
0.8498311638832092 0.1341041475534439 0.0
0.017444908618927002 0.5626893043518066 0.0
0.0 0.5587842464447021 0.0
0.842194139957428 0.13459956645965576 0.0
0.8405014276504517 0.14058440923690796 0.0
0.8333431482315063 0.1405389904975891 0.0
0.025637447834014893 0.4456731975078583 0.0
0.06525766849517822 0.4367511570453644 0.0
0.8203467130661011 0.15013884007930756 0.0
0.10725027322769165 0.43708762526512146 0.0
0.8133511543273926 0.15282347798347473 0.0
0.13769865036010742 0.4355790913105011 0.0
0.7979387044906616 0.15736357867717743 0.0
0.1554747223854065 0.4236195385456085 0.0
0.15296810865402222 0.4317238926887512 0.0
0.1687636375427246 0.4283379912376404 0.0
0.7934134602546692 0.1614712029695511 0.0
0.1752791404724121 0.4220007061958313 0.0
0.17954391241073608 0.413483202457428 0.0
0.17991530895233154 0.41725000739097595 0.0
0.1885473132133484 0.4188506305217743 0.0
0.19192713499069214 0.4235829710960388 0.0
0.15692764520645142 0.4044220745563507 0.0
0.1607300043106079 0.40572309494018555 0.0
0.16464561223983765 0.4070602357387543 0.0
0.1754164695739746 0.4100523293018341 0.0
0.7848745584487915 0.16824813187122345 0.0
0.16862934827804565 0.406084805727005 0.0
0.17399871349334717 0.4072875380516052 0.0
0.1855199933052063 0.4102250933647156 0.0
0.19233804941177368 0.4149356186389923 0.0
0.20536351203918457 0.41709068417549133 0.0
0.7788249254226685 0.16928166151046753 0.0
0.15721571445465088 0.40444037318229675 0.0
0.15739059448242188 0.40445148944854736 0.0
0.15789830684661865 0.40448373556137085 0.0
0.1846742033958435 0.4079257547855377 0.0
0.19423145055770874 0.4111255407333374 0.0
0.19455671310424805 0.40803658962249756 0.0
0.2089640498161316 0.41104796528816223 0.0
0.22278600931167603 0.41209253668785095 0.0
0.22510266304016113 0.4177316427230835 0.0
0.7759935855865479 0.1730138659477234 0.0
0.20533305406570435 0.40770643949508667 0.0
0.2253674864768982 0.40748685598373413 0.0
0.20336312055587769 0.4053879976272583 0.0
0.2176550030708313 0.4059194028377533 0.0
0.23417901992797852 0.4081696569919586 0.0
0.7722868323326111 0.1778164505958557 0.0
0.20924127101898193 0.4031384289264679 0.0
0.21261411905288696 0.4041579067707062 0.0
0.24620068073272705 0.4060310125350952 0.0
0.7670394778251648 0.18078549206256866 0.0
0.26070570945739746 0.40293455123901367 0.0
0.2162545919418335 0.4010523855686188 0.0
0.2737182378768921 0.4022628962993622 0.0
0.7645978927612305 0.18377868831157684 0.0
0.2982102632522583 0.39673593640327454 0.0
0.28700709342956543 0.40096935629844666 0.0
0.7654799818992615 0.18850748240947723 0.0
0.21711933612823486 0.3987719416618347 0.0
0.30723142623901367 0.39281201362609863 0.0
0.21436429023742676 0.39878788590431213 0.0
0.21510040760040283 0.3983045220375061 0.0
0.33238399028778076 0.38687649369239807 0.0
0.7515131831169128 0.19721385836601257 0.0
0.7588163018226624 0.19655168056488037 0.0
0.3458579182624817 0.38526660203933716 0.0
0.746987521648407 0.20087987184524536 0.0
0.35873693227767944 0.38290131092071533 0.0
0.74381422996521 0.2060365527868271 0.0
0.3660860061645508 0.3779204785823822 0.0
0.703946590423584 0.26638558506965637 0.0
0.7100605368614197 0.2617761194705963 0.0
0.7145708203315735 0.2507350742816925 0.0
0.7207515239715576 0.24232205748558044 0.0
0.7407352924346924 0.2102227658033371 0.0
0.3825077414512634 0.3754763603210449 0.0
0.3748573660850525 0.3779181241989136 0.0
0.7343380451202393 0.21826450526714325 0.0
0.729670524597168 0.22203990817070007 0.0
0.7391233444213867 0.21523991227149963 0.0
0.3917289972305298 0.37288859486579895 0.0
0.4013696312904358 0.3701523542404175 0.0
0.7250913977622986 0.22689291834831238 0.0
0.41104912757873535 0.3669824004173279 0.0
0.4196467399597168 0.36652860045433044 0.0
0.6522079110145569 0.2908162474632263 0.0
0.6576561331748962 0.28736191987991333 0.0
0.424022376537323 0.3635097146034241 0.0
0.6489924788475037 0.29564449191093445 0.0
0.6099768280982971 0.30912402272224426 0.0
0.6168191432952881 0.30530256032943726 0.0
0.47883665561676025 0.34666794538497925 0.0
0.5470341444015503 0.3271685540676117 0.0
0.5737422108650208 0.31977957487106323 0.0
0.5810889005661011 0.31845879554748535 0.0
0.5902592539787292 0.31648606061935425 0.0
0.5976037979125977 0.3136681914329529 0.0
0.47513628005981445 0.3530365824699402 0.0
0.46722710132598877 0.3547278344631195 0.0
0.4785280227661133 0.3505677878856659 0.0
0.4963145852088928 0.34352490305900574 0.0
0.5122173428535461 0.3422125577926636 0.0
0.5347219705581665 0.33131134510040283 0.0
0.5448012948036194 0.3317432403564453 0.0
0.5621376633644104 0.3260181248188019 0.0
0.5690597295761108 0.3234325647354126 0.0
0.37984925508499146 0.7081120610237122 0.0
0.38554930686950684 0.7160708904266357 0.0
0.4054875373840332 0.7178813219070435 0.0
0.3531741499900818 0.7047117948532104 0.0
0.4193124771118164 0.7253018021583557 0.0
0.2895961403846741 0.6794388294219971 0.0
0.30140841007232666 0.6798718571662903 0.0
0.3048185706138611 0.6850405931472778 0.0
0.31188488006591797 0.6886340975761414 0.0
0.4380750060081482 0.7333743572235107 0.0
0.2481619119644165 0.6605482697486877 0.0
0.27888941764831543 0.6692690253257751 0.0
0.20477932691574097 0.6390150189399719 0.0
0.22034090757369995 0.6466569304466248 0.0
0.23265844583511353 0.6532528400421143 0.0
0.2404237985610962 0.656484067440033 0.0
0.19092392921447754 0.6334674954414368 0.0
0.47246766090393066 0.7481436729431152 0.0
0.18065500259399414 0.6305428147315979 0.0
0.1707867980003357 0.6273307800292969 0.0
0.4892127513885498 0.753184974193573 0.0
0.16057103872299194 0.6243028044700623 0.0
0.5081440210342407 0.7560877799987793 0.0
0.5157275199890137 0.7625436782836914 0.0
0.5306983590126038 0.7641327381134033 0.0
0.6121611595153809 0.7852973937988281 0.0
0.6537762880325317 0.7970623970031738 0.0
0.7324227094650269 0.8227999210357666 0.0
0.7994595170021057 0.8398738503456116 0.0
0.8721656203269958 0.8545837998390198 0.0
0.15203523635864258 0.615477442741394 0.0
0.5722858905792236 0.7762081623077393 0.0
0.5865067839622498 0.7802127003669739 0.0
0.6832998991012573 0.8056347966194153 0.0
0.7136574387550354 0.8107344508171082 0.0
0.832240641117096 0.8406397700309753 0.0
0.859065592288971 0.8459197878837585 0.0
0.899310827255249 0.8568087220191956 0.0
0.9282870888710022 0.8606913089752197 0.0
0.9580748677253723 0.868176281452179 0.0
0.5566753149032593 0.7707122564315796 0.0
1.0 0.8744040727615356 0.0
0.1324455738067627 0.6097850799560547 0.0
0.9913831353187561 0.12318506091833115 0.0
0.1265331506729126 0.6059578061103821 0.0
0.9829733967781067 0.12206941097974777 0.0
0.9744005799293518 0.1186949759721756 0.0
0.12096244096755981 0.6025398373603821 0.0
0.965760350227356 0.11727872490882874 0.0
0.9606570601463318 0.12248598039150238 0.0
0.9513744115829468 0.12213236838579178 0.0
0.10049945116043091 0.5958408117294312 0.0
0.9411658644676208 0.12041676044464111 0.0
0.10189354419708252 0.5911520719528198 0.0
0.09158402681350708 0.5908606648445129 0.0
0.925117552280426 0.12149801850318909 0.0
0.0827590823173523 0.5871859192848206 0.0
0.9191359877586365 0.12691892683506012 0.0
0.9100600481033325 0.12466596812009811 0.0
0.08202981948852539 0.5811269879341125 0.0
0.9010145664215088 0.12371455878019333 0.0
0.06804782152175903 0.5784786343574524 0.0
0.8843346238136292 0.12384555488824844 0.0
0.8690998554229736 0.1302424967288971 0.0
0.8758131265640259 0.1950843781232834 0.0
0.8758966326713562 0.1948232501745224 0.0
0.8761647343635559 0.1952022910118103 0.0
0.8758998513221741 0.19538630545139313 0.0
0.8642271161079407 0.13345201313495636 0.0
0.8754611611366272 0.19480910897254944 0.0
0.8646348118782043 0.14016534388065338 0.0
0.03141796588897705 0.5660794973373413 0.0
0.8568136096000671 0.14046508073806763 0.0
0.8757821917533875 0.19563230872154236 0.0
0.8761196136474609 0.1957276314496994 0.0
0.8754143118858337 0.1953776478767395 0.0
0.8491458296775818 0.14192721247673035 0.0
0.011291921138763428 0.4439428448677063 0.0
0.0 0.546715497970581 0.0
0.8383692502975464 0.14544275403022766 0.0
0.05174010992050171 0.4489118754863739 0.0
0.832568883895874 0.14521868526935577 0.0
0.8281843066215515 0.14857415854930878 0.0
0.07860589027404785 0.4446460008621216 0.0
0.09491729736328125 0.44216394424438477 0.0
0.8210919499397278 0.15514065325260162 0.0
0.12295693159103394 0.4405929744243622 0.0
0.8110958337783813 0.15837441384792328 0.0
0.8049356341362 0.15982340276241302 0.0
0.8004089593887329 0.16210825741291046 0.0
0.799429714679718 0.1665363758802414 0.0
0.17958825826644897 0.4260183572769165 0.0
0.20969778299331665 0.42234909534454346 0.0
0.7920204401016235 0.1671709567308426 0.0
0.1676807403564453 0.40519359707832336 0.0
0.1586446762084961 0.4045311510562897 0.0
0.16289418935775757 0.40480107069015503 0.0
0.783825159072876 0.1733030080795288 0.0
0.1760888695716858 0.40551286935806274 0.0
0.1842142939567566 0.4059511125087738 0.0
0.23787546157836914 0.41164323687553406 0.0
0.7824815511703491 0.17918923497200012 0.0
0.19443225860595703 0.4055591821670532 0.0
0.2544844150543213 0.4102069139480591 0.0
0.2035796046257019 0.40358081459999084 0.0
0.7730838060379028 0.18292926251888275 0.0
0.26717710494995117 0.40717700123786926 0.0
0.770018458366394 0.18555505573749542 0.0
0.2100493311882019 0.4015355706214905 0.0
0.30791670083999634 0.3987724781036377 0.0
0.29875946044921875 0.4027949869632721 0.0
0.20993858575820923 0.40040290355682373 0.0
0.31664443016052246 0.39504918456077576 0.0
0.7638995051383972 0.19336140155792236 0.0
0.3263099789619446 0.3927340805530548 0.0
0.209256112575531 0.4000370502471924 0.0
0.20893889665603638 0.4000411927700043 0.0
0.7561621069908142 0.20233455300331116 0.0
0.21768319606781006 0.39740702509880066 0.0
0.7531564235687256 0.20805153250694275 0.0
0.7475935220718384 0.21090547740459442 0.0
0.37091583013534546 0.38238954544067383 0.0
0.6990965604782104 0.27035102248191833 0.0
0.7140613198280334 0.2565438747406006 0.0
0.7222872376441956 0.24927224218845367 0.0
0.7303134202957153 0.24740912020206451 0.0
0.7296375632286072 0.2398592084646225 0.0
0.7249217629432678 0.23271380364894867 0.0
0.745901882648468 0.21441401541233063 0.0
0.3821924328804016 0.3812486231327057 0.0
0.6961532831192017 0.2808152735233307 0.0
0.6874815225601196 0.27757248282432556 0.0
0.7008435726165771 0.27559754252433777 0.0
0.7352018356323242 0.23381417989730835 0.0
0.7322698831558228 0.2277633547782898 0.0
0.7378894090652466 0.22297243773937225 0.0
0.6855113506317139 0.28260743618011475 0.0
0.41947442293167114 0.36990222334861755 0.0
0.6618231534957886 0.2949696183204651 0.0
0.669093906879425 0.28903087973594666 0.0
0.4274728298187256 0.3684118092060089 0.0
0.43189501762390137 0.3643699288368225 0.0
0.4396812915802002 0.3625592887401581 0.0
0.6439958214759827 0.3012051582336426 0.0
0.6312783360481262 0.3015986680984497 0.0
0.44913631677627563 0.3604525029659271 0.0
0.4596210718154907 0.3589327335357666 0.0
0.6186830401420593 0.31205153465270996 0.0
0.6294544339179993 0.3089882433414459 0.0
0.599586009979248 0.31777533888816833 0.0
0.608996570110321 0.31595122814178467 0.0
0.48704296350479126 0.35051944851875305 0.0
0.4966607689857483 0.3481244146823883 0.0
0.5065909624099731 0.3459165394306183 0.0
0.5194411873817444 0.34169629216194153 0.0
0.5237315893173218 0.3388359248638153 0.0
0.5398733019828796 0.3359370529651642 0.0
0.5579031705856323 0.3312109708786011 0.0
0.5799630284309387 0.3242655396461487 0.0
0.5877573490142822 0.3213222920894623 0.0
0.5965403318405151 0.3220030963420868 0.0
0.5197910666465759 0.34642887115478516 0.0
0.5350551605224609 0.3405904471874237 0.0
0.3664056658744812 0.7017711997032166 0.0
0.3967178463935852 0.7097522616386414 0.0
0.3493262529373169 0.697658360004425 0.0
0.33946317434310913 0.6916435956954956 0.0
0.4359270930290222 0.727064311504364 0.0
0.3169734477996826 0.682766318321228 0.0
0.31170201301574707 0.6744210720062256 0.0
0.2939620018005371 0.6733946800231934 0.0
0.44885045289993286 0.7300237417221069 0.0
0.2634006142616272 0.6589044332504272 0.0
0.2711249589920044 0.6631575226783752 0.0
0.21505504846572876 0.6386211514472961 0.0
0.2227267026901245 0.6409361362457275 0.0
0.2319951057434082 0.6487208008766174 0.0
0.24594783782958984 0.6505246758460999 0.0
0.25524693727493286 0.6551046371459961 0.0
0.4685934782028198 0.7397857308387756 0.0
0.19136154651641846 0.6285142302513123 0.0
0.2014608383178711 0.63055020570755 0.0
0.20067399740219116 0.6352249383926392 0.0
0.1715603470802307 0.6226696968078613 0.0
0.18175649642944336 0.6255736947059631 0.0
0.4842832684516907 0.7438361644744873 0.0
0.16164427995681763 0.6195500493049622 0.0
0.5034862756729126 0.750552773475647 0.0
0.5158947110176086 0.7515411376953125 0.0
0.5234618186950684 0.7576550245285034 0.0
0.6027612686157227 0.7797032594680786 0.0
0.6388876438140869 0.7907356023788452 0.0
0.7572128772735596 0.8222525715827942 0.0
0.7788235545158386 0.8305718898773193 0.0
0.5404736399650574 0.7584506273269653 0.0
0.5446725487709045 0.765728235244751 0.0
0.5908589959144592 0.7743386626243591 0.0
0.6691371202468872 0.8003402948379517 0.0
0.6800002455711365 0.7927383184432983 0.0
0.7399532198905945 0.8147397637367249 0.0
0.7821988463401794 0.819960355758667 0.0
0.8090416789054871 0.8289315104484558 0.0
0.8849403262138367 0.8454341292381287 0.0
0.13514846563339233 0.6049981117248535 0.0
0.14051693677902222 0.6084356904029846 0.0
0.1500207781791687 0.6096621751785278 0.0
0.6989054083824158 0.7997139692306519 0.0
0.949621319770813 0.8583220839500427 0.0
0.9727194905281067 0.8615666627883911 0.0
1.0 0.8644124865531921 0.0
0.9883546829223633 0.13030964136123657 0.0
0.12856680154800415 0.6013641953468323 0.0
0.9788016080856323 0.12761762738227844 0.0
0.1205490231513977 0.5979421734809875 0.0
0.9694331884384155 0.12511134147644043 0.0
0.9642261862754822 0.13148608803749084 0.0
0.11077594757080078 0.5942022800445557 0.0
0.9572983384132385 0.12909361720085144 0.0
0.9468264579772949 0.12678764760494232 0.0
0.0978323221206665 0.5873794555664062 0.0
0.9341927766799927 0.12594884634017944 0.0
0.09019273519515991 0.5856457948684692 0.0
0.9277880787849426 0.13068625330924988 0.0
0.07605040073394775 0.5736511945724487 0.0
0.8971796631813049 0.13363014161586761 0.0
0.8897936344146729 0.13081596791744232 0.0
0.8768260478973389 0.19515232741832733 0.0
0.8765783905982971 0.19535383582115173 0.0
0.8763622045516968 0.19495148956775665 0.0
0.8765849471092224 0.1946396827697754 0.0
0.06543952226638794 0.57157963514328 0.0
0.8836541771888733 0.13300956785678864 0.0
0.8765421509742737 0.19590385258197784 0.0
0.876744270324707 0.19568556547164917 0.0
0.8769280910491943 0.19598299264907837 0.0
0.8766826391220093 0.13537602126598358 0.0
0.8760090470314026 0.19444505870342255 0.0
0.05816757678985596 0.5654076933860779 0.0
0.8704646229743958 0.13765431940555573 0.0
0.8754335641860962 0.19436462223529816 0.0
0.04439038038253784 0.5654174089431763 0.0
0.8748598694801331 0.19444748759269714 0.0
0.8748207092285156 0.19382424652576447 0.0
0.03295934200286865 0.5571570992469788 0.0
0.8758958578109741 0.19590288400650024 0.0
0.8755377531051636 0.1957566738128662 0.0
0.01664024591445923 0.5504022836685181 0.0
0.8750372529029846 0.19559484720230103 0.0
0.8748511075973511 0.1951666921377182 0.0
0.8451839685440063 0.1468459814786911 0.0
0.8744810819625854 0.19532866775989532 0.0
0.8743137717247009 0.19490335881710052 0.0
0.873162031173706 0.19348986446857452 0.0
0.8736679553985596 0.19352878630161285 0.0
0.8736618757247925 0.1941242218017578 0.0
0.8740177750587463 0.19511862099170685 0.0
0.8363938927650452 0.14983101189136505 0.0
0.02578800916671753 0.4567364454269409 0.0
0.07878470420837402 0.4584784507751465 0.0
0.09349602460861206 0.44992971420288086 0.0
0.8269817233085632 0.15447138249874115 0.0
0.10818356275558472 0.44620826840400696 0.0
0.8194870352745056 0.15968021750450134 0.0
0.13884371519088745 0.44396570324897766 0.0
0.15039688348770142 0.4387438893318176 0.0
0.8104920387268066 0.16241741180419922 0.0
0.8069109916687012 0.16554303467273712 0.0
0.1674489974975586 0.4370785653591156 0.0
0.18404865264892578 0.4310804605484009 0.0
0.7982408404350281 0.17184753715991974 0.0
0.2039925456047058 0.4295167028903961 0.0
0.7909322381019592 0.17248563468456268 0.0
0.22346597909927368 0.4252346456050873 0.0
0.7902162671089172 0.17768172919750214 0.0
0.17363327741622925 0.40490561723709106 0.0
0.16826456785202026 0.40485334396362305 0.0
0.24345612525939941 0.4168519675731659 0.0
0.2532584071159363 0.4199758768081665 0.0
0.2415008544921875 0.42406514286994934 0.0
0.17941516637802124 0.40477725863456726 0.0
0.18380427360534668 0.40494173765182495 0.0
0.2572077512741089 0.41552868485450745 0.0
0.7781549096107483 0.1828327625989914 0.0
0.17767000198364258 0.4046873152256012 0.0
0.18170732259750366 0.40446901321411133 0.0
0.18687093257904053 0.4042151868343353 0.0
0.1916707158088684 0.40430882573127747 0.0
0.1987677812576294 0.4037359654903412 0.0
0.26709485054016113 0.41240766644477844 0.0
0.2790774703025818 0.40825796127319336 0.0
0.7779728770256042 0.1884802281856537 0.0
0.19903415441513062 0.4029366970062256 0.0
0.77211594581604 0.19001081585884094 0.0
0.20429515838623047 0.40149983763694763 0.0
0.20434105396270752 0.4022443890571594 0.0
0.29085296392440796 0.4067588448524475 0.0
0.3167586326599121 0.3999491333961487 0.0
0.32379215955734253 0.3975249230861664 0.0
0.3335793614387512 0.39643508195877075 0.0
0.2046811580657959 0.40110084414482117 0.0
0.7643044590950012 0.20341964066028595 0.0
0.7673778533935547 0.19874538481235504 0.0
0.2057761549949646 0.40081214904785156 0.0
0.20713013410568237 0.4004859924316406 0.0
0.3410113453865051 0.3913453221321106 0.0
0.3538670539855957 0.39028987288475037 0.0
0.20655661821365356 0.40062415599823 0.0
0.20616698265075684 0.40071800351142883 0.0
0.20733970403671265 0.4004344642162323 0.0
0.20754826068878174 0.4003831744194031 0.0
0.20684289932250977 0.40055519342422485 0.0
0.3659278154373169 0.3877536654472351 0.0
0.7539639472961426 0.21535468101501465 0.0
0.723199188709259 0.2561618983745575 0.0
0.7243567109107971 0.2647729218006134 0.0
0.7314778566360474 0.25458696484565735 0.0
0.3769751191139221 0.3863290548324585 0.0
0.7088698744773865 0.273868590593338 0.0
0.7087727189064026 0.2809564173221588 0.0
0.7165525555610657 0.27009931206703186 0.0
0.7482729554176331 0.2200431376695633 0.0
0.7409599423408508 0.22046712040901184 0.0
0.3920148015022278 0.37856778502464294 0.0
0.7390004396438599 0.2283557653427124 0.0
0.7459222674369812 0.22578859329223633 0.0
0.40229368209838867 0.37632760405540466 0.0
0.6820425391197205 0.29053691029548645 0.0
0.41397929191589355 0.37365037202835083 0.0
0.6748051643371582 0.29638534784317017 0.0
0.6576728224754333 0.3022487759590149 0.0
0.6704171299934387 0.3024196922779083 0.0
0.4375646710395813 0.3677986264228821 0.0
0.6409818530082703 0.3068334758281708 0.0
0.44804126024246216 0.3664965033531189 0.0
0.6509678363800049 0.306234210729599 0.0
0.4558621644973755 0.3636852204799652 0.0
0.6278774738311768 0.3158104121685028 0.0
0.47057849168777466 0.36045020818710327 0.0
0.6200063824653625 0.3171195387840271 0.0
0.4783084988594055 0.3573034107685089 0.0
0.4815046191215515 0.35357823967933655 0.0
0.5502256751060486 0.3363504409790039 0.0
0.56830894947052 0.3283698558807373 0.0
0.5737756490707397 0.32657793164253235 0.0
0.5904484391212463 0.3256304860115051 0.0
0.6044725179672241 0.3208555579185486 0.0
0.4886465072631836 0.35641592741012573 0.0
0.49736785888671875 0.353382408618927 0.0
0.5046653747558594 0.35084065794944763 0.0
0.5140709280967712 0.3511427342891693 0.0
0.5277430415153503 0.34352564811706543 0.0
0.5457851886749268 0.34056511521339417 0.0
0.5590667128562927 0.3376776874065399 0.0
0.5655850768089294 0.33562901616096497 0.0
0.5689955353736877 0.3325791358947754 0.0
0.577048122882843 0.330256849527359 0.0
0.5856541991233826 0.32889118790626526 0.0
0.3936387300491333 0.7027349472045898 0.0
0.3811955451965332 0.7010344862937927 0.0
0.40960371494293213 0.7097103595733643 0.0
0.3627249002456665 0.6946651935577393 0.0
0.37560731172561646 0.6953097581863403 0.0
0.3376311659812927 0.6840575933456421 0.0
0.35358792543411255 0.6890017986297607 0.0
0.43231290578842163 0.7189547419548035 0.0
0.3280598521232605 0.6765135526657104 0.0
0.32251375913619995 0.6719543933868408 0.0
0.30479180812835693 0.668796718120575 0.0
0.4617574214935303 0.7324803471565247 0.0
0.2875288128852844 0.6606114506721497 0.0
0.29561930894851685 0.6656062006950378 0.0
0.4734596014022827 0.7330064177513123 0.0
0.21416622400283813 0.6328254342079163 0.0
0.2327505350112915 0.6432348489761353 0.0
0.24216806888580322 0.6454973220825195 0.0
0.26272857189178467 0.6496297717094421 0.0
0.26842981576919556 0.6536951661109924 0.0
0.2794642448425293 0.6554427146911621 0.0
0.48343122005462646 0.7362132668495178 0.0
0.1927834153175354 0.6235666871070862 0.0
0.2001017928123474 0.6262251734733582 0.0
0.1714951992034912 0.618595540523529 0.0
0.18284469842910767 0.6199674010276794 0.0
0.4980418086051941 0.7397059798240662 0.0
0.49637937545776367 0.7465189099311829 0.0
0.5082858204841614 0.7457202672958374 0.0
0.16451126337051392 0.6148215532302856 0.0
0.15703165531158447 0.6124624013900757 0.0
0.1618807315826416 0.6095789670944214 0.0
0.5291680693626404 0.7526417374610901 0.0
0.6184574961662292 0.7786533236503601 0.0
0.6327333450317383 0.7825050354003906 0.0
0.5587667226791382 0.7630616426467896 0.0
0.575162410736084 0.7690565586090088 0.0
0.5956428647041321 0.7669126987457275 0.0
0.6095021367073059 0.7732992768287659 0.0
0.6572402119636536 0.7841817140579224 0.0
0.7598010897636414 0.8122460842132568 0.0
0.8369024395942688 0.8312018513679504 0.0
0.859102725982666 0.8371443748474121 0.0
0.9137622714042664 0.8494786620140076 0.0
0.14410531520843506 0.6046222448348999 0.0
0.7015857696533203 0.7923945784568787 0.0
0.7191490530967712 0.7974370718002319 0.0
0.7385432720184326 0.8055514097213745 0.0
0.8843419551849365 0.8341504335403442 0.0
0.9352444410324097 0.8519859910011292 0.0
0.13782095909118652 0.5998104810714722 0.0
0.956474244594574 0.8503141403198242 0.0
0.9924414157867432 0.1388145238161087 0.0
0.12906575202941895 0.5969632267951965 0.0
0.9838758111000061 0.13633942604064941 0.0
0.9737594127655029 0.13562701642513275 0.0
0.12180870771408081 0.5921179056167603 0.0
0.10813498497009277 0.5878677368164062 0.0
0.9591423869132996 0.13661064207553864 0.0
0.9515899419784546 0.13365934789180756 0.0
0.9428600668907166 0.13090021908283234 0.0
0.09742844104766846 0.5816404223442078 0.0
0.9363918304443359 0.13567553460597992 0.0
0.08801203966140747 0.5751152634620667 0.0
0.9143922328948975 0.13377071917057037 0.0
0.9057831168174744 0.1327477991580963 0.0
0.8771628737449646 0.1949457824230194 0.0
0.8772558569908142 0.19542323052883148 0.0
0.8769599199295044 0.19552989304065704 0.0
0.8772597908973694 0.1957058310508728 0.0
0.8770862221717834 0.19582051038742065 0.0
0.8905139565467834 0.13989144563674927 0.0
0.876879096031189 0.1942950040102005 0.0
0.8761706948280334 0.19400355219841003 0.0
0.876824140548706 0.19616299867630005 0.0
0.07115012407302856 0.565500020980835 0.0
0.8833207488059998 0.1411518156528473 0.0
0.8765875101089478 0.19626455008983612 0.0
0.06301677227020264 0.5591342449188232 0.0
0.8769490122795105 0.1431746780872345 0.0
0.8711493015289307 0.14299410581588745 0.0
0.8756005764007568 0.19331493973731995 0.0
0.8754882216453552 0.1938520073890686 0.0
0.8748578429222107 0.1932096630334854 0.0
0.050278663635253906 0.5558794140815735 0.0
0.8630598187446594 0.14648553729057312 0.0
0.8740899562835693 0.19320084154605865 0.0
0.8742713928222656 0.19262036681175232 0.0
0.03581202030181885 0.5436951518058777 0.0
0.857015073299408 0.14734502136707306 0.0
0.8735554814338684 0.192430779337883 0.0
0.8523768782615662 0.1501721739768982 0.0
0.8733155727386475 0.19296139478683472 0.0
0.872877299785614 0.19238446652889252 0.0
0.01428133249282837 0.5355409383773804 0.0
0.8726715445518494 0.19288717210292816 0.0
0.8720269799232483 0.19207072257995605 0.0
0.8481963276863098 0.15326660871505737 0.0
0.8721391558647156 0.1929321140050888 0.0
0.8421875834465027 0.1500822901725769 0.0
0.8715406656265259 0.1927403211593628 0.0
0.8726299405097961 0.193597212433815 0.0
0.0 0.5288534760475159 0.0
0.8425405025482178 0.15538275241851807 0.0
0.8719750046730042 0.19346798956394196 0.0
0.8740192651748657 0.19555222988128662 0.0
0.8734909296035767 0.19502787292003632 0.0
0.04781782627105713 0.464813232421875 0.0
0.8344413638114929 0.1546742469072342 0.0
0.8714019656181335 0.19341324269771576 0.0
0.8724040389060974 0.19416597485542297 0.0
0.8731135129928589 0.19435928761959076 0.0
0.8732750415802002 0.1954270750284195 0.0
0.8727923631668091 0.19488514959812164 0.0
0.8718612194061279 0.19398243725299835 0.0
0.8721389174461365 0.1945800632238388 0.0
0.8724044561386108 0.1950778365135193 0.0
0.10826528072357178 0.4577019512653351 0.0
0.825721263885498 0.15870817005634308 0.0
0.12473958730697632 0.45013684034347534 0.0
0.14351290464401245 0.4534858763217926 0.0
0.8210373520851135 0.1659359186887741 0.0
0.815323531627655 0.16246655583381653 0.0
0.1570006012916565 0.44597485661506653 0.0
0.8145315051078796 0.16638001799583435 0.0
0.812881350517273 0.17080439627170563 0.0
0.18371129035949707 0.43848592042922974 0.0
0.8058112859725952 0.17128518223762512 0.0
0.19472110271453857 0.43570825457572937 0.0
0.7967506051063538 0.17675289511680603 0.0
0.21828866004943848 0.43243351578712463 0.0
0.7956947088241577 0.18066798150539398 0.0
0.7920936942100525 0.1838454157114029 0.0
0.7850981950759888 0.1862783133983612 0.0
0.2663867473602295 0.41910481452941895 0.0
0.2769755721092224 0.41457098722457886 0.0
0.1900625228881836 0.40366411209106445 0.0
0.19497960805892944 0.40315157175064087 0.0
0.29075026512145996 0.4132033884525299 0.0
0.29903626441955566 0.40791022777557373 0.0
0.7767304182052612 0.19367946684360504 0.0
0.1930728554725647 0.40322425961494446 0.0
0.19405996799468994 0.4030904471874237 0.0
0.1979764699935913 0.4024766981601715 0.0
0.30997389554977417 0.40486177802085876 0.0
0.7706989645957947 0.19447748363018036 0.0
0.20074844360351562 0.4020628035068512 0.0
0.32541215419769287 0.4031211733818054 0.0
0.2010861039161682 0.4018574059009552 0.0
0.7732961773872375 0.1996813267469406 0.0
0.7730450630187988 0.20489780604839325 0.0
0.34663665294647217 0.3967551290988922 0.0
0.3380765914916992 0.4012507200241089 0.0
0.7609540224075317 0.2074459195137024 0.0
0.20259660482406616 0.4015258252620697 0.0
0.7615650296211243 0.21275919675827026 0.0
0.3625747561454773 0.39241543412208557 0.0
0.3725862503051758 0.3919445276260376 0.0
0.7290384769439697 0.27399107813835144 0.0
0.7316031455993652 0.2609485983848572 0.0
0.7395374774932861 0.25246506929397583 0.0
0.7372621297836304 0.24594718217849731 0.0
0.7394536137580872 0.2415604293346405 0.0
0.7582859992980957 0.22216972708702087 0.0
0.7479251027107239 0.23987658321857452 0.0
0.7491607069969177 0.23266424238681793 0.0
0.3912101984024048 0.3828345835208893 0.0
0.3857700824737549 0.3852778971195221 0.0
0.40146350860595703 0.3824963867664337 0.0
0.705026388168335 0.2878175675868988 0.0
0.6935270428657532 0.2887870669364929 0.0
0.6906956434249878 0.2948172390460968 0.0
0.6846702098846436 0.29841166734695435 0.0
0.4129369258880615 0.37984323501586914 0.0
0.6794686913490295 0.30192169547080994 0.0
0.4253551959991455 0.3732438385486603 0.0
0.42555922269821167 0.37819361686706543 0.0
0.43429625034332275 0.37264734506607056 0.0
0.4440181851387024 0.3719528913497925 0.0
0.45813673734664917 0.3681972920894623 0.0
0.6408635377883911 0.3117319643497467 0.0
0.6513268947601318 0.3118508756160736 0.0
0.662326455116272 0.3093474805355072 0.0
0.4652819037437439 0.3648613393306732 0.0
0.6372449994087219 0.31536293029785156 0.0
0.626674473285675 0.3211522102355957 0.0
0.6123592853546143 0.3231534957885742 0.0
0.6181421279907227 0.32071903347969055 0.0
0.48568499088287354 0.3604271113872528 0.0
0.49896305799484253 0.358608603477478 0.0
0.535762369632721 0.34534522891044617 0.0
0.5536395907402039 0.34047359228134155 0.0
0.5946755409240723 0.3309257924556732 0.0
0.5981559157371521 0.3268439769744873 0.0
0.6050743460655212 0.32546931505203247 0.0
0.5311450958251953 0.34819674491882324 0.0
0.5432072281837463 0.34497207403182983 0.0
0.4068426489830017 0.7039688229560852 0.0
0.406299352645874 0.6968559622764587 0.0
0.41877323389053345 0.7053395509719849 0.0
0.42157840728759766 0.712617039680481 0.0
0.39015090465545654 0.6959928870201111 0.0
0.36910998821258545 0.6889447569847107 0.0
0.4348636269569397 0.7121286392211914 0.0
0.4463616609573364 0.7143650054931641 0.0
0.353573203086853 0.6817764639854431 0.0
0.44778889417648315 0.7222182154655457 0.0
0.34721142053604126 0.6754921078681946 0.0
0.4603953957557678 0.7252092361450195 0.0
0.3178914189338684 0.6669368743896484 0.0
0.4718496799468994 0.7272156476974487 0.0
0.30277037620544434 0.6586002111434937 0.0
0.3073854446411133 0.6636782288551331 0.0
0.483486533164978 0.7290542125701904 0.0
0.22386068105697632 0.6359632015228271 0.0
0.23543435335159302 0.6368385553359985 0.0
0.24487179517745972 0.6405203938484192 0.0
0.2560241222381592 0.644054651260376 0.0
0.27830642461776733 0.648813009262085 0.0
0.20401513576507568 0.6218665838241577 0.0
0.21126168966293335 0.6257607340812683 0.0
0.49562764167785645 0.7319056391716003 0.0
0.17653405666351318 0.6154027581214905 0.0
0.17107069492340088 0.6120483875274658 0.0
0.5145172476768494 0.7397015690803528 0.0
0.5234072208404541 0.746402382850647 0.0
0.5436455607414246 0.7485049962997437 0.0
0.5540582537651062 0.7561181783676147 0.0
0.5660412311553955 0.7579363584518433 0.0
0.5773167610168457 0.7622716426849365 0.0
0.615132212638855 0.7673625946044922 0.0
0.6300023198127747 0.7722445130348206 0.0
0.6480458378791809 0.7753481268882751 0.0
0.6812533736228943 0.7797467708587646 0.0
0.784155011177063 0.8087062239646912 0.0
0.8071469068527222 0.8174348473548889 0.0
0.828308641910553 0.8236104846000671 0.0
0.14674341678619385 0.6007443070411682 0.0
0.1543715000152588 0.6041465997695923 0.0
0.6982724070549011 0.784508466720581 0.0
0.760598361492157 0.8021305799484253 0.0
0.8562623262405396 0.8257891535758972 0.0
0.9047950506210327 0.8407289385795593 0.0
0.9299873113632202 0.8424250483512878 0.0
0.980620265007019 0.8546780943870544 0.0
0.9779832363128662 0.8454201221466064 0.0
1.0 0.852192223072052 0.0
0.13550806045532227 0.593987226486206 0.0
0.9884180426597595 0.14516332745552063 0.0
0.980470597743988 0.14272446930408478 0.0
0.9738875031471252 0.14678449928760529 0.0
0.9657522439956665 0.14174790680408478 0.0
0.11815553903579712 0.585731029510498 0.0
0.10911697149276733 0.5826243162155151 0.0
0.9458081722259521 0.14235222339630127 0.0
0.10595875978469849 0.5785965919494629 0.0
0.9290933012962341 0.13926063477993011 0.0
0.09928113222122192 0.5740271210670471 0.0
0.9220870733261108 0.13468867540359497 0.0
0.9098374843597412 0.14097490906715393 0.0
0.902948260307312 0.14000102877616882 0.0
0.8776398301124573 0.19473855197429657 0.0
0.8777446150779724 0.19540758430957794 0.0
0.8776099681854248 0.19577917456626892 0.0
0.8774315714836121 0.1959850788116455 0.0
0.09141677618026733 0.570162296295166 0.0
0.8978617787361145 0.14406006038188934 0.0
0.8772215247154236 0.19395503401756287 0.0
0.8772240281105042 0.19607777893543243 0.0
0.08266514539718628 0.5688294172286987 0.0
0.876401960849762 0.19349944591522217 0.0
0.8769003748893738 0.19331975281238556 0.0
0.8879458904266357 0.14618352055549622 0.0
0.8762944340705872 0.19279439747333527 0.0
0.8771655559539795 0.1963263750076294 0.0
0.8769190907478333 0.1964060217142105 0.0
0.08046942949295044 0.5625283122062683 0.0
0.8757343292236328 0.19285662472248077 0.0
0.8754749298095703 0.1921735554933548 0.0
0.8787153363227844 0.14914822578430176 0.0
0.8742907047271729 0.1470155119895935 0.0
0.8694294691085815 0.14688901603221893 0.0
0.0727422833442688 0.5558887124061584 0.0
0.8682042360305786 0.1521492898464203 0.0
0.874769926071167 0.1919713318347931 0.0
0.8749528527259827 0.19255009293556213 0.0
0.06140291690826416 0.5527055859565735 0.0
0.8739833831787109 0.19179050624370575 0.0
0.05354565382003784 0.5465109348297119 0.0
0.8625454902648926 0.1521826535463333 0.0
0.872899055480957 0.19175080955028534 0.0
0.8729203343391418 0.19096025824546814 0.0
0.8721514940261841 0.1911773532629013 0.0
0.8718046545982361 0.1902359277009964 0.0
0.8756840825080872 0.19603613018989563 0.0
0.8760336637496948 0.1962892711162567 0.0
0.8756274580955505 0.1962648630142212 0.0
0.028246939182281494 0.5262241959571838 0.0
0.8711878657341003 0.19103798270225525 0.0
0.8701684474945068 0.18973584473133087 0.0
0.8690853714942932 0.19048018753528595 0.0
0.8700917959213257 0.19117744266986847 0.0
0.009658575057983398 0.5223698019981384 0.0
0.8709650039672852 0.19197778403759003 0.0
0.054015398025512695 0.4833459258079529 0.0
0.840036153793335 0.16047273576259613 0.0
0.8692175149917603 0.19156958162784576 0.0
0.8701708912849426 0.1923573762178421 0.0
0.8709512948989868 0.19274568557739258 0.0
0.8736758828163147 0.19589649140834808 0.0
0.8323912620544434 0.15983258187770844 0.0
0.8681445717811584 0.19105254113674164 0.0
0.8707810044288635 0.19334955513477325 0.0
0.8727630376815796 0.19534660875797272 0.0
0.8729945421218872 0.19583003222942352 0.0
0.0756949782371521 0.47202616930007935 0.0
0.8686320781707764 0.19193331897258759 0.0
0.869303822517395 0.19248399138450623 0.0
0.8700307607650757 0.19325681030750275 0.0
0.8714213967323303 0.19419318437576294 0.0
0.872371256351471 0.19545023143291473 0.0
0.8286652565002441 0.16471213102340698 0.0
0.8685923218727112 0.19260497391223907 0.0
0.870668351650238 0.19403235614299774 0.0
0.8718831539154053 0.19496463239192963 0.0
0.8723912239074707 0.19593754410743713 0.0
0.10023963451385498 0.470096230506897 0.0
0.8692921996116638 0.193240225315094 0.0
0.8711102604866028 0.19476503133773804 0.0
0.8716686367988586 0.19550655782222748 0.0
0.12974929809570312 0.45924896001815796 0.0
0.8691954016685486 0.19376960396766663 0.0
0.869954526424408 0.1940014660358429 0.0
0.8705476522445679 0.19443334639072418 0.0
0.869488537311554 0.19429153203964233 0.0
0.8703061938285828 0.1948254555463791 0.0
0.17873793840408325 0.4465736746788025 0.0
0.19552570581436157 0.4423289895057678 0.0
0.80448979139328 0.17704558372497559 0.0
0.2077823281288147 0.4373316764831543 0.0
0.801038384437561 0.1809561848640442 0.0
0.23284602165222168 0.43157199025154114 0.0
0.2466387152671814 0.43038949370384216 0.0
0.7986584901809692 0.1840391755104065 0.0
0.25648069381713867 0.42534691095352173 0.0
0.2809060215950012 0.41976049542427063 0.0
0.7878386974334717 0.19387467205524445 0.0
0.19463348388671875 0.4029873013496399 0.0
0.19398844242095947 0.40308523178100586 0.0
0.30503034591674805 0.4112037420272827 0.0
0.3172241449356079 0.40947046875953674 0.0
0.7825744152069092 0.1981758028268814 0.0
0.7763930559158325 0.19769993424415588 0.0
0.196685791015625 0.4026563763618469 0.0
0.19899874925613403 0.4022441804409027 0.0
0.3365294337272644 0.40633782744407654 0.0
0.20057463645935059 0.40193819999694824 0.0
0.7687240242958069 0.21014638245105743 0.0
0.35649317502975464 0.39510124921798706 0.0
0.35571199655532837 0.39895758032798767 0.0
0.36498749256134033 0.39665666222572327 0.0
0.2015855312347412 0.40173202753067017 0.0
0.7468401789665222 0.2682512104511261 0.0
0.7374979257583618 0.26781436800956726 0.0
0.7412903904914856 0.26100999116897583 0.0
0.7494696974754333 0.2572191059589386 0.0
0.7466830611228943 0.24834591150283813 0.0
0.7629426717758179 0.21858403086662292 0.0
0.3840482831001282 0.3894861936569214 0.0
0.7217156291007996 0.27976223826408386 0.0
0.7572749257087708 0.23877699673175812 0.0
0.7546529173851013 0.22660374641418457 0.0
0.7174736857414246 0.28753113746643066 0.0
0.7521193027496338 0.22953514754772186 0.0
0.3936682343482971 0.38671356439590454 0.0
0.7012670040130615 0.29528549313545227 0.0
0.4119277596473694 0.38450300693511963 0.0
0.43134069442749023 0.3756726086139679 0.0
0.6658411622047424 0.30572596192359924 0.0
0.6732262969017029 0.3086806535720825 0.0
0.6795735955238342 0.3064177930355072 0.0
0.4526289105415344 0.37111711502075195 0.0
0.4665220379829407 0.36986789107322693 0.0
0.6468937397003174 0.3162119686603546 0.0
0.655619204044342 0.3172464370727539 0.0
0.6637242436408997 0.31590908765792847 0.0
0.674472987651825 0.3147129416465759 0.0
0.4740865230560303 0.3647148013114929 0.0
0.6359055638313293 0.32042476534843445 0.0
0.4798944592475891 0.362499475479126 0.0
0.4923930764198303 0.3608368933200836 0.0
0.5083918571472168 0.3557702600955963 0.0
0.5184341073036194 0.3553650677204132 0.0
0.5663512945175171 0.33923056721687317 0.0
0.5760878920555115 0.337480753660202 0.0
0.5862425565719604 0.33378589153289795 0.0
0.6046010851860046 0.3305920660495758 0.0
0.6149507164955139 0.32966262102127075 0.0
0.622886061668396 0.3262234330177307 0.0
0.6355966925621033 0.3266998827457428 0.0
0.5259749293327332 0.352457195520401 0.0
0.5356250405311584 0.35194316506385803 0.0
0.5401493906974792 0.34899431467056274 0.0
0.5521191358566284 0.34455201029777527 0.0
0.5612479448318481 0.34290629625320435 0.0
0.5888267159461975 0.3391529619693756 0.0
0.5959280133247375 0.33658289909362793 0.0
0.6027323603630066 0.3348412811756134 0.0
0.4167979955673218 0.7000133395195007 0.0
0.3996739387512207 0.6902520656585693 0.0
0.4316294193267822 0.7066116333007812 0.0
0.3847029209136963 0.6883760094642639 0.0
0.4428909420967102 0.708376407623291 0.0
0.36349982023239136 0.6836422681808472 0.0
0.4616619348526001 0.716895341873169 0.0
0.3343997597694397 0.6689288020133972 0.0
0.47026896476745605 0.7215808629989624 0.0
0.3176131844520569 0.6585630774497986 0.0
0.4826633334159851 0.7212491631507874 0.0
0.23207813501358032 0.6303144693374634 0.0
0.22389113903045654 0.6261208057403564 0.0
0.24747693538665771 0.6356785297393799 0.0
0.2567497491836548 0.6375535726547241 0.0
0.27025550603866577 0.6447042226791382 0.0
0.28723037242889404 0.650600016117096 0.0
0.29612070322036743 0.6522663831710815 0.0
0.4961168169975281 0.724355161190033 0.0
0.19662314653396606 0.6183915734291077 0.0
0.5071471929550171 0.7342485785484314 0.0
0.1885831356048584 0.61479252576828 0.0
0.18050211668014526 0.6114592552185059 0.0
0.17237454652786255 0.6084482073783875 0.0
0.531108021736145 0.7399147748947144 0.0
0.16511398553848267 0.6050148010253906 0.0
0.5641109347343445 0.7515031695365906 0.0
0.5796001553535461 0.755566418170929 0.0
0.6294006705284119 0.7629223465919495 0.0
0.6093482375144958 0.7609654664993286 0.0
0.5921188592910767 0.7599139213562012 0.0
0.6521498560905457 0.7657549977302551 0.0
0.6667183041572571 0.7731708884239197 0.0
0.6844521760940552 0.7711654305458069 0.0
0.1527462601661682 0.5989217162132263 0.0
0.7141936421394348 0.7879083156585693 0.0
0.7288582921028137 0.7899175882339478 0.0
0.7421256899833679 0.7954510450363159 0.0
0.77849942445755 0.7991403937339783 0.0
0.8087602853775024 0.8087331056594849 0.0
0.8339991569519043 0.8144456744194031 0.0
0.8631879091262817 0.8162824511528015 0.0
0.8901004791259766 0.8230504989624023 0.0
0.9114562273025513 0.8329897522926331 0.0
0.14457064867019653 0.5968060493469238 0.0
0.935876727104187 0.8336124420166016 0.0
0.955563485622406 0.8394381999969482 0.0
0.9780282378196716 0.8365164399147034 0.0
1.0 0.8398432731628418 0.0
0.9905979037284851 0.15560752153396606 0.0
0.9817820191383362 0.15131326019763947 0.0
0.12933343648910522 0.5886456966400146 0.0
0.12485682964324951 0.5841177701950073 0.0
0.956967294216156 0.1472962200641632 0.0
0.1162036657333374 0.5795630812644958 0.0
0.9373517036437988 0.14454595744609833 0.0
0.10846525430679321 0.575045108795166 0.0
0.8783238530158997 0.19496259093284607 0.0
0.8779261708259583 0.19429756700992584 0.0
0.8786070346832275 0.1945953518152237 0.0
0.8783268928527832 0.19576096534729004 0.0
0.8780336976051331 0.19590544700622559 0.0
0.878140389919281 0.1952865719795227 0.0
0.9200350046157837 0.1431291401386261 0.0
0.8784032464027405 0.19352981448173523 0.0
0.877873420715332 0.19332095980644226 0.0
0.8780981302261353 0.19275149703025818 0.0
0.8782020211219788 0.1939183920621872 0.0
0.8779507279396057 0.19626472890377045 0.0
0.8775576949119568 0.19635231792926788 0.0
0.9048667550086975 0.1483553946018219 0.0
0.8771029114723206 0.19273467361927032 0.0
0.8773137331008911 0.19193649291992188 0.0
0.8775444626808167 0.19360320270061493 0.0
0.09844303131103516 0.5671189427375793 0.0
0.8766005039215088 0.19190679490566254 0.0
0.8765803575515747 0.19120487570762634 0.0
0.08931541442871094 0.5645415186882019 0.0
0.89307701587677 0.148622527718544 0.0
0.8833438754081726 0.14790078997612 0.0
0.8757091164588928 0.1914142221212387 0.0
0.8762343525886536 0.19220544397830963 0.0
0.8771950602531433 0.19669750332832336 0.0
0.08670884370803833 0.5567159056663513 0.0
0.8833993077278137 0.15440581738948822 0.0
0.875220537185669 0.1525697410106659 0.0
0.8746921420097351 0.19055454432964325 0.0
0.8747239708900452 0.19143137335777283 0.0
0.8768418431282043 0.19664528965950012 0.0
0.8764590620994568 0.1965312510728836 0.0
0.873773992061615 0.1907648742198944 0.0
0.06624048948287964 0.5460078716278076 0.0
0.8666515946388245 0.15634970366954803 0.0
0.8728259205818176 0.19019152224063873 0.0
0.8762578964233398 0.19673186540603638 0.0
0.8581355810165405 0.15312506258487701 0.0
0.05388772487640381 0.5342599153518677 0.0
0.8562613129615784 0.15818853676319122 0.0
0.8721387982368469 0.1894201934337616 0.0
0.8758344054222107 0.19663532078266144 0.0
0.8752430081367493 0.19639238715171814 0.0
0.0475497841835022 0.5162080526351929 0.0
0.8499151468276978 0.15908463299274445 0.0
0.8697855472564697 0.18857358396053314 0.0
0.8709297180175781 0.18843761086463928 0.0
0.8686953186988831 0.18878409266471863 0.0
0.0 0.5 0.0
0.8460301756858826 0.1609501987695694 0.0
0.8670907020568848 0.1889914721250534 0.0
0.8681764006614685 0.18988525867462158 0.0
0.8672298789024353 0.19026175141334534 0.0
0.8382351398468018 0.16637155413627625 0.0
0.8736163973808289 0.19644387066364288 0.0
0.8669151663780212 0.19140084087848663 0.0
0.8679839372634888 0.19196030497550964 0.0
0.12664049863815308 0.4695931375026703 0.0
0.8677093386650085 0.19280657172203064 0.0
0.8719666600227356 0.1960769146680832 0.0
0.8274365663528442 0.17107433080673218 0.0
0.8686649203300476 0.19328626990318298 0.0
0.14879733324050903 0.4653133451938629 0.0
0.8685194253921509 0.19403138756752014 0.0
0.166948139667511 0.45670434832572937 0.0
0.820019543170929 0.17162764072418213 0.0
0.8693404793739319 0.1947769969701767 0.0
0.8166350722312927 0.17406436800956726 0.0
0.8125016689300537 0.17617160081863403 0.0
0.19825118780136108 0.45037323236465454 0.0
0.8101946711540222 0.1805163025856018 0.0
0.21170812845230103 0.44507265090942383 0.0
0.22408276796340942 0.43889474868774414 0.0
0.8063033819198608 0.18186841905117035 0.0
0.8042087554931641 0.185161292552948 0.0
0.2583315372467041 0.43247222900390625 0.0
0.8003144264221191 0.18928807973861694 0.0
0.27186119556427 0.42675504088401794 0.0
0.7925106287002563 0.18957452476024628 0.0
0.2856060266494751 0.4247509241104126 0.0
0.29353153705596924 0.4200783967971802 0.0
0.3013908863067627 0.41608405113220215 0.0
0.7899535298347473 0.20063993334770203 0.0
0.31212282180786133 0.41502535343170166 0.0
0.19463348388671875 0.4029873013496399 0.0
0.19463348388671875 0.4029873013496399 0.0
0.19463348388671875 0.4029873013496399 0.0
0.3238534927368164 0.41353389620780945 0.0
0.7790572643280029 0.20242930948734283 0.0
0.19463348388671875 0.4029873013496399 0.0
0.19463348388671875 0.4029873013496399 0.0
0.32742810249328613 0.40882250666618347 0.0
0.19763994216918945 0.4024861454963684 0.0
0.19837874174118042 0.4023526608943939 0.0
0.19847464561462402 0.40233534574508667 0.0
0.19857090711593628 0.40231794118881226 0.0
0.19837206602096558 0.4023538827896118 0.0
0.19825732707977295 0.40237459540367126 0.0
0.34889596700668335 0.4034184217453003 0.0
0.7691134810447693 0.21635553240776062 0.0
0.7749230861663818 0.21471381187438965 0.0
0.7763713002204895 0.21082721650600433 0.0
0.19905447959899902 0.4022279977798462 0.0
0.19886809587478638 0.4022626578807831 0.0
0.1989654302597046 0.40224456787109375 0.0
0.19947892427444458 0.4021490514278412 0.0
0.36331868171691895 0.4024465084075928 0.0
0.7656837105751038 0.2233816385269165 0.0
0.7695123553276062 0.2210344821214676 0.0
0.19926667213439941 0.4021885395050049 0.0
0.3729255795478821 0.3958134651184082 0.0
0.37362217903137207 0.3993892967700958 0.0
0.38159602880477905 0.3950001001358032 0.0
0.7466316223144531 0.27295374870300293 0.0
0.7405847907066345 0.2756987512111664 0.0
0.7529574632644653 0.2651720643043518 0.0
0.7580309510231018 0.2544002830982208 0.0
0.7547014355659485 0.24712511897087097 0.0
0.19999122619628906 0.4020504653453827 0.0
0.19973540306091309 0.40209969878196716 0.0
0.7386597394943237 0.2833087146282196 0.0
0.7575823068618774 0.2437858283519745 0.0
0.759208619594574 0.2332790344953537 0.0
0.7652913928031921 0.22878311574459076 0.0
0.3933510184288025 0.39184778928756714 0.0
0.7122111916542053 0.29289400577545166 0.0
0.4050646424293518 0.38861775398254395 0.0
0.4217446446418762 0.3834381699562073 0.0
0.6881312727928162 0.3057410418987274 0.0
0.4400635361671448 0.3779726028442383 0.0
0.43308019638061523 0.3826453983783722 0.0
0.45174741744995117 0.37547534704208374 0.0
0.6864795088768005 0.31301453709602356 0.0
0.4618763327598572 0.37366312742233276 0.0
0.4740307331085205 0.3687836527824402 0.0
0.6436598896980286 0.3195684254169464 0.0
0.654106080532074 0.3219575583934784 0.0
0.663030207157135 0.320338636636734 0.0
0.6845993399620056 0.31880876421928406 0.0
0.6758480668067932 0.32176801562309265 0.0
0.4819203019142151 0.3672179579734802 0.0
0.6450442671775818 0.3242492973804474 0.0
0.49006932973861694 0.36487269401550293 0.0
0.4997180700302124 0.36354100704193115 0.0
0.5083427429199219 0.36132922768592834 0.0
0.623019278049469 0.3306857645511627 0.0
0.6302300095558167 0.3315029442310333 0.0
0.5173372626304626 0.35937514901161194 0.0
0.5262730121612549 0.3576565384864807 0.0
0.5491723418235779 0.3491593897342682 0.0
0.5708751678466797 0.3425619304180145 0.0
0.5782575011253357 0.3427497148513794 0.0
0.5841462016105652 0.34188568592071533 0.0
0.6131438612937927 0.3362393081188202 0.0
0.559676468372345 0.3488069772720337 0.0
0.5683945417404175 0.34691399335861206 0.0
0.4118993878364563 0.6905403733253479 0.0
0.4246484637260437 0.6936506628990173 0.0
0.4286416172981262 0.7005120515823364 0.0
0.3874540328979492 0.6814722418785095 0.0
0.39671170711517334 0.6837428212165833 0.0
0.44420742988586426 0.701754629611969 0.0
0.37588584423065186 0.6822288632392883 0.0
0.36637210845947266 0.676028311252594 0.0
0.45791471004486084 0.7073644399642944 0.0
0.35356462001800537 0.6671468615531921 0.0
0.35829591751098633 0.6721235513687134 0.0
0.47476935386657715 0.7166855335235596 0.0
0.33000773191452026 0.6611233353614807 0.0
0.34409213066101074 0.6611135601997375 0.0
0.23536694049835205 0.624204695224762 0.0
0.24541401863098145 0.6312376260757446 0.0
0.2560991644859314 0.6322625875473022 0.0
0.2692070007324219 0.6393218040466309 0.0
0.2833457589149475 0.6412518620491028 0.0
0.2923887372016907 0.6459848880767822 0.0
0.3123157024383545 0.6514462828636169 0.0
0.5081957578659058 0.7278227806091309 0.0
0.2090436816215515 0.6167219281196594 0.0
0.20275139808654785 0.6128734350204468 0.0
0.21539759635925293 0.6198622584342957 0.0
0.22117769718170166 0.6222232580184937 0.0
0.26762813329696655 0.6334333419799805 0.0
0.1922999620437622 0.6100425720214844 0.0
0.18293917179107666 0.6073263883590698 0.0
0.5215278267860413 0.732125997543335 0.0
0.17451810836791992 0.6046380996704102 0.0
0.5464950799942017 0.739540159702301 0.0
0.5641313195228577 0.7421684861183167 0.0
0.1685827374458313 0.6021681427955627 0.0
0.5818104147911072 0.7476894855499268 0.0
0.6005215644836426 0.7529919743537903 0.0
0.6230866312980652 0.7549340128898621 0.0
0.15950286388397217 0.5971440672874451 0.0
0.16804152727127075 0.5990463495254517 0.0
0.1611458659172058 0.6009964942932129 0.0
0.6447422504425049 0.7561215162277222 0.0
0.6762335300445557 0.764657199382782 0.0
0.15034204721450806 0.5945731997489929 0.0
0.7010068893432617 0.7744147777557373 0.0
0.71229088306427 0.7805896997451782 0.0
0.7266849279403687 0.7823334336280823 0.0
0.7398086786270142 0.7752805352210999 0.0
0.7440420985221863 0.785545289516449 0.0
0.7652969360351562 0.7909879088401794 0.0
0.7978687882423401 0.8009127974510193 0.0
0.7888660430908203 0.7924804091453552 0.0
0.8243852257728577 0.8016462326049805 0.0
0.8537237644195557 0.8065810203552246 0.0
0.9261718988418579 0.8244661688804626 0.0
0.1412714719772339 0.590718150138855 0.0
0.14318513870239258 0.5938430428504944 0.0
0.9592434167861938 0.8292759656906128 0.0
0.1338047981262207 0.5858643054962158 0.0
0.9822190403938293 0.16174060106277466 0.0
0.9746716618537903 0.1571769267320633 0.0
0.1273980736732483 0.5812273621559143 0.0
0.9667292237281799 0.15304334461688995 0.0
0.12243175506591797 0.57685786485672 0.0
0.954347550868988 0.15731261670589447 0.0
0.9501591920852661 0.15183916687965393 0.0
0.9435808062553406 0.15150658786296844 0.0
0.1152845025062561 0.5728959441184998 0.0
0.9372426867485046 0.15121892094612122 0.0
0.8789588809013367 0.1952977180480957 0.0
0.8786296844482422 0.19555597007274628 0.0
0.878846287727356 0.19608817994594574 0.0
0.8785198330879211 0.19631698727607727 0.0
0.9303775429725647 0.14733727276325226 0.0
0.8789474964141846 0.19248449802398682 0.0
0.8780730366706848 0.19176918268203735 0.0
0.8787719011306763 0.19150058925151825 0.0
0.8789855241775513 0.1934434473514557 0.0
0.8788630366325378 0.19413058459758759 0.0
0.10677659511566162 0.5699549317359924 0.0
0.11295908689498901 0.5676453113555908 0.0
0.9127411246299744 0.148432657122612 0.0
0.8778849840164185 0.19066490232944489 0.0
0.107657790184021 0.5628001689910889 0.0
0.8773382306098938 0.19119009375572205 0.0
0.8987568616867065 0.1524697095155716 0.0
0.8767458200454712 0.19038215279579163 0.0
0.877575695514679 0.19673612713813782 0.0
0.09704095125198364 0.5604132413864136 0.0
0.8888099789619446 0.15194207429885864 0.0
0.8757487535476685 0.18925121426582336 0.0
0.8756950497627258 0.19041183590888977 0.0
0.8771225214004517 0.1969776749610901 0.0
0.8747022151947021 0.1896643042564392 0.0
0.8739144206047058 0.18847370147705078 0.0
0.08105605840682983 0.5471787452697754 0.0
0.8724664449691772 0.15845349431037903 0.0
0.8735030293464661 0.1896706372499466 0.0
0.8724913597106934 0.18864218890666962 0.0
0.8719946146011353 0.18729782104492188 0.0
0.07415711879730225 0.5373390913009644 0.0
0.8624719381332397 0.157493457198143 0.0
0.07300573587417603 0.524052619934082 0.0
0.8756285309791565 0.19695822894573212 0.0
0.8547153472900391 0.16273757815361023 0.0
0.869358241558075 0.18739359080791473 0.0
0.8751180171966553 0.19678053259849548 0.0
0.8511479496955872 0.1640436351299286 0.0
0.8673839569091797 0.1873331218957901 0.0
0.8463020324707031 0.16609878838062286 0.0
0.8653572797775269 0.18782250583171844 0.0
0.06815755367279053 0.4968627393245697 0.0
0.8743132948875427 0.1968202441930771 0.0
0.8741462826728821 0.196278378367424 0.0
0.8659789562225342 0.18990738689899445 0.0
0.8729378581047058 0.19639275968074799 0.0
0.09656739234924316 0.4835139811038971 0.0
0.11814463138580322 0.47895920276641846 0.0
0.8352141976356506 0.1716730296611786 0.0
0.8662874102592468 0.1925438791513443 0.0
0.8724039196968079 0.19645537436008453 0.0
0.14447450637817383 0.47338002920150757 0.0
0.86714106798172 0.19370898604393005 0.0
0.8715084195137024 0.19602209329605103 0.0
0.8708537817001343 0.19564567506313324 0.0
0.17265599966049194 0.46804866194725037 0.0
0.8257924914360046 0.17555679380893707 0.0
0.8686649799346924 0.19481498003005981 0.0
0.8691211342811584 0.19522236287593842 0.0
0.8698660731315613 0.19541320204734802 0.0
0.8203553557395935 0.17765653133392334 0.0
0.18646901845932007 0.4551895558834076 0.0
0.1869993805885315 0.46292930841445923 0.0
0.8160028457641602 0.1818666309118271 0.0
0.8110665678977966 0.1854320466518402 0.0
0.23061013221740723 0.44746384024620056 0.0
0.807481050491333 0.18909431993961334 0.0
0.24400776624679565 0.43901243805885315 0.0
0.7974925637245178 0.19436438381671906 0.0
0.7965023517608643 0.19986101984977722 0.0
0.3062206506729126 0.420429527759552 0.0
0.2972884178161621 0.4258287250995636 0.0
0.7875149250030518 0.2052716165781021 0.0
0.3198065757751465 0.4192167818546295 0.0
0.33479058742523193 0.41170746088027954 0.0
0.7816838622093201 0.20856855809688568 0.0
0.3459191918373108 0.40970125794410706 0.0
0.7831038236618042 0.2154970020055771 0.0
0.3585164546966553 0.40817004442214966 0.0
0.7770827412605286 0.22048397362232208 0.0
0.7734220027923584 0.22609080374240875 0.0
0.7574306130409241 0.27367281913757324 0.0
0.7528400421142578 0.2789442539215088 0.0
0.7667762041091919 0.26116734743118286 0.0
0.7584556937217712 0.2614448070526123 0.0
0.7670522928237915 0.25562503933906555 0.0
0.7634412050247192 0.2495701164007187 0.0
0.7757833003997803 0.23245833814144135 0.0
0.7716631293296814 0.23728246986865997 0.0
0.7489577531814575 0.28255537152290344 0.0
0.7646396160125732 0.24416778981685638 0.0
0.7652148604393005 0.2396097183227539 0.0
0.7551649808883667 0.29012683033943176 0.0
0.3921654224395752 0.397012859582901 0.0
0.724437952041626 0.2943812310695648 0.0
0.40297001600265503 0.39438945055007935 0.0
0.41757577657699585 0.38801977038383484 0.0
0.42864006757736206 0.38711801171302795 0.0
0.698973536491394 0.30765780806541443 0.0
0.6957921981811523 0.31165677309036255 0.0
0.4517282247543335 0.37957000732421875 0.0
0.44749122858047485 0.38256654143333435 0.0
0.46025317907333374 0.3786596357822418 0.0
0.4746488332748413 0.37420418858528137 0.0
0.6989144086837769 0.31656765937805176 0.0
0.4834301471710205 0.3720994293689728 0.0
0.6952690482139587 0.32029202580451965 0.0
0.6533339023590088 0.3267558515071869 0.0
0.6662259101867676 0.32465803623199463 0.0
0.689271867275238 0.32328498363494873 0.0
0.4915645718574524 0.37037861347198486 0.0
0.5011904835700989 0.36891481280326843 0.0
0.64058518409729 0.3332066535949707 0.0
0.6486055850982666 0.3302564024925232 0.0
0.6602209806442261 0.3267173767089844 0.0
0.509140133857727 0.3661820590496063 0.0
0.5179994702339172 0.363924115896225 0.0
0.5351728796958923 0.3558189272880554 0.0
0.5442677736282349 0.35362666845321655 0.0
0.5977633595466614 0.3411257863044739 0.0
0.6246077418327332 0.33528032898902893 0.0
0.5548985004425049 0.3534998893737793 0.0
0.5681394338607788 0.3507615923881531 0.0
0.5766772627830505 0.3463499844074249 0.0
0.5847927331924438 0.34584835171699524 0.0
0.5936651229858398 0.34466552734375 0.0
0.6062805652618408 0.3402610421180725 0.0
0.4085356593132019 0.6850405335426331 0.0
0.42071545124053955 0.6861772537231445 0.0
0.43784213066101074 0.6964645385742188 0.0
0.39535248279571533 0.6783379912376404 0.0
0.3863283395767212 0.6749452948570251 0.0
0.4734584093093872 0.7103335857391357 0.0
0.36684900522232056 0.6686504483222961 0.0
0.4853549599647522 0.7131122946739197 0.0
0.49700361490249634 0.7163706421852112 0.0
0.3391985297203064 0.6535147428512573 0.0
0.510748565196991 0.7196066975593567 0.0
0.24756842851638794 0.6247429847717285 0.0
0.25516605377197266 0.6278589963912964 0.0
0.2981308102607727 0.6394877433776855 0.0
0.3078518509864807 0.6437391042709351 0.0
0.32588887214660645 0.6515741348266602 0.0
0.21437883377075195 0.6125988364219666 0.0
0.2222612500190735 0.6143487691879272 0.0
0.22636359930038452 0.6179907321929932 0.0
0.23074913024902344 0.6210712194442749 0.0
0.26551705598831177 0.628145694732666 0.0
0.2805825471878052 0.6347206830978394 0.0
0.2916618585586548 0.6357632279396057 0.0
0.5196765661239624 0.7247519493103027 0.0
0.195392906665802 0.6053078174591064 0.0
0.5392961502075195 0.7329196929931641 0.0
0.17622911930084229 0.6010859608650208 0.0
0.18459534645080566 0.6033592224121094 0.0
0.5562074780464172 0.7336767911911011 0.0
0.5837824940681458 0.7402523756027222 0.0
0.6023786067962646 0.7431637048721313 0.0
0.6174746751785278 0.7481579184532166 0.0
0.6362841129302979 0.7481059432029724 0.0
0.6670998334884644 0.7567126154899597 0.0
0.15830224752426147 0.5941054821014404 0.0
0.16656887531280518 0.5956495404243469 0.0
0.688539445400238 0.7572051882743835 0.0
0.6956883072853088 0.765333890914917 0.0
0.7208465933799744 0.7737739086151123 0.0
0.15173590183258057 0.5912152528762817 0.0
0.762765645980835 0.7778958678245544 0.0
0.7839547991752625 0.7830588817596436 0.0
0.8074866533279419 0.7942988276481628 0.0
0.8478227853775024 0.795558750629425 0.0
0.8840060234069824 0.810401439666748 0.0
0.14358365535736084 0.5874737501144409 0.0
0.8716722130775452 0.7997578382492065 0.0
0.908207356929779 0.8162225484848022 0.0
0.9318922758102417 0.8145266175270081 0.0
0.950084924697876 0.8207160234451294 0.0
0.975702702999115 0.8209866285324097 0.0
1.0 0.8285526633262634 0.0
0.1366177797317505 0.5833703279495239 0.0
0.990658700466156 0.1686202883720398 0.0
0.13141268491744995 0.5781381726264954 0.0
0.9805611371994019 0.17252930998802185 0.0
0.9753302335739136 0.1661643087863922 0.0
0.9683484435081482 0.16423071920871735 0.0
0.960546612739563 0.16035431623458862 0.0
0.12322998046875 0.5731725692749023 0.0
0.9484639167785645 0.15920916199684143 0.0
0.8793491721153259 0.1949227899312973 0.0
0.8796581625938416 0.1942984163761139 0.0
0.8797018527984619 0.19582834839820862 0.0
0.879118800163269 0.19586031138896942 0.0
0.8794410228729248 0.19643326103687286 0.0
0.8790184855461121 0.19652655720710754 0.0
0.9401561617851257 0.15902836620807648 0.0
0.8798542022705078 0.192031592130661 0.0
0.8799817562103271 0.19340300559997559 0.0
0.11903762817382812 0.5688156485557556 0.0
0.9330134987831116 0.15433178842067719 0.0
0.9245701432228088 0.15303753316402435 0.0
0.8790984153747559 0.19055750966072083 0.0
0.8784655332565308 0.19676730036735535 0.0
0.11703985929489136 0.5640209317207336 0.0
0.916148841381073 0.15548552572727203 0.0
0.9094871282577515 0.15399473905563354 0.0
0.8780521154403687 0.19680729508399963 0.0
0.9044079184532166 0.15781064331531525 0.0
0.8779763579368591 0.18967440724372864 0.0
0.8787261247634888 0.1891356110572815 0.0
0.8779213428497314 0.19712762534618378 0.0
0.89411461353302 0.15529246628284454 0.0
0.876954197883606 0.1883978396654129 0.0
0.8770877122879028 0.18966089189052582 0.0
0.8775297999382019 0.19714383780956268 0.0
0.8751598000526428 0.18517065048217773 0.0
0.877329409122467 0.18597376346588135 0.0
0.8756068348884583 0.18677817285060883 0.0
0.10414862632751465 0.5558654069900513 0.0
0.8902593851089478 0.15780259668827057 0.0
0.8751805424690247 0.18795351684093475 0.0
0.8739924430847168 0.1857627034187317 0.0
0.8733221888542175 0.18431368470191956 0.0
0.09585690498352051 0.5544001460075378 0.0
0.10072541236877441 0.5485568046569824 0.0
0.8798626661300659 0.1597507894039154 0.0
0.8737779259681702 0.18694721162319183 0.0
0.8767479658126831 0.19704067707061768 0.0
0.09128361940383911 0.5501077771186829 0.0
0.8721222281455994 0.1854691207408905 0.0
0.09265643358230591 0.5435591340065002 0.0
0.8678633570671082 0.161260724067688 0.0
0.8762405514717102 0.1971457153558731 0.0
0.8633719682693481 0.1632135957479477 0.0
0.8705874085426331 0.18459445238113403 0.0
0.8702332973480225 0.18589888513088226 0.0
0.0854918360710144 0.5394381284713745 0.0
0.09401047229766846 0.5371012091636658 0.0
0.8689354062080383 0.18376792967319489 0.0
0.08692562580108643 0.5321974158287048 0.0
0.8646897673606873 0.1690329611301422 0.0
0.859477698802948 0.1650734394788742 0.0
0.8680852651596069 0.1856217235326767 0.0
0.8563384413719177 0.16675658524036407 0.0
0.875405490398407 0.19719551503658295 0.0
0.06839096546173096 0.5107728838920593 0.0
0.8660291433334351 0.1855994015932083 0.0
0.8749160766601562 0.19707483053207397 0.0
0.05241340398788452 0.5 0.0
0.8531920909881592 0.16853974759578705 0.0
0.8639200329780579 0.18566928803920746 0.0
0.850640594959259 0.1715577244758606 0.0
0.8636083006858826 0.18771499395370483 0.0
0.8739636540412903 0.19711072742938995 0.0
0.0862697958946228 0.49254947900772095 0.0
0.8734006881713867 0.19687232375144958 0.0
0.8643434643745422 0.1894683837890625 0.0
0.8653125762939453 0.19118227064609528 0.0
0.14110910892486572 0.48170265555381775 0.0
0.8324124217033386 0.17693635821342468 0.0
0.8718665838241577 0.19659610092639923 0.0
0.16210836172103882 0.4770103096961975 0.0
0.8659895062446594 0.19355164468288422 0.0
0.8711456656455994 0.19641247391700745 0.0
0.8678630590438843 0.19466017186641693 0.0
0.8692784309387207 0.19583366811275482 0.0
0.8275377154350281 0.18046285212039948 0.0
0.8684935569763184 0.19533272087574005 0.0
0.822891891002655 0.1837838888168335 0.0
0.20444905757904053 0.45920002460479736 0.0
0.215512216091156 0.4531416893005371 0.0
0.24398696422576904 0.4461771845817566 0.0
0.8141632080078125 0.1919100433588028 0.0
0.2599225640296936 0.4387451112270355 0.0
0.8072027564048767 0.19354166090488434 0.0
0.27074742317199707 0.43469423055648804 0.0
0.2848970890045166 0.4312267005443573 0.0
0.8052892088890076 0.19912652671337128 0.0
0.7956745624542236 0.20584648847579956 0.0
0.31401169300079346 0.42621609568595886 0.0
0.7929750680923462 0.20872917771339417 0.0
0.3325512409210205 0.41712987422943115 0.0
0.7907776236534119 0.21223369240760803 0.0
0.3437421917915344 0.41504615545272827 0.0
0.3551419973373413 0.4136509597301483 0.0
0.7656653523445129 0.2685682475566864 0.0
0.7718793749809265 0.2773153483867645 0.0
0.781425952911377 0.22615239024162292 0.0
0.7803435325622559 0.22996750473976135 0.0
0.3718680143356323 0.40302029252052307 0.0
0.3724997043609619 0.4069666266441345 0.0
0.7713786959648132 0.253360778093338 0.0
0.7706445455551147 0.24900254607200623 0.0
0.7738140225410461 0.24501600861549377 0.0
0.38328880071640015 0.3992950916290283 0.0
0.3794889450073242 0.4029420018196106 0.0
0.7586501836776733 0.285302072763443 0.0
0.3904147148132324 0.4018009603023529 0.0
0.7438262701034546 0.2929215133190155 0.0
0.4015134572982788 0.3995458483695984 0.0
0.413348913192749 0.39244022965431213 0.0
0.42388659715652466 0.3919980227947235 0.0
0.441159725189209 0.38642770051956177 0.0
0.7066999673843384 0.3150070309638977 0.0
0.7095773816108704 0.3100031316280365 0.0
0.7167384624481201 0.3156474232673645 0.0
0.4702238440513611 0.3784870505332947 0.0
0.4671638607978821 0.38177865743637085 0.0
0.48644644021987915 0.3768968880176544 0.0
0.7083489298820496 0.32212260365486145 0.0
0.4930747151374817 0.37506118416786194 0.0
0.7006730437278748 0.3266678750514984 0.0
0.6594849824905396 0.3304949104785919 0.0
0.6684635877609253 0.32944759726524353 0.0
0.675769567489624 0.3273731768131256 0.0
0.6877381205558777 0.3281037211418152 0.0
0.5253417491912842 0.3615872859954834 0.0
0.5351563096046448 0.36065933108329773 0.0
0.6493878960609436 0.33543720841407776 0.0
0.5426275730133057 0.35790836811065674 0.0
0.5507476329803467 0.3574579060077667 0.0
0.5645688772201538 0.35381007194519043 0.0
0.5754039883613586 0.35039031505584717 0.0
0.604606568813324 0.3453444838523865 0.0
0.6162871718406677 0.34204643964767456 0.0
0.6236660480499268 0.3410474359989166 0.0
0.6326239705085754 0.3408876955509186 0.0
0.6354976892471313 0.33679690957069397 0.0
0.5736456513404846 0.3542710244655609 0.0
0.5840063691139221 0.3501266837120056 0.0
0.5930951237678528 0.3498591482639313 0.0
0.4325180649757385 0.6869636178016663 0.0
0.4431306719779968 0.6907119154930115 0.0
0.40547144412994385 0.6789798736572266 0.0
0.4492502212524414 0.6956178545951843 0.0
0.46255242824554443 0.6978192329406738 0.0
0.47438913583755493 0.7024655342102051 0.0
0.40194594860076904 0.6731061935424805 0.0
0.48607105016708374 0.7056946754455566 0.0
0.38056355714797974 0.6685023903846741 0.0
0.36603081226348877 0.6633002161979675 0.0
0.3771504759788513 0.6631136536598206 0.0
0.35935431718826294 0.6578149795532227 0.0
0.32263779640197754 0.6444223523139954 0.0
0.3351803421974182 0.6451209187507629 0.0
0.204653799533844 0.6079205870628357 0.0
0.2142764925956726 0.6092313528060913 0.0
0.23590022325515747 0.6169270277023315 0.0
0.24389272928237915 0.618842601776123 0.0
0.2624537944793701 0.6233910918235779 0.0
0.2780909538269043 0.6288884282112122 0.0
0.3089582920074463 0.6368222832679749 0.0
0.5328397154808044 0.7254825830459595 0.0
0.19468533992767334 0.6015063524246216 0.0
0.549053430557251 0.7263846397399902 0.0
0.5761508345603943 0.7330561280250549 0.0
0.6245234608650208 0.7414873838424683 0.0
0.17758643627166748 0.597323477268219 0.0
0.6578794717788696 0.7484280467033386 0.0
0.7119516730308533 0.766954243183136 0.0
0.7307354211807251 0.7628459930419922 0.0
0.16240036487579346 0.5921659469604492 0.0
0.15305155515670776 0.5883339643478394 0.0
0.752060055732727 0.7683475613594055 0.0
0.8044959306716919 0.7860715389251709 0.0
0.8253656625747681 0.7902182340621948 0.0
0.1444253921508789 0.5852324962615967 0.0
0.8659003973007202 0.7908064126968384 0.0
0.8928703665733337 0.8015627861022949 0.0
0.9109452962875366 0.807433009147644 0.0
0.9386193752288818 0.8035829067230225 0.0
0.9584763050079346 0.8131548762321472 0.0
0.14016687870025635 0.5822638869285583 0.0
0.9843090176582336 0.8128063082695007 0.0
1.0 0.8196291923522949 0.0
0.9949257373809814 0.1794695109128952 0.0
0.9865404963493347 0.18087853491306305 0.0
0.9713305234909058 0.17513185739517212 0.0
0.9542446136474609 0.16579264402389526 0.0
0.8804733157157898 0.19612613320350647 0.0
0.8802798986434937 0.1952926516532898 0.0
0.12865310907363892 0.5734055042266846 0.0
0.12499874830245972 0.5698298215866089 0.0
0.8807482719421387 0.19295017421245575 0.0
0.8810147643089294 0.19214516878128052 0.0
0.8804910182952881 0.19447612762451172 0.0
0.9462808966636658 0.16827569901943207 0.0
0.8804649710655212 0.19103898108005524 0.0
0.8793368339538574 0.19685311615467072 0.0
0.8789401054382324 0.19684644043445587 0.0
0.12217718362808228 0.566397488117218 0.0
0.9315469264984131 0.16251012682914734 0.0
0.9226832985877991 0.161129891872406 0.0
0.9165380001068115 0.1634904146194458 0.0
0.9107435941696167 0.16035932302474976 0.0
0.879963219165802 0.18989059329032898 0.0
0.8797525763511658 0.18689708411693573 0.0
0.8800044059753418 0.1886759251356125 0.0
0.8782927989959717 0.18771883845329285 0.0
0.8784399628639221 0.19706016778945923 0.0
0.8986122012138367 0.1592230498790741 0.0
0.8788132071495056 0.18559810519218445 0.0
0.11894357204437256 0.5610358715057373 0.0
0.11486762762069702 0.5590381622314453 0.0
0.8947248458862305 0.16008442640304565 0.0
0.8926441073417664 0.1630151867866516 0.0
0.8869280815124512 0.16102099418640137 0.0
0.8779308795928955 0.18411441147327423 0.0
0.8856527805328369 0.16867223381996155 0.0
0.8799868226051331 0.1656423807144165 0.0
0.8845520615577698 0.16429990530014038 0.0
0.8760977983474731 0.1843062788248062 0.0
0.10952192544937134 0.5582079291343689 0.0
0.11152207851409912 0.5548832416534424 0.0
0.8772218823432922 0.19732052087783813 0.0
0.1082991361618042 0.5510108470916748 0.0
0.8764359354972839 0.16212311387062073 0.0
0.8736987709999084 0.16478413343429565 0.0
0.8775094151496887 0.16932977735996246 0.0
0.8754756450653076 0.18234021961688995 0.0
0.8745925426483154 0.1837276965379715 0.0
0.8730177283287048 0.1823270171880722 0.0
0.8732548356056213 0.16979266703128815 0.0
0.8687343001365662 0.16672615706920624 0.0
0.8711330890655518 0.1832282543182373 0.0
0.8770026564598083 0.19740328192710876 0.0
0.8767358064651489 0.1974671334028244 0.0
0.8764271140098572 0.19751732051372528 0.0
0.10358601808547974 0.5396599173545837 0.0
0.8759894371032715 0.19749395549297333 0.0
0.8604602813720703 0.1688806265592575 0.0
0.09221267700195312 0.524902880191803 0.0
0.8668427467346191 0.18195240199565887 0.0
0.866947591304779 0.1839955449104309 0.0
0.8754140138626099 0.19757573306560516 0.0
0.09035414457321167 0.5154280066490173 0.0
0.8582783341407776 0.17058834433555603 0.0
0.8746703267097473 0.197464719414711 0.0
0.08024531602859497 0.5 0.0
0.8649538159370422 0.1833910048007965 0.0
0.855648398399353 0.17219796776771545 0.0
0.09792959690093994 0.5 0.0
0.09744441509246826 0.5 0.0
0.11019480228424072 0.5 0.0
0.8413653373718262 0.17518095672130585 0.0
0.848764181137085 0.1758488416671753 0.0
0.8451312184333801 0.18035279214382172 0.0
0.8626100420951843 0.18901659548282623 0.0
0.8729268312454224 0.19693997502326965 0.0
0.12488001585006714 0.4896983504295349 0.0
0.872429370880127 0.19695037603378296 0.0
0.14567404985427856 0.49255040287971497 0.0
0.8636761903762817 0.19103048741817474 0.0
0.16523057222366333 0.4903697073459625 0.0
0.8649043440818787 0.19257013499736786 0.0
0.8651060461997986 0.19426138699054718 0.0
0.8702725172042847 0.19626867771148682 0.0
0.870868980884552 0.196933776140213 0.0
0.8667057156562805 0.1946861445903778 0.0
0.18991005420684814 0.4702945947647095 0.0
0.8677070736885071 0.1953580528497696 0.0
0.20444756746292114 0.4680778980255127 0.0
0.8293573260307312 0.1860705316066742 0.0
0.8254228830337524 0.18934759497642517 0.0
0.2244616150856018 0.4653196334838867 0.0
0.2185874581336975 0.45874398946762085 0.0
0.23137682676315308 0.4571346938610077 0.0
0.8185771703720093 0.1875113844871521 0.0
0.24529242515563965 0.45187273621559143 0.0
0.2564360499382019 0.4457383453845978 0.0
0.2703658938407898 0.44131001830101013 0.0
0.8129600882530212 0.19767387211322784 0.0
0.2797700762748718 0.4373587667942047 0.0
0.2897126078605652 0.4366862177848816 0.0
0.30015456676483154 0.432220995426178 0.0
0.802927553653717 0.20512647926807404 0.0
0.8020923137664795 0.20961391925811768 0.0
0.7977598905563354 0.21146710216999054 0.0
0.33066654205322266 0.42322224378585815 0.0
0.3432573080062866 0.42047783732414246 0.0
0.3522920608520508 0.41798511147499084 0.0
0.7881901860237122 0.22329388558864594 0.0
0.788488507270813 0.23078343272209167 0.0
0.7920776605606079 0.21835583448410034 0.0
0.36778974533081055 0.4126535952091217 0.0
0.7767146229743958 0.2729546129703522 0.0
0.7835302352905273 0.2789193093776703 0.0
0.7834205627441406 0.23401866853237152 0.0
0.7673873901367188 0.28352299332618713 0.0
0.7758891582489014 0.2667143642902374 0.0
0.7757540941238403 0.25941595435142517 0.0
0.779883623123169 0.2532666325569153 0.0
0.7819435596466064 0.23817496001720428 0.0
0.7818255424499512 0.24356406927108765 0.0
0.7693154811859131 0.2917449176311493 0.0
0.7664391994476318 0.29840928316116333 0.0
0.41191238164901733 0.39684560894966125 0.0
0.4181777238845825 0.3947662115097046 0.0
0.43369561433792114 0.39021626114845276 0.0
0.7231940627098083 0.3129997253417969 0.0
0.7184221744537354 0.30683377385139465 0.0
0.7304633259773254 0.309283584356308 0.0
0.45183414220809937 0.38581857085227966 0.0
0.4585871696472168 0.38317519426345825 0.0
0.7274186015129089 0.3198481798171997 0.0
0.7397527098655701 0.3191464841365814 0.0
0.7183126211166382 0.3206126391887665 0.0
0.4811531901359558 0.37975677847862244 0.0
0.47632867097854614 0.3829730451107025 0.0
0.7198736667633057 0.32537612318992615 0.0
0.7280027270317078 0.32509157061576843 0.0
0.7153745889663696 0.32911622524261475 0.0
0.5009469389915466 0.37385815382003784 0.0
0.5081292390823364 0.3728764057159424 0.0
0.7268219590187073 0.32939794659614563 0.0
0.5107367634773254 0.3701479434967041 0.0
0.5188507437705994 0.36865901947021484 0.0
0.5304473042488098 0.36585819721221924 0.0
0.6578550934791565 0.3350495994091034 0.0
0.6693666577339172 0.33465293049812317 0.0
0.6798972487449646 0.33243846893310547 0.0
0.6983736753463745 0.3311310112476349 0.0
0.7075678706169128 0.33214661478996277 0.0
0.7249869108200073 0.33346855640411377 0.0
0.5389111638069153 0.36369258165359497 0.0
0.5469307899475098 0.36174553632736206 0.0
0.5605696439743042 0.3581538796424866 0.0
0.61420738697052 0.34584349393844604 0.0
0.6450523734092712 0.3385334014892578 0.0
0.6557637453079224 0.34021490812301636 0.0
0.6658399701118469 0.3393208980560303 0.0
0.6922280192375183 0.33360809087753296 0.0
0.7168946862220764 0.33438146114349365 0.0
0.5708195567131042 0.35788121819496155 0.0
0.5828599333763123 0.35450199246406555 0.0
0.5920518636703491 0.35438674688339233 0.0
0.6028680205345154 0.3499472141265869 0.0
0.6127360463142395 0.35029366612434387 0.0
0.6243761777877808 0.34661737084388733 0.0
0.6312483549118042 0.3448216915130615 0.0
0.6405138969421387 0.3412806987762451 0.0
0.41698575019836426 0.6799765825271606 0.0
0.4303990602493286 0.6800515055656433 0.0
0.413981556892395 0.6740652918815613 0.0
0.4588136672973633 0.6911658644676208 0.0
0.47750115394592285 0.6961170434951782 0.0
0.48915910720825195 0.697959840297699 0.0
0.39818090200424194 0.6658827662467957 0.0
0.37375909090042114 0.6578854322433472 0.0
0.49732673168182373 0.7086046934127808 0.0
0.5090870261192322 0.7114670872688293 0.0
0.5192355513572693 0.7138556838035583 0.0
0.3479485511779785 0.6446362733840942 0.0
0.35368800163269043 0.6510016322135925 0.0
0.5257412195205688 0.7188662886619568 0.0
0.21601009368896484 0.6055883169174194 0.0
0.2241605520248413 0.6096704006195068 0.0
0.23302000761032104 0.6100977659225464 0.0
0.23478269577026367 0.6134390234947205 0.0
0.24530208110809326 0.613395631313324 0.0
0.26007890701293945 0.6177625060081482 0.0
0.2748410105705261 0.623708188533783 0.0
0.2925683259963989 0.6298890113830566 0.0
0.3019886016845703 0.6336150765419006 0.0
0.32163792848587036 0.6362972855567932 0.0
0.3321583867073059 0.6389603018760681 0.0
0.5423372387886047 0.7177730202674866 0.0
0.2027410864830017 0.6022816896438599 0.0
0.20803821086883545 0.6041132211685181 0.0
0.2878740429878235 0.6239028573036194 0.0
0.313662588596344 0.6312485337257385 0.0
0.5638812184333801 0.7275443077087402 0.0
0.5782972574234009 0.7235655784606934 0.0
0.18636375665664673 0.599784255027771 0.0
0.5962138175964355 0.7350284457206726 0.0
0.6128133535385132 0.736390233039856 0.0
0.6476085782051086 0.7394658327102661 0.0
0.1732727289199829 0.5940812230110168 0.0
0.6688195466995239 0.7416864633560181 0.0
0.6793492436408997 0.7488090395927429 0.0
0.700145959854126 0.7498822212219238 0.0
0.7082641124725342 0.7589563727378845 0.0
0.7180958986282349 0.7525576949119568 0.0
0.1487640142440796 0.5843769311904907 0.0
0.15759330987930298 0.5873425602912903 0.0
0.16220039129257202 0.5896520018577576 0.0
0.754259467124939 0.7583338618278503 0.0
0.7710054516792297 0.7666868567466736 0.0
0.7830151915550232 0.7739095091819763 0.0
0.8016189336776733 0.7762975692749023 0.0
0.8228672742843628 0.7799825668334961 0.0
0.8479650616645813 0.7836921215057373 0.0
0.8872027397155762 0.7924262285232544 0.0
0.9114323258399963 0.7966299057006836 0.0
0.1408376693725586 0.5799087285995483 0.0
0.9691596627235413 0.8043027520179749 0.0
1.0 0.8134458065032959 0.0
0.1349172592163086 0.5754725337028503 0.0
0.9780353307723999 0.18318721652030945 0.0
0.13070696592330933 0.5713478326797485 0.0
0.9616419076919556 0.1722365766763687 0.0
0.9531225562095642 0.17513664066791534 0.0
0.8817358613014221 0.19311636686325073 0.0
0.8819261193275452 0.19227945804595947 0.0
0.8812621831893921 0.1940571516752243 0.0
0.881314754486084 0.19527161121368408 0.0
0.8810070157051086 0.19597548246383667 0.0
0.8802087306976318 0.19662520289421082 0.0
0.881484866142273 0.1914631575345993 0.0
0.8798777461051941 0.1970796436071396 0.0
0.1274842619895935 0.5671577453613281 0.0
0.9390270709991455 0.16670487821102142 0.0
0.9215345978736877 0.1676366627216339 0.0
0.9262808561325073 0.16650141775608063 0.0
0.881600022315979 0.18833406269550323 0.0
0.8819911479949951 0.18682369589805603 0.0
0.881583571434021 0.1901455819606781 0.0
0.8794286251068115 0.19731509685516357 0.0
0.9120286107063293 0.16684944927692413 0.0
0.9071444272994995 0.16475199162960052 0.0
0.8788334131240845 0.19729016721248627 0.0
0.12282860279083252 0.5629692077636719 0.0
0.9021618962287903 0.16415445506572723 0.0
0.8801425695419312 0.1853230595588684 0.0
0.8783732652664185 0.1973564475774765 0.0
0.8974493145942688 0.16401715576648712 0.0
0.8955976963043213 0.1678704023361206 0.0
0.8899475336074829 0.16674746572971344 0.0
0.8896500468254089 0.17100544273853302 0.0
0.8870825171470642 0.17354518175125122 0.0
0.8830521702766418 0.17533905804157257 0.0
0.8822256922721863 0.17091470956802368 0.0
0.8800749182701111 0.18318112194538116 0.0
0.12560003995895386 0.5605279803276062 0.0
0.12105971574783325 0.558386504650116 0.0
0.8795618414878845 0.17266331613063812 0.0
0.8775346875190735 0.18209005892276764 0.0
0.8779886364936829 0.19758188724517822 0.0
0.1173558235168457 0.5545486807823181 0.0
0.8784353733062744 0.17524777352809906 0.0
0.8764816522598267 0.1722073256969452 0.0
0.8759365677833557 0.18049640953540802 0.0
0.8775699138641357 0.19754889607429504 0.0
0.11440795660018921 0.550449550151825 0.0
0.873874843120575 0.17372342944145203 0.0
0.87296062707901 0.17949147522449493 0.0
0.8772216439247131 0.19769509136676788 0.0
0.11108911037445068 0.5452144742012024 0.0
0.8697727918624878 0.17138776183128357 0.0
0.8707951903343201 0.17444920539855957 0.0
0.8710615634918213 0.18096044659614563 0.0
0.8695967793464661 0.17890028655529022 0.0
0.8766961097717285 0.1978570818901062 0.0
0.11432462930679321 0.5384430885314941 0.0
0.8673675060272217 0.1739104986190796 0.0
0.8690356612205505 0.1812562793493271 0.0
0.11148428916931152 0.5338882207870483 0.0
0.8761138319969177 0.19802002608776093 0.0
0.10169124603271484 0.5310849547386169 0.0
0.8627893924713135 0.17222927510738373 0.0
0.8666432499885559 0.17907647788524628 0.0
0.8754106760025024 0.19806386530399323 0.0
0.11553937196731567 0.5283147692680359 0.0
0.8640381097793579 0.180767223238945 0.0
0.10755157470703125 0.5222281217575073 0.0
0.8745876550674438 0.1980183869600296 0.0
0.1057690978050232 0.515906035900116 0.0
0.8616340756416321 0.18302783370018005 0.0
0.10454070568084717 0.5093851685523987 0.0
0.8599194288253784 0.17471057176589966 0.0
0.8552103638648987 0.17601463198661804 0.0
0.8742109537124634 0.19753716886043549 0.0
0.8736897110939026 0.19755522906780243 0.0
0.11435443162918091 0.5053006410598755 0.0
0.12099134922027588 0.5 0.0
0.8728888630867004 0.19752193987369537 0.0
0.13458943367004395 0.5 0.0
0.8721878528594971 0.1973341703414917 0.0
0.861693263053894 0.19092224538326263 0.0
0.860543429851532 0.18826332688331604 0.0
0.8715137243270874 0.1971326470375061 0.0
0.8634011745452881 0.1928095817565918 0.0
0.17993640899658203 0.48428210616111755 0.0
0.8634198307991028 0.1946927011013031 0.0
0.8703516721725464 0.19708235561847687 0.0
0.8695307374000549 0.19670669734477997 0.0
0.18416911363601685 0.47663989663124084 0.0
0.833609402179718 0.18304790556430817 0.0
0.8684177398681641 0.1961708962917328 0.0
0.20229029655456543 0.47632426023483276 0.0
0.8671175241470337 0.19592243432998657 0.0
0.8220166563987732 0.19307680428028107 0.0
0.8195712566375732 0.19752836227416992 0.0
0.26061737537384033 0.45370686054229736 0.0
0.2721341848373413 0.44809192419052124 0.0
0.8178649544715881 0.20148275792598724 0.0
0.8132080435752869 0.2030317783355713 0.0
0.28416115045547485 0.4424607455730438 0.0
0.8090288639068604 0.20534555613994598 0.0
0.30069857835769653 0.43985578417778015 0.0
0.8090421557426453 0.21090592443943024 0.0
0.8049269914627075 0.21463681757450104 0.0
0.3150399923324585 0.43352821469306946 0.0
0.3289821147918701 0.4293980598449707 0.0
0.7997288703918457 0.21774893999099731 0.0
0.7978010773658752 0.22328883409500122 0.0
0.36459994316101074 0.4184362590312958 0.0
0.7980567216873169 0.2349252700805664 0.0
0.7912346720695496 0.2382194697856903 0.0
0.7968032956123352 0.22877755761146545 0.0
0.7813540697097778 0.2850901782512665 0.0
0.786417543888092 0.27205711603164673 0.0
0.7834944128990173 0.265017569065094 0.0
0.7815657258033752 0.2922954559326172 0.0
0.7848000526428223 0.2603386342525482 0.0
0.783306896686554 0.24874451756477356 0.0
0.7883286476135254 0.25280389189720154 0.0
0.7884917259216309 0.24275994300842285 0.0
0.3867430090904236 0.4067465662956238 0.0
0.38200438022613525 0.4123791456222534 0.0
0.781769871711731 0.299622118473053 0.0
0.39978623390197754 0.40501248836517334 0.0
0.411885142326355 0.40209341049194336 0.0
0.42367374897003174 0.39777514338493347 0.0
0.43207627534866333 0.39374369382858276 0.0
0.44254666566848755 0.3919990360736847 0.0
0.45030510425567627 0.38885003328323364 0.0
0.4606648087501526 0.3883056044578552 0.0
0.46985793113708496 0.38572603464126587 0.0
0.7376325130462646 0.3253648579120636 0.0
0.747922420501709 0.3265279233455658 0.0
0.4916454553604126 0.3812665641307831 0.0
0.7350092530250549 0.3291277587413788 0.0
0.49481338262557983 0.37870192527770996 0.0
0.5015202760696411 0.3780882954597473 0.0
0.745296061038971 0.33135828375816345 0.0
0.5108580589294434 0.3774200677871704 0.0
0.7357730865478516 0.33387279510498047 0.0
0.5178753733634949 0.3736878037452698 0.0
0.5284873843193054 0.3717425763607025 0.0
0.536771297454834 0.36984342336654663 0.0
0.5430025458335876 0.36663633584976196 0.0
0.678266704082489 0.33612436056137085 0.0
0.687095582485199 0.3376815617084503 0.0
0.7020242810249329 0.3349620997905731 0.0
0.7236678004264832 0.3367398977279663 0.0
0.5514689087867737 0.36529237031936646 0.0
0.5582996606826782 0.3629293441772461 0.0
0.569696307182312 0.3623103201389313 0.0
0.5806024670600891 0.35904258489608765 0.0
0.6206172704696655 0.3501482307910919 0.0
0.6403275728225708 0.34579038619995117 0.0
0.6492618322372437 0.34430110454559326 0.0
0.6770073771476746 0.3396739363670349 0.0
0.6969680190086365 0.33741042017936707 0.0
0.7107585668563843 0.3366332948207855 0.0
0.7189839482307434 0.3385585844516754 0.0
0.7311015129089355 0.3374946713447571 0.0
0.660171627998352 0.34593039751052856 0.0
0.6644567847251892 0.3431203067302704 0.0
0.7049834728240967 0.3391996920108795 0.0
0.7270466685295105 0.3402334749698639 0.0
0.44395673274993896 0.6833240389823914 0.0
0.4544801115989685 0.6863552927970886 0.0
0.423173725605011 0.6754827499389648 0.0
0.4236561059951782 0.6701674461364746 0.0
0.47542327642440796 0.6903471946716309 0.0
0.4867822527885437 0.6921842694282532 0.0
0.4130006432533264 0.667528510093689 0.0
0.49660879373550415 0.7024180889129639 0.0
0.3890291452407837 0.6621424555778503 0.0
0.3870823383331299 0.6567274928092957 0.0
0.5091027617454529 0.7031216621398926 0.0
0.37103593349456787 0.6529275178909302 0.0
0.3823126554489136 0.6513910889625549 0.0
0.5202728509902954 0.7077037692070007 0.0
0.3643912672996521 0.6502514481544495 0.0
0.5300197601318359 0.711986780166626 0.0
0.362621009349823 0.6427092552185059 0.0
0.22391366958618164 0.6065186858177185 0.0
0.227697491645813 0.6028039455413818 0.0
0.2542840242385864 0.6141115427017212 0.0
0.27310651540756226 0.6188240647315979 0.0
0.34314805269241333 0.6380870342254639 0.0
0.5603176951408386 0.7206100225448608 0.0
0.20414769649505615 0.5996623039245605 0.0
0.1968144178390503 0.5984784960746765 0.0
0.2833383083343506 0.6197949647903442 0.0
0.3017650842666626 0.6238852739334106 0.0
0.3053596615791321 0.628618061542511 0.0
0.3269302248954773 0.6279186606407166 0.0
0.591704785823822 0.7285411953926086 0.0
0.18329888582229614 0.5946575999259949 0.0
0.1898956298828125 0.596702516078949 0.0
0.31614744663238525 0.624305784702301 0.0
0.3380139470100403 0.6316201090812683 0.0
0.6107260584831238 0.7287207245826721 0.0
0.6291846632957458 0.7336280345916748 0.0
0.6462887525558472 0.7305821776390076 0.0
0.17047834396362305 0.5913832187652588 0.0
0.1784440279006958 0.5927889943122864 0.0
0.6893124580383301 0.7397338151931763 0.0
0.15725356340408325 0.5851455926895142 0.0
0.16659969091415405 0.588446855545044 0.0
0.7352895736694336 0.7487689256668091 0.0
0.7764524221420288 0.7557948231697083 0.0
0.14907962083816528 0.5815562009811401 0.0
0.7960092425346375 0.7648149728775024 0.0
0.8207208514213562 0.7695916295051575 0.0
0.838979184627533 0.7742088437080383 0.0
0.87562096118927 0.7823296189308167 0.0
0.14251649379730225 0.577457070350647 0.0
0.905791163444519 0.7830495834350586 0.0
0.9333403706550598 0.7909379601478577 0.0
0.9548304080963135 0.7963444590568542 0.0
0.9768542647361755 0.7948933839797974 0.0
1.0 0.8030938506126404 0.0
0.9924243092536926 0.19069194793701172 0.0
0.13703632354736328 0.5732548236846924 0.0
0.9835607409477234 0.19178155064582825 0.0
0.8826423287391663 0.19426868855953217 0.0
0.8820927143096924 0.19495244324207306 0.0
0.8823349475860596 0.1958128958940506 0.0
0.8817901015281677 0.19630533456802368 0.0
0.8811396956443787 0.1968018114566803 0.0
0.13283902406692505 0.5697373747825623 0.0
0.9705392718315125 0.1859099417924881 0.0
0.9651679396629333 0.1808338314294815 0.0
0.9586246013641357 0.18170814216136932 0.0
0.8825255632400513 0.1916680634021759 0.0
0.8829888701438904 0.193023219704628 0.0
0.8806612491607666 0.1973681002855301 0.0
0.9467422962188721 0.17695997655391693 0.0
0.9408261775970459 0.17396563291549683 0.0
0.883826732635498 0.1878681182861328 0.0
0.8837752342224121 0.18614500761032104 0.0
0.8856984972953796 0.18758641183376312 0.0
0.8827268481254578 0.18809126317501068 0.0
0.883287787437439 0.18926100432872772 0.0
0.8834730982780457 0.19090166687965393 0.0
0.13167351484298706 0.5665109157562256 0.0
0.9354198575019836 0.17041222751140594 0.0
0.9301903247833252 0.17112945020198822 0.0
0.9253827929496765 0.17131508886814117 0.0
0.9168128371238708 0.17015281319618225 0.0
0.8818857669830322 0.1851247251033783 0.0
0.8830788731575012 0.18396198749542236 0.0
0.12733834981918335 0.5639537572860718 0.0
0.908905029296875 0.16946467757225037 0.0
0.9050251841545105 0.16909368336200714 0.0
0.8898320198059082 0.17664790153503418 0.0
0.8914783000946045 0.17440873384475708 0.0
0.8872090578079224 0.17741142213344574 0.0
0.887673556804657 0.1799384504556656 0.0
0.8850452303886414 0.17894406616687775 0.0
0.8864108920097351 0.18138252198696136 0.0
0.883919358253479 0.1805768460035324 0.0
0.884774386882782 0.18271641433238983 0.0
0.9004335999488831 0.16867771744728088 0.0
0.8985109925270081 0.17293448746204376 0.0
0.8935795426368713 0.1714593470096588 0.0
0.8815344572067261 0.1811307966709137 0.0
0.8787922859191895 0.19774094223976135 0.0
0.12909477949142456 0.5625764727592468 0.0
0.12788373231887817 0.5585665702819824 0.0
0.8817765712738037 0.17834199965000153 0.0
0.8784675598144531 0.19788159430027008 0.0
0.1248098611831665 0.5566332340240479 0.0
0.12687331438064575 0.5546474456787109 0.0
0.878567636013031 0.17835211753845215 0.0
0.8782386183738708 0.1805664449930191 0.0
0.8781490921974182 0.19803716242313385 0.0
0.12490570545196533 0.5534473061561584 0.0
0.12203508615493774 0.5540172457695007 0.0
0.8758359551429749 0.1764322817325592 0.0
0.8756842017173767 0.17851144075393677 0.0
0.8777372241020203 0.1979144662618637 0.0
0.12409728765487671 0.5505675673484802 0.0
0.1267412304878235 0.5512449741363525 0.0
0.12001556158065796 0.5503984689712524 0.0
0.8731012344360352 0.1764935702085495 0.0
0.8773633241653442 0.19816242158412933 0.0
0.1269487738609314 0.547744631767273 0.0
0.12381976842880249 0.5464144349098206 0.0
0.11833447217941284 0.5462134480476379 0.0
0.8702558279037476 0.17663748562335968 0.0
0.8768739700317383 0.19838541746139526 0.0
0.12783312797546387 0.5446017980575562 0.0
0.1297786831855774 0.5451564788818359 0.0
0.1265418529510498 0.5425475835800171 0.0
0.12231779098510742 0.5424515008926392 0.0
0.11751294136047363 0.5420621037483215 0.0
0.129896342754364 0.5431892275810242 0.0
0.13150924444198608 0.5424982309341431 0.0
0.1290639042854309 0.542396605014801 0.0
0.12160038948059082 0.5381036996841431 0.0
0.876259446144104 0.19860275089740753 0.0
0.12100028991699219 0.5326525568962097 0.0
0.8646367788314819 0.17603982985019684 0.0
0.8754338622093201 0.19859689474105835 0.0
0.8746477365493774 0.19871197640895844 0.0
0.11971312761306763 0.5162367224693298 0.0
0.12074464559555054 0.5102717280387878 0.0
0.1292983889579773 0.5069862008094788 0.0
0.14225369691848755 0.5042914748191833 0.0
0.8482650518417358 0.18427053093910217 0.0
0.851098895072937 0.18017829954624176 0.0
0.8532825708389282 0.18345603346824646 0.0
0.8589629530906677 0.1849318891763687 0.0
0.8573445677757263 0.18796630203723907 0.0
0.8726445436477661 0.19806236028671265 0.0
0.8735933899879456 0.19831031560897827 0.0
0.1433970332145691 0.5 0.0
0.8434381484985352 0.186982661485672 0.0
0.8719336986541748 0.19778473675251007 0.0
0.16082412004470825 0.5 0.0
0.8711525201797485 0.19783678650856018 0.0
0.17572766542434692 0.5 0.0
0.8619383573532104 0.19307778775691986 0.0
0.18848037719726562 0.49352356791496277 0.0
0.8612937331199646 0.1946444809436798 0.0
0.8700322508811951 0.19766655564308167 0.0
0.8689191341400146 0.19725675880908966 0.0
0.19701623916625977 0.4842880964279175 0.0
0.865604817867279 0.19626593589782715 0.0
0.8679539561271667 0.19680577516555786 0.0
0.8672018051147461 0.19696174561977386 0.0
0.2197967767715454 0.474639356136322 0.0
0.8349966406822205 0.18874327838420868 0.0
0.23483341932296753 0.47317904233932495 0.0
0.2454710602760315 0.46822401881217957 0.0
0.8285228610038757 0.1947086751461029 0.0
0.2493528127670288 0.460015207529068 0.0
0.8146283626556396 0.20862479507923126 0.0
0.8191519379615784 0.20629677176475525 0.0
0.29196667671203613 0.44455814361572266 0.0
0.31620854139328003 0.43862858414649963 0.0
0.8121792078018188 0.21766634285449982 0.0
0.8082805871963501 0.22044149041175842 0.0
0.34507226943969727 0.4273214340209961 0.0
0.35548967123031616 0.4225747585296631 0.0
0.8031613230705261 0.2279100865125656 0.0
0.804071307182312 0.2329311966896057 0.0
0.8054956793785095 0.2242588847875595 0.0
0.7907903790473938 0.2851889133453369 0.0
0.7934930324554443 0.2926923632621765 0.0
0.7939208149909973 0.27979493141174316 0.0
0.7962300777435303 0.2738528251647949 0.0
0.7938199043273926 0.2661706209182739 0.0
0.37542659044265747 0.41637659072875977 0.0
0.790415346622467 0.2579934000968933 0.0
0.7950559854507446 0.2551863193511963 0.0
0.7923150658607483 0.24900560081005096 0.0
0.7954999208450317 0.2442312240600586 0.0
0.39688605070114136 0.4112630784511566 0.0
0.7933388352394104 0.30055487155914307 0.0
0.4234386682510376 0.40486425161361694 0.0
0.43701088428497314 0.3970070481300354 0.0
0.7524068355560303 0.3184869885444641 0.0
0.7422327995300293 0.31343182921409607 0.0
0.7581419348716736 0.31466999650001526 0.0
0.45465409755706787 0.3920701742172241 0.0
0.7672297358512878 0.32161208987236023 0.0
0.7559739351272583 0.3243050277233124 0.0
0.4813430905342102 0.38753747940063477 0.0
0.75966477394104 0.3316969573497772 0.0
0.48732244968414307 0.3845028281211853 0.0
0.500795304775238 0.3817923069000244 0.0
0.5080525875091553 0.38121938705444336 0.0
0.753957986831665 0.33555811643600464 0.0
0.7466850876808167 0.3369327187538147 0.0
0.5269148349761963 0.37578266859054565 0.0
0.5367457270622253 0.37302887439727783 0.0
0.7403433322906494 0.33913135528564453 0.0
0.7556244730949402 0.3396659791469574 0.0
0.5457704663276672 0.3721655011177063 0.0
0.5507823824882507 0.3684473931789398 0.0
0.5579124689102173 0.36745455861091614 0.0
0.5663143396377563 0.3666715919971466 0.0
0.5754870772361755 0.36063408851623535 0.0
0.5917133688926697 0.35946816205978394 0.0
0.5991976857185364 0.3582266867160797 0.0
0.6013075113296509 0.35456669330596924 0.0
0.6112650036811829 0.3549969494342804 0.0
0.6290258169174194 0.352295458316803 0.0
0.6349784731864929 0.34934476017951965 0.0
0.6723139882087708 0.34336885809898376 0.0
0.6873405575752258 0.3427389860153198 0.0
0.7490507364273071 0.34127187728881836 0.0
0.6219787001609802 0.3550512194633484 0.0
0.6477506756782532 0.34801048040390015 0.0
0.6802234053611755 0.3439972698688507 0.0
0.6977693438529968 0.3419159948825836 0.0
0.7137035727500916 0.34114590287208557 0.0
0.7356321215629578 0.34162941575050354 0.0
0.7440874576568604 0.3430970013141632 0.0
0.6953252553939819 0.346333384513855 0.0
0.7081208229064941 0.34378781914711 0.0
0.7222536206245422 0.34293001890182495 0.0
0.7314684987068176 0.34466180205345154 0.0
0.7505558729171753 0.34425783157348633 0.0
0.740188479423523 0.34531357884407043 0.0
0.7485002279281616 0.3465208113193512 0.0
0.4312888979911804 0.6735319495201111 0.0
0.4449225664138794 0.674293577671051 0.0
0.45792537927627563 0.6801790595054626 0.0
0.4674984812736511 0.684977114200592 0.0
0.4259984493255615 0.6634527444839478 0.0
0.5019283890724182 0.690102219581604 0.0
0.4146454930305481 0.6599571704864502 0.0
0.4024210572242737 0.6562638878822327 0.0
0.5236513018608093 0.7008082270622253 0.0
0.5153364539146423 0.6944542527198792 0.0
0.5309072136878967 0.7057041525840759 0.0
0.375937283039093 0.6458131670951843 0.0
0.542345404624939 0.7086688280105591 0.0
0.5567530989646912 0.7126163840293884 0.0
0.2176772952079773 0.6026586294174194 0.0
0.23706698417663574 0.6052504181861877 0.0
0.24683570861816406 0.6078970432281494 0.0
0.2570928931236267 0.6095665097236633 0.0
0.26604604721069336 0.6112728714942932 0.0
0.27485597133636475 0.6135414242744446 0.0
0.35418540239334106 0.637710452079773 0.0
0.572390079498291 0.7154601216316223 0.0
0.5867055654525757 0.7170356512069702 0.0
0.20103377103805542 0.5958768129348755 0.0
0.20565736293792725 0.5973199009895325 0.0
0.21289634704589844 0.6006430387496948 0.0
0.28476887941360474 0.6153083443641663 0.0
0.2973872423171997 0.6175060868263245 0.0
0.3519001007080078 0.6316214203834534 0.0
0.5973344445228577 0.7220318913459778 0.0
0.3114780783653259 0.6188738346099854 0.0
0.34095269441604614 0.623582124710083 0.0
0.6154391169548035 0.7198827266693115 0.0
0.6317074298858643 0.7252655029296875 0.0
0.18541431427001953 0.5927460193634033 0.0
0.3308477997779846 0.620786190032959 0.0
0.6673682928085327 0.7325034141540527 0.0
0.7130480408668518 0.7433370351791382 0.0
0.7272639870643616 0.737589418888092 0.0
0.15647834539413452 0.5827422738075256 0.0
0.16585886478424072 0.5856621861457825 0.0
0.7580949664115906 0.7473751306533813 0.0
0.1497211456298828 0.5794179439544678 0.0
0.7969407439231873 0.7534224987030029 0.0
0.821613073348999 0.7570220232009888 0.0
0.8435569405555725 0.765087902545929 0.0
0.8602956533432007 0.7730845212936401 0.0
0.14389842748641968 0.5752825140953064 0.0
0.8862822651863098 0.7715978026390076 0.0
0.9332840442657471 0.7787932753562927 0.0
0.9552758932113647 0.7870802283287048 0.0
1.0 0.7923356890678406 0.0
0.8846375346183777 0.1934182196855545 0.0
0.8837144374847412 0.1921682059764862 0.0
0.8850257396697998 0.1919046938419342 0.0
0.8839161396026611 0.19431336224079132 0.0
0.883679211139679 0.19510503113269806 0.0
0.8830291628837585 0.19543364644050598 0.0
0.1372259259223938 0.5704903602600098 0.0
0.994009256362915 0.19874539971351624 0.0
0.9885063767433167 0.2022591233253479 0.0
0.8846790790557861 0.1904037743806839 0.0
0.8825987577438354 0.19662320613861084 0.0
0.881541907787323 0.19774453341960907 0.0
0.13466304540634155 0.5667034983634949 0.0
0.9759100079536438 0.19287939369678497 0.0
0.9636846780776978 0.187894806265831 0.0
0.8887898325920105 0.18578678369522095 0.0
0.8875185251235962 0.18366190791130066 0.0
0.8897618055343628 0.18442347645759583 0.0
0.8851959705352783 0.18919305503368378 0.0
0.8802086710929871 0.19784195721149445 0.0
0.1318138837814331 0.5642093420028687 0.0
0.132673442363739 0.5633714199066162 0.0
0.950968325138092 0.18385496735572815 0.0
0.8895220756530762 0.18214665353298187 0.0
0.8859790563583374 0.18536150455474854 0.0
0.1304795742034912 0.5612618923187256 0.0
0.13117998838424683 0.5600349307060242 0.0
0.9348306655883789 0.17832136154174805 0.0
0.921572208404541 0.17393571138381958 0.0
0.9124224781990051 0.17260921001434326 0.0
0.9080178141593933 0.1734314113855362 0.0
0.8928532004356384 0.17796850204467773 0.0
0.890139639377594 0.17940130829811096 0.0
0.8793959021568298 0.1980302333831787 0.0
0.903404176235199 0.1730656772851944 0.0
0.8985822796821594 0.1769295036792755 0.0
0.8953142166137695 0.1755606085062027 0.0
0.1304444670677185 0.557303786277771 0.0
0.12973594665527344 0.5580561757087708 0.0
0.8788683414459229 0.19814707338809967 0.0
0.1296643614768982 0.5551319718360901 0.0
0.12852567434310913 0.5557591915130615 0.0
0.8785130381584167 0.19842679798603058 0.0
0.13008511066436768 0.5522310733795166 0.0
0.12870699167251587 0.5523816347122192 0.0
0.8779355883598328 0.19834105670452118 0.0
0.13012057542800903 0.5492279529571533 0.0
0.12880957126617432 0.5486353635787964 0.0
0.8775863647460938 0.1986406296491623 0.0
0.13065093755722046 0.546320915222168 0.0
0.13144457340240479 0.5467063188552856 0.0
0.8771497011184692 0.19892534613609314 0.0
0.13167059421539307 0.54460608959198 0.0
0.13167095184326172 0.5446032285690308 0.0
0.13252294063568115 0.544234573841095 0.0
0.876721978187561 0.199189230799675 0.0
0.12971419095993042 0.5399848818778992 0.0
0.12665271759033203 0.5388373136520386 0.0
0.8760712742805481 0.19899490475654602 0.0
0.13111090660095215 0.5412322878837585 0.0
0.12782013416290283 0.5340623259544373 0.0
0.13300013542175293 0.5418854355812073 0.0
0.13317930698394775 0.5426390171051025 0.0
0.1334385871887207 0.5400726199150085 0.0
0.13299345970153809 0.5384441018104553 0.0
0.1324307918548584 0.5354652404785156 0.0
0.8755658268928528 0.19918641448020935 0.0
0.13013970851898193 0.5289186239242554 0.0
0.12497103214263916 0.5272988677024841 0.0
0.8750301599502563 0.1994282454252243 0.0
0.12345147132873535 0.5227802991867065 0.0
0.8741341829299927 0.19928625226020813 0.0
0.13686418533325195 0.5183796286582947 0.0
0.1355297565460205 0.5123733282089233 0.0
0.8731075525283813 0.19885306060314178 0.0
0.1431565284729004 0.5083365440368652 0.0
0.8722003102302551 0.19848576188087463 0.0
0.15816491842269897 0.5026693940162659 0.0
0.8717037439346313 0.19895267486572266 0.0
0.8707048892974854 0.1985267847776413 0.0
0.8440179824829102 0.1926579624414444 0.0
0.8398961424827576 0.19120171666145325 0.0
0.8695888519287109 0.1984725296497345 0.0
0.2060602307319641 0.49121493101119995 0.0
0.8634194731712341 0.19692502915859222 0.0
0.8682282567024231 0.19773101806640625 0.0
0.21688318252563477 0.4844980835914612 0.0
0.26111745834350586 0.46584999561309814 0.0
0.8261567950248718 0.19842131435871124 0.0
0.2644098997116089 0.4599107503890991 0.0
0.8241394758224487 0.20352084934711456 0.0
0.27662384510040283 0.45575249195098877 0.0
0.2857809066772461 0.44868865609169006 0.0
0.2983401417732239 0.4468849003314972 0.0
0.31120598316192627 0.44373172521591187 0.0
0.32961857318878174 0.43533119559288025 0.0
0.3378922939300537 0.4314364790916443 0.0
0.3589528799057007 0.4270009398460388 0.0
0.8104888200759888 0.230951189994812 0.0
0.36783063411712646 0.4245392084121704 0.0
0.8048015832901001 0.2794710695743561 0.0
0.8025879263877869 0.2891053259372711 0.0
0.801984965801239 0.27204442024230957 0.0
0.8029718399047852 0.24183149635791779 0.0
0.8040808439254761 0.23702017962932587 0.0
0.37885522842407227 0.4213672876358032 0.0
0.8051899671554565 0.26768460869789124 0.0
0.8001092672348022 0.2609565854072571 0.0
0.803977906703949 0.25565147399902344 0.0
0.8025466799736023 0.2486722469329834 0.0
0.3840888738632202 0.4172661304473877 0.0
0.3910345435142517 0.41555947065353394 0.0
0.4114872217178345 0.4086422324180603 0.0
0.4322086572647095 0.40120378136634827 0.0
0.4437686800956726 0.40159982442855835 0.0
0.7644189596176147 0.31133022904396057 0.0
0.7755358219146729 0.31595396995544434 0.0
0.4491516351699829 0.39623531699180603 0.0
0.4606063961982727 0.39548322558403015 0.0
0.4643193483352661 0.3922198414802551 0.0
0.7772990465164185 0.32664942741394043 0.0
0.7688004374504089 0.3281605839729309 0.0
0.47380417585372925 0.39074066281318665 0.0
0.4711354970932007 0.39505141973495483 0.0
0.7733851075172424 0.3335469663143158 0.0
0.4982949495315552 0.3854687809944153 0.0
0.7693020105361938 0.33623501658439636 0.0
0.7627338767051697 0.33770495653152466 0.0
0.5090929269790649 0.38544249534606934 0.0
0.5170735120773315 0.3829425275325775 0.0
0.5223349928855896 0.3787904679775238 0.0
0.7645393013954163 0.34208109974861145 0.0
0.5330504179000854 0.3752371668815613 0.0
0.5404008030891418 0.3762969970703125 0.0
0.5557876229286194 0.3713589310646057 0.0
0.5750487446784973 0.36704161763191223 0.0
0.5716961026191711 0.37017184495925903 0.0
0.5802211165428162 0.363952100276947 0.0
0.7571291327476501 0.34393611550331116 0.0
0.7663936614990234 0.34619179368019104 0.0
0.7729058265686035 0.34428656101226807 0.0
0.7740243673324585 0.3468712866306305 0.0
0.5821930766105652 0.3682963252067566 0.0
0.588757336139679 0.3635038435459137 0.0
0.5960914492607117 0.36429905891418457 0.0
0.6016671657562256 0.3627817630767822 0.0
0.608810544013977 0.360072523355484 0.0
0.6190630197525024 0.35967734456062317 0.0
0.6385154724121094 0.354381799697876 0.0
0.6455158591270447 0.35153141617774963 0.0
0.6557209491729736 0.3503965735435486 0.0
0.669743001461029 0.3468894958496094 0.0
0.6786401271820068 0.347210556268692 0.0
0.7722166776657104 0.3489656448364258 0.0
0.7787443399429321 0.3484000265598297 0.0
0.778630256652832 0.35014766454696655 0.0
0.6673205494880676 0.3508378267288208 0.0
0.687059760093689 0.3469429612159729 0.0
0.7036626935005188 0.3467525839805603 0.0
0.7541465759277344 0.34611713886260986 0.0
0.7594795227050781 0.3472689986228943 0.0
0.7646375894546509 0.3492901623249054 0.0
0.7744526863098145 0.35094982385635376 0.0
0.7789202928543091 0.3515112102031708 0.0
0.7009525299072266 0.34945768117904663 0.0
0.7106427550315857 0.34785863757133484 0.0
0.7170058488845825 0.34643709659576416 0.0
0.725875198841095 0.3473529815673828 0.0
0.7549529075622559 0.34834983944892883 0.0
0.7693279981613159 0.35079145431518555 0.0
0.7763559818267822 0.35232555866241455 0.0
0.7325376868247986 0.3483451306819916 0.0
0.7372461557388306 0.3475858271121979 0.0
0.7436404228210449 0.3486008942127228 0.0
0.7505799531936646 0.3496776521205902 0.0
0.7594050765037537 0.34933245182037354 0.0
0.7720865607261658 0.3518065810203552 0.0
0.7564537525177002 0.3509906232357025 0.0
0.7723130583763123 0.3528376817703247 0.0
0.7465421557426453 0.35163217782974243 0.0
0.8040533065795898 0.3579448163509369 0.0
0.8036537766456604 0.3578455448150635 0.0
0.8042601943016052 0.35799622535705566 0.0
0.43516838550567627 0.6680134534835815 0.0
0.4616653323173523 0.67323237657547 0.0
0.47369641065597534 0.6774547696113586 0.0
0.4825853705406189 0.6826419830322266 0.0
0.49111151695251465 0.6864029169082642 0.0
0.5290254950523376 0.6949388980865479 0.0
0.3980649709701538 0.6485673785209656 0.0
0.4112592935562134 0.6489166617393494 0.0
0.5394778847694397 0.7001637816429138 0.0
0.3888092637062073 0.6450174450874329 0.0
0.555787205696106 0.7045453786849976 0.0
0.3772757649421692 0.6372969746589661 0.0
0.3868188261985779 0.6401215195655823 0.0
0.5683549642562866 0.7087517976760864 0.0
0.584401547908783 0.7096014022827148 0.0
0.22411894798278809 0.6000285148620605 0.0
0.23355317115783691 0.5992757678031921 0.0
0.24085217714309692 0.6003029346466064 0.0
0.24833226203918457 0.6040427088737488 0.0
0.26011019945144653 0.6054088473320007 0.0
0.6012090444564819 0.7137361168861389 0.0
0.1942046880722046 0.593917727470398 0.0
0.21349310874938965 0.5976507067680359 0.0
0.22125935554504395 0.598078727722168 0.0
0.2703667879104614 0.6053270101547241 0.0
0.28614097833633423 0.6107505559921265 0.0
0.29587775468826294 0.6115115880966187 0.0
0.3661186695098877 0.6324319243431091 0.0
0.30548280477523804 0.6120989322662354 0.0
0.3104511499404907 0.6144546270370483 0.0
0.3495635986328125 0.6260510683059692 0.0
0.6182048320770264 0.7125581502914429 0.0
0.6337505578994751 0.7162992358207703 0.0
0.6546974778175354 0.7221981883049011 0.0
0.17865729331970215 0.5906978249549866 0.0
0.19135445356369019 0.5913064479827881 0.0
0.3226637840270996 0.6184574961662292 0.0
0.3613486886024475 0.625251054763794 0.0
0.6764782071113586 0.7245050668716431 0.0
0.6874634027481079 0.7303364276885986 0.0
0.16906189918518066 0.5849072933197021 0.0
0.1618066430091858 0.583394467830658 0.0
0.17599338293075562 0.5870673060417175 0.0
0.7066551446914673 0.7332504987716675 0.0
0.1561129093170166 0.58112633228302 0.0
0.7435386180877686 0.7407850623130798 0.0
0.7808724641799927 0.7435975074768066 0.0
0.15058386325836182 0.5783801674842834 0.0
0.8860470652580261 0.19461455941200256 0.0
0.885877251625061 0.19325315952301025 0.0
0.8850094079971313 0.1947210133075714 0.0
0.8846532106399536 0.19541898369789124 0.0
0.1463414430618286 0.5755227208137512 0.0
0.8504501581192017 0.7543835043907166 0.0
0.8686454892158508 0.7626140117645264 0.0
0.8866095542907715 0.19245664775371552 0.0
0.8842300772666931 0.19618812203407288 0.0
0.883290708065033 0.19642671942710876 0.0
0.1411430835723877 0.5720794200897217 0.0
0.9121037125587463 0.7697044610977173 0.0
0.977313756942749 0.7847947478294373 0.0
0.8863508701324463 0.19085891544818878 0.0
0.13281434774398804 0.5622315406799316 0.0
0.13382160663604736 0.5638914704322815 0.0
0.13477885723114014 0.5654695630073547 0.0
0.13858729600906372 0.5697250962257385 0.0
0.13750505447387695 0.5690330862998962 0.0
0.9554541707038879 0.7765479683876038 0.0
1.0 0.7838082313537598 0.0
0.9954652786254883 0.20620666444301605 0.0
0.8903173208236694 0.18771512806415558 0.0
0.8910151720046997 0.18609125912189484 0.0
0.8880141377449036 0.1875905841588974 0.0
0.887228786945343 0.18930929899215698 0.0
0.8822965025901794 0.1973230093717575 0.0
0.13235342502593994 0.561654269695282 0.0
0.9801443815231323 0.2011440545320511 0.0
0.8919198513031006 0.18442405760288239 0.0
0.8809874057769775 0.1979941576719284 0.0
0.8808860778808594 0.19851471483707428 0.0
0.13190758228302002 0.5603269934654236 0.0
0.9736751317977905 0.20011653006076813 0.0
0.9688324928283691 0.1943419873714447 0.0
0.9612413644790649 0.19461920857429504 0.0
0.9574083089828491 0.18836115300655365 0.0
0.942548394203186 0.18252208828926086 0.0
0.9214893579483032 0.1801401674747467 0.0
0.9271153807640076 0.1779201179742813 0.0
0.9169021844863892 0.17622257769107819 0.0
0.8964974880218506 0.1793443262577057 0.0
0.8936143517494202 0.1819751262664795 0.0
0.8801869750022888 0.19859793782234192 0.0
0.13111954927444458 0.5583145618438721 0.0
0.9119499325752258 0.17866402864456177 0.0
0.9062654972076416 0.17711536586284637 0.0
0.9019538164138794 0.17671993374824524 0.0
0.9003345370292664 0.17999830842018127 0.0
0.1307293176651001 0.5558483004570007 0.0
0.13042950630187988 0.5549734234809875 0.0
0.8796466588973999 0.19873304665088654 0.0
0.8791261911392212 0.19861654937267303 0.0
0.13060474395751953 0.5541555881500244 0.0
0.13059598207473755 0.554106593132019 0.0
0.1305733323097229 0.5523210167884827 0.0
0.13060247898101807 0.5531237125396729 0.0
0.1310160756111145 0.5498437285423279 0.0
0.8787891268730164 0.19916932284832 0.0
0.1308719515800476 0.5494479537010193 0.0
0.8781657814979553 0.19876645505428314 0.0
0.13142263889312744 0.548163652420044 0.0
0.8779940009117126 0.19922617077827454 0.0
0.8774774670600891 0.19953368604183197 0.0
0.13188695907592773 0.5467358231544495 0.0
0.13238584995269775 0.5453047752380371 0.0
0.13315653800964355 0.5439393520355225 0.0
0.8763501048088074 0.19951848685741425 0.0
0.1340659260749817 0.5422475934028625 0.0
0.13446754217147827 0.5409314036369324 0.0
0.13454937934875488 0.540039598941803 0.0
0.13503921031951904 0.5303493738174438 0.0
0.13602149486541748 0.538110077381134 0.0
0.13532394170761108 0.5375640392303467 0.0
0.13668489456176758 0.5350266098976135 0.0
0.133314847946167 0.5240283012390137 0.0
0.87492436170578 0.20002883672714233 0.0
0.8741726875305176 0.20002222061157227 0.0
0.87339848279953 0.19963225722312927 0.0
0.14731645584106445 0.5143256783485413 0.0
0.1518322229385376 0.5107086300849915 0.0
0.8726069927215576 0.1992025226354599 0.0
0.15793251991271973 0.5066233277320862 0.0
0.170243501663208 0.5042445063591003 0.0
0.17515742778778076 0.5019428133964539 0.0
0.18531113862991333 0.5 0.0
0.8544964790344238 0.19103556871414185 0.0
0.8518628478050232 0.1943455934524536 0.0
0.8484395742416382 0.1912441849708557 0.0
0.2036488652229309 0.5 0.0
0.8474830389022827 0.19459649920463562 0.0
0.8560445308685303 0.19557084143161774 0.0
0.8585304617881775 0.19357948005199432 0.0
0.8686177134513855 0.19872552156448364 0.0
0.8671284317970276 0.19811533391475677 0.0
0.8604968190193176 0.1972503513097763 0.0
0.8654685616493225 0.19798123836517334 0.0
0.23449671268463135 0.48082005977630615 0.0
0.839168906211853 0.19900009036064148 0.0
0.8421117067337036 0.1963060349225998 0.0
0.8432952165603638 0.20093747973442078 0.0
0.24841827154159546 0.4769882559776306 0.0
0.8387203812599182 0.20358110964298248 0.0
0.8345257043838501 0.19724765419960022 0.0
0.26091670989990234 0.47300273180007935 0.0
0.8311523199081421 0.2033618539571762 0.0
0.8302082419395447 0.20807833969593048 0.0
0.274127721786499 0.46380022168159485 0.0
0.28746384382247925 0.46140822768211365 0.0
0.8250144124031067 0.21040794253349304 0.0
0.2930970788002014 0.4537869691848755 0.0
0.3090677857398987 0.45046567916870117 0.0
0.8230888843536377 0.21479059755802155 0.0
0.8198548555374146 0.2110823094844818 0.0
0.8175277709960938 0.21518206596374512 0.0
0.32389479875564575 0.44109100103378296 0.0
0.33666783571243286 0.4398733675479889 0.0
0.8142077326774597 0.22264309227466583 0.0
0.819060206413269 0.22200755774974823 0.0
0.8188754916191101 0.22715027630329132 0.0
0.3460615873336792 0.4342572093009949 0.0
0.8125101923942566 0.2259657084941864 0.0
0.8170765042304993 0.23081186413764954 0.0
0.3565555214881897 0.43078190088272095 0.0
0.8099122643470764 0.27405935525894165 0.0
0.816321849822998 0.28095054626464844 0.0
0.8135060667991638 0.2873205244541168 0.0
0.8106263279914856 0.23845960199832916 0.0
0.8120194673538208 0.24462535977363586 0.0
0.8020854592323303 0.2954760193824768 0.0
0.810915470123291 0.29922646284103394 0.0
0.8140912055969238 0.29394230246543884 0.0
0.8135232925415039 0.2702718675136566 0.0
0.8116389513015747 0.2640461325645447 0.0
0.8115569949150085 0.25301963090896606 0.0
0.8091705441474915 0.2477295696735382 0.0
0.8030030131340027 0.3008510172367096 0.0
0.8040953874588013 0.3087449371814728 0.0
0.39897751808166504 0.41631636023521423 0.0
0.40791457891464233 0.4145546853542328 0.0
0.4211839437484741 0.40931034088134766 0.0
0.43066442012786865 0.4102180600166321 0.0
0.4347848892211914 0.40515780448913574 0.0
0.7917381525039673 0.31914961338043213 0.0
0.7827141284942627 0.32319459319114685 0.0
0.4572780132293701 0.4000394940376282 0.0
0.780300498008728 0.3313731253147125 0.0
0.48525798320770264 0.39158254861831665 0.0
0.4822987914085388 0.39516934752464294 0.0
0.4937823414802551 0.3896959722042084 0.0
0.7770658135414124 0.33767932653427124 0.0
0.7729048728942871 0.3403894901275635 0.0
0.7840064167976379 0.34143245220184326 0.0
0.779365062713623 0.3435906171798706 0.0
0.5279622673988342 0.383358359336853 0.0
0.780128538608551 0.3463596701622009 0.0
0.533424973487854 0.37929293513298035 0.0
0.7827497720718384 0.3481388986110687 0.0
0.7851279973983765 0.34975290298461914 0.0
0.5495648384094238 0.3773045241832733 0.0
0.5541397333145142 0.37479114532470703 0.0
0.5644900798797607 0.37088820338249207 0.0
0.7833622097969055 0.35141775012016296 0.0
0.788019061088562 0.3515400290489197 0.0
0.7878154516220093 0.35259974002838135 0.0
0.7960966229438782 0.35484611988067627 0.0
0.7924085259437561 0.3544590175151825 0.0
0.7923873066902161 0.35374030470848083 0.0
0.795089066028595 0.35524454712867737 0.0
0.5620809197425842 0.37491318583488464 0.0
0.5790082216262817 0.3713310956954956 0.0
0.588228166103363 0.3675638735294342 0.0
0.5944384336471558 0.36702045798301697 0.0
0.6273357272148132 0.3597370684146881 0.0
0.6326281428337097 0.3573020100593567 0.0
0.6418715119361877 0.358929306268692 0.0
0.6460607647895813 0.35615551471710205 0.0
0.7882581949234009 0.3537183105945587 0.0
0.7942732572555542 0.3554983139038086 0.0
0.7979146838188171 0.3561112582683563 0.0
0.8013195991516113 0.35701286792755127 0.0
0.7978909015655518 0.3564179241657257 0.0
0.800632119178772 0.35707366466522217 0.0
0.802880585193634 0.3575098216533661 0.0
0.8030264377593994 0.3576381206512451 0.0
0.8032975792884827 0.357749342918396 0.0
0.8045471906661987 0.35804077982902527 0.0
0.6544541716575623 0.35637417435646057 0.0
0.6659407019615173 0.3560182750225067 0.0
0.6771945357322693 0.3509877622127533 0.0
0.7825436592102051 0.35270237922668457 0.0
0.7901514172554016 0.35479092597961426 0.0
0.795436680316925 0.3558906614780426 0.0
0.8019435405731201 0.3574221432209015 0.0
0.8043893575668335 0.35802584886550903 0.0
0.8054327368736267 0.35828807950019836 0.0
0.6761391162872314 0.35515159368515015 0.0
0.6865934729576111 0.350995272397995 0.0
0.6947819590568542 0.3503105938434601 0.0
0.7080200910568237 0.35134026408195496 0.0
0.7843416929244995 0.3539765477180481 0.0
0.792353093624115 0.35549604892730713 0.0
0.7948382496833801 0.35597148537635803 0.0
0.7974146604537964 0.35646843910217285 0.0
0.800252377986908 0.35706037282943726 0.0
0.7018386125564575 0.3526003956794739 0.0
0.7156671285629272 0.3513164222240448 0.0
0.7300542593002319 0.3511931598186493 0.0
0.7611809372901917 0.3507870137691498 0.0
0.7648029923439026 0.35150378942489624 0.0
0.7792893052101135 0.35343560576438904 0.0
0.7854546308517456 0.35471776127815247 0.0
0.7890334129333496 0.35515621304512024 0.0
0.8047733902931213 0.35812631249427795 0.0
0.7227630019187927 0.3512032628059387 0.0
0.7383252382278442 0.3512463867664337 0.0
0.7518667578697205 0.3520234227180481 0.0
0.760610818862915 0.3529316782951355 0.0
0.7685964703559875 0.35229966044425964 0.0
0.7755599617958069 0.35322779417037964 0.0
0.7767577171325684 0.3538532853126526 0.0
0.7801928520202637 0.354351669549942 0.0
0.7921276092529297 0.355647474527359 0.0
0.7945995926856995 0.35600748658180237 0.0
0.7966617345809937 0.3563557267189026 0.0
0.8046443462371826 0.35809358954429626 0.0
0.80470871925354 0.3581099212169647 0.0
0.8045796155929565 0.35807719826698303 0.0
0.7550355792045593 0.3536235988140106 0.0
0.7650843858718872 0.35308200120925903 0.0
0.7732528448104858 0.35383141040802 0.0
0.7862920165061951 0.3550168573856354 0.0
0.793292760848999 0.35581716895103455 0.0
0.8023322820663452 0.35752928256988525 0.0
0.8020148873329163 0.3574577271938324 0.0
0.8026499152183533 0.3576008975505829 0.0
0.8031520247459412 0.3577232360839844 0.0
0.8041553497314453 0.35797014832496643 0.0
0.8042076826095581 0.35798317193984985 0.0
0.7685773372650146 0.35384494066238403 0.0
0.7753326296806335 0.35446569323539734 0.0
0.7938715815544128 0.35590144991874695 0.0
0.7939924597740173 0.3559190630912781 0.0
0.7942954897880554 0.35596320033073425 0.0
0.7959109544754028 0.35622894763946533 0.0
0.7964722514152527 0.3563237190246582 0.0
0.7965136170387268 0.3563307225704193 0.0
0.7965101599693298 0.35633012652397156 0.0
0.7965875267982483 0.35634320974349976 0.0
0.44553500413894653 0.6668833494186401 0.0
0.4541722536087036 0.6687972545623779 0.0
0.4727863073348999 0.6714491248130798 0.0
0.4408959746360779 0.6606926321983337 0.0
0.49657392501831055 0.6795420050621033 0.0
0.502834141254425 0.6829844117164612 0.0
0.5135303139686584 0.682593822479248 0.0
0.4294400215148926 0.6559593081474304 0.0
0.5165830850601196 0.6875202059745789 0.0
0.5281092524528503 0.6888319849967957 0.0
0.419067919254303 0.6522693037986755 0.0
0.4018741846084595 0.6385811567306519 0.0
0.5561778545379639 0.6962513327598572 0.0
0.5733011960983276 0.7013916373252869 0.0
0.22444194555282593 0.5954050421714783 0.0
0.21314215660095215 0.5950328707695007 0.0
0.23178601264953613 0.5967816114425659 0.0
0.2500538229942322 0.6010447144508362 0.0
0.2580505609512329 0.602268636226654 0.0
0.391467809677124 0.6336792707443237 0.0
0.592483639717102 0.7020160555839539 0.0
0.5969457030296326 0.707985520362854 0.0
0.609802782535553 0.7057757377624512 0.0
0.2060033082962036 0.5935993194580078 0.0
0.20080280303955078 0.5923032760620117 0.0
0.26757657527923584 0.6020287275314331 0.0
0.2807171940803528 0.6074275374412537 0.0
0.38234442472457886 0.6293509006500244 0.0
0.2961931824684143 0.6056984066963196 0.0
0.3071432113647461 0.6073817014694214 0.0
0.18341946601867676 0.5890843272209167 0.0
0.31756412982940674 0.609160840511322 0.0
0.3208422064781189 0.6140852570533752 0.0
0.3336451053619385 0.6138464212417603 0.0
0.34416675567626953 0.6165603399276733 0.0
0.3560718894004822 0.619188129901886 0.0
0.6978292465209961 0.7230421304702759 0.0
0.1621895432472229 0.5827820897102356 0.0
0.725362241268158 0.7275757193565369 0.0
0.7402688264846802 0.7340967655181885 0.0
0.7571744322776794 0.7374914288520813 0.0
0.1564335823059082 0.5806384086608887 0.0
0.8872634768486023 0.1953171044588089 0.0
0.8871477842330933 0.19394421577453613 0.0
0.886672854423523 0.1957557201385498 0.0
0.8858367800712585 0.19582605361938477 0.0
0.8853743672370911 0.1973147839307785 0.0
0.8853012323379517 0.19638846814632416 0.0
0.8843050003051758 0.19733290374279022 0.0
0.1463412046432495 0.5755226612091064 0.0
0.1463412046432495 0.5755226612091064 0.0
0.8085314631462097 0.7452169060707092 0.0
0.8877401351928711 0.1929689198732376 0.0
0.13971179723739624 0.5706979036331177 0.0
0.1404399275779724 0.5713276863098145 0.0
0.1391505002975464 0.5702123045921326 0.0
0.8334909677505493 0.745872437953949 0.0
0.8875913023948669 0.19195221364498138 0.0
0.8832990527153015 0.19732891023159027 0.0
0.13680803775787354 0.5677368640899658 0.0
0.13563919067382812 0.5663475394248962 0.0
0.13446801900863647 0.5649553537368774 0.0
0.14205503463745117 0.5725638270378113 0.0
0.8758857846260071 0.7522816061973572 0.0
0.8936704993247986 0.7605997323989868 0.0
0.8898119330406189 0.1898326426744461 0.0
0.8882877230644226 0.1909991055727005 0.0
0.8831501007080078 0.19802409410476685 0.0
0.132884681224823 0.5623387694358826 0.0
0.13284409046173096 0.562264621257782 0.0
0.13314467668533325 0.5627754330635071 0.0
0.13447892665863037 0.5649746656417847 0.0
0.9150704741477966 0.7598167657852173 0.0
0.936820924282074 0.7667391896247864 0.0
0.9748256206512451 0.7734015583992004 0.0
0.8944311738014221 0.18517686426639557 0.0
0.8931159377098083 0.18662841618061066 0.0
0.8920806050300598 0.1876985877752304 0.0
0.8825114965438843 0.19844412803649902 0.0
0.8815997838973999 0.19849416613578796 0.0
0.13278669118881226 0.5621654391288757 0.0
0.13264989852905273 0.5618849992752075 0.0
1.0 0.7741835117340088 0.0
0.9920898675918579 0.2168206125497818 0.0
0.9831016063690186 0.21105004847049713 0.0
0.8982264995574951 0.18352435529232025 0.0
0.8957386016845703 0.18418698012828827 0.0
0.8814277052879333 0.1990431249141693 0.0
0.13237285614013672 0.5613033175468445 0.0
0.9753525257110596 0.20788681507110596 0.0
0.9669623374938965 0.20297478139400482 0.0
0.9527332782745361 0.1924726814031601 0.0
0.9466239809989929 0.18826930224895477 0.0
0.9422133564949036 0.18884003162384033 0.0
0.9371895790100098 0.1868564635515213 0.0
0.9310125708580017 0.18510663509368896 0.0
0.9254646897315979 0.1847958117723465 0.0
0.9172828793525696 0.1810826063156128 0.0
0.9081262350082397 0.18068662285804749 0.0
0.9043892025947571 0.1802622377872467 0.0
0.9026762843132019 0.1834001988172531 0.0
0.8808262348175049 0.199184387922287 0.0
0.13214033842086792 0.5608153343200684 0.0
0.880075216293335 0.19933229684829712 0.0
0.8794193863868713 0.19909794628620148 0.0
0.1312565803527832 0.548952043056488 0.0
0.13149696588516235 0.548060953617096 0.0
0.1316075325012207 0.5477384924888611 0.0
0.1317530870437622 0.5473038554191589 0.0
0.13264095783233643 0.5452067852020264 0.0
0.8770193457603455 0.19972385466098785 0.0
0.8768278956413269 0.20021295547485352 0.0
0.13394838571548462 0.5428823828697205 0.0
0.8758465051651001 0.19997644424438477 0.0
0.13506096601486206 0.5412490367889404 0.0
0.1358456015586853 0.5400239825248718 0.0
0.13631528615951538 0.5388298034667969 0.0
0.14007580280303955 0.530735433101654 0.0
0.13859456777572632 0.5353147983551025 0.0
0.14217466115951538 0.5271533131599426 0.0
0.13901489973068237 0.5256518125534058 0.0
0.14448028802871704 0.5211071372032166 0.0
0.15180522203445435 0.5167451500892639 0.0
0.1603209376335144 0.5128279328346252 0.0
0.16735178232192993 0.5090793967247009 0.0
0.8725345134735107 0.1999330222606659 0.0
0.17311513423919678 0.5061646103858948 0.0
0.8710315227508545 0.1995527595281601 0.0
0.20018869638442993 0.5 0.0
0.18732208013534546 0.5013135671615601 0.0
0.8697448372840881 0.19959157705307007 0.0
0.8684032559394836 0.1996213048696518 0.0
0.8667176365852356 0.19945262372493744 0.0
0.21911895275115967 0.4944171607494354 0.0
0.8646386861801147 0.19922707974910736 0.0
0.23385119438171387 0.4899832606315613 0.0
0.2488616704940796 0.4857162833213806 0.0
0.835809588432312 0.20788441598415375 0.0
0.2711308002471924 0.4696959853172302 0.0
0.8311824202537537 0.212956503033638 0.0
0.3030034899711609 0.45908355712890625 0.0
0.828222930431366 0.21631596982479095 0.0
0.8254521489143372 0.2206680178642273 0.0
0.31953859329223633 0.44566407799720764 0.0
0.32886236906051636 0.44409066438674927 0.0
0.8267495036125183 0.22835125029087067 0.0
0.35024529695510864 0.44033440947532654 0.0
0.823704719543457 0.23316213488578796 0.0
0.819526731967926 0.2371954768896103 0.0
0.3620508909225464 0.43563947081565857 0.0
0.823212206363678 0.28760480880737305 0.0
0.8232088088989258 0.2938278615474701 0.0
0.8201727271080017 0.24474096298217773 0.0
0.8170350790023804 0.24996106326580048 0.0
0.3674519658088684 0.4299907684326172 0.0
0.8183590769767761 0.2756163477897644 0.0
0.8232036232948303 0.2714683711528778 0.0
0.8211938142776489 0.2647596001625061 0.0
0.8156029582023621 0.2592421770095825 0.0
0.8215123414993286 0.25636789202690125 0.0
0.3800128102302551 0.42789679765701294 0.0
0.8206360340118408 0.30614936351776123 0.0
0.8144951462745667 0.3084529638290405 0.0
0.39282673597335815 0.42092227935791016 0.0
0.4057281017303467 0.41970810294151306 0.0
0.41446322202682495 0.41804516315460205 0.0
0.815488874912262 0.3163529634475708 0.0
0.8038170337677002 0.317155122756958 0.0
0.4199143648147583 0.41375932097435 0.0
0.44555962085723877 0.4082934558391571 0.0
0.4526987671852112 0.4040789008140564 0.0
0.46709316968917847 0.3982268273830414 0.0
0.7887780666351318 0.32949960231781006 0.0
0.477733850479126 0.399289608001709 0.0
0.7894112467765808 0.3341250419616699 0.0
0.7849999070167542 0.3368624448776245 0.0
0.7948611974716187 0.3419468104839325 0.0
0.5054582357406616 0.3896636366844177 0.0
0.5032963156700134 0.39399075508117676 0.0
0.7915565967559814 0.34445855021476746 0.0
0.5158740878105164 0.3899644911289215 0.0
0.7860126495361328 0.34521812200546265 0.0
0.5165938138961792 0.38650187849998474 0.0
0.5238224864006042 0.38742759823799133 0.0
0.792892336845398 0.3471601605415344 0.0
0.7867648601531982 0.3477955162525177 0.0
0.793167233467102 0.3497345447540283 0.0
0.7971054911613464 0.35212385654449463 0.0
0.7929582595825195 0.352689266204834 0.0
0.7912132143974304 0.3511792719364166 0.0
0.7982320189476013 0.35358577966690063 0.0
0.8022491931915283 0.3550798296928406 0.0
0.7970268726348877 0.3542267382144928 0.0
0.8004264235496521 0.35554441809654236 0.0
0.7991108894348145 0.3558703660964966 0.0
0.8030790686607361 0.35665521025657654 0.0
0.8017939925193787 0.35677963495254517 0.0
0.8054166436195374 0.3575933575630188 0.0
0.8037643432617188 0.3574320375919342 0.0
0.8065550923347473 0.3583664000034332 0.0
0.8049951791763306 0.35807308554649353 0.0
0.8042760491371155 0.3577401638031006 0.0
0.8074654340744019 0.3587353527545929 0.0
0.8064499497413635 0.3585321605205536 0.0
0.5448275208473206 0.380772203207016 0.0
0.5391189455986023 0.38470718264579773 0.0
0.8077782988548279 0.3589304983615875 0.0
0.8067163228988647 0.3586404025554657 0.0
0.806426465511322 0.3585547208786011 0.0
0.5550346970558167 0.3813711404800415 0.0
0.5583623051643372 0.37820884585380554 0.0
0.567379355430603 0.37895116209983826 0.0
0.5730559229850769 0.37509724497795105 0.0
0.5872634053230286 0.37168291211128235 0.0
0.6031020879745483 0.36874446272850037 0.0
0.6106013655662537 0.36578279733657837 0.0
0.6181106567382812 0.3641256093978882 0.0
0.6264151334762573 0.36344268918037415 0.0
0.5950217247009277 0.37091919779777527 0.0
0.6129611134529114 0.3701237142086029 0.0
0.6191445589065552 0.3684426248073578 0.0
0.6248884201049805 0.3668234348297119 0.0
0.6360890865325928 0.3625515401363373 0.0
0.6493409276008606 0.3592927157878876 0.0
0.8055562973022461 0.3583294451236725 0.0
0.8052380681037903 0.3582462668418884 0.0
0.8056051135063171 0.3583422303199768 0.0
0.6624916195869446 0.35993292927742004 0.0
0.6755414605140686 0.3588669002056122 0.0
0.6855341196060181 0.354937344789505 0.0
0.805398166179657 0.35828810930252075 0.0
0.8056297898292542 0.35834866762161255 0.0
0.6962653398513794 0.35540661215782166 0.0
0.8053954839706421 0.35828739404678345 0.0
0.805358350276947 0.35827770829200745 0.0
0.707808792591095 0.3564740717411041 0.0
0.7140285968780518 0.35501670837402344 0.0
0.7210022807121277 0.35620373487472534 0.0
0.7277035713195801 0.3550252318382263 0.0
0.7338413596153259 0.35450005531311035 0.0
0.7824051380157471 0.35482969880104065 0.0
0.7389575242996216 0.354731947183609 0.0
0.7438300848007202 0.3541533946990967 0.0
0.7497377395629883 0.3543173670768738 0.0
0.7633122205734253 0.35490843653678894 0.0
0.7709804773330688 0.35475367307662964 0.0
0.7773346900939941 0.35478895902633667 0.0
0.7842927575111389 0.3549205958843231 0.0
0.7927644848823547 0.3557402193546295 0.0
0.7927480340003967 0.3557378351688385 0.0
0.7924383878707886 0.3556927442550659 0.0
0.7927907705307007 0.35574406385421753 0.0
0.7420043349266052 0.3567435145378113 0.0
0.7579975128173828 0.35537683963775635 0.0
0.7670753598213196 0.35518670082092285 0.0
0.7731351852416992 0.3550635576248169 0.0
0.7843937277793884 0.3549254536628723 0.0
0.7844942808151245 0.3549302816390991 0.0
0.7844772338867188 0.35492947697639465 0.0
0.7466684579849243 0.3563767373561859 0.0
0.7497801780700684 0.35625508427619934 0.0
0.7530356049537659 0.35621896386146545 0.0
0.7684544920921326 0.35573306679725647 0.0
0.7751832604408264 0.3550008237361908 0.0
0.7772401571273804 0.35488688945770264 0.0
0.7839759588241577 0.3549053370952606 0.0
0.7844107151031494 0.35492628812789917 0.0
0.4656968116760254 0.6664618253707886 0.0
0.481705904006958 0.6723048090934753 0.0
0.4884665012359619 0.6757386922836304 0.0
0.45376938581466675 0.6631506681442261 0.0
0.4545431137084961 0.6564822793006897 0.0
0.47955119609832764 0.6670495271682739 0.0
0.510485827922821 0.6762908697128296 0.0
0.44343477487564087 0.6525176167488098 0.0
0.5261224508285522 0.6825560331344604 0.0
0.541336178779602 0.6917822957038879 0.0
0.4234383702278137 0.6454113721847534 0.0
0.41336512565612793 0.6427881121635437 0.0
0.5830487608909607 0.6972429752349854 0.0
0.21609997749328613 0.5924594402313232 0.0
0.22464406490325928 0.5928380489349365 0.0
0.40323466062545776 0.63124018907547 0.0
0.209103524684906 0.5917177796363831 0.0
0.20180439949035645 0.590753972530365 0.0
0.2427232265472412 0.5967010259628296 0.0
0.24324864149093628 0.5933398604393005 0.0
0.25228482484817505 0.5971325039863586 0.0
0.2612078785896301 0.5976636409759521 0.0
0.2696310877799988 0.5982291102409363 0.0
0.27878230810165405 0.5989263653755188 0.0
0.28250283002853394 0.6023456454277039 0.0
0.6313697695732117 0.7062433362007141 0.0
0.1937076449394226 0.5895039439201355 0.0
0.29085773229599 0.6022927761077881 0.0
0.374875545501709 0.624535858631134 0.0
0.6522654294967651 0.7111227512359619 0.0
0.3181339502334595 0.603908360004425 0.0
0.3290942311286926 0.6092852354049683 0.0
0.3705766797065735 0.619114875793457 0.0
0.6764766573905945 0.7153953909873962 0.0
0.16655254364013672 0.5839559435844421 0.0
0.1732884645462036 0.5855944156646729 0.0
0.17752200365066528 0.5865290760993958 0.0
0.18613409996032715 0.5880348682403564 0.0
0.3405956029891968 0.6070112586021423 0.0
0.34617751836776733 0.6107306480407715 0.0
0.35659897327423096 0.6116828322410583 0.0
0.16371649503707886 0.583127498626709 0.0
0.16371673345565796 0.5831275582313538 0.0
0.16371667385101318 0.5831275582313538 0.0
0.7491050958633423 0.7289304137229919 0.0
0.8867861032485962 0.19651541113853455 0.0
0.8864105343818665 0.19716884195804596 0.0
0.7710180878639221 0.7316243648529053 0.0
0.8884996175765991 0.1939689964056015 0.0
0.8882216215133667 0.19507746398448944 0.0
0.14634114503860474 0.5755226016044617 0.0
0.14634114503860474 0.5755226016044617 0.0
0.7955865859985352 0.7342346906661987 0.0
0.8890593647956848 0.19270814955234528 0.0
0.8834626078605652 0.19873587787151337 0.0
0.8841472268104553 0.19834449887275696 0.0
0.8842232823371887 0.19934767484664917 0.0
0.8205539584159851 0.7363682985305786 0.0
0.8952506184577942 0.18761512637138367 0.0
0.8958918452262878 0.1901191920042038 0.0
0.8937472701072693 0.18878746032714844 0.0
0.8918753266334534 0.19090066850185394 0.0
0.8919910192489624 0.18933197855949402 0.0
0.8909668326377869 0.19151772558689117 0.0
0.889771044254303 0.1915380209684372 0.0
0.8579955101013184 0.743575930595398 0.0
0.8832813501358032 0.19955195486545563 0.0
0.9020630717277527 0.7499308586120605 0.0
0.9015311002731323 0.18642723560333252 0.0
0.8991033434867859 0.18724983930587769 0.0
0.8966793417930603 0.18610532581806183 0.0
0.8821759223937988 0.19925551116466522 0.0
0.9298293590545654 0.7543893456459045 0.0
0.9556722640991211 0.7692540287971497 0.0
0.9562037587165833 0.7611173987388611 0.0
0.9815992712974548 0.763981819152832 0.0
0.933570146560669 0.19248616695404053 0.0
0.940182089805603 0.19298937916755676 0.0
0.928320586681366 0.18933755159378052 0.0
0.9107586145401001 0.18644656240940094 0.0
0.9072175025939941 0.18409179151058197 0.0
0.9111965298652649 0.18347859382629395 0.0
0.9050648808479309 0.18698002398014069 0.0
0.995319664478302 0.22597765922546387 0.0
0.9845114946365356 0.21988165378570557 0.0
0.9574536681175232 0.20030325651168823 0.0
0.9504741430282593 0.19781546294689178 0.0
0.9459052681922913 0.19317679107189178 0.0
0.9204778075218201 0.18574205040931702 0.0
0.9154446125030518 0.18404991924762726 0.0
0.8815696835517883 0.19982407987117767 0.0
0.9773421883583069 0.2170107662677765 0.0
0.9694280028343201 0.21290893852710724 0.0
0.9611031413078308 0.20848208665847778 0.0
0.8807492852210999 0.1998276263475418 0.0
0.8801267147064209 0.20022910833358765 0.0
0.8794891238212585 0.19957980513572693 0.0
0.1315479874610901 0.547912061214447 0.0
0.131522536277771 0.5479863286018372 0.0
0.8790867924690247 0.20000429451465607 0.0
0.1317107081413269 0.5474436283111572 0.0
0.8782969117164612 0.1999649852514267 0.0
0.13175874948501587 0.5473138093948364 0.0
0.1318870186805725 0.5469936728477478 0.0
0.8777087330818176 0.2003038376569748 0.0
0.13224577903747559 0.5461465716362 0.0
0.13231337070465088 0.5459858775138855 0.0
0.1323809027671814 0.5458254218101501 0.0
0.13354039192199707 0.5436078310012817 0.0
0.1332802176475525 0.5440704822540283 0.0
0.8756380677223206 0.20072999596595764 0.0
0.13853788375854492 0.5372502207756042 0.0
0.13919687271118164 0.5360113978385925 0.0
0.14315003156661987 0.5327298045158386 0.0
0.14213210344314575 0.5319900512695312 0.0
0.8746886253356934 0.20075201988220215 0.0
0.1462729573249817 0.5288898348808289 0.0
0.14805996417999268 0.5264075994491577 0.0
0.15005159378051758 0.5229240655899048 0.0
0.8736812472343445 0.2004013955593109 0.0
0.15536576509475708 0.5189084410667419 0.0
0.8731719851493835 0.20089364051818848 0.0
0.8719806671142578 0.20062604546546936 0.0
0.8708377480506897 0.20037196576595306 0.0
0.18616801500320435 0.50364089012146 0.0
0.20426106452941895 0.5030947327613831 0.0
0.8683801889419556 0.20107370615005493 0.0
0.8699179291725159 0.20069384574890137 0.0
0.21686303615570068 0.5 0.0
0.8663950562477112 0.20069365203380585 0.0
0.23177939653396606 0.5 0.0
0.2464485764503479 0.4947713613510132 0.0
0.8560749888420105 0.20131662487983704 0.0
0.8578082919120789 0.19901049137115479 0.0
0.8599461913108826 0.20171929895877838 0.0
0.26243674755096436 0.4809633195400238 0.0
0.8446678519248962 0.2047949582338333 0.0
0.2739739418029785 0.47580865025520325 0.0
0.8423980474472046 0.2099636346101761 0.0
0.2837602496147156 0.469603955745697 0.0
0.8385761380195618 0.21191920340061188 0.0
0.83426833152771 0.2109382152557373 0.0
0.2953730821609497 0.46583256125450134 0.0
0.8362665176391602 0.21449829638004303 0.0
0.31538307666778564 0.45486944913864136 0.0
0.32469427585601807 0.4494328200817108 0.0
0.3385980725288391 0.4451393485069275 0.0
0.8332619667053223 0.22621361911296844 0.0
0.8284041285514832 0.23964577913284302 0.0
0.8257994651794434 0.24289095401763916 0.0
0.835739016532898 0.29398006200790405 0.0
0.8302066326141357 0.2827417254447937 0.0
0.828335702419281 0.24736890196800232 0.0
0.8277789354324341 0.25258979201316833 0.0
0.8319253325462341 0.2678907513618469 0.0
0.8245084881782532 0.2618386149406433 0.0
0.8239924907684326 0.30132657289505005 0.0
0.37584441900253296 0.4342370331287384 0.0
0.3922739028930664 0.42719313502311707 0.0
0.4046142101287842 0.42592963576316833 0.0
0.4310891032218933 0.4161532521247864 0.0
0.44049185514450073 0.4142257571220398 0.0
0.4580610394477844 0.40747159719467163 0.0
0.8004932403564453 0.33090004324913025 0.0
0.7939533591270447 0.32581689953804016 0.0
0.8056843876838684 0.32623162865638733 0.0
0.4602496027946472 0.40370622277259827 0.0
0.468633770942688 0.40220749378204346 0.0
0.4656029939651489 0.40561845898628235 0.0
0.7988312244415283 0.33547550439834595 0.0
0.7945197224617004 0.3379076421260834 0.0
0.49341124296188354 0.3949209749698639 0.0
0.49087411165237427 0.39991408586502075 0.0
0.7985038757324219 0.34622517228126526 0.0
0.8004693984985352 0.34933918714523315 0.0
0.5110772252082825 0.39315688610076904 0.0
0.7996479868888855 0.3511448800563812 0.0
0.8031870722770691 0.35283559560775757 0.0
0.8021490573883057 0.3539077639579773 0.0
0.8056461811065674 0.3552735447883606 0.0
0.8074598908424377 0.3565209209918976 0.0
0.8050228357315063 0.3565674424171448 0.0
0.8065049648284912 0.3574693202972412 0.0
0.8079003691673279 0.35840949416160583 0.0
0.8060219883918762 0.3580456078052521 0.0
0.5320286750793457 0.386868953704834 0.0
0.8085943460464478 0.3589673936367035 0.0
0.8098917603492737 0.35945257544517517 0.0
0.808580756187439 0.3591286838054657 0.0
0.5523430705070496 0.38551729917526245 0.0
0.5631889700889587 0.3814316689968109 0.0
0.5838021039962769 0.37550055980682373 0.0
0.5941442251205444 0.37608015537261963 0.0
0.6019960641860962 0.37401390075683594 0.0
0.633087694644928 0.3671814203262329 0.0
0.6479186415672302 0.36336150765419006 0.0
0.6561784744262695 0.36161094903945923 0.0
0.8056191205978394 0.3583458662033081 0.0
0.8056771159172058 0.35836103558540344 0.0
0.6708278656005859 0.36137986183166504 0.0
0.6798295378684998 0.3627586364746094 0.0
0.6858410239219666 0.359724223613739 0.0
0.7164906859397888 0.3597254455089569 0.0
0.7274284958839417 0.35928237438201904 0.0
0.7322477698326111 0.35800036787986755 0.0
0.737206220626831 0.3572646975517273 0.0
0.7363463640213013 0.36036041378974915 0.0
0.7406294345855713 0.359435111284256 0.0
0.7449218034744263 0.3587532937526703 0.0
0.7560096979141235 0.3572561740875244 0.0
0.7597338557243347 0.3571551442146301 0.0
0.7642374634742737 0.3563587963581085 0.0
0.7713292241096497 0.3554608225822449 0.0
0.7770180106163025 0.35489919781684875 0.0
0.7769979238510132 0.3549003005027771 0.0
0.776853084564209 0.3549083471298218 0.0
0.7771187424659729 0.35489362478256226 0.0
0.7493360042572021 0.3581799268722534 0.0
0.7530888915061951 0.3586047291755676 0.0
0.7561034560203552 0.35885384678840637 0.0
0.7732561826705933 0.35523083806037903 0.0
0.7649953365325928 0.35679516196250916 0.0
0.7677009701728821 0.3561214804649353 0.0
0.7704570889472961 0.35559821128845215 0.0
0.7705739140510559 0.35557979345321655 0.0
0.49133145809173584 0.6690096259117126 0.0
0.463375449180603 0.6602785587310791 0.0
0.4746856093406677 0.661091685295105 0.0
0.5011215209960938 0.6724716424942017 0.0
0.523446261882782 0.6766658425331116 0.0
0.4330921769142151 0.648661196231842 0.0
0.5339126586914062 0.6776173710823059 0.0
0.5429403185844421 0.6830233335494995 0.0
0.5550455451011658 0.6890078186988831 0.0
0.4257146716117859 0.6399287581443787 0.0
0.5740473866462708 0.6913240551948547 0.0
0.4197356104850769 0.6360755562782288 0.0
0.5921912789344788 0.6939108371734619 0.0
0.4143429398536682 0.6312375068664551 0.0
0.21666502952575684 0.5909446477890015 0.0
0.22528076171875 0.5905886888504028 0.0
0.23383194208145142 0.5929386019706726 0.0
0.4101743698120117 0.6270627379417419 0.0
0.6073326468467712 0.6969329714775085 0.0
0.21102648973464966 0.5902542471885681 0.0
0.203233003616333 0.5894466042518616 0.0
0.2536766529083252 0.5937721729278564 0.0
0.27857691049575806 0.5946547389030457 0.0
0.6210883259773254 0.6995558738708496 0.0
0.6349779963493347 0.6962647438049316 0.0
0.2925555109977722 0.5970588326454163 0.0
0.3869054317474365 0.6233034729957581 0.0
0.3985259532928467 0.6256887912750244 0.0
0.6505223512649536 0.7011198997497559 0.0
0.18379777669906616 0.5874289274215698 0.0
0.19296211004257202 0.5884853601455688 0.0
0.3036702275276184 0.5980609059333801 0.0
0.31120437383651733 0.6014629006385803 0.0
0.382753849029541 0.6189835667610168 0.0
0.37920260429382324 0.61467444896698 0.0
0.6695418953895569 0.7052768468856812 0.0
0.16793495416641235 0.5842921733856201 0.0
0.16926515102386475 0.5846157670021057 0.0
0.17508506774902344 0.5859428644180298 0.0
0.17687970399856567 0.5862908959388733 0.0
0.33219122886657715 0.6023863554000854 0.0
0.3692803382873535 0.6130770444869995 0.0
0.6983188390731812 0.7146099209785461 0.0
0.1644497513771057 0.583341658115387 0.0
0.35460007190704346 0.6049153804779053 0.0
0.717789888381958 0.7178865671157837 0.0
0.8875622749328613 0.1973111927509308 0.0
0.8874917030334473 0.1963595598936081 0.0
0.8874830007553101 0.19830873608589172 0.0
0.8864625096321106 0.19831523299217224 0.0
0.8854385018348694 0.19846217334270477 0.0
0.16408324241638184 0.5832346081733704 0.0
0.7407211065292358 0.7209807634353638 0.0
0.8896592259407043 0.19410331547260284 0.0
0.8894178867340088 0.19509835541248322 0.0
0.8890460133552551 0.19610650837421417 0.0
0.8881123661994934 0.1960071623325348 0.0
0.7601390480995178 0.7238940000534058 0.0
0.8850985169410706 0.19925786554813385 0.0
0.7807239890098572 0.7226725816726685 0.0
0.8966108560562134 0.19277936220169067 0.0
0.8939250707626343 0.1911904215812683 0.0
0.8924925923347473 0.19265346229076385 0.0
0.8907197117805481 0.19265411794185638 0.0
0.8904209136962891 0.19370083510875702 0.0
0.8850569725036621 0.1999974548816681 0.0
0.8400693535804749 0.7379044890403748 0.0
0.9010865092277527 0.18867342174053192 0.0
0.8998245000839233 0.1899571716785431 0.0
0.8974922895431519 0.18875524401664734 0.0
0.9034481048583984 0.1893194019794464 0.0
0.8807909488677979 0.7438449263572693 0.0
0.8826091289520264 0.20020395517349243 0.0
0.9389302134513855 0.19831036031246185 0.0
0.9175751209259033 0.18796341121196747 0.0
0.914039671421051 0.18710733950138092 0.0
0.908887505531311 0.18829357624053955 0.0
0.9471548199653625 0.7482272982597351 0.0
1.0 0.7659724950790405 0.0
0.9450445771217346 0.1983157992362976 0.0
0.9245703220367432 0.18929751217365265 0.0
0.9897795915603638 0.22744716703891754 0.0
0.9518605470657349 0.2043617069721222 0.0
0.9800477623939514 0.22591842710971832 0.0
0.8811390995979309 0.200535848736763 0.0
0.8788646459579468 0.20050962269306183 0.0
0.8784444332122803 0.20059436559677124 0.0
0.1317347288131714 0.5473787784576416 0.0
0.1328306794166565 0.5449476838111877 0.0
0.8774573802947998 0.20099234580993652 0.0
0.1334102749824524 0.543839156627655 0.0
0.8765345215797424 0.2008318305015564 0.0
0.13366705179214478 0.5433828234672546 0.0
0.13487368822097778 0.5415471792221069 0.0
0.13535231351852417 0.5409166812896729 0.0
0.8762525916099548 0.2013588398694992 0.0
0.8755450248718262 0.20142430067062378 0.0
0.1359899640083313 0.5401310920715332 0.0
0.14294081926345825 0.5335657596588135 0.0
0.8747900128364563 0.20155726373195648 0.0
0.14781635999679565 0.5294562578201294 0.0
0.1528969407081604 0.5262816548347473 0.0
0.15756255388259888 0.5229920148849487 0.0
0.8740547299385071 0.2010621279478073 0.0
0.8739584684371948 0.20168732106685638 0.0
0.8728344440460205 0.20161107182502747 0.0
0.16680890321731567 0.5151206851005554 0.0
0.17736506462097168 0.5105869770050049 0.0
0.8714577555656433 0.20132330060005188 0.0
0.18389266729354858 0.5069751143455505 0.0
0.8706187009811401 0.20215865969657898 0.0
0.8692370653152466 0.20254315435886383 0.0
0.8673112392425537 0.20240817964076996 0.0
0.21435892581939697 0.5009195804595947 0.0
0.22128963470458984 0.5020609498023987 0.0
0.22778379917144775 0.5 0.0
0.2424929141998291 0.5 0.0
0.8591076731681824 0.203767329454422 0.0
0.8552600741386414 0.20392879843711853 0.0
0.26252537965774536 0.49068716168403625 0.0
0.8454552292823792 0.20767609775066376 0.0
0.2756772041320801 0.4834516942501068 0.0
0.2867811918258667 0.47764062881469727 0.0
0.29714858531951904 0.4720885455608368 0.0
0.843344509601593 0.21406421065330505 0.0
0.3068157434463501 0.46630239486694336 0.0
0.8404436707496643 0.2152615785598755 0.0
0.3170313239097595 0.4602890610694885 0.0
0.8402895331382751 0.21892863512039185 0.0
0.834121823310852 0.2178630232810974 0.0
0.3252214193344116 0.45503664016723633 0.0
0.838399350643158 0.22348691523075104 0.0
0.8317013382911682 0.22101302444934845 0.0
0.3369174599647522 0.45135360956192017 0.0
0.35252147912979126 0.4467350244522095 0.0
0.3619404435157776 0.4413259029388428 0.0
0.8436986207962036 0.291042685508728 0.0
0.8518820405006409 0.2986330986022949 0.0
0.8328421711921692 0.2610083818435669 0.0
0.8403154015541077 0.2670203447341919 0.0
0.838894248008728 0.2571285367012024 0.0
0.835077166557312 0.2508751451969147 0.0
0.8323385119438171 0.24543443322181702 0.0
0.8373499512672424 0.24315306544303894 0.0
0.8317900896072388 0.23598255217075348 0.0
0.371055543422699 0.4391292333602905 0.0
0.8486155271530151 0.30461570620536804 0.0
0.8460708856582642 0.28546279668807983 0.0
0.8375083804130554 0.27670156955718994 0.0
0.8394616842269897 0.30758994817733765 0.0
0.8318408131599426 0.3104334771633148 0.0
0.38950181007385254 0.43346455693244934 0.0
0.3995252847671509 0.43071219325065613 0.0
0.8249692916870117 0.3118733763694763 0.0
0.8238040804862976 0.3158102333545685 0.0
0.41544950008392334 0.4228126108646393 0.0
0.4236764907836914 0.41956132650375366 0.0
0.8170103430747986 0.3241378962993622 0.0
0.4381703734397888 0.4177197217941284 0.0
0.4518132209777832 0.4136560261249542 0.0
0.45430296659469604 0.41037100553512573 0.0
0.8110953569412231 0.33356425166130066 0.0
0.4669486880302429 0.408765971660614 0.0
0.806399405002594 0.3355076014995575 0.0
0.47471117973327637 0.4067465662956238 0.0
0.4781651496887207 0.40313923358917236 0.0
0.4848589301109314 0.4024578630924225 0.0
0.8041804432868958 0.3414364457130432 0.0
0.8046520948410034 0.3455773591995239 0.0
0.5033385753631592 0.3993172347545624 0.0
0.8051939010620117 0.3483922481536865 0.0
0.809606671333313 0.3515368103981018 0.0
0.8044710755348206 0.351730614900589 0.0
0.8095942139625549 0.3539884090423584 0.0
0.5116716623306274 0.3970922827720642 0.0
0.8068813681602478 0.3546648621559143 0.0
0.8096626996994019 0.3563089668750763 0.0
0.5188015699386597 0.3949669599533081 0.0
0.8101944327354431 0.35812923312187195 0.0
0.8088609576225281 0.3583836853504181 0.0
0.5259692668914795 0.39228343963623047 0.0
0.5314318537712097 0.3898541033267975 0.0
0.8084132075309753 0.35876038670539856 0.0
0.8109638094902039 0.35964325070381165 0.0
0.5383474826812744 0.38901716470718384 0.0
0.5458341240882874 0.38814884424209595 0.0
0.8096448183059692 0.3594808876514435 0.0
0.8088793754577637 0.359258770942688 0.0
0.5629978775978088 0.38455891609191895 0.0
0.5729746222496033 0.38344040513038635 0.0
0.5752294063568115 0.3797743022441864 0.0
0.5805350542068481 0.378542423248291 0.0
0.5880886316299438 0.37953242659568787 0.0
0.6116021275520325 0.3744983971118927 0.0
0.6208294034004211 0.37281545996665955 0.0
0.6282450556755066 0.3705587387084961 0.0
0.6431341171264648 0.36733773350715637 0.0
0.6513842344284058 0.3676823377609253 0.0
0.805641233921051 0.3583516478538513 0.0
0.6574810147285461 0.3662468492984772 0.0
0.6658653616905212 0.36490580439567566 0.0
0.6843409538269043 0.36643344163894653 0.0
0.6873826384544373 0.36432477831840515 0.0
0.6960538029670715 0.36010926961898804 0.0
0.6956092715263367 0.36460980772972107 0.0
0.704169511795044 0.36010119318962097 0.0
0.7111738324165344 0.36097973585128784 0.0
0.7234338521957397 0.36187952756881714 0.0
0.7199591398239136 0.3629947304725647 0.0
0.7286654710769653 0.36284828186035156 0.0
0.7322303652763367 0.3616512417793274 0.0
0.7397973537445068 0.3619098365306854 0.0
0.7617670893669128 0.3577817380428314 0.0
0.74381422996521 0.3616730272769928 0.0
0.7471638917922974 0.36032986640930176 0.0
0.7504187822341919 0.3608851134777069 0.0
0.7584580779075623 0.3590761423110962 0.0
0.7650507688522339 0.3568722903728485 0.0
0.7695153951644897 0.3557911217212677 0.0
0.7473388314247131 0.3623380959033966 0.0
0.7536075115203857 0.36029142141342163 0.0
0.7555814385414124 0.36067888140678406 0.0
0.759981095790863 0.35898357629776 0.0
0.7628741264343262 0.35767194628715515 0.0
0.7650506496429443 0.3568722605705261 0.0
0.7650507092475891 0.3568722605705261 0.0
0.46921247243881226 0.6546046137809753 0.0
0.489388108253479 0.6614766120910645 0.0
0.521558940410614 0.6704853773117065 0.0
0.4578692317008972 0.6487122774124146 0.0
0.4453582167625427 0.6461890339851379 0.0
0.4377182126045227 0.6413524746894836 0.0
0.5552358031272888 0.6765586137771606 0.0
0.5624505281448364 0.6832215189933777 0.0
0.5802110433578491 0.681739866733551 0.0
0.5896811485290527 0.6874914169311523 0.0
0.6054286956787109 0.6875994801521301 0.0
0.2199852466583252 0.5897024869918823 0.0
0.2344263792037964 0.5907092094421387 0.0
0.24336212873458862 0.5905562043190002 0.0
0.2526831030845642 0.5899722576141357 0.0
0.6211742162704468 0.6918507218360901 0.0
0.21334171295166016 0.5892136096954346 0.0
0.20257103443145752 0.5889304280281067 0.0
0.25505155324935913 0.5913547277450562 0.0
0.26295459270477295 0.5938995480537415 0.0
0.2720263600349426 0.5910566449165344 0.0
0.27150315046310425 0.5941391587257385 0.0
0.28946202993392944 0.5922942161560059 0.0
0.39624911546707153 0.6185457706451416 0.0
0.17998826503753662 0.5868023037910461 0.0
0.18156248331069946 0.5870612263679504 0.0
0.3002183437347412 0.5910369753837585 0.0
0.30346226692199707 0.5934474468231201 0.0
0.38846105337142944 0.6144132614135742 0.0
0.8874238133430481 0.199355810880661 0.0
0.8883721828460693 0.19922690093517303 0.0
0.17849314212799072 0.5865563154220581 0.0
0.32018446922302246 0.5941359400749207 0.0
0.3232728838920593 0.5990577340126038 0.0
0.38441896438598633 0.608086109161377 0.0
0.6905306577682495 0.7078122496604919 0.0
0.8886526823043823 0.19831407070159912 0.0
0.8886269330978394 0.19705252349376678 0.0
0.8864865899085999 0.19914375245571136 0.0
0.8869264721870422 0.20000168681144714 0.0
0.8860095143318176 0.19949834048748016 0.0
0.34635984897613525 0.6014900207519531 0.0
0.3682129383087158 0.6061719655990601 0.0
0.7121163606643677 0.709963321685791 0.0
0.8902890086174011 0.19629180431365967 0.0
0.889747679233551 0.19703686237335205 0.0
0.8856679797172546 0.19990108907222748 0.0
0.35683685541152954 0.5978133082389832 0.0
0.36552053689956665 0.6002909541130066 0.0
0.7344701290130615 0.7129725217819214 0.0
0.8909878730773926 0.19513587653636932 0.0
0.7569922804832458 0.7166367173194885 0.0
0.891730546951294 0.193986177444458 0.0
0.901919960975647 0.19068047404289246 0.0
0.9011644721031189 0.19301298260688782 0.0
0.8982758522033691 0.1913556009531021 0.0
0.8947473168373108 0.19357237219810486 0.0
0.8843556046485901 0.20023448765277863 0.0
0.8083397746086121 0.7258098721504211 0.0
0.9070162773132324 0.19098813831806183 0.0
0.8347569704055786 0.7283450365066528 0.0
0.8526244759559631 0.7346923351287842 0.0
0.9107705950737 0.19208082556724548 0.0
0.9126214981079102 0.1897905319929123 0.0
0.8715885877609253 0.735932469367981 0.0
0.9165412187576294 0.19100728631019592 0.0
0.9212859869003296 0.1915973275899887 0.0
0.8957756161689758 0.7382414937019348 0.0
0.9218907952308655 0.7426714897155762 0.0
0.9332974553108215 0.1997692883014679 0.0
0.9273452162742615 0.19426214694976807 0.0
0.8820223808288574 0.2007349282503128 0.0
0.9142693877220154 0.7298953533172607 0.0
0.9696716070175171 0.7531527876853943 0.0
0.9441205859184265 0.20356909930706024 0.0
0.988473117351532 0.7561147809028625 0.0
0.9634017944335938 0.21659110486507416 0.0
0.9562259912490845 0.21234647929668427 0.0
0.9922958612442017 0.23672541975975037 0.0
0.9707085490226746 0.22200988233089447 0.0
0.9854133725166321 0.2323063462972641 0.0
0.973191499710083 0.2294052243232727 0.0
0.8807487487792969 0.20127049088478088 0.0
0.8796027898788452 0.2009408324956894 0.0
0.8789206743240356 0.20097994804382324 0.0
0.8783852458000183 0.20118087530136108 0.0
0.8780149221420288 0.20168493688106537 0.0
0.8771698474884033 0.20171694457530975 0.0
0.8763638138771057 0.20202916860580444 0.0
0.13426995277404785 0.5424656271934509 0.0
0.875579833984375 0.20205846428871155 0.0
0.13542115688323975 0.5408318042755127 0.0
0.135489821434021 0.5407471656799316 0.0
0.14156568050384521 0.5347529053688049 0.0
0.8749750852584839 0.20235943794250488 0.0
0.1475430130958557 0.5303823947906494 0.0
0.15344685316085815 0.5272097587585449 0.0
0.8739988207817078 0.20266015827655792 0.0
0.16440236568450928 0.518964946269989 0.0
0.8724840879440308 0.2025061994791031 0.0
0.18367350101470947 0.5124881863594055 0.0
0.18870246410369873 0.5082393884658813 0.0
0.20171701908111572 0.5060983300209045 0.0
0.869217038154602 0.20383912324905396 0.0
0.8706148862838745 0.203481525182724 0.0
0.23892688751220703 0.5 0.0
0.25381165742874146 0.5 0.0
0.2550605535507202 0.5 0.0
0.8552323579788208 0.20619404315948486 0.0
0.8516129851341248 0.20495367050170898 0.0
0.8619323968887329 0.20369066298007965 0.0
0.8621828556060791 0.2057497501373291 0.0
0.8630585074424744 0.20213034749031067 0.0
0.8532666563987732 0.20806784927845 0.0
0.8485907912254333 0.20648828148841858 0.0
0.858558177947998 0.2058849185705185 0.0
0.27659767866134644 0.4904002249240875 0.0
0.8497138023376465 0.20897449553012848 0.0
0.8488303422927856 0.21155326068401337 0.0
0.846651554107666 0.21349094808101654 0.0
0.3108100891113281 0.472856342792511 0.0
0.32088708877563477 0.4665100574493408 0.0
0.8446316719055176 0.21785247325897217 0.0
0.33438193798065186 0.4591618776321411 0.0
0.34699249267578125 0.4531225264072418 0.0
0.3600662350654602 0.45141032338142395 0.0
0.8559381365776062 0.29366305470466614 0.0
0.8478683233261108 0.26951688528060913 0.0
0.8439281582832336 0.27286022901535034 0.0
0.8441365361213684 0.26385772228240967 0.0
0.843255877494812 0.25366100668907166 0.0
0.8386902213096619 0.248521625995636 0.0
0.8392096757888794 0.23869964480400085 0.0
0.8362045884132385 0.23285646736621857 0.0
0.3707209825515747 0.4453183114528656 0.0
0.8500418663024902 0.28010159730911255 0.0
0.38168400526046753 0.4393303394317627 0.0
0.8533055186271667 0.3128288686275482 0.0
0.848784863948822 0.3178178071975708 0.0
0.8361985087394714 0.31910476088523865 0.0
0.4092879891395569 0.43168407678604126 0.0
0.41760021448135376 0.4283229410648346 0.0
0.8287215828895569 0.3234596848487854 0.0
0.4274965524673462 0.4251232445240021 0.0
0.8274670243263245 0.3292449712753296 0.0
0.4349796175956726 0.421086847782135 0.0
0.44689059257507324 0.4189954102039337 0.0
0.8207315802574158 0.3322761058807373 0.0
0.4623040556907654 0.4121595323085785 0.0
0.8145135641098022 0.3389657437801361 0.0
0.4845343828201294 0.40583154559135437 0.0
0.8079675436019897 0.33904796838760376 0.0
0.4922827482223511 0.4047437906265259 0.0
0.8117130398750305 0.34616297483444214 0.0
0.5008468627929688 0.40393364429473877 0.0
0.8119913935661316 0.34926849603652954 0.0
0.5136443376541138 0.40152978897094727 0.0
0.5200235247612 0.3994901478290558 0.0
0.8113755583763123 0.35588744282722473 0.0
0.8116584420204163 0.357713520526886 0.0
0.8123056888580322 0.3593466281890869 0.0
0.8108809590339661 0.35931503772735596 0.0
0.8137862086296082 0.36044690012931824 0.0
0.8136261701583862 0.36063575744628906 0.0
0.8115846514701843 0.35995975136756897 0.0
0.5290406942367554 0.3976883292198181 0.0
0.5380101203918457 0.3937295079231262 0.0
0.8118545413017273 0.3601163327693939 0.0
0.8103502988815308 0.3596668243408203 0.0
0.5451929569244385 0.3910581171512604 0.0
0.5553367137908936 0.3907167613506317 0.0
0.8094183802604675 0.35942038893699646 0.0
0.8093684911727905 0.35940542817115784 0.0
0.8094200491905212 0.35942089557647705 0.0
0.8094192147254944 0.35942065715789795 0.0
0.5642977356910706 0.38835978507995605 0.0
0.5821151733398438 0.38191577792167664 0.0
0.5962377190589905 0.3807404339313507 0.0
0.5911457538604736 0.3834550082683563 0.0
0.6059473156929016 0.3794308602809906 0.0
0.6402512192726135 0.3720990717411041 0.0
0.6504268050193787 0.3712314963340759 0.0
0.6151832342147827 0.37878844141960144 0.0
0.6218171119689941 0.37722498178482056 0.0
0.6583368182182312 0.37059855461120605 0.0
0.6658942103385925 0.36990591883659363 0.0
0.672782838344574 0.3695218563079834 0.0
0.6769981384277344 0.36669036746025085 0.0
0.7024219036102295 0.363385945558548 0.0
0.7060231566429138 0.36795392632484436 0.0
0.7092224359512329 0.3640446364879608 0.0
0.7163364291191101 0.3643755316734314 0.0
0.7226353287696838 0.3658345937728882 0.0
0.7279903888702393 0.36593037843704224 0.0
0.732632577419281 0.3652776777744293 0.0
0.7370211482048035 0.3639422655105591 0.0
0.7415688633918762 0.36420121788978577 0.0
0.7457409501075745 0.36493852734565735 0.0
0.7570963501930237 0.36081385612487793 0.0
0.7626914381980896 0.35775476694107056 0.0
0.762509286403656 0.35783734917640686 0.0
0.7497186064720154 0.3641040325164795 0.0
0.7528480291366577 0.36256709694862366 0.0
0.7571018934249878 0.3611277937889099 0.0
0.7625384330749512 0.3578241169452667 0.0
0.7625237703323364 0.35783079266548157 0.0
0.7623220682144165 0.357922226190567 0.0
0.7549980878829956 0.3626234531402588 0.0
0.5046024322509766 0.6646103858947754 0.0
0.5117615461349487 0.6695579290390015 0.0
0.518642008304596 0.6645036935806274 0.0
0.47259658575057983 0.6478286385536194 0.0
0.5343281030654907 0.6711224317550659 0.0
0.4546038508415222 0.6409026980400085 0.0
0.5431952476501465 0.6753865480422974 0.0
0.5682316422462463 0.6774051785469055 0.0
0.4337525963783264 0.6350365877151489 0.0
0.4285929203033447 0.6296196579933167 0.0
0.2225688099861145 0.5887733697891235 0.0
0.22901201248168945 0.5887663960456848 0.0
0.23540866374969482 0.5888990759849548 0.0
0.25195544958114624 0.5882629156112671 0.0
0.42164820432662964 0.6250104904174805 0.0
0.6216374039649963 0.6829096674919128 0.0
0.2609604597091675 0.5890504121780396 0.0
0.2647777199745178 0.5904366374015808 0.0
0.41228997707366943 0.6220433115959167 0.0
0.6346242427825928 0.6874643564224243 0.0
0.19873857498168945 0.5887529253959656 0.0
0.20062255859375 0.5888401865959167 0.0
0.2820584177970886 0.5899552702903748 0.0
0.6502899527549744 0.6909081339836121 0.0
0.8883712291717529 0.2000884860754013 0.0
0.8877483010292053 0.20022986829280853 0.0
0.8876059055328369 0.20081186294555664 0.0
0.3987962603569031 0.6117429137229919 0.0
0.41185885667800903 0.6151771545410156 0.0
0.6662312150001526 0.696350634098053 0.0
0.8896364569664001 0.19889752566814423 0.0
0.8898701071739197 0.19809462130069733 0.0
0.889156699180603 0.19922201335430145 0.0
0.308749794960022 0.5891521573066711 0.0
0.3130381107330322 0.5911362767219543 0.0
0.6846979260444641 0.6995788216590881 0.0
0.8909618258476257 0.19763340055942535 0.0
0.8916748762130737 0.19674968719482422 0.0
0.3235020041465759 0.5877240300178528 0.0
0.33268243074417114 0.5877403020858765 0.0
0.33525288105010986 0.5936241149902344 0.0
0.34625881910324097 0.5960416197776794 0.0
0.3781392574310303 0.5993638634681702 0.0
0.7058261632919312 0.7021918892860413 0.0
0.8925339579582214 0.19614183902740479 0.0
0.7283628582954407 0.7050920128822327 0.0
0.89239901304245 0.19512839615345 0.0
0.8858993053436279 0.200570747256279 0.0
0.7506340742111206 0.7085287570953369 0.0
0.8981385827064514 0.19491447508335114 0.0
0.8988431096076965 0.1934886872768402 0.0
0.8964568972587585 0.19458957016468048 0.0
0.8935419321060181 0.1946651041507721 0.0
0.8851752281188965 0.20065540075302124 0.0
0.7725597023963928 0.712094783782959 0.0
0.9093872904777527 0.19401463866233826 0.0
0.9073423743247986 0.19409075379371643 0.0
0.9043563604354858 0.192619189620018 0.0
0.8848555088043213 0.2012030929327011 0.0
0.7957866191864014 0.7152347564697266 0.0
0.9119084477424622 0.19562190771102905 0.0
0.914666473865509 0.1942272037267685 0.0
0.8836814165115356 0.20067964494228363 0.0
0.8194165229797363 0.7175853848457336 0.0
0.9190173149108887 0.19535957276821136 0.0
0.8269733786582947 0.7099118828773499 0.0
0.8424093127250671 0.7178505063056946 0.0
0.8586862087249756 0.7271934747695923 0.0
0.92784583568573 0.20017307996749878 0.0
0.9313672184944153 0.2041066586971283 0.0
0.9234541654586792 0.19707603752613068 0.0
0.8677293658256531 0.7176955938339233 0.0
0.8837843537330627 0.7280160784721375 0.0
0.9387666583061218 0.20309165120124817 0.0
0.8829619288444519 0.20122195780277252 0.0
0.9419234991073608 0.736747682094574 0.0
0.9488321542739868 0.2096923142671585 0.0
0.8822669386863708 0.20138610899448395 0.0
0.9644732475280762 0.7425117492675781 0.0
0.9813094139099121 0.7476139664649963 0.0
0.9583554267883301 0.21828286349773407 0.0
1.0 0.7486585378646851 0.0
1.0 0.7577324509620667 0.0
0.962872326374054 0.2237454354763031 0.0
0.8816159963607788 0.20126299560070038 0.0
0.9935396313667297 0.24511604011058807 0.0
0.9848212003707886 0.24008457362651825 0.0
0.9796093106269836 0.2332085520029068 0.0
0.8801934719085693 0.20186921954154968 0.0
0.8792848587036133 0.20159406960010529 0.0
0.8788093328475952 0.20206189155578613 0.0
0.8781495094299316 0.20239855349063873 0.0
0.8773342370986938 0.20264185965061188 0.0
0.8762789964675903 0.20289188623428345 0.0
0.13573956489562988 0.5404395461082458 0.0
0.13877791166305542 0.5374419689178467 0.0
0.875307023525238 0.2032853662967682 0.0
0.1425580382347107 0.5339503288269043 0.0
0.1422526240348816 0.5341973304748535 0.0
0.14411717653274536 0.5328105092048645 0.0
0.1470593810081482 0.530837893486023 0.0
0.14994221925735474 0.529175877571106 0.0
0.8746138215065002 0.20345689356327057 0.0
0.16078412532806396 0.523530900478363 0.0
0.16729241609573364 0.5203759670257568 0.0
0.8738669157028198 0.20383833348751068 0.0
0.17824852466583252 0.5170800089836121 0.0
0.17637526988983154 0.515489399433136 0.0
0.872098445892334 0.20351552963256836 0.0
0.1929565668106079 0.5093026161193848 0.0
0.221422016620636 0.5043331980705261 0.0
0.21278733015060425 0.506137490272522 0.0
0.23247969150543213 0.5022857785224915 0.0
0.8675424456596375 0.2046535760164261 0.0
0.86555415391922 0.20308344066143036 0.0
0.8648125529289246 0.20498155057430267 0.0
0.2684611678123474 0.5 0.0
0.8577669858932495 0.20800448954105377 0.0
0.2883577346801758 0.48511427640914917 0.0
0.8533172607421875 0.21120285987854004 0.0
0.3004930019378662 0.4790729284286499 0.0
0.8510617017745972 0.21560469269752502 0.0
0.3252624273300171 0.47247299551963806 0.0
0.8482134342193604 0.21692262589931488 0.0
0.3352257013320923 0.4667436480522156 0.0
0.8454685211181641 0.22117826342582703 0.0
0.8435596823692322 0.22306767106056213 0.0
0.3452875018119812 0.46238499879837036 0.0
0.3518816828727722 0.45722827315330505 0.0
0.870032012462616 0.29655441641807556 0.0
0.8593540191650391 0.2876198887825012 0.0
0.865851104259491 0.28413453698158264 0.0
0.857752799987793 0.28196609020233154 0.0
0.8552626967430115 0.2760285437107086 0.0
0.8451735377311707 0.22699828445911407 0.0
0.8418028354644775 0.23012082278728485 0.0
0.8545641303062439 0.26798734068870544 0.0
0.8485804796218872 0.2601454555988312 0.0
0.8448017835617065 0.24923424422740936 0.0
0.8461854457855225 0.24415192008018494 0.0
0.39393705129623413 0.439372181892395 0.0
0.38658392429351807 0.44454893469810486 0.0
0.4016900062561035 0.4352588951587677 0.0
0.8508090972900391 0.3254680931568146 0.0
0.8449854254722595 0.32916298508644104 0.0
0.42951714992523193 0.430547833442688 0.0
0.4356459379196167 0.4247509241104126 0.0
0.8363975882530212 0.3307204842567444 0.0
0.8349144458770752 0.33570244908332825 0.0
0.462016761302948 0.4176355004310608 0.0
0.8202664852142334 0.33768635988235474 0.0
0.47440409660339355 0.4123193621635437 0.0
0.48498594760894775 0.41022130846977234 0.0
0.82631915807724 0.3439786732196808 0.0
0.491901159286499 0.40835103392601013 0.0
0.8161745071411133 0.3442210257053375 0.0
0.5001858472824097 0.40823042392730713 0.0
0.8191406726837158 0.353593111038208 0.0
0.8162863254547119 0.3549790680408478 0.0
0.5089176893234253 0.40373465418815613 0.0
0.8157386779785156 0.35663995146751404 0.0
0.8148515224456787 0.3579214811325073 0.0
0.8159108757972717 0.3596443831920624 0.0
0.8136739134788513 0.35943642258644104 0.0
0.8160221576690674 0.36058101058006287 0.0
0.8139176964759827 0.36018460988998413 0.0
0.5273581743240356 0.4023374021053314 0.0
0.811629056930542 0.3600993752479553 0.0
0.5498818755149841 0.3941534757614136 0.0
0.8094196319580078 0.3594207763671875 0.0
0.809394121170044 0.35941311717033386 0.0
0.5707205533981323 0.3867681622505188 0.0
0.5779992938041687 0.38725176453590393 0.0
0.5842216610908508 0.38570570945739746 0.0
0.6016527414321899 0.3847492039203644 0.0
0.63210129737854 0.37584102153778076 0.0
0.6152510046958923 0.38173890113830566 0.0
0.6119834780693054 0.3845595419406891 0.0
0.6219689249992371 0.38107410073280334 0.0
0.6443135738372803 0.37740358710289 0.0
0.6510330438613892 0.3754880130290985 0.0
0.6588220596313477 0.3747625946998596 0.0
0.6666427850723267 0.3743937313556671 0.0
0.6812716722488403 0.3722521960735321 0.0
0.6867738366127014 0.3703957498073578 0.0
0.6927438378334045 0.3684634268283844 0.0
0.6990168690681458 0.36827459931373596 0.0
0.7134191989898682 0.3673151135444641 0.0
0.7199701070785522 0.3694433271884918 0.0
0.7401294708251953 0.36625587940216064 0.0
0.7373920679092407 0.3678727149963379 0.0
0.7430366277694702 0.3665405809879303 0.0
0.7489334940910339 0.36721915006637573 0.0
0.751475989818573 0.3666595220565796 0.0
0.7531648874282837 0.36496642231941223 0.0
0.7558600306510925 0.36248117685317993 0.0
0.7567697763442993 0.3614897131919861 0.0
0.7569355964660645 0.3613089919090271 0.0
0.7544453740119934 0.3644431531429291 0.0
0.48108232021331787 0.6566889882087708 0.0
0.48146694898605347 0.6516686677932739 0.0
0.4908958077430725 0.6546635627746582 0.0
0.5021141767501831 0.6571505665779114 0.0
0.5147402286529541 0.6585650444030762 0.0
0.5285633206367493 0.6656364798545837 0.0
0.46600496768951416 0.6435462832450867 0.0
0.5386814475059509 0.6637998819351196 0.0
0.5496960282325745 0.6689308881759644 0.0
0.564857006072998 0.6710885167121887 0.0
0.44704902172088623 0.6350048184394836 0.0
0.4595823287963867 0.6341665387153625 0.0
0.5783200860023499 0.6736592054367065 0.0
0.5952179431915283 0.6821346879005432 0.0
0.44253039360046387 0.6291800141334534 0.0
0.6074854731559753 0.6772978901863098 0.0
0.2188165783882141 0.5887207984924316 0.0
0.2305956482887268 0.5878098607063293 0.0
0.23980063199996948 0.5870745182037354 0.0
0.24503779411315918 0.5881109833717346 0.0
0.2574501037597656 0.5855702757835388 0.0
0.2621914744377136 0.5866479873657227 0.0
0.2703803777694702 0.5866466760635376 0.0
0.42446368932724 0.6183948516845703 0.0
0.8891974091529846 0.19996288418769836 0.0
0.8899716734886169 0.1996936947107315 0.0
0.8891717195510864 0.20086947083473206 0.0
0.88832688331604 0.20081175863742828 0.0
0.2771855592727661 0.5874492526054382 0.0
0.64410001039505 0.683012068271637 0.0
0.890986979007721 0.19861939549446106 0.0
0.8905413746833801 0.19917425513267517 0.0
0.2897944450378418 0.5841935276985168 0.0
0.29385489225387573 0.5866487622261047 0.0
0.29920458793640137 0.5877336263656616 0.0
0.40931957960128784 0.60874342918396 0.0
0.6648938059806824 0.689083993434906 0.0
0.30782145261764526 0.5857686996459961 0.0
0.4006068706512451 0.6051172018051147 0.0
0.6795501112937927 0.6913620233535767 0.0
0.893841028213501 0.1968359798192978 0.0
0.8933684825897217 0.19578279554843903 0.0
0.8930216431617737 0.19737973809242249 0.0
0.8923100233078003 0.19799064099788666 0.0
0.3195697069168091 0.5838510990142822 0.0
0.3919888138771057 0.6001585721969604 0.0
0.6993995904922485 0.6936532258987427 0.0
0.8946222066879272 0.19618487358093262 0.0
0.3440234661102295 0.5866889953613281 0.0
0.34809762239456177 0.59040766954422 0.0
0.3576158285140991 0.5913718342781067 0.0
0.36925023794174194 0.5933447480201721 0.0
0.7221097946166992 0.6965781450271606 0.0
0.8972817659378052 0.1961255818605423 0.0
0.8954861164093018 0.19535133242607117 0.0
0.3814208507537842 0.5919122099876404 0.0
0.387664794921875 0.5952103734016418 0.0
0.7451793551445007 0.7004067897796631 0.0
0.9024104475975037 0.19595374166965485 0.0
0.9037498235702515 0.1948414295911789 0.0
0.9001918435096741 0.19532036781311035 0.0
0.8858476281166077 0.20127607882022858 0.0
0.7638636827468872 0.704513669013977 0.0
0.9094665050506592 0.1972646415233612 0.0
0.906130313873291 0.19570058584213257 0.0
0.7833573818206787 0.705440104007721 0.0
0.9143165946006775 0.19749785959720612 0.0
0.917153000831604 0.19835512340068817 0.0
0.8066419959068298 0.7076482772827148 0.0
0.9209959506988525 0.19981446862220764 0.0
0.9245390892028809 0.2012307196855545 0.0
0.9420980215072632 0.20802631974220276 0.0
0.936116099357605 0.20612387359142303 0.0
0.8950731754302979 0.7190972566604614 0.0
0.945954442024231 0.21398413181304932 0.0
0.9401758909225464 0.7260164022445679 0.0
0.9624637365341187 0.731780469417572 0.0
0.9525453448295593 0.21594054996967316 0.0
0.9553173184394836 0.22179892659187317 0.0
0.9843164086341858 0.7381981015205383 0.0
0.9656744003295898 0.23227077722549438 0.0
0.9575607776641846 0.2276628017425537 0.0
0.882054328918457 0.20183411240577698 0.0
1.0 0.7403032779693604 0.0
0.993894636631012 0.25358545780181885 0.0
0.8814695477485657 0.20178134739398956 0.0
0.9885783791542053 0.24809670448303223 0.0
0.8810814023017883 0.20216169953346252 0.0
0.9818885922431946 0.24973438680171967 0.0
0.9750814437866211 0.245563805103302 0.0
0.8806547522544861 0.2027149498462677 0.0
0.8797376751899719 0.20242516696453094 0.0
0.8791812062263489 0.2030259668827057 0.0
0.8782678842544556 0.20312611758708954 0.0
0.8776635527610779 0.20359647274017334 0.0
0.8767062425613403 0.2042127549648285 0.0
0.8753137588500977 0.20416350662708282 0.0
0.14928412437438965 0.5295553803443909 0.0
0.1530866026878357 0.5275031328201294 0.0
0.15852034091949463 0.5249542593955994 0.0
0.1538839340209961 0.5271303653717041 0.0
0.17551225423812866 0.5189744830131531 0.0
0.185960054397583 0.5161861181259155 0.0
0.8731398582458496 0.204702690243721 0.0
0.1898307204246521 0.5149410963058472 0.0
0.18983739614486694 0.5136895179748535 0.0
0.871831476688385 0.20455814898014069 0.0
0.2002478837966919 0.5105416774749756 0.0
0.8706658482551575 0.20460502803325653 0.0
0.20838427543640137 0.5078392624855042 0.0
0.22123324871063232 0.5062007308006287 0.0
0.8699945211410522 0.2056945264339447 0.0
0.868772029876709 0.20650972425937653 0.0
0.2451411485671997 0.5016623735427856 0.0
0.23893260955810547 0.5032335519790649 0.0
0.2524411082267761 0.5005936026573181 0.0
0.2665889263153076 0.5 0.0
0.8671979308128357 0.20636503398418427 0.0
0.2782180905342102 0.5 0.0
0.8644327521324158 0.20654502511024475 0.0
0.28619056940078735 0.493333101272583 0.0
0.8613832592964172 0.2078763246536255 0.0
0.8608850240707397 0.21009968221187592 0.0
0.30326634645462036 0.48665207624435425 0.0
0.8572704792022705 0.21060019731521606 0.0
0.31738555431365967 0.47915294766426086 0.0
0.8539121747016907 0.2144494503736496 0.0
0.887811005115509 0.2918027937412262 0.0
0.8779411315917969 0.29274341464042664 0.0
0.8758458495140076 0.28451988101005554 0.0
0.85017991065979 0.22151145339012146 0.0
0.8656072020530701 0.27582496404647827 0.0
0.8756165504455566 0.2783924639225006 0.0
0.848384439945221 0.2248217761516571 0.0
0.3578832745552063 0.4612771272659302 0.0
0.8858651518821716 0.302948534488678 0.0
0.8759454488754272 0.305488646030426 0.0
0.3683552145957947 0.45565474033355713 0.0
0.8623995780944824 0.26842087507247925 0.0
0.8571250438690186 0.26259124279022217 0.0
0.8468301296234131 0.230204239487648 0.0
0.880491316318512 0.31429046392440796 0.0
0.8643761277198792 0.3064050078392029 0.0
0.8519731163978577 0.2555605471134186 0.0
0.8511438965797424 0.2501573860645294 0.0
0.848591685295105 0.23357586562633514 0.0
0.8449442386627197 0.23721373081207275 0.0
0.3789835572242737 0.44998887181282043 0.0
0.39789241552352905 0.44363933801651 0.0
0.40510743856430054 0.4399683177471161 0.0
0.8647156953811646 0.3292015790939331 0.0
0.8653371930122375 0.3212202787399292 0.0
0.41239845752716064 0.43635737895965576 0.0
0.42050015926361084 0.43341413140296936 0.0
0.8578251600265503 0.3319627344608307 0.0
0.4378117322921753 0.4276910126209259 0.0
0.4436720609664917 0.42425212264060974 0.0
0.45803314447402954 0.4236258268356323 0.0
0.8302003741264343 0.33974945545196533 0.0
0.4762200713157654 0.41811037063598633 0.0
0.4870995283126831 0.4155510663986206 0.0
0.4976614713668823 0.4128566384315491 0.0
0.8207016587257385 0.3504122495651245 0.0
0.8276764750480652 0.3496988117694855 0.0
0.5090693831443787 0.4074168801307678 0.0
0.8211615681648254 0.3561437427997589 0.0
0.8220134377479553 0.3580494821071625 0.0
0.8201393485069275 0.3591201901435852 0.0
0.5176136493682861 0.40603089332580566 0.0
0.8192288279533386 0.3599400818347931 0.0
0.5207366943359375 0.4030846357345581 0.0
0.8165940046310425 0.3612963557243347 0.0
0.8165425062179565 0.3615962862968445 0.0
0.5347599387168884 0.4017885625362396 0.0
0.8162537217140198 0.36166033148765564 0.0
0.8137717843055725 0.36079880595207214 0.0
0.5402441024780273 0.39915868639945984 0.0
0.5464928150177002 0.39706480503082275 0.0
0.5541903376579285 0.39749079942703247 0.0
0.8116393089294434 0.3601127564907074 0.0
0.8107138276100159 0.3598175048828125 0.0
0.8111768364906311 0.3599652051925659 0.0
0.5616163015365601 0.39555299282073975 0.0
0.5693233013153076 0.3928452134132385 0.0
0.5751504302024841 0.38982054591178894 0.0
0.5862948298454285 0.390045702457428 0.0
0.593987762928009 0.3874504268169403 0.0
0.6300883889198303 0.38036394119262695 0.0
0.6399227380752563 0.3806423544883728 0.0
0.652913510799408 0.3792169988155365 0.0
0.6671305894851685 0.3785913586616516 0.0
0.6754230856895447 0.3743877708911896 0.0
0.6961731910705566 0.3733092248439789 0.0
0.6916479468345642 0.37546607851982117 0.0
0.7023537755012512 0.3719384968280792 0.0
0.7142521739006042 0.3704986274242401 0.0
0.7275854349136353 0.37018248438835144 0.0
0.7331716418266296 0.36921435594558716 0.0
0.7419962882995605 0.368691086769104 0.0
0.7461069822311401 0.36869367957115173 0.0
0.7529188990592957 0.3673880994319916 0.0
0.753581702709198 0.3666438162326813 0.0
0.7549784183502197 0.36391305923461914 0.0
0.7557773590087891 0.3626154959201813 0.0
0.7557176351547241 0.3627125024795532 0.0
0.7555339932441711 0.3630107343196869 0.0
0.7537806034088135 0.3672804534435272 0.0
0.4908372163772583 0.6499149799346924 0.0
0.5002629160881042 0.6512093544006348 0.0
0.48453718423843384 0.6464676260948181 0.0
0.47681766748428345 0.6423486471176147 0.0
0.5114282369613647 0.6527576446533203 0.0
0.5282275676727295 0.6591384410858154 0.0
0.46824508905410767 0.6383149027824402 0.0
0.5412499904632568 0.6570932269096375 0.0
0.4531744122505188 0.6301299929618835 0.0
0.5886953473091125 0.6685718297958374 0.0
0.5918398499488831 0.6758402585983276 0.0
0.438038170337677 0.6215037107467651 0.0
0.45324528217315674 0.6240153908729553 0.0
0.5999367833137512 0.6707859635353088 0.0
0.21880686283111572 0.5887209177017212 0.0
0.21881169080734253 0.5887208580970764 0.0
0.23345184326171875 0.5872793793678284 0.0
0.23894762992858887 0.5865341424942017 0.0
0.6247367858886719 0.673513650894165 0.0
0.8900594115257263 0.20156212151050568 0.0
0.8902384042739868 0.20071008801460266 0.0
0.27416855096817017 0.583283543586731 0.0
0.4349455237388611 0.6134561896324158 0.0
0.634078323841095 0.6801002025604248 0.0
0.8888195753097534 0.20137354731559753 0.0
0.888278067111969 0.20149047672748566 0.0
0.2829635739326477 0.5827489495277405 0.0
0.4250630736351013 0.6125702857971191 0.0
0.8928214311599731 0.19898465275764465 0.0
0.8934898376464844 0.19861476123332977 0.0
0.8918960094451904 0.19873173534870148 0.0
0.8915926814079285 0.19951358437538147 0.0
0.4198912978172302 0.6081263422966003 0.0
0.6564300060272217 0.6827638745307922 0.0
0.8943184614181519 0.19809937477111816 0.0
0.8952427506446838 0.19757314026355743 0.0
0.29728400707244873 0.5832361578941345 0.0
0.30376309156417847 0.5828034281730652 0.0
0.41325753927230835 0.6030146479606628 0.0
0.6724302172660828 0.6834037899971008 0.0
0.31488800048828125 0.5800033807754517 0.0
0.4047542214393616 0.5985700488090515 0.0
0.6908573508262634 0.6849298477172852 0.0
0.896240770816803 0.19693875312805176 0.0
0.3327367901802063 0.5821633338928223 0.0
0.34082287549972534 0.5830526947975159 0.0
0.39769238233566284 0.5941560864448547 0.0
0.7145309448242188 0.6860415935516357 0.0
0.9013357162475586 0.19736219942569733 0.0
0.8993653655052185 0.1970093995332718 0.0
0.350328266620636 0.5812986493110657 0.0
0.35644859075546265 0.5850870013237 0.0
0.36761748790740967 0.5860871076583862 0.0
0.39184755086898804 0.5898349285125732 0.0
0.3866431713104248 0.5864336490631104 0.0
0.7396005988121033 0.6912580728530884 0.0
0.9069225192070007 0.1984872967004776 0.0
0.9046266674995422 0.1970553696155548 0.0
0.3662116527557373 0.5810015201568604 0.0
0.37813764810562134 0.5863623023033142 0.0
0.7650015354156494 0.6960764527320862 0.0
0.9125358462333679 0.19835053384304047 0.0
0.8858497738838196 0.20196008682250977 0.0
0.8850943446159363 0.2019902467727661 0.0
0.8841229677200317 0.20172591507434845 0.0
0.7934014797210693 0.6968536376953125 0.0
0.9230877757072449 0.20461438596248627 0.0
0.9187199473381042 0.2023937702178955 0.0
0.819226861000061 0.7002182006835938 0.0
0.9276050925254822 0.20472392439842224 0.0
0.8472496867179871 0.7055612206459045 0.0
0.9392894506454468 0.21209323406219482 0.0
0.8840648531913757 0.20260150730609894 0.0
0.8833971619606018 0.20201049745082855 0.0
0.8801888823509216 0.7081703543663025 0.0
0.9432243704795837 0.21899771690368652 0.0
0.8827100992202759 0.2019052803516388 0.0
0.8831725120544434 0.20270521938800812 0.0
0.9039265513420105 0.7120230793952942 0.0
0.9198699593544006 0.7189162373542786 0.0
0.9495365619659424 0.21920256316661835 0.0
0.8824320435523987 0.20234240591526031 0.0
0.9396582841873169 0.7173509001731873 0.0
0.9595304727554321 0.7212305068969727 0.0
0.8818342685699463 0.20233802497386932 0.0
0.9812794923782349 0.726007342338562 0.0
1.0 0.7310954928398132 0.0
0.9938415884971619 0.26256048679351807 0.0
0.8815476894378662 0.20292648673057556 0.0
0.8811146020889282 0.2036440372467041 0.0
0.8801761865615845 0.2031812071800232 0.0
0.8800841569900513 0.20401565730571747 0.0
0.8788810968399048 0.2038731575012207 0.0
0.8784072399139404 0.20476877689361572 0.0
0.8775858879089355 0.20543542504310608 0.0
0.8763032555580139 0.2054036557674408 0.0
0.8750180006027222 0.20486505329608917 0.0
0.1494135856628418 0.5294806957244873 0.0
0.1496773362159729 0.5293286442756653 0.0
0.8742666840553284 0.20503249764442444 0.0
0.15387076139450073 0.5271365642547607 0.0
0.1538676619529724 0.5271379947662354 0.0
0.8739675879478455 0.20589148998260498 0.0
0.8727816939353943 0.20556843280792236 0.0
0.19793081283569336 0.5133119225502014 0.0
0.871696412563324 0.20571723580360413 0.0
0.20471465587615967 0.511540949344635 0.0
0.8716001510620117 0.20688682794570923 0.0
0.21246331930160522 0.5088037252426147 0.0
0.21941393613815308 0.5075200796127319 0.0
0.232610285282135 0.5064361691474915 0.0
0.2348117232322693 0.5048460364341736 0.0
0.2516977787017822 0.5024970769882202 0.0
0.26048213243484497 0.5013343691825867 0.0
0.8687035441398621 0.20807607471942902 0.0
0.2812526226043701 0.5 0.0
0.2746315598487854 0.5006718635559082 0.0
0.8663115501403809 0.20766335725784302 0.0
0.28984594345092773 0.5 0.0
0.864210307598114 0.20786498486995697 0.0
0.2986583709716797 0.49362340569496155 0.0
0.3114243745803833 0.49126750230789185 0.0
0.32109904289245605 0.4853358566761017 0.0
0.9063529372215271 0.3012318015098572 0.0
0.9085754752159119 0.2976130545139313 0.0
0.9111777544021606 0.30408263206481934 0.0
0.8578596711158752 0.2140740305185318 0.0
0.8610499501228333 0.21274828910827637 0.0
0.3320881128311157 0.4802669286727905 0.0
0.899599015712738 0.3009680509567261 0.0
0.9115661382675171 0.31196627020835876 0.0
0.8975046873092651 0.2935768961906433 0.0
0.8573403358459473 0.2165451943874359 0.0
0.33116573095321655 0.47617456316947937 0.0
0.8557355403900146 0.21795536577701569 0.0
0.8535262942314148 0.21967700123786926 0.0
0.3398921489715576 0.47178393602371216 0.0
0.8974248766899109 0.30510079860687256 0.0
0.8827042579650879 0.28435418009757996 0.0
0.8908957242965698 0.2871525287628174 0.0
0.34987133741378784 0.46653178334236145 0.0
0.8694968223571777 0.2715167701244354 0.0
0.8649798631668091 0.26451969146728516 0.0
0.8515227437019348 0.2300601303577423 0.0
0.3675526976585388 0.46041926741600037 0.0
0.8594308495521545 0.25910040736198425 0.0
0.8543500304222107 0.2477964460849762 0.0
0.8517178893089294 0.24254412949085236 0.0
0.8519277572631836 0.23837244510650635 0.0
0.38256412744522095 0.4542427659034729 0.0
0.3947283625602722 0.4495992362499237 0.0
0.40831106901168823 0.4448648691177368 0.0
0.41595298051834106 0.4405856728553772 0.0
0.8803778290748596 0.3314007520675659 0.0
0.42202240228652954 0.4374772012233734 0.0
0.4331282377243042 0.4359370768070221 0.0
0.4422925114631653 0.4320266544818878 0.0
0.8573707342147827 0.33730843663215637 0.0
0.45020800828933716 0.4282882809638977 0.0
0.8457317352294922 0.33597609400749207 0.0
0.8452090620994568 0.34043383598327637 0.0
0.8400831818580627 0.341818243265152 0.0
0.4698677062988281 0.42175042629241943 0.0
0.8406215906143188 0.34699520468711853 0.0
0.8369368314743042 0.35096853971481323 0.0
0.5094612240791321 0.41173604130744934 0.0
0.8307725787162781 0.3544699549674988 0.0
0.8263723254203796 0.3550500273704529 0.0
0.8268585801124573 0.3579062819480896 0.0
0.8249102234840393 0.3605957329273224 0.0
0.8241193890571594 0.36160820722579956 0.0
0.5173110365867615 0.41006723046302795 0.0
0.8214178681373596 0.3615732491016388 0.0
0.8199387192726135 0.36178267002105713 0.0
0.5257012844085693 0.4055606722831726 0.0
0.534940242767334 0.4059266149997711 0.0
0.819535493850708 0.3622302711009979 0.0
0.8194888234138489 0.3626401126384735 0.0
0.5430895686149597 0.4036194682121277 0.0
0.5516087412834167 0.4011862277984619 0.0
0.8132845759391785 0.3606538474559784 0.0
0.8120906352996826 0.36004823446273804 0.0
0.8121604323387146 0.36003825068473816 0.0
0.5622282028198242 0.4000474214553833 0.0
0.5698056221008301 0.39580240845680237 0.0
0.5708142518997192 0.39861640334129333 0.0
0.5768983960151672 0.3966085612773895 0.0
0.5814132690429688 0.3936043977737427 0.0
0.5922162532806396 0.3946457803249359 0.0
0.5976076722145081 0.391582190990448 0.0
0.6022240519523621 0.38896042108535767 0.0
0.6100491285324097 0.3885978162288666 0.0
0.6178036332130432 0.38811415433883667 0.0
0.6218854784965515 0.38505464792251587 0.0
0.6285130381584167 0.3834993243217468 0.0
0.636820375919342 0.3841455280780792 0.0
0.6497575044631958 0.38167110085487366 0.0
0.6595816612243652 0.3788870573043823 0.0
0.6747592687606812 0.37859222292900085 0.0
0.6861646175384521 0.377407968044281 0.0
0.6816976070404053 0.37903743982315063 0.0
0.7026335000991821 0.3751314580440521 0.0
0.7098764181137085 0.3766990602016449 0.0
0.7114313840866089 0.3730984628200531 0.0
0.7196407318115234 0.3741680383682251 0.0
0.7164428234100342 0.3764859735965729 0.0
0.7252029180526733 0.3732830584049225 0.0
0.7330679893493652 0.37247541546821594 0.0
0.7368473410606384 0.3722836971282959 0.0
0.7369143962860107 0.37020963430404663 0.0
0.7404102683067322 0.37131819128990173 0.0
0.7449117302894592 0.37147265672683716 0.0
0.7498335242271423 0.3701705038547516 0.0
0.7510045170783997 0.36890891194343567 0.0
0.7527060508728027 0.36951446533203125 0.0
0.7535701394081116 0.3690536320209503 0.0
0.7548889517784119 0.3641645908355713 0.0
0.7547998428344727 0.36441513895988464 0.0
0.7546210885047913 0.3649176061153412 0.0
0.753801167011261 0.36955228447914124 0.0
0.48861968517303467 0.6414014101028442 0.0
0.4970598816871643 0.6456600427627563 0.0
0.5087211728096008 0.647434651851654 0.0
0.5215569734573364 0.6540079712867737 0.0
0.5323067903518677 0.6515021324157715 0.0
0.4812535047531128 0.6365076899528503 0.0
0.5491856932640076 0.6615839600563049 0.0
0.5619420409202576 0.6628084182739258 0.0
0.4712834358215332 0.6325191855430603 0.0
0.5755864977836609 0.6662558317184448 0.0
0.46296411752700806 0.6283257007598877 0.0
0.45033615827560425 0.6182520985603333 0.0
0.6112688779830933 0.6682968139648438 0.0
0.23522359132766724 0.5870245695114136 0.0
0.23784834146499634 0.5866470336914062 0.0
0.23439651727676392 0.5871434807777405 0.0
0.24876129627227783 0.5849102735519409 0.0
0.2518588900566101 0.585223913192749 0.0
0.26496797800064087 0.582116425037384 0.0
0.44592273235321045 0.6135647296905518 0.0
0.8910905718803406 0.20026342570781708 0.0
0.8910844326019287 0.2009820193052292 0.0
0.8893774151802063 0.20163112878799438 0.0
0.8890342712402344 0.2020767331123352 0.0
0.2685524821281433 0.5829766988754272 0.0
0.2773655652999878 0.58050936460495 0.0
0.8925984501838684 0.19971582293510437 0.0
0.8937599658966064 0.19996590912342072 0.0
0.6440486311912537 0.6743049621582031 0.0
0.8956318497657776 0.19895663857460022 0.0
0.8946571350097656 0.19936266541481018 0.0
0.8877694606781006 0.2023790031671524 0.0
0.8874709606170654 0.2015734314918518 0.0
0.8884017467498779 0.20231036841869354 0.0
0.2931586503982544 0.5801650285720825 0.0
0.4312664866447449 0.607192873954773 0.0
0.6624628901481628 0.6759450435638428 0.0
0.8967467546463013 0.19851429760456085 0.0
0.30069422721862793 0.5796822905540466 0.0
0.42530542612075806 0.601629376411438 0.0
0.8979962468147278 0.19791820645332336 0.0
0.31102728843688965 0.577226459980011 0.0
0.6804856061935425 0.6755971312522888 0.0
0.3255152702331543 0.5767938494682312 0.0
0.3304411768913269 0.5785418748855591 0.0
0.4077674150466919 0.5931826233863831 0.0
0.41765540838241577 0.5958799719810486 0.0
0.6991713643074036 0.6784366369247437 0.0
0.9051856398582458 0.19925320148468018 0.0
0.903255045413971 0.19817975163459778 0.0
0.3382992148399353 0.5769051313400269 0.0
0.3443406820297241 0.5784748196601868 0.0
0.909082293510437 0.20091068744659424 0.0
0.9117525219917297 0.20053501427173615 0.0
0.3556519150733948 0.5760090351104736 0.0
0.3597487807273865 0.579616367816925 0.0
0.3772542476654053 0.5790849924087524 0.0
0.39691776037216187 0.5828840732574463 0.0
0.4051123261451721 0.5877180099487305 0.0
0.7542015314102173 0.6870847940444946 0.0
0.9149023294448853 0.20074133574962616 0.0
0.8857932686805725 0.20264548063278198 0.0
0.36844712495803833 0.574924886226654 0.0
0.3882110118865967 0.5802651643753052 0.0
0.7740128040313721 0.6863671541213989 0.0
0.8849093914031982 0.20256857573986053 0.0
0.7972415089607239 0.687806248664856 0.0
0.8075940608978271 0.6937605738639832 0.0
0.9322872757911682 0.20985683798789978 0.0
0.82030189037323 0.6897450089454651 0.0
0.8330097794532776 0.6972910165786743 0.0
0.9363095164299011 0.21609792113304138 0.0
0.8458637595176697 0.6935415863990784 0.0
0.8644477725028992 0.6996197700500488 0.0
0.884033739566803 0.20343653857707977 0.0
0.8998426198959351 0.705161988735199 0.0
0.9500647783279419 0.22508107125759125 0.0
0.923115074634552 0.7091038823127747 0.0
0.953518271446228 0.23048894107341766 0.0
0.8831952214241028 0.20376800000667572 0.0
0.8823910355567932 0.20296171307563782 0.0
0.9510379433631897 0.7110986709594727 0.0
0.9579096436500549 0.23282434046268463 0.0
0.9772065877914429 0.7143353819847107 0.0
0.9596624970436096 0.23878684639930725 0.0
0.8821420073509216 0.20368508994579315 0.0
1.0 0.7188851833343506 0.0
0.993095338344574 0.27447351813316345 0.0
0.9887621402740479 0.2642451524734497 0.0
0.9853323101997375 0.2711839973926544 0.0
0.9846706986427307 0.2594272196292877 0.0
0.9801808595657349 0.2598942220211029 0.0
0.8811916708946228 0.20461523532867432 0.0
0.879492998123169 0.20463679730892181 0.0
0.8788418173789978 0.20619000494480133 0.0
0.8753072619438171 0.2059880495071411 0.0
0.15386593341827393 0.5271388292312622 0.0
0.153874933719635 0.5271345973014832 0.0
0.8749226331710815 0.20706886053085327 0.0
0.18892306089401245 0.5157305002212524 0.0
0.18300122022628784 0.5171629190444946 0.0
0.8732606172561646 0.2070760577917099 0.0
0.19686740636825562 0.5140491127967834 0.0
0.872343897819519 0.208077073097229 0.0
0.2087181806564331 0.5118265748023987 0.0
0.21205919981002808 0.5097946524620056 0.0
0.2232978343963623 0.5082708597183228 0.0
0.8706189393997192 0.20780716836452484 0.0
0.2514858841896057 0.5037589073181152 0.0
0.26538753509521484 0.5024767518043518 0.0
0.27173566818237305 0.5015130639076233 0.0
0.2927021384239197 0.5 0.0
0.2876652479171753 0.5 0.0
0.3036046028137207 0.49695366621017456 0.0
0.927020788192749 0.3036641478538513 0.0
0.9228218793869019 0.3062383532524109 0.0
0.9177188873291016 0.3024379312992096 0.0
0.9179435968399048 0.29975369572639465 0.0
0.8662435412406921 0.209485724568367 0.0
0.8643078207969666 0.21018901467323303 0.0
0.86338871717453 0.2119152992963791 0.0
0.8600010275840759 0.21703310310840607 0.0
0.3432704210281372 0.4761113226413727 0.0
0.8590629696846008 0.22207291424274445 0.0
0.3572123050689697 0.47109171748161316 0.0
0.9169948697090149 0.3205263912677765 0.0
0.9078454375267029 0.3170986771583557 0.0
0.8839592337608337 0.27942782640457153 0.0
0.893551766872406 0.2829705774784088 0.0
0.8562997579574585 0.22398751974105835 0.0
0.9137166738510132 0.32562705874443054 0.0
0.8763526082038879 0.2739163637161255 0.0
0.8538519144058228 0.22635042667388916 0.0
0.36607587337493896 0.46459609270095825 0.0
0.8978729844093323 0.3181280493736267 0.0
0.8727733492851257 0.26818203926086426 0.0
0.37810343503952026 0.4596683979034424 0.0
0.8917384743690491 0.32379257678985596 0.0
0.864583432674408 0.2590830326080322 0.0
0.8696197867393494 0.26308077573776245 0.0
0.8583599328994751 0.25384652614593506 0.0
0.8543951511383057 0.23543108999729156 0.0
0.85762619972229 0.23323912918567657 0.0
0.8577418327331543 0.2454127073287964 0.0
0.8556654453277588 0.24176442623138428 0.0
0.4085102081298828 0.4498331546783447 0.0
0.4161253571510315 0.44710835814476013 0.0
0.41922783851623535 0.4441273808479309 0.0
0.8777559995651245 0.33743125200271606 0.0
0.42839574813842773 0.4413788318634033 0.0
0.8688907623291016 0.33811378479003906 0.0
0.8552016019821167 0.34241756796836853 0.0
0.4627981185913086 0.4284210801124573 0.0
0.47101402282714844 0.4257979691028595 0.0
0.8509010672569275 0.34634658694267273 0.0
0.4816145896911621 0.4239543378353119 0.0
0.48973625898361206 0.4209112226963043 0.0
0.852681040763855 0.3516193628311157 0.0
0.500482976436615 0.4190983176231384 0.0
0.8356454968452454 0.3541037440299988 0.0
0.8334060907363892 0.3586259186267853 0.0
0.8289466500282288 0.36111265420913696 0.0
0.5280256867408752 0.4097648561000824 0.0
0.8291022777557373 0.3642156422138214 0.0
0.8254149556159973 0.3631611764431 0.0
0.8245187401771545 0.3636288344860077 0.0
0.8224512934684753 0.36327508091926575 0.0
0.8226220607757568 0.36382555961608887 0.0
0.8189943432807922 0.3626835346221924 0.0
0.818091094493866 0.36239683628082275 0.0
0.8163410425186157 0.3617413640022278 0.0
0.8158652782440186 0.36156314611434937 0.0
0.816386342048645 0.3617583215236664 0.0
0.8163636922836304 0.3617498576641083 0.0
0.8145750761032104 0.36110854148864746 0.0
0.6075533032417297 0.3925510346889496 0.0
0.6194143891334534 0.3929690420627594 0.0
0.626307487487793 0.38974201679229736 0.0
0.6323547959327698 0.38714349269866943 0.0
0.6465305685997009 0.3848050534725189 0.0
0.6596380472183228 0.3831395208835602 0.0
0.6676281690597534 0.3825984597206116 0.0
0.67512446641922 0.3825654983520508 0.0
0.6898115277290344 0.38216397166252136 0.0
0.6981915831565857 0.3812142014503479 0.0
0.7032187581062317 0.37815606594085693 0.0
0.7275910973548889 0.3774358928203583 0.0
0.7308694124221802 0.37468984723091125 0.0
0.736954391002655 0.3757360875606537 0.0
0.7408364415168762 0.37460190057754517 0.0
0.7444151639938354 0.37412407994270325 0.0
0.7479479312896729 0.3741867244243622 0.0
0.7486931681632996 0.37203091382980347 0.0
0.7522961497306824 0.37329214811325073 0.0
0.752031683921814 0.3709271550178528 0.0
0.7542139887809753 0.3714770972728729 0.0
0.7537900805473328 0.36833152174949646 0.0
0.754121720790863 0.37104687094688416 0.0
0.7537853121757507 0.3678063750267029 0.0
0.49970805644989014 0.6401341557502747 0.0
0.5065668225288391 0.6431128978729248 0.0
0.5199716687202454 0.648835301399231 0.0
0.5285847187042236 0.6445472836494446 0.0
0.4925636649131775 0.6370393633842468 0.0
0.5443358421325684 0.6516832113265991 0.0
0.553946316242218 0.6554763913154602 0.0
0.48109447956085205 0.631041407585144 0.0
0.5665539503097534 0.6558353900909424 0.0
0.5734968185424805 0.6601184010505676 0.0
0.47527003288269043 0.6262640953063965 0.0
0.5860424637794495 0.6603652834892273 0.0
0.46571874618530273 0.6223282217979431 0.0
0.5997574925422668 0.6638975739479065 0.0
0.459273099899292 0.6178079843521118 0.0
0.8899326920509338 0.20230334997177124 0.0
0.8905948400497437 0.202172189950943 0.0
0.24105733633041382 0.5861093401908875 0.0
0.2442699670791626 0.5855710506439209 0.0
0.257113516330719 0.5828595757484436 0.0
0.25956839323043823 0.5825915932655334 0.0
0.4545353055000305 0.613737940788269 0.0
0.6217919588088989 0.6656071543693542 0.0
0.895500123500824 0.20116601884365082 0.0
0.8948780298233032 0.20035532116889954 0.0
0.8958345055580139 0.20029111206531525 0.0
0.8946143388748169 0.2010570615530014 0.0
0.893842875957489 0.20114442706108093 0.0
0.893147885799408 0.20056411623954773 0.0
0.8917699456214905 0.20124980807304382 0.0
0.8923203349113464 0.2006331831216812 0.0
0.8911288380622864 0.20172493159770966 0.0
0.2757662534713745 0.5793725252151489 0.0
0.6322357058525085 0.6672973036766052 0.0
0.2840648293495178 0.579459011554718 0.0
0.4422571659088135 0.6069067716598511 0.0
0.6433758735656738 0.6637713313102722 0.0
0.8968921303749084 0.19993329048156738 0.0
0.8883911371231079 0.20297136902809143 0.0
0.2920506000518799 0.5780248045921326 0.0
0.6551312208175659 0.6694890260696411 0.0
0.898346483707428 0.19980821013450623 0.0
0.8876819610595703 0.2029973268508911 0.0
0.3001006841659546 0.576355516910553 0.0
0.4369574785232544 0.6003972887992859 0.0
0.6666697263717651 0.6701768636703491 0.0
0.8998920321464539 0.19910819828510284 0.0
0.30862897634506226 0.5744970440864563 0.0
0.9068462252616882 0.20060954988002777 0.0
0.9054132699966431 0.20122914016246796 0.0
0.9039256572723389 0.1999606490135193 0.0
0.9020233154296875 0.19956672191619873 0.0
0.3163483142852783 0.572860836982727 0.0
0.32073915004730225 0.5743302702903748 0.0
0.4150608777999878 0.5901085734367371 0.0
0.33083850145339966 0.5710633993148804 0.0
0.3359847068786621 0.5737082362174988 0.0
0.7141475081443787 0.6755588054656982 0.0
0.736155092716217 0.68067866563797 0.0
0.9132606387138367 0.20326216518878937 0.0
0.9110497832298279 0.20250926911830902 0.0
0.3479110598564148 0.572425365447998 0.0
0.9163696765899658 0.20459213852882385 0.0
0.3620389699935913 0.5699294209480286 0.0
0.7556155323982239 0.6806503534317017 0.0
0.8856154680252075 0.20333316922187805 0.0
0.3813812732696533 0.5709977746009827 0.0
0.38991135358810425 0.5728254914283752 0.0
0.9268676042556763 0.2088620811700821 0.0
0.9232738614082336 0.20919862389564514 0.0
0.9198899269104004 0.20652200281620026 0.0
0.8847922682762146 0.20330354571342468 0.0
0.9292017221450806 0.21243396401405334 0.0
0.9319347739219666 0.21484863758087158 0.0
0.8847386240959167 0.20396427810192108 0.0
0.9383273720741272 0.22101779282093048 0.0
0.8842540979385376 0.2043214738368988 0.0
0.8662630915641785 0.6929747462272644 0.0
0.8835414052009583 0.6986661553382874 0.0
0.9427575469017029 0.22587330639362335 0.0
0.9070062041282654 0.6986298561096191 0.0
0.948396623134613 0.23094619810581207 0.0
0.9350190758705139 0.7007632255554199 0.0
0.9531459808349609 0.23516415059566498 0.0
0.8826985359191895 0.2044786512851715 0.0
0.9646443724632263 0.7029203772544861 0.0
1.0 0.7044531106948853 0.0
0.8818644285202026 0.2042902559041977 0.0
0.9953980445861816 0.2891753911972046 0.0
0.9896855354309082 0.2853613495826721 0.0
0.8804065585136414 0.2050570547580719 0.0
0.9836388230323792 0.2856614589691162 0.0
0.9788798689842224 0.27111661434173584 0.0
0.8796031475067139 0.20548205077648163 0.0
0.9766212105751038 0.28296008706092834 0.0
0.8776337504386902 0.20669659972190857 0.0
0.876483678817749 0.2066272497177124 0.0
0.877125084400177 0.20796199142932892 0.0
0.8759730458259583 0.2071264535188675 0.0
0.8758863210678101 0.20792800188064575 0.0
0.8749337792396545 0.20834553241729736 0.0
0.8737494945526123 0.2089443802833557 0.0
0.19142812490463257 0.5152202248573303 0.0
0.19159770011901855 0.5151857137680054 0.0
0.19163048267364502 0.5151789784431458 0.0
0.19318687915802002 0.5148619413375854 0.0
0.22051793336868286 0.5097129344940186 0.0
0.22935402393341064 0.5083380341529846 0.0
0.8724005222320557 0.20947517454624176 0.0
0.23695838451385498 0.5072751045227051 0.0
0.24494510889053345 0.505086362361908 0.0
0.8707306385040283 0.20978794991970062 0.0
0.27763938903808594 0.5019156336784363 0.0
0.2824819087982178 0.5011178851127625 0.0
0.8687384724617004 0.21024513244628906 0.0
0.3025212287902832 0.5 0.0
0.31620168685913086 0.4948172867298126 0.0
0.31546372175216675 0.5 0.0
0.8674919009208679 0.2116064429283142 0.0
0.3267161250114441 0.4903225004673004 0.0
0.932522714138031 0.31635692715644836 0.0
0.9384350776672363 0.3169914484024048 0.0
0.940796434879303 0.3237673044204712 0.0
0.9140003323554993 0.2934262454509735 0.0
0.8660520911216736 0.2127663493156433 0.0
0.864537239074707 0.21418397128582 0.0
0.3364495038986206 0.484251469373703 0.0
0.9275426864624023 0.31733956933021545 0.0
0.8625860214233398 0.21608218550682068 0.0
0.3440703749656677 0.47991421818733215 0.0
0.8596742153167725 0.21918894350528717 0.0
0.3559837341308594 0.47668781876564026 0.0
0.9248610138893127 0.3215775787830353 0.0
0.9277545809745789 0.3285088539123535 0.0
0.928281307220459 0.3361157774925232 0.0
0.880749523639679 0.2715591788291931 0.0
0.8888344168663025 0.2764296233654022 0.0
0.8588041067123413 0.22797004878520966 0.0
0.3726791739463806 0.46808815002441406 0.0
0.856698215007782 0.22984513640403748 0.0
0.3790915608406067 0.4643322229385376 0.0
0.39027905464172363 0.4615982174873352 0.0
0.9035888910293579 0.3267812430858612 0.0
0.8761060833930969 0.26440176367759705 0.0
0.39177608489990234 0.45619192719459534 0.0
0.8701346516609192 0.2593936026096344 0.0
0.8655010461807251 0.2548995316028595 0.0
0.8612407445907593 0.2501206696033478 0.0
0.8630154132843018 0.24705466628074646 0.0
0.860779881477356 0.24262307584285736 0.0
0.8565320372581482 0.23928049206733704 0.0
0.8601984977722168 0.2376798540353775 0.0
0.9005212187767029 0.33228799700737 0.0
0.4019814729690552 0.4536050260066986 0.0
0.8893784284591675 0.3295114040374756 0.0
0.8954094648361206 0.3371448516845703 0.0
0.8897773623466492 0.3414912819862366 0.0
0.8833291530609131 0.34570977091789246 0.0
0.44655531644821167 0.4360055923461914 0.0
0.4435189366340637 0.44047147035598755 0.0
0.8696961402893066 0.3457851707935333 0.0
0.4576680660247803 0.4330909848213196 0.0
0.4676557183265686 0.4311288595199585 0.0
0.8624317646026611 0.3484154939651489 0.0
0.4718608260154724 0.42904043197631836 0.0
0.8622692227363586 0.35286808013916016 0.0
0.4936845898628235 0.42550817131996155 0.0
0.8496177792549133 0.35492661595344543 0.0
0.843368411064148 0.3565559387207031 0.0
0.5105755925178528 0.4165211021900177 0.0
0.5128812193870544 0.421000212430954 0.0
0.8400989770889282 0.3588862717151642 0.0
0.5221614241600037 0.41446396708488464 0.0
0.8402944207191467 0.3623906075954437 0.0
0.8353210687637329 0.3623978793621063 0.0
0.8292886018753052 0.36297130584716797 0.0
0.834278404712677 0.3658825755119324 0.0
0.8287023901939392 0.365107923746109 0.0
0.8260718584060669 0.365167498588562 0.0
0.5406521558761597 0.4103487432003021 0.0
0.8221938014030457 0.3639809191226959 0.0
0.8205069899559021 0.36336106061935425 0.0
0.5445860028266907 0.40733951330184937 0.0
0.5524143576622009 0.40622302889823914 0.0
0.8165403008460999 0.3618159890174866 0.0
0.8164632320404053 0.3617871105670929 0.0
0.5631591081619263 0.40512025356292725 0.0
0.5719161629676819 0.40288180112838745 0.0
0.5816174745559692 0.4013325870037079 0.0
0.5870965719223022 0.3977777659893036 0.0
0.5970116257667542 0.398918092250824 0.0
0.602395236492157 0.395855575799942 0.0
0.6296404004096985 0.39346951246261597 0.0
0.6436930894851685 0.38870862126350403 0.0
0.6548007726669312 0.38530561327934265 0.0
0.653827428817749 0.3886331617832184 0.0
0.6636507511138916 0.3884526193141937 0.0
0.6682287454605103 0.3860801160335541 0.0
0.6751857995986938 0.38629281520843506 0.0
0.6826217174530029 0.3826395571231842 0.0
0.7147703766822815 0.38134175539016724 0.0
0.7191181778907776 0.3796583116054535 0.0
0.7219973802566528 0.3779228925704956 0.0
0.7346962094306946 0.37857869267463684 0.0
0.7418377995491028 0.37745198607444763 0.0
0.7447763085365295 0.37689319252967834 0.0
0.7479193806648254 0.3765847384929657 0.0
0.750850260257721 0.37456026673316956 0.0
0.7540253400802612 0.37262237071990967 0.0
0.754136323928833 0.37111496925354004 0.0
0.7541754841804504 0.37129756808280945 0.0
0.7541892528533936 0.37136173248291016 0.0
0.5106155276298523 0.63893061876297 0.0
0.5164114832878113 0.6434402465820312 0.0
0.541095495223999 0.6462517380714417 0.0
0.552537202835083 0.6485705375671387 0.0
0.4907596707344055 0.6323744654655457 0.0
0.5614808797836304 0.6511052846908569 0.0
0.5773394703865051 0.6549010872840881 0.0
0.48775678873062134 0.6268602013587952 0.0
0.4751209020614624 0.6204020977020264 0.0
0.5991461277008057 0.6559222340583801 0.0
0.4696686863899231 0.6162066459655762 0.0
0.8951982855796814 0.201814666390419 0.0
0.8945028185844421 0.20193246006965637 0.0
0.8895601630210876 0.20280711352825165 0.0
0.8890135288238525 0.20267146825790405 0.0
0.8893182873725891 0.2031896710395813 0.0
0.25069040060043335 0.5842155814170837 0.0
0.2676458954811096 0.5800706744194031 0.0
0.4630749821662903 0.611309826374054 0.0
0.6132234930992126 0.6596861481666565 0.0
0.8973075151443481 0.20204055309295654 0.0
0.8968625664710999 0.20093783736228943 0.0
0.8978682160377502 0.20109902322292328 0.0
0.896335780620575 0.20131897926330566 0.0
0.8932132720947266 0.20139940083026886 0.0
0.8926509022712708 0.20174731314182281 0.0
0.8921257853507996 0.20212870836257935 0.0
0.27423787117004395 0.5783924460411072 0.0
0.6279177069664001 0.6606693863868713 0.0
0.888835608959198 0.2029416859149933 0.0
0.28474146127700806 0.5769838690757751 0.0
0.4542333483695984 0.6068845987319946 0.0
0.900375247001648 0.20179936289787292 0.0
0.8997763395309448 0.20058543980121613 0.0
0.9010076522827148 0.20079265534877777 0.0
0.8991485238075256 0.2014169543981552 0.0
0.2936740517616272 0.5747779011726379 0.0
0.44822096824645996 0.599907398223877 0.0
0.6597470045089722 0.6638295650482178 0.0
0.29893332719802856 0.5744814276695251 0.0
0.9037362337112427 0.2016928791999817 0.0
0.902249276638031 0.20143038034439087 0.0
0.3074079155921936 0.5714756846427917 0.0
0.43006181716918945 0.5957252979278564 0.0
0.4421110153198242 0.5918064713478088 0.0
0.6759852766990662 0.6662477850914001 0.0
0.9075112342834473 0.2030152827501297 0.0
0.887323260307312 0.20340241491794586 0.0
0.886694610118866 0.2027265727519989 0.0
0.31590306758880615 0.5700035691261292 0.0
0.4264342188835144 0.5900989174842834 0.0
0.6954891085624695 0.6695339679718018 0.0
0.9096934199333191 0.2031262367963791 0.0
0.3249117136001587 0.5688068866729736 0.0
0.4192473292350769 0.5847327709197998 0.0
0.7114883065223694 0.6679044365882874 0.0
0.9113754630088806 0.2044791281223297 0.0
0.33493995666503906 0.5660788416862488 0.0
0.342967689037323 0.5672696232795715 0.0
0.41095972061157227 0.5795706510543823 0.0
0.7273238301277161 0.6706504821777344 0.0
0.9174013733863831 0.2081836611032486 0.0
0.9139275550842285 0.20653694868087769 0.0
0.3561543822288513 0.5654436945915222 0.0
0.4026895761489868 0.572857141494751 0.0
0.7464154362678528 0.6730810403823853 0.0
0.36846160888671875 0.5630877017974854 0.0
0.3745977282524109 0.5673967599868774 0.0
0.39136576652526855 0.5658165216445923 0.0
0.7666040062904358 0.6759018898010254 0.0
0.8854091763496399 0.20401619374752045 0.0
0.8862047791481018 0.20413044095039368 0.0
0.3843567371368408 0.5647248029708862 0.0
0.7847404479980469 0.6798396110534668 0.0
0.9260804057121277 0.2124669849872589 0.0
0.802666425704956 0.6798440217971802 0.0
0.9327378273010254 0.21964363753795624 0.0
0.8852216601371765 0.20474418997764587 0.0
0.8209935426712036 0.680503785610199 0.0
0.83563232421875 0.6849564909934998 0.0
0.8549055457115173 0.6854634881019592 0.0
0.8831323385238647 0.6888397336006165 0.0
0.8836854696273804 0.20479772984981537 0.0
0.9143766164779663 0.690308153629303 0.0
0.9444445371627808 0.6921988129615784 0.0
0.9529405832290649 0.24003881216049194 0.0
0.8831707239151001 0.20534633100032806 0.0
0.9740614891052246 0.6930690407752991 0.0
0.9561188817024231 0.24505124986171722 0.0
0.9631168246269226 0.24598124623298645 0.0
0.996812641620636 0.3021744191646576 0.0
0.9588840007781982 0.2504009008407593 0.0
0.882175624370575 0.20504207909107208 0.0
0.8815164566040039 0.20569626986980438 0.0
0.9927106499671936 0.29746609926223755 0.0
0.9886849522590637 0.29455283284187317 0.0
0.8805647492408752 0.205979123711586 0.0
0.986545741558075 0.2992624044418335 0.0
0.9813640117645264 0.29527297616004944 0.0
0.8799112439155579 0.20633971691131592 0.0
0.9761223196983337 0.29495659470558167 0.0
0.9709765315055847 0.2874324917793274 0.0
0.9719868302345276 0.2967412769794464 0.0
0.962964653968811 0.29040637612342834 0.0
0.9654302597045898 0.2860659956932068 0.0
0.9637320041656494 0.2914404273033142 0.0
0.9525700807571411 0.3102191388607025 0.0
0.9472981691360474 0.304031103849411 0.0
0.9571452140808105 0.30584853887557983 0.0
0.8753599524497986 0.20980022847652435 0.0
0.19161415100097656 0.515182375907898 0.0
0.1967681646347046 0.5141741037368774 0.0
0.19497746229171753 0.5145180225372314 0.0
0.2004184126853943 0.5135690569877625 0.0
0.2127155065536499 0.5115330815315247 0.0
0.9425880908966064 0.2946244776248932 0.0
0.937923789024353 0.2966875433921814 0.0
0.24787074327468872 0.5058704018592834 0.0
0.9429596066474915 0.30747824907302856 0.0
0.9522516131401062 0.31535205245018005 0.0
0.8727383017539978 0.21116673946380615 0.0
0.25814491510391235 0.5046436190605164 0.0
0.2680078148841858 0.503548800945282 0.0
0.27884894609451294 0.502657413482666 0.0
0.29069966077804565 0.5017625689506531 0.0
0.2939450144767761 0.5007840394973755 0.0
0.871216356754303 0.21153989434242249 0.0
0.9491663575172424 0.3193453848361969 0.0
0.9513670206069946 0.3271627426147461 0.0
0.3243522644042969 0.49568524956703186 0.0
0.3419358730316162 0.4876653552055359 0.0
0.3351672887802124 0.49327999353408813 0.0
0.346307635307312 0.4903009235858917 0.0
0.8678856492042542 0.2153114378452301 0.0
0.35207808017730713 0.4821109473705292 0.0
0.9071711897850037 0.2889626622200012 0.0
0.8660006523132324 0.21652041375637054 0.0
0.9413824081420898 0.3308027386665344 0.0
0.8629046082496643 0.21919551491737366 0.0
0.8629438281059265 0.22200068831443787 0.0
0.37259441614151 0.47288626432418823 0.0
0.8964881300926208 0.27915000915527344 0.0
0.8634152412414551 0.22499896585941315 0.0
0.8610072135925293 0.22615882754325867 0.0
0.3868921995162964 0.4672289788722992 0.0
0.8826274871826172 0.26745107769966125 0.0
0.8605624437332153 0.23149502277374268 0.0
0.4020412564277649 0.4581317603588104 0.0
0.40213626623153687 0.46352049708366394 0.0
0.9149724245071411 0.3355724811553955 0.0
0.8616805672645569 0.2346196174621582 0.0
0.8705064058303833 0.255911260843277 0.0
0.868437647819519 0.251185804605484 0.0
0.4126172661781311 0.4541642367839813 0.0
0.4129127264022827 0.4593888819217682 0.0
0.42358022928237915 0.45615679025650024 0.0
0.9090840220451355 0.34115251898765564 0.0
0.4173787236213684 0.44999635219573975 0.0
0.9040148854255676 0.3461444079875946 0.0
0.4272612929344177 0.44737958908081055 0.0
0.4376620054244995 0.4442959725856781 0.0
0.8978719115257263 0.34982314705848694 0.0
0.45627641677856445 0.4383818209171295 0.0
0.46606123447418213 0.4366641342639923 0.0
0.8852917551994324 0.3534139394760132 0.0
0.46931684017181396 0.4338587820529938 0.0
0.47573238611221313 0.4319823086261749 0.0
0.8748404383659363 0.3545907437801361 0.0
0.48105162382125854 0.4288443922996521 0.0
0.4893481731414795 0.4277445077896118 0.0
0.5003949403762817 0.4237031936645508 0.0
0.8615515828132629 0.3572103679180145 0.0
0.5073844790458679 0.4229559600353241 0.0
0.8516270518302917 0.3597176969051361 0.0
0.8479219675064087 0.36089542508125305 0.0
0.8492154479026794 0.3652247190475464 0.0
0.5217574834823608 0.4192005395889282 0.0
0.8345978856086731 0.3643474280834198 0.0
0.5367826819419861 0.41470980644226074 0.0
0.8334401845932007 0.36692070960998535 0.0
0.8283345103263855 0.3657205104827881 0.0
0.8306621313095093 0.36752697825431824 0.0
0.8282322883605957 0.36654722690582275 0.0
0.8260607719421387 0.365683913230896 0.0
0.5506249070167542 0.410276859998703 0.0
0.5469006299972534 0.4133811593055725 0.0
0.819610059261322 0.36300307512283325 0.0
0.8194121718406677 0.36292409896850586 0.0
0.8195112943649292 0.3629636764526367 0.0
0.817315399646759 0.3621062934398651 0.0
0.5918850898742676 0.40154868364334106 0.0
0.6133915185928345 0.3975321650505066 0.0
0.6223241686820984 0.3974739909172058 0.0
0.628728985786438 0.3965628743171692 0.0
0.637334406375885 0.3920444846153259 0.0
0.6521140336990356 0.3916187286376953 0.0
0.6467525362968445 0.39276212453842163 0.0
0.6616705656051636 0.39299309253692627 0.0
0.674087643623352 0.38963884115219116 0.0
0.6826415657997131 0.3863964080810547 0.0
0.6911807656288147 0.3867858052253723 0.0
0.6989350914955139 0.3858184218406677 0.0
0.7076261639595032 0.3860922157764435 0.0
0.710303544998169 0.3833537697792053 0.0
0.7242897748947144 0.383411169052124 0.0
0.7266890406608582 0.38097280263900757 0.0
0.733252227306366 0.38148850202560425 0.0
0.7408407330513 0.38004356622695923 0.0
0.7381525635719299 0.38174358010292053 0.0
0.7461137175559998 0.3802526891231537 0.0
0.7482567429542542 0.37888285517692566 0.0
0.7514306306838989 0.3792186975479126 0.0
0.7511900067329407 0.3767499327659607 0.0
0.7541995048522949 0.3768247663974762 0.0
0.7555347681045532 0.3759075105190277 0.0
0.7562835812568665 0.37583044171333313 0.0
0.5027794241905212 0.6343220472335815 0.0
0.5236517190933228 0.6379523873329163 0.0
0.5375580787658691 0.6396626830101013 0.0
0.5505470037460327 0.6418581604957581 0.0
0.5145427584648132 0.6342276930809021 0.0
0.5117678642272949 0.6289641261100769 0.0
0.5706340074539185 0.6504442691802979 0.0
0.499799907207489 0.627733051776886 0.0
0.5794692635536194 0.6499649286270142 0.0
0.48443812131881714 0.6213232278823853 0.0
0.5877322554588318 0.6525998115539551 0.0
0.8952974677085876 0.20277747511863708 0.0
0.8961352705955505 0.2021849900484085 0.0
0.8912029266357422 0.20256879925727844 0.0
0.8911558389663696 0.203186497092247 0.0
0.8906532526016235 0.20269142091274261 0.0
0.8903871178627014 0.20319077372550964 0.0
0.4819335341453552 0.6150124073028564 0.0
0.8938466310501099 0.20193949341773987 0.0
0.8934175968170166 0.20236380398273468 0.0
0.8928553462028503 0.20266638696193695 0.0
0.8917560577392578 0.20248571038246155 0.0
0.8923231363296509 0.2028968185186386 0.0
0.8898569941520691 0.2033967524766922 0.0
0.8897191286087036 0.20378316938877106 0.0
0.26741182804107666 0.5800315141677856 0.0
0.610008180141449 0.6511918902397156 0.0
0.8985822200775146 0.202347069978714 0.0
0.8997964262962341 0.20280805230140686 0.0
0.8890748023986816 0.20355312526226044 0.0
0.27743375301361084 0.5767644047737122 0.0
0.2850080132484436 0.5750018954277039 0.0
0.6227557063102722 0.6536435484886169 0.0
0.9008829593658447 0.2029028683900833 0.0
0.8885287642478943 0.20364458858966827 0.0
0.6358014941215515 0.6556466221809387 0.0
0.9015622138977051 0.20226070284843445 0.0
0.2933504581451416 0.5725713968276978 0.0
0.45804858207702637 0.5995141863822937 0.0
0.6501863598823547 0.6566463708877563 0.0
0.9027864933013916 0.2028958797454834 0.0
0.8880273103713989 0.2038239687681198 0.0
0.30234795808792114 0.5715149641036987 0.0
0.4543910622596741 0.5944804549217224 0.0
0.6686139106750488 0.6571310758590698 0.0
0.9053479433059692 0.20292435586452484 0.0
0.9042441844940186 0.20393463969230652 0.0
0.9060847163200378 0.20480220019817352 0.0
0.9082942008972168 0.2055007815361023 0.0
0.8875038027763367 0.20410381257534027 0.0
0.3156445622444153 0.5672338008880615 0.0
0.6855703592300415 0.6615265607833862 0.0
0.32303035259246826 0.5654137134552002 0.0
0.44784170389175415 0.5833496451377869 0.0
0.4336196184158325 0.5840705633163452 0.0
0.7011755108833313 0.6615426540374756 0.0
0.9108116030693054 0.20680983364582062 0.0
0.3328530192375183 0.5624778866767883 0.0
0.42554229497909546 0.5781674981117249 0.0
0.7184445261955261 0.6626617312431335 0.0
0.8869621157646179 0.20435233414173126 0.0
0.8867643475532532 0.2050163745880127 0.0
0.3436770439147949 0.5607681274414062 0.0
0.3521820902824402 0.5614873170852661 0.0
0.4191915988922119 0.5713770389556885 0.0
0.7358421087265015 0.6645063757896423 0.0
0.920555830001831 0.21028350293636322 0.0
0.9182010889053345 0.21161675453186035 0.0
0.36375153064727783 0.5577927827835083 0.0
0.3983760476112366 0.5668389797210693 0.0
0.7554796934127808 0.666397213935852 0.0
0.9232293367385864 0.21233952045440674 0.0
0.8859372138977051 0.20467163622379303 0.0
0.37307846546173096 0.5575188994407654 0.0
0.3804970979690552 0.5595382452011108 0.0
0.40724653005599976 0.5624983906745911 0.0
0.4136698246002197 0.5657278895378113 0.0
0.7816552519798279 0.6692014336585999 0.0
0.9288554787635803 0.21568350493907928 0.0
0.9249331951141357 0.21575185656547546 0.0
0.37945008277893066 0.5535531640052795 0.0
0.3914698362350464 0.5587982535362244 0.0
0.4004397988319397 0.5594724416732788 0.0
0.8094010949134827 0.6721437573432922 0.0
0.9366345405578613 0.22451059520244598 0.0
0.8854458332061768 0.20553602278232574 0.0
0.8846619129180908 0.20519623160362244 0.0
0.8354111313819885 0.6760990619659424 0.0
0.9392146468162537 0.2290380299091339 0.0
0.8633652925491333 0.6776857972145081 0.0
0.9436011910438538 0.23127882182598114 0.0
0.8841966390609741 0.20572222769260406 0.0
0.8922591805458069 0.679847776889801 0.0
0.9467039108276367 0.23703472316265106 0.0
0.9221168160438538 0.681873083114624 0.0
0.9495982527732849 0.24359232187271118 0.0
0.9518967866897583 0.682990550994873 0.0
1.0 0.691205620765686 0.0
0.8826807737350464 0.20594632625579834 0.0
0.9980320930480957 0.31391918659210205 0.0
0.9579969048500061 0.2568981647491455 0.0
0.9522324800491333 0.25027918815612793 0.0
0.9949296712875366 0.3092539608478546 0.0
0.9910286664962769 0.30443528294563293 0.0
0.9596782922744751 0.26447781920433044 0.0
0.9654960632324219 0.2609493136405945 0.0
0.8813335299491882 0.2065182775259018 0.0
0.9894477725028992 0.3088330626487732 0.0
0.8807274699211121 0.2068834900856018 0.0
0.985329806804657 0.30584290623664856 0.0
0.8799103498458862 0.20721417665481567 0.0
0.9840625524520874 0.3113090395927429 0.0
0.9806320071220398 0.3025321066379547 0.0
0.878892183303833 0.20753124356269836 0.0
0.9767603278160095 0.30522283911705017 0.0
0.9721432328224182 0.30850374698638916 0.0
0.9702162146568298 0.30142441391944885 0.0
0.9660893082618713 0.29462721943855286 0.0
0.9599277973175049 0.2938702404499054 0.0
0.9639774560928345 0.3021245002746582 0.0
0.9546967148780823 0.2883891463279724 0.0
0.9682373404502869 0.31327664852142334 0.0
0.959394097328186 0.29959526658058167 0.0
0.9576274752616882 0.2959688603878021 0.0
0.9546794295310974 0.2999861240386963 0.0
0.9501610994338989 0.2907046973705292 0.0
0.9496235251426697 0.29677531123161316 0.0
0.8775076270103455 0.20934879779815674 0.0
0.8763066530227661 0.20898032188415527 0.0
0.9620147347450256 0.31708797812461853 0.0
0.8741781115531921 0.21056599915027618 0.0
0.19859325885772705 0.5138716101646423 0.0
0.20929747819900513 0.512099027633667 0.0
0.2203153371810913 0.5103744864463806 0.0
0.23624950647354126 0.508172869682312 0.0
0.2513747811317444 0.5066190361976624 0.0
0.9611081480979919 0.3239659070968628 0.0
0.26180803775787354 0.5053845047950745 0.0
0.2737899422645569 0.5043338537216187 0.0
0.280190646648407 0.5034042000770569 0.0
0.8747286200523376 0.2121758610010147 0.0
0.8731086850166321 0.2128419429063797 0.0
0.29109156131744385 0.502785325050354 0.0
0.30700618028640747 0.5008869767189026 0.0
0.9317227602005005 0.29478293657302856 0.0
0.9344051480293274 0.30163565278053284 0.0
0.928254246711731 0.29617419838905334 0.0
0.87067049741745 0.213224396109581 0.0
0.3182697296142578 0.5 0.0
0.9618030786514282 0.33044564723968506 0.0
0.3280599117279053 0.5 0.0
0.921109676361084 0.29324305057525635 0.0
0.8700687885284424 0.21494828164577484 0.0
0.8685029745101929 0.21357528865337372 0.0
0.9132473468780518 0.2873236835002899 0.0
0.35301196575164795 0.4862525761127472 0.0
0.9519328474998474 0.33231768012046814 0.0
0.9048939347267151 0.28127846121788025 0.0
0.9600248336791992 0.340763121843338 0.0
0.9006803035736084 0.2845812439918518 0.0
0.8658899068832397 0.21874971687793732 0.0
0.36509817838668823 0.4781336188316345 0.0
0.8664379715919495 0.22188718616962433 0.0
0.37707674503326416 0.47708073258399963 0.0
0.8657695651054382 0.22433733940124512 0.0
0.38766276836395264 0.4767780005931854 0.0
0.38982897996902466 0.4722767174243927 0.0
0.8919386267662048 0.27332380414009094 0.0
0.8982065320014954 0.27517303824424744 0.0
0.8644446730613708 0.22788269817829132 0.0
0.8666567802429199 0.2271014302968979 0.0
0.9420166611671448 0.3459835350513458 0.0
0.9420650005340576 0.3390999138355255 0.0
0.8863585591316223 0.27128925919532776 0.0
0.8629951477050781 0.22972826659679413 0.0
0.3984467387199402 0.4679776728153229 0.0
0.8824044466018677 0.26264244318008423 0.0
0.9299557209014893 0.34402796626091003 0.0
0.8751428127288818 0.2591862976551056 0.0
0.8739959001541138 0.25517377257347107 0.0
0.8650053143501282 0.23707842826843262 0.0
0.8653122782707214 0.24094760417938232 0.0
0.8645179271697998 0.23335415124893188 0.0
0.9211097359657288 0.34458598494529724 0.0
0.8673050999641418 0.24555222690105438 0.0
0.4229404926300049 0.45202431082725525 0.0
0.43507176637649536 0.4526546001434326 0.0
0.9200641512870789 0.35087838768959045 0.0
0.44219791889190674 0.44799625873565674 0.0
0.4467153549194336 0.4445193409919739 0.0
0.45416635274887085 0.44695746898651123 0.0
0.4554334282875061 0.4428163170814514 0.0
0.894079864025116 0.35319602489471436 0.0
0.4676697254180908 0.44117212295532227 0.0
0.47841572761535645 0.43697842955589294 0.0
0.48447906970977783 0.43313664197921753 0.0
0.49171119928359985 0.43158888816833496 0.0
0.8725370764732361 0.35917723178863525 0.0
0.498052716255188 0.42960184812545776 0.0
0.5036162734031677 0.4277118146419525 0.0
0.8711195588111877 0.3625714182853699 0.0
0.509652853012085 0.42614802718162537 0.0
0.8622491359710693 0.36235934495925903 0.0
0.5158016681671143 0.42457711696624756 0.0
0.8562303185462952 0.3643828332424164 0.0
0.523239016532898 0.42295733094215393 0.0
0.5304942727088928 0.4179316461086273 0.0
0.8506957292556763 0.3694814145565033 0.0
0.8433113694190979 0.36639323830604553 0.0
0.8385444283485413 0.3653600215911865 0.0
0.8403617739677429 0.36770957708358765 0.0
0.8389960527420044 0.3690950274467468 0.0
0.8324465155601501 0.3675999045372009 0.0
0.5476020574569702 0.41689860820770264 0.0
0.8305326104164124 0.3679908215999603 0.0
0.82514488697052 0.3654085099697113 0.0
0.8200579881668091 0.36318182945251465 0.0
0.5603917241096497 0.40982627868652344 0.0
0.5702145099639893 0.40953683853149414 0.0
0.5727124810218811 0.40649786591529846 0.0
0.5803226232528687 0.4060223698616028 0.0
0.5777324438095093 0.40911635756492615 0.0
0.5913282632827759 0.40593111515045166 0.0
0.6016551852226257 0.40357738733291626 0.0
0.6057692170143127 0.39983874559402466 0.0
0.6222121715545654 0.4007907509803772 0.0
0.6280627250671387 0.3994485139846802 0.0
0.6367028951644897 0.3961596190929413 0.0
0.6461498141288757 0.39643967151641846 0.0
0.6544831991195679 0.3950093388557434 0.0
0.6723469495773315 0.3930794298648834 0.0
0.6821714043617249 0.3898405134677887 0.0
0.688396155834198 0.3895500600337982 0.0
0.6994742155075073 0.38925933837890625 0.0
0.7066299319267273 0.38944217562675476 0.0
0.7215262651443481 0.3860597312450409 0.0
0.715908944606781 0.3871253430843353 0.0
0.7329395413398743 0.3850257098674774 0.0
0.7428432703018188 0.3838571310043335 0.0
0.74571692943573 0.38291725516319275 0.0
0.7518201470375061 0.3820624351501465 0.0
0.7552902698516846 0.382060170173645 0.0
0.7549975514411926 0.37959402799606323 0.0
0.7576605677604675 0.37891414761543274 0.0
0.7580357193946838 0.37811800837516785 0.0
0.757776141166687 0.3779526948928833 0.0
0.7576901912689209 0.3776669502258301 0.0
0.7578629851341248 0.3778925836086273 0.0
0.524009108543396 0.6304007768630981 0.0
0.5337458848953247 0.6339693665504456 0.0
0.5632370710372925 0.6452374458312988 0.0
0.5195037722587585 0.6248596906661987 0.0
0.5752249360084534 0.6455916166305542 0.0
0.4960514307022095 0.6215643286705017 0.0
0.5100088715553284 0.6215705871582031 0.0
0.5859807729721069 0.6463123559951782 0.0
0.8963742852210999 0.2033059448003769 0.0
0.8942833542823792 0.20285260677337646 0.0
0.8935761451721191 0.20353035628795624 0.0
0.8928439617156982 0.20332962274551392 0.0
0.8917768597602844 0.2030760496854782 0.0
0.8916967511177063 0.20361214876174927 0.0
0.8911923766136169 0.20388908684253693 0.0
0.8904582262039185 0.2039969265460968 0.0
0.4915468096733093 0.6169539093971252 0.0
0.5975981950759888 0.648377537727356 0.0
0.898311972618103 0.20349793136119843 0.0
0.8990840315818787 0.20317761600017548 0.0
0.8970788717269897 0.20296110212802887 0.0
0.26841145753860474 0.5797188878059387 0.0
0.2700943946838379 0.5791926980018616 0.0
0.2679125666618347 0.5798749327659607 0.0
0.47472113370895386 0.6093705296516418 0.0
0.4925968647003174 0.6121649742126465 0.0
0.9007276296615601 0.20388144254684448 0.0
0.8895884156227112 0.20415472984313965 0.0
0.2829018831253052 0.5749396681785583 0.0
0.4868355989456177 0.6079344749450684 0.0
0.9018727540969849 0.2037639617919922 0.0
0.4674305319786072 0.60288405418396 0.0
0.480915904045105 0.6024001836776733 0.0
0.6307948231697083 0.6492301821708679 0.0
0.9030574560165405 0.20429356396198273 0.0
0.641563355922699 0.6510655879974365 0.0
0.3013734817504883 0.5699713230133057 0.0
0.46579235792160034 0.5937883257865906 0.0
0.6538854837417603 0.6488271951675415 0.0
0.45666468143463135 0.5882957577705383 0.0
0.31134575605392456 0.5663353800773621 0.0
0.6699568033218384 0.6495129466056824 0.0
0.687005341053009 0.6534989476203918 0.0
0.321538507938385 0.5628210306167603 0.0
0.9128798842430115 0.20881448686122894 0.0
0.8877377510070801 0.2051050066947937 0.0
0.32978445291519165 0.5573745965957642 0.0
0.32838350534439087 0.5611108541488647 0.0
0.43961578607559204 0.5777031779289246 0.0
0.7086723446846008 0.6548181772232056 0.0
0.9153186678886414 0.20979128777980804 0.0
0.33566349744796753 0.557149350643158 0.0
0.3406870365142822 0.5576083660125732 0.0
0.43182164430618286 0.5723665952682495 0.0
0.7253404855728149 0.6575934290885925 0.0
0.3484099507331848 0.5541686415672302 0.0
0.35540473461151123 0.5552647113800049 0.0
0.4275851845741272 0.5683537125587463 0.0
0.7407234907150269 0.6576074361801147 0.0
0.9212467670440674 0.2136741429567337 0.0
0.8861434459686279 0.20547033846378326 0.0
0.37300628423690796 0.5528120398521423 0.0
0.42536914348602295 0.5625416040420532 0.0
0.7604701519012451 0.6588004231452942 0.0
0.38962775468826294 0.5502826571464539 0.0
0.3997800946235657 0.552125096321106 0.0
0.7767765522003174 0.658912181854248 0.0
0.9281634092330933 0.218612939119339 0.0
0.9291433095932007 0.22185948491096497 0.0
0.38023775815963745 0.547016978263855 0.0
0.7954545617103577 0.6623088717460632 0.0
0.932510495185852 0.22392401099205017 0.0
0.8852009177207947 0.20606617629528046 0.0
0.8188570141792297 0.6651762127876282 0.0
0.8439398407936096 0.6675239205360413 0.0
0.940887451171875 0.2336118370294571 0.0
0.8710782527923584 0.6691485643386841 0.0
0.8998792767524719 0.6715295314788818 0.0
0.8836913108825684 0.20623444020748138 0.0
0.9284955263137817 0.6734537482261658 0.0
0.9802860021591187 0.6825037002563477 0.0
0.8832561373710632 0.2066747546195984 0.0
0.8823822140693665 0.20686683058738708 0.0
1.0 0.6815345883369446 0.0
0.9513118267059326 0.2562916874885559 0.0
0.9545287489891052 0.2613162696361542 0.0
0.8815748691558838 0.20722924172878265 0.0
0.9937395453453064 0.3164770305156708 0.0
0.9540882110595703 0.26816314458847046 0.0
0.9633044004440308 0.27293649315834045 0.0
0.8812217116355896 0.2080623060464859 0.0
0.9904208183288574 0.3174132704734802 0.0
0.95906001329422 0.2789680063724518 0.0
0.8799616694450378 0.20823468267917633 0.0
0.9820947647094727 0.3144358694553375 0.0
0.8789687752723694 0.20907540619373322 0.0
0.9779489636421204 0.31299036741256714 0.0
0.8782017230987549 0.21027247607707977 0.0
0.9768228530883789 0.31733763217926025 0.0
0.947039008140564 0.284594863653183 0.0
0.9757302403450012 0.32177889347076416 0.0
0.876904308795929 0.2102697789669037 0.0
0.8760263323783875 0.21129357814788818 0.0
0.9710951447486877 0.3218172490596771 0.0
0.21090877056121826 0.5118323564529419 0.0
0.21179956197738647 0.5116850137710571 0.0
0.210948646068573 0.5118263363838196 0.0
0.22411811351776123 0.5101030468940735 0.0
0.2501349449157715 0.5073572993278503 0.0
0.2372635006904602 0.5085639357566833 0.0
0.9358639121055603 0.2889392375946045 0.0
0.26424169540405273 0.5058919787406921 0.0
0.27331459522247314 0.5052316188812256 0.0
0.2885217070579529 0.5037219524383545 0.0
0.28443443775177 0.5046099424362183 0.0
0.971703290939331 0.32871219515800476 0.0
0.9691124558448792 0.33225536346435547 0.0
0.9309906959533691 0.28973013162612915 0.0
0.9262295365333557 0.29049476981163025 0.0
0.3039584755897522 0.5020057559013367 0.0
0.3320068120956421 0.5 0.0
0.3243415951728821 0.5 0.0
0.918557345867157 0.2847714126110077 0.0
0.3422970175743103 0.49545103311538696 0.0
0.357196569442749 0.48915335536003113 0.0
0.9647318124771118 0.3383704423904419 0.0
0.9116503000259399 0.2817898988723755 0.0
0.8707653880119324 0.21683166921138763 0.0
0.3652327060699463 0.48254045844078064 0.0
0.3786731958389282 0.48089438676834106 0.0
0.36997801065444946 0.48530063033103943 0.0
0.8689112663269043 0.21826334297657013 0.0
0.8684189319610596 0.22045527398586273 0.0
0.9567514061927795 0.3442716896533966 0.0
0.956323504447937 0.3504094183444977 0.0
0.4086834788322449 0.4667693078517914 0.0
0.40224575996398926 0.470218300819397 0.0
0.8941611647605896 0.2702247202396393 0.0
0.8675940632820129 0.23114736378192902 0.0
0.8879536986351013 0.26785287261009216 0.0
0.41387486457824707 0.46325257420539856 0.0
0.4217195510864258 0.4655521512031555 0.0
0.4238055348396301 0.46078476309776306 0.0
0.868651270866394 0.23584802448749542 0.0
0.8691670894622803 0.23965147137641907 0.0
0.8783926963806152 0.25794148445129395 0.0
0.869373083114624 0.24273985624313354 0.0
0.8723320364952087 0.24530889093875885 0.0
0.932303249835968 0.3512466549873352 0.0
0.8781112432479858 0.2548414170742035 0.0
0.8740458488464355 0.25219422578811646 0.0
0.8724610209465027 0.2488095611333847 0.0
0.43603426218032837 0.457731157541275 0.0
0.9138973951339722 0.3557876646518707 0.0
0.4523881673812866 0.45207902789115906 0.0
0.46307438611984253 0.44515344500541687 0.0
0.904504656791687 0.3566635847091675 0.0
0.9011589884757996 0.3606823980808258 0.0
0.48004645109176636 0.4423871636390686 0.0
0.8898488879203796 0.36075472831726074 0.0
0.8826478719711304 0.3615553677082062 0.0
0.8829222321510315 0.36615222692489624 0.0
0.5315436720848083 0.421215295791626 0.0
0.8589054346084595 0.3685111105442047 0.0
0.8571738004684448 0.37088742852211 0.0
0.5392554402351379 0.41907355189323425 0.0
0.8483774065971375 0.3712305724620819 0.0
0.8443493843078613 0.37120068073272705 0.0
0.8375742435455322 0.3699304461479187 0.0
0.5567545890808105 0.41434967517852783 0.0
0.8364617824554443 0.3707384467124939 0.0
0.8275525569915771 0.3665844202041626 0.0
0.8268123269081116 0.36622288823127747 0.0
0.8264939785003662 0.36606740951538086 0.0
0.827181875705719 0.36640337109565735 0.0
0.8263986706733704 0.3660208582878113 0.0
0.568054735660553 0.4136423170566559 0.0
0.8264462351799011 0.3660440742969513 0.0
0.5791998505592346 0.4132256805896759 0.0
0.5867084860801697 0.41032132506370544 0.0
0.6140581965446472 0.4030759930610657 0.0
0.6102620959281921 0.40742602944374084 0.0
0.6365131735801697 0.39984506368637085 0.0
0.642096221446991 0.39852726459503174 0.0
0.663627564907074 0.3973173499107361 0.0
0.6714800596237183 0.39664217829704285 0.0
0.6818674802780151 0.3933451771736145 0.0
0.6896682977676392 0.3928002417087555 0.0
0.6953509449958801 0.3911612629890442 0.0
0.7044717669487 0.3929302990436554 0.0
0.7150297164916992 0.3898598849773407 0.0
0.7240307331085205 0.39052823185920715 0.0
0.7293702960014343 0.38672563433647156 0.0
0.7306761741638184 0.3897932171821594 0.0
0.7362202405929565 0.389213889837265 0.0
0.7388803362846375 0.38464468717575073 0.0
0.7504935264587402 0.38425570726394653 0.0
0.7564228177070618 0.38435041904449463 0.0
0.7595131397247314 0.3799334466457367 0.0
0.758605420589447 0.37879469990730286 0.0
0.758212149143219 0.3783276081085205 0.0
0.758124053478241 0.3782230019569397 0.0
0.7584084868431091 0.3785608112812042 0.0
0.547518789768219 0.6330784559249878 0.0
0.5609866380691528 0.6379572153091431 0.0
0.5360326766967773 0.6282069087028503 0.0
0.5707129836082458 0.6408093571662903 0.0
0.8973317742347717 0.20386189222335815 0.0
0.8967185020446777 0.2042238712310791 0.0
0.8957834243774414 0.20392276346683502 0.0
0.8949825167655945 0.20351676642894745 0.0
0.8945087790489197 0.20390647649765015 0.0
0.892998218536377 0.20391035079956055 0.0
0.8923512697219849 0.20365609228610992 0.0
0.8919571042060852 0.20418214797973633 0.0
0.5288271307945251 0.6238312721252441 0.0
0.580950915813446 0.6405364274978638 0.0
0.8911426663398743 0.20444591343402863 0.0
0.8901762366294861 0.20443665981292725 0.0
0.5028588175773621 0.6143616437911987 0.0
0.5226170420646667 0.6192337870597839 0.0
0.5943925976753235 0.6409893035888672 0.0
0.8996701836585999 0.20403701066970825 0.0
0.2720748782157898 0.5785374045372009 0.0
0.27108484506607056 0.5788649916648865 0.0
0.5167672038078308 0.6139267683029175 0.0
0.6073881983757019 0.6439860463142395 0.0
0.9024844765663147 0.2052120566368103 0.0
0.901484489440918 0.20478755235671997 0.0
0.9006496071815491 0.20494826138019562 0.0
0.28060442209243774 0.5755268931388855 0.0
0.2837733030319214 0.5742900967597961 0.0
0.28822392225265503 0.5725530385971069 0.0
0.4996951222419739 0.6065569519996643 0.0
0.6193650364875793 0.6466984748840332 0.0
0.9039164185523987 0.2056571990251541 0.0
0.8891725540161133 0.20421279966831207 0.0
0.2894284725189209 0.5723335146903992 0.0
0.4916751980781555 0.6022381782531738 0.0
0.6274974942207336 0.6437903642654419 0.0
0.29465627670288086 0.5705046653747559 0.0
0.6385343670845032 0.6451916098594666 0.0
0.8892654180526733 0.2048271745443344 0.0
0.8887085914611816 0.20431561768054962 0.0
0.30131417512893677 0.568079948425293 0.0
0.4763675332069397 0.59678715467453 0.0
0.8882761001586914 0.204578697681427 0.0
0.3072962760925293 0.5659453272819519 0.0
0.4684455990791321 0.5853462219238281 0.0
0.4787968397140503 0.589805006980896 0.0
0.31430619955062866 0.561870813369751 0.0
0.3223963975906372 0.5589098930358887 0.0
0.45928293466567993 0.5821291208267212 0.0
0.6785748600959778 0.6449505686759949 0.0
0.9107502102851868 0.20983560383319855 0.0
0.4533131718635559 0.5771024227142334 0.0
0.4679514169692993 0.5769774913787842 0.0
0.6978588700294495 0.6451354622840881 0.0
0.44463860988616943 0.5717711448669434 0.0
0.7224935293197632 0.6493933796882629 0.0
0.9157136678695679 0.2128886580467224 0.0
0.3437597155570984 0.5526748895645142 0.0
0.43586045503616333 0.5668647885322571 0.0
0.9187340140342712 0.21483531594276428 0.0
0.8870279788970947 0.2058766484260559 0.0
0.886634349822998 0.20621630549430847 0.0
0.3509421944618225 0.5489200949668884 0.0
0.35738831758499146 0.5483774542808533 0.0
0.3685932755470276 0.5474080443382263 0.0
0.41604071855545044 0.5590736865997314 0.0
0.7443119287490845 0.6501613259315491 0.0
0.9217600226402283 0.2169807404279709 0.0
0.4128127694129944 0.5501072406768799 0.0
0.763354480266571 0.651431679725647 0.0
0.9251474142074585 0.21984818577766418 0.0
0.9266586899757385 0.22311897575855255 0.0
0.8860193490982056 0.20617488026618958 0.0
0.7819270491600037 0.6531668901443481 0.0
0.9343193769454956 0.22785207629203796 0.0
0.8860504627227783 0.20699667930603027 0.0
0.4027184844017029 0.5419347286224365 0.0
0.8024747371673584 0.6553213000297546 0.0
0.9372050166130066 0.231406569480896 0.0
0.8253785371780396 0.6575459837913513 0.0
0.884849488735199 0.20679114758968353 0.0
0.8497090339660645 0.6592119336128235 0.0
0.941220223903656 0.23839470744132996 0.0
0.8783503174781799 0.6586663722991943 0.0
0.9446337819099426 0.24191510677337646 0.0
0.8840789198875427 0.20707915723323822 0.0
0.9079506397247314 0.6653344035148621 0.0
0.9457191824913025 0.24667593836784363 0.0
0.9587507843971252 0.6728314161300659 0.0
0.883488655090332 0.20738184452056885 0.0
0.9466968178749084 0.2519991397857666 0.0
0.8830382227897644 0.2077823132276535 0.0
0.9990141987800598 0.3243787884712219 0.0
0.8822709321975708 0.20784680545330048 0.0
0.9970986843109131 0.320687860250473 0.0
0.9495924711227417 0.26062560081481934 0.0
0.9972356557846069 0.32771286368370056 0.0
0.9951193928718567 0.32534053921699524 0.0
0.9521008133888245 0.2750570476055145 0.0
0.880813479423523 0.20922428369522095 0.0
0.9958224892616272 0.33061912655830383 0.0
0.9890654683113098 0.32272574305534363 0.0
0.8804895281791687 0.2101663500070572 0.0
0.9836456179618835 0.32101714611053467 0.0
0.9488431215286255 0.27933046221733093 0.0
0.8796318173408508 0.2109248787164688 0.0
0.9850142002105713 0.32882654666900635 0.0
0.8780487775802612 0.2116030901670456 0.0
0.9412471652030945 0.2864827513694763 0.0
0.9792836904525757 0.3298269510269165 0.0
0.8769013285636902 0.2129107415676117 0.0
0.24338507652282715 0.5082117319107056 0.0
0.23377561569213867 0.5090606808662415 0.0
0.25190603733062744 0.5074589848518372 0.0
0.2480495572090149 0.5077996253967285 0.0
0.24962157011032104 0.5076607465744019 0.0
0.26307785511016846 0.5066822171211243 0.0
0.2617824077606201 0.5068513751029968 0.0
0.21752989292144775 0.51096510887146 0.0
0.2289469838142395 0.5095818638801575 0.0
0.26049375534057617 0.506485104560852 0.0
0.2720752954483032 0.5059370398521423 0.0
0.28137630224227905 0.5052878260612488 0.0
0.9838998913764954 0.34034380316734314 0.0
0.9766564965248108 0.3376018702983856 0.0
0.8753164410591125 0.21376509964466095 0.0
0.30346524715423584 0.5031133890151978 0.0
0.31568944454193115 0.5021131634712219 0.0
0.31535571813583374 0.5012547373771667 0.0
0.32568639516830444 0.501140296459198 0.0
0.3354766368865967 0.500339925289154 0.0
0.3362467288970947 0.5 0.0
0.3422700762748718 0.5 0.0
0.34693318605422974 0.5 0.0
0.974550187587738 0.3407239317893982 0.0
0.9244822263717651 0.2842939794063568 0.0
0.8737566471099854 0.21469464898109436 0.0
0.3532795310020447 0.4951237738132477 0.0
0.8721917271614075 0.2157040536403656 0.0
0.36794090270996094 0.48985666036605835 0.0
0.9776283502578735 0.3474878966808319 0.0
0.9740634560585022 0.3487750291824341 0.0
0.3791365623474121 0.4845670461654663 0.0
0.3903539776802063 0.47998666763305664 0.0
0.8722547292709351 0.21915236115455627 0.0
0.9075767993927002 0.2770937979221344 0.0
0.8708470463752747 0.2207307666540146 0.0
0.8699379563331604 0.22266338765621185 0.0
0.3999553918838501 0.4743884801864624 0.0
0.9694042801856995 0.34967389702796936 0.0
0.9027668237686157 0.2755236029624939 0.0
0.8692499399185181 0.22555941343307495 0.0
0.8993486762046814 0.2716277241706848 0.0
0.8694706559181213 0.22877883911132812 0.0
0.8912806510925293 0.26592710614204407 0.0
0.43630892038345337 0.4623018503189087 0.0
0.8874414563179016 0.26452013850212097 0.0
0.8881462812423706 0.26197025179862976 0.0
0.9535852670669556 0.35562199354171753 0.0
0.9410396218299866 0.35109320282936096 0.0
0.8827742338180542 0.258255273103714 0.0
0.8728839159011841 0.2422521561384201 0.0
0.44326311349868774 0.4596259295940399 0.0
0.8775994777679443 0.2511528730392456 0.0
0.4500325322151184 0.45713138580322266 0.0
0.46365004777908325 0.45528435707092285 0.0
0.9353212118148804 0.3581778407096863 0.0
0.4669504761695862 0.45200347900390625 0.0
0.9267546534538269 0.35853272676467896 0.0
0.4643206000328064 0.44869405031204224 0.0
0.9294076561927795 0.36407482624053955 0.0
0.918302595615387 0.3644941747188568 0.0
0.4725220799446106 0.4456658661365509 0.0
0.48763102293014526 0.44026264548301697 0.0
0.49394452571868896 0.4370283782482147 0.0
0.9033008813858032 0.3678310513496399 0.0
0.8929710388183594 0.3669126629829407 0.0
0.5020154714584351 0.4338420033454895 0.0
0.5076808333396912 0.43157434463500977 0.0
0.8945662975311279 0.37159159779548645 0.0
0.5134997963905334 0.42976340651512146 0.0
0.8762148022651672 0.3679879903793335 0.0
0.5195556282997131 0.4278983175754547 0.0
0.5244144797325134 0.42590659856796265 0.0
0.8691983819007874 0.37035128474235535 0.0
0.5341363549232483 0.4249572157859802 0.0
0.8641095161437988 0.37243130803108215 0.0
0.5398611426353455 0.42217355966567993 0.0
0.5475757718086243 0.42072492837905884 0.0
0.8555008769035339 0.37346094846725464 0.0
0.556262195110321 0.4189258813858032 0.0
0.8435933589935303 0.37277916073799133 0.0
0.5656777620315552 0.4177471101284027 0.0
0.840744137763977 0.3725150227546692 0.0
0.8326526284217834 0.3693448007106781 0.0
0.8355661630630493 0.3710189759731293 0.0
0.5963843464851379 0.4104420244693756 0.0
0.5932576656341553 0.4125206172466278 0.0
0.601108968257904 0.4077977240085602 0.0
0.6204068660736084 0.4073345363140106 0.0
0.6248024702072144 0.40455493330955505 0.0
0.6308342218399048 0.4024658501148224 0.0
0.6491935849189758 0.40160277485847473 0.0
0.6567341089248657 0.39893749356269836 0.0
0.6665565371513367 0.40093791484832764 0.0
0.6713154315948486 0.3994477093219757 0.0
0.680945873260498 0.396834135055542 0.0
0.6913808584213257 0.3968886733055115 0.0
0.6980005502700806 0.394936203956604 0.0
0.7131474614143372 0.39291220903396606 0.0
0.7114734053611755 0.39560022950172424 0.0
0.7213133573532104 0.39351072907447815 0.0
0.7407447695732117 0.3882506787776947 0.0
0.7449553608894348 0.38742128014564514 0.0
0.7492054104804993 0.3867027163505554 0.0
0.7563693523406982 0.3862474262714386 0.0
0.7586792707443237 0.3827158510684967 0.0
0.7594208121299744 0.38484084606170654 0.0
0.7584646344184875 0.38091859221458435 0.0
0.7617497444152832 0.3835248351097107 0.0
0.7610816955566406 0.3818657100200653 0.0
0.7617586255073547 0.3819066882133484 0.0
0.8957227468490601 0.2048577070236206 0.0
0.8963602185249329 0.20467406511306763 0.0
0.8951629996299744 0.20417828857898712 0.0
0.894180953502655 0.20460021495819092 0.0
0.8934471011161804 0.2045096755027771 0.0
0.8927148580551147 0.20450755953788757 0.0
0.892167866230011 0.20483645796775818 0.0
0.8916098475456238 0.20449461042881012 0.0
0.5607706308364868 0.6318120360374451 0.0
0.8981515765190125 0.20464253425598145 0.0
0.8974416851997375 0.20463523268699646 0.0
0.8916124701499939 0.20500656962394714 0.0
0.5375716686248779 0.6223394870758057 0.0
0.5445206761360168 0.6251415610313416 0.0
0.5560836791992188 0.6249061226844788 0.0
0.5730502605438232 0.6341723799705505 0.0
0.8908809423446655 0.20473705232143402 0.0
0.53286212682724 0.6177510619163513 0.0
0.5864741802215576 0.6351220011711121 0.0
0.8999742269515991 0.20497097074985504 0.0
0.8992326259613037 0.20494674146175385 0.0
0.5120616555213928 0.6078019738197327 0.0
0.526681661605835 0.6137412786483765 0.0
0.5970557928085327 0.6349507570266724 0.0
0.9016303420066833 0.20601172745227814 0.0
0.8898658156394958 0.20482981204986572 0.0
0.2858102321624756 0.573495090007782 0.0
0.2847919464111328 0.5738925337791443 0.0
0.6048265695571899 0.6381725668907166 0.0
0.6173365712165833 0.6393210887908936 0.0
0.9029322266578674 0.2066422402858734 0.0
0.2961292266845703 0.5690869092941284 0.0
0.5090245604515076 0.6027174592018127 0.0
0.9042935371398926 0.20763586461544037 0.0
0.9055885672569275 0.20658062398433685 0.0
0.9058748483657837 0.20848268270492554 0.0
0.4894099831581116 0.5954188704490662 0.0
0.5014528036117554 0.5992885231971741 0.0
0.6314560174942017 0.6387863159179688 0.0
0.8888502717018127 0.20486152172088623 0.0
0.3025044798851013 0.5661978125572205 0.0
0.6470812559127808 0.639254093170166 0.0
0.30915212631225586 0.5632516741752625 0.0
0.8886890411376953 0.20538431406021118 0.0
0.663358211517334 0.6427730917930603 0.0
0.6605877876281738 0.6341356635093689 0.0
0.32049208879470825 0.5575838685035706 0.0
0.6720572710037231 0.6389821767807007 0.0
0.4806786775588989 0.5814563632011414 0.0
0.6835067868232727 0.6392962336540222 0.0
0.3324521780014038 0.5524555444717407 0.0
0.4583114981651306 0.5708127617835999 0.0
0.8879266977310181 0.20618531107902527 0.0
0.887349009513855 0.20674514770507812 0.0
0.33936208486557007 0.5510632991790771 0.0
0.4487305283546448 0.5653859376907349 0.0
0.7120456695556641 0.6402882933616638 0.0
0.34852373600006104 0.5463060140609741 0.0
0.4392890930175781 0.560153603553772 0.0
0.7302924990653992 0.6415072083473206 0.0
0.8866346478462219 0.20672735571861267 0.0
0.3574599623680115 0.5419279336929321 0.0
0.42278867959976196 0.5542880296707153 0.0
0.4326969385147095 0.5539242625236511 0.0
0.7496343851089478 0.6433433890342712 0.0
0.9296311736106873 0.22567293047904968 0.0
0.9218700528144836 0.21966791152954102 0.0
0.37981146574020386 0.5399858951568604 0.0
0.7675922513008118 0.644962728023529 0.0
0.9312708973884583 0.22893846035003662 0.0
0.37478160858154297 0.5349966287612915 0.0
0.3905649781227112 0.5385330319404602 0.0
0.7859876155853271 0.6463626623153687 0.0
0.9339818358421326 0.23202072083950043 0.0
0.3845174312591553 0.5326831936836243 0.0
0.8067178130149841 0.646996021270752 0.0
0.9376015663146973 0.2349632978439331 0.0
0.8858121037483215 0.20776942372322083 0.0
0.8304570317268372 0.6500320434570312 0.0
0.8849497437477112 0.20774579048156738 0.0
0.8502922654151917 0.6510095596313477 0.0
0.9405022859573364 0.24339096248149872 0.0
0.8842694163322449 0.20778612792491913 0.0
0.8599783182144165 0.644378125667572 0.0
0.9046858549118042 0.6574550271034241 0.0
0.8848882913589478 0.6499744057655334 0.0
0.9300791025161743 0.6645215749740601 0.0
0.9418816566467285 0.24878989160060883 0.0
0.883882999420166 0.20821557939052582 0.0
0.9243185520172119 0.6564766764640808 0.0
0.956678569316864 0.6603802442550659 0.0
1.0 0.6713868379592896 0.0
0.9469072818756104 0.25612857937812805 0.0
0.9995661377906799 0.3331821858882904 0.0
0.8831456303596497 0.20865240693092346 0.0
0.9988541007041931 0.33095845580101013 0.0
0.9442116618156433 0.2582581341266632 0.0
1.0 0.6623948216438293 0.0
0.9464274048805237 0.26368409395217896 0.0
0.8822512626647949 0.2084817886352539 0.0
0.8823400735855103 0.2093135118484497 0.0
0.9482630491256714 0.2689528167247772 0.0
0.9977213740348816 0.33295947313308716 0.0
0.8818131685256958 0.21031306684017181 0.0
0.9457663297653198 0.2718457281589508 0.0
0.881244957447052 0.2111421525478363 0.0
0.995307981967926 0.333404541015625 0.0
0.9920902848243713 0.3317285478115082 0.0
0.9422689080238342 0.27391985058784485 0.0
0.8807809352874756 0.21184633672237396 0.0
0.9436419606208801 0.27891895174980164 0.0
0.8798004984855652 0.21225659549236298 0.0
0.9416354894638062 0.2809561491012573 0.0
0.8788744211196899 0.21307411789894104 0.0
0.9900211095809937 0.3399706780910492 0.0
0.8782410621643066 0.21397513151168823 0.0
0.2578590512275696 0.5070927739143372 0.0
0.25981950759887695 0.5069721341133118 0.0
0.2757859230041504 0.5061643719673157 0.0
0.2845664620399475 0.5056754946708679 0.0
0.29102057218551636 0.5050379037857056 0.0
0.8770292401313782 0.21427369117736816 0.0
0.2966688275337219 0.5042067170143127 0.0
0.317702054977417 0.5030338168144226 0.0
0.30902379751205444 0.5039703845977783 0.0
0.32731109857559204 0.5020177364349365 0.0
0.9322422742843628 0.2817767262458801 0.0
0.9339901804924011 0.278995543718338 0.0
0.3361783027648926 0.5009007453918457 0.0
0.9288030862808228 0.2835264801979065 0.0
0.87629234790802 0.2154543399810791 0.0
0.34395647048950195 0.5 0.0
0.35542917251586914 0.5 0.0
0.3624497056007385 0.4954926669597626 0.0
0.9926936030387878 0.35281649231910706 0.0
0.9845202565193176 0.3466905653476715 0.0
0.8747472763061523 0.21682612597942352 0.0
0.3733453154563904 0.4914518892765045 0.0
0.3799339532852173 0.4877399802207947 0.0
0.918419599533081 0.2785886824131012 0.0
0.8745454549789429 0.21881234645843506 0.0
0.8729302287101746 0.21747896075248718 0.0
0.3871843218803406 0.48409801721572876 0.0
0.9130051136016846 0.2781125009059906 0.0
0.396780788898468 0.4820016324520111 0.0
0.4017965793609619 0.4779267907142639 0.0
0.9085628986358643 0.2732163965702057 0.0
0.8725773692131042 0.2227446585893631 0.0
0.4133545160293579 0.474368691444397 0.0
0.903938353061676 0.27257198095321655 0.0
0.8721268773078918 0.2248425930738449 0.0
0.8719104528427124 0.22651152312755585 0.0
0.41195255517959595 0.47006669640541077 0.0
0.9708532691001892 0.3552195131778717 0.0
0.9006284475326538 0.2686551511287689 0.0
0.4243609309196472 0.4696536064147949 0.0
0.42712169885635376 0.4730740189552307 0.0
0.971427321434021 0.3623248338699341 0.0
0.8961846828460693 0.2675566077232361 0.0
0.8718439340591431 0.23161479830741882 0.0
0.8720704913139343 0.23483777046203613 0.0
0.873381495475769 0.23883052170276642 0.0
0.4332544803619385 0.46630123257637024 0.0
0.9460957050323486 0.3580767810344696 0.0
0.8873167037963867 0.2577967643737793 0.0
0.8766042590141296 0.24515381455421448 0.0
0.8755010366439819 0.24768561124801636 0.0
0.4521706700325012 0.461107462644577 0.0
0.8822723627090454 0.25468653440475464 0.0
0.46124494075775146 0.45845267176628113 0.0
0.9503234028816223 0.3660818934440613 0.0
0.9370205998420715 0.36339259147644043 0.0
0.47550565004348755 0.44952744245529175 0.0
0.4779050946235657 0.45362529158592224 0.0
0.9447345733642578 0.36963558197021484 0.0
0.938864529132843 0.3729343116283417 0.0
0.48292481899261475 0.4463987350463867 0.0
0.9286463260650635 0.37300509214401245 0.0
0.9159614443778992 0.369864284992218 0.0
0.4894975423812866 0.4436575770378113 0.0
0.4947843551635742 0.44137895107269287 0.0
0.5071139335632324 0.437976211309433 0.0
0.5031840205192566 0.4413301646709442 0.0
0.9043092727661133 0.3735729455947876 0.0
0.5125020146369934 0.43529608845710754 0.0
0.5164799094200134 0.43300268054008484 0.0
0.5252003073692322 0.4318837523460388 0.0
0.8888843655586243 0.37280553579330444 0.0
0.5305235981941223 0.42858245968818665 0.0
0.8820564150810242 0.3736959993839264 0.0
0.8816137313842773 0.3784435987472534 0.0
0.8709884285926819 0.375846266746521 0.0
0.5460194945335388 0.42439767718315125 0.0
0.5552184581756592 0.4227805435657501 0.0
0.8645146489143372 0.376784086227417 0.0
0.853789210319519 0.37512198090553284 0.0
0.5638485550880432 0.42153701186180115 0.0
0.8498217463493347 0.3749464154243469 0.0
0.8414728045463562 0.37393248081207275 0.0
0.8403344750404358 0.37398889660835266 0.0
0.8347132802009583 0.37060868740081787 0.0
0.8340527415275574 0.37020355463027954 0.0
0.8345333337783813 0.37049832940101624 0.0
0.834576427936554 0.37052473425865173 0.0
0.5760759711265564 0.41756612062454224 0.0
0.5904738903045654 0.414539098739624 0.0
0.606516420841217 0.41102612018585205 0.0
0.6280597448348999 0.40741509199142456 0.0
0.633400559425354 0.4059194326400757 0.0
0.640373945236206 0.40405747294425964 0.0
0.6608173847198486 0.4024902284145355 0.0
0.6793947219848633 0.3999917507171631 0.0
0.689452052116394 0.40045636892318726 0.0
0.7004512548446655 0.3980741500854492 0.0
0.7061019539833069 0.39686858654022217 0.0
0.7186449766159058 0.3963499665260315 0.0
0.7143009305000305 0.398760050535202 0.0
0.7294126152992249 0.3949102759361267 0.0
0.7258474826812744 0.39691662788391113 0.0
0.7323859930038452 0.3929518461227417 0.0
0.7372790575027466 0.39641961455345154 0.0
0.7390305399894714 0.3934553861618042 0.0
0.7438322305679321 0.3922218084335327 0.0
0.7476500272750854 0.3911512792110443 0.0
0.7511822581291199 0.39037734270095825 0.0
0.7553521990776062 0.38818663358688354 0.0
0.7604013085365295 0.38694825768470764 0.0
0.762799859046936 0.3854908049106598 0.0
0.7655449509620667 0.3859703540802002 0.0
0.7638837099075317 0.38423866033554077 0.0
0.7640483975410461 0.38388791680336 0.0
0.7638370990753174 0.38361629843711853 0.0
0.7633314728736877 0.38320043683052063 0.0
0.7635838985443115 0.3834080696105957 0.0
0.8953564167022705 0.20539215207099915 0.0
0.8949254751205444 0.20475226640701294 0.0
0.8938987851142883 0.20523935556411743 0.0
0.8932831883430481 0.20516449213027954 0.0
0.8927515149116516 0.20517989993095398 0.0
0.8965408802032471 0.20540635287761688 0.0
0.8970665335655212 0.20504958927631378 0.0
0.8923884034156799 0.20552599430084229 0.0
0.8979291915893555 0.20544882118701935 0.0
0.8912966847419739 0.20535220205783844 0.0
0.5665753483772278 0.6282066702842712 0.0
0.8986763954162598 0.20545655488967896 0.0
0.8906350135803223 0.20511659979820251 0.0
0.5769625306129456 0.6266154646873474 0.0
0.5819210410118103 0.6312363743782043 0.0
0.9003530144691467 0.20591343939304352 0.0
0.5454553365707397 0.6167842745780945 0.0
0.5669124722480774 0.6228723526000977 0.0
0.5919575691223145 0.6285222172737122 0.0
0.9030927419662476 0.20805731415748596 0.0
0.9022351503372192 0.2071913778781891 0.0
0.2869662642478943 0.573043942451477 0.0
0.28729963302612305 0.5729137659072876 0.0
0.2873803377151489 0.5728822946548462 0.0
0.5245250463485718 0.6072776317596436 0.0
0.5351120233535767 0.6111593842506409 0.0
0.6073621511459351 0.6319510340690613 0.0
0.287431001663208 0.5728625059127808 0.0
0.2878267168998718 0.572708010673523 0.0
0.2924386262893677 0.5706207752227783 0.0
0.2966528534889221 0.5686888098716736 0.0
0.5171594619750977 0.6027389764785767 0.0
0.8897832036018372 0.2055421620607376 0.0
0.3047754764556885 0.5644658207893372 0.0
0.5128722190856934 0.5978871583938599 0.0
0.6225798726081848 0.6323302388191223 0.0
0.8891989588737488 0.20527207851409912 0.0
0.5049640536308289 0.5915320515632629 0.0
0.6359990239143372 0.632497251033783 0.0
0.30894166231155396 0.5623336434364319 0.0
0.4919363260269165 0.586439311504364 0.0
0.6471830010414124 0.6315100789070129 0.0
0.8893314599990845 0.20580056309700012 0.0
0.8889625072479248 0.20635759830474854 0.0
0.31384599208831787 0.5595439076423645 0.0
0.5044400095939636 0.5826206803321838 0.0
0.3166143298149109 0.5587639808654785 0.0
0.32232666015625 0.5549765229225159 0.0
0.49355196952819824 0.5778580904006958 0.0
0.6761662364006042 0.632966935634613 0.0
0.3277903199195862 0.5525985360145569 0.0
0.48263019323349 0.5722022652626038 0.0
0.470550537109375 0.5695272088050842 0.0
0.6949396133422852 0.6341090798377991 0.0
0.8879944086074829 0.20694513618946075 0.0
0.3364207148551941 0.5469359755516052 0.0
0.33967411518096924 0.547152578830719 0.0
0.4632986783981323 0.5632688999176025 0.0
0.34621381759643555 0.5434990525245667 0.0
0.45195603370666504 0.5584478974342346 0.0
0.7166722416877747 0.631975531578064 0.0
0.9188336133956909 0.21802033483982086 0.0
0.8870770931243896 0.2074110060930252 0.0
0.3539702892303467 0.5387849807739258 0.0
0.4441177248954773 0.5529452562332153 0.0
0.7389329671859741 0.6349815726280212 0.0
0.9259146451950073 0.22553415596485138 0.0
0.9234820008277893 0.22261486947536469 0.0
0.9203065037727356 0.221031054854393 0.0
0.9178099632263184 0.220062255859375 0.0
0.9154170155525208 0.21809916198253632 0.0
0.4288744330406189 0.5456612706184387 0.0
0.4388282895088196 0.5474552512168884 0.0
0.4558832049369812 0.5513939261436462 0.0
0.462352454662323 0.5562820434570312 0.0
0.7555790543556213 0.6380770206451416 0.0
0.8867260217666626 0.2079605758190155 0.0
0.36079293489456177 0.534431517124176 0.0
0.3665340542793274 0.534075140953064 0.0
0.4137091040611267 0.5372210144996643 0.0
0.4229279160499573 0.5385757088661194 0.0
0.7706820964813232 0.6381117105484009 0.0
0.930645227432251 0.23105351626873016 0.0
0.3668033480644226 0.5265331864356995 0.0
0.3747185468673706 0.5246481895446777 0.0
0.3837363123893738 0.524240255355835 0.0
0.39299511909484863 0.526951014995575 0.0
0.4020344018936157 0.5315775871276855 0.0
0.7875005006790161 0.639724612236023 0.0
0.9349101781845093 0.2357320636510849 0.0
0.9316173195838928 0.23443111777305603 0.0
0.8865498304367065 0.20859472453594208 0.0
0.7986301779747009 0.6367331743240356 0.0
0.8166788220405579 0.6422088146209717 0.0
0.9373106360435486 0.23889753222465515 0.0
0.8857747912406921 0.20853258669376373 0.0
0.8335115909576416 0.6414343118667603 0.0
0.8849400281906128 0.20862522721290588 0.0
0.9375223517417908 0.24639999866485596 0.0
0.8843436241149902 0.20916669070720673 0.0
0.9041008353233337 0.649200975894928 0.0
0.9429005980491638 0.25351443886756897 0.0
0.9269604086875916 0.6507313251495361 0.0
1.0 0.6590679287910461 0.0
0.8837726712226868 0.2097688913345337 0.0
1.0 0.6593623161315918 0.0
0.9394845366477966 0.25510522723197937 0.0
0.943075954914093 0.2661098539829254 0.0
0.883238673210144 0.2105439454317093 0.0
1.0 0.6579195261001587 0.0
0.8826713562011719 0.21135063469409943 0.0
0.8820461630821228 0.21209675073623657 0.0
1.0 0.6605687141418457 0.0
0.9403098821640015 0.2684828042984009 0.0
0.8812674283981323 0.21276836097240448 0.0
1.0 0.6569156646728516 0.0
0.8803470134735107 0.21328702569007874 0.0
1.0 0.6571070551872253 0.0
0.9381040930747986 0.2751424014568329 0.0
0.8800238966941833 0.21438907086849213 0.0
0.26593905687332153 0.5066602230072021 0.0
0.2638612985610962 0.5067557692527771 0.0
0.26957446336746216 0.5064930319786072 0.0
0.26816946268081665 0.5065575838088989 0.0
0.2817873954772949 0.5061696767807007 0.0
0.290782630443573 0.5059444904327393 0.0
0.29571354389190674 0.5055559277534485 0.0
0.9373164772987366 0.2789388597011566 0.0
0.8784856200218201 0.21526771783828735 0.0
0.30215978622436523 0.5048618912696838 0.0
0.31341850757598877 0.5048009753227234 0.0
0.3193187713623047 0.5039137005805969 0.0
0.3384609818458557 0.5017275810241699 0.0
0.32956427335739136 0.5031691193580627 0.0
0.34656286239624023 0.5 0.0
0.34917306900024414 0.5014453530311584 0.0
0.35694068670272827 0.5 0.0
0.36574262380599976 0.5 0.0
0.9933263659477234 0.3484959602355957 0.0
0.36685824394226074 0.49715638160705566 0.0
0.37714821100234985 0.4961507022380829 0.0
0.3747686743736267 0.4937868118286133 0.0
0.926040768623352 0.2776864171028137 0.0
0.8778756260871887 0.21642546355724335 0.0
0.8767704367637634 0.21699336171150208 0.0
0.38274919986724854 0.49002814292907715 0.0
0.38789278268814087 0.49193522334098816 0.0
0.3926343321800232 0.48834630846977234 0.0
0.9927781224250793 0.35661062598228455 0.0
0.9229103326797485 0.27864670753479004 0.0
0.8767545223236084 0.21865466237068176 0.0
0.39019811153411865 0.4861544072628021 0.0
0.40389883518218994 0.4844059944152832 0.0
0.9861548542976379 0.3522467017173767 0.0
0.9873740673065186 0.3566628098487854 0.0
0.4082068204879761 0.47935742139816284 0.0
0.41497552394866943 0.48056837916374207 0.0
0.913292407989502 0.27345913648605347 0.0
0.8745291233062744 0.22064165771007538 0.0
0.872976541519165 0.22115324437618256 0.0
0.4197097420692444 0.47696033120155334 0.0
0.9840987324714661 0.35907503962516785 0.0
0.8746905326843262 0.22247423231601715 0.0
0.42916929721832275 0.4757160544395447 0.0
0.43769288063049316 0.473473459482193 0.0
0.9853447675704956 0.3654766082763672 0.0
0.8723397850990295 0.2287539690732956 0.0
0.9047631025314331 0.26917293667793274 0.0
0.9014102816581726 0.265686571598053 0.0
0.8748714327812195 0.23194058239459991 0.0
0.8749464154243469 0.23432637751102448 0.0
0.43864554166793823 0.4693693518638611 0.0
0.8976582884788513 0.26501983404159546 0.0
0.893427848815918 0.26378363370895386 0.0
0.9625626802444458 0.3651460111141205 0.0
0.9842056035995483 0.3745383322238922 0.0
0.8912133574485779 0.2606711685657501 0.0
0.8766191005706787 0.24208153784275055 0.0
0.4458356499671936 0.46511024236679077 0.0
0.8857532739639282 0.25435858964920044 0.0
0.8821660876274109 0.2516525089740753 0.0
0.8791438937187195 0.24851182103157043 0.0
0.4868398904800415 0.4498448073863983 0.0
0.49162304401397705 0.44675934314727783 0.0
0.49847549200057983 0.44461843371391296 0.0
0.9300532937049866 0.37858232855796814 0.0
0.9167167544364929 0.37601953744888306 0.0
0.5124324560165405 0.441264808177948 0.0
0.5174126625061035 0.43884485960006714 0.0
0.9155061841011047 0.3811197578907013 0.0
0.523705005645752 0.4361293315887451 0.0
0.9022811055183411 0.378195583820343 0.0
0.5365467071533203 0.43557432293891907 0.0
0.5370132923126221 0.4317290186882019 0.0
0.8927382230758667 0.37882500886917114 0.0
0.5436570644378662 0.4287128150463104 0.0
0.5552963018417358 0.42695483565330505 0.0
0.5621108412742615 0.4246435761451721 0.0
0.5710253715515137 0.42482855916023254 0.0
0.859134316444397 0.37772417068481445 0.0
0.5731799006462097 0.42116492986679077 0.0
0.8557197451591492 0.37828218936920166 0.0
0.8530986309051514 0.37906187772750854 0.0
0.8484965562820435 0.37665796279907227 0.0
0.8445643186569214 0.37521228194236755 0.0
0.8449798822402954 0.37726157903671265 0.0
0.8401303291320801 0.37425678968429565 0.0
0.8370527625083923 0.372116357088089 0.0
0.5867100954055786 0.41784945130348206 0.0
0.5982366800308228 0.41844305396080017 0.0
0.6008844375610352 0.4143263101577759 0.0
0.6180862188339233 0.4110402762889862 0.0
0.6270430684089661 0.4099322259426117 0.0
0.6344752907752991 0.4090227782726288 0.0
0.6419093608856201 0.4078028202056885 0.0
0.6505464911460876 0.4066504240036011 0.0
0.660614013671875 0.4059852063655853 0.0
0.671343207359314 0.4053105115890503 0.0
0.676226019859314 0.40253472328186035 0.0
0.6878274083137512 0.4040592312812805 0.0
0.6992014646530151 0.400654137134552 0.0
0.7075284123420715 0.40023013949394226 0.0
0.7244707345962524 0.40042105317115784 0.0
0.7338636517524719 0.39951351284980774 0.0
0.7477587461471558 0.39648276567459106 0.0
0.7517450451850891 0.3952232003211975 0.0
0.7546892166137695 0.39395788311958313 0.0
0.7567903399467468 0.39302340149879456 0.0
0.7556803822517395 0.3907005488872528 0.0
0.7607796788215637 0.3898223638534546 0.0
0.7614888548851013 0.3887691795825958 0.0
0.7659170627593994 0.39009153842926025 0.0
0.764177143573761 0.38768190145492554 0.0
0.7668946385383606 0.3860553205013275 0.0
0.7668013572692871 0.3857647478580475 0.0
0.7674195766448975 0.3861556351184845 0.0
0.7677692770957947 0.3863767385482788 0.0
0.7671111226081848 0.3859606087207794 0.0
0.8941230773925781 0.20582321286201477 0.0
0.8946980237960815 0.2055862694978714 0.0
0.893668532371521 0.2056480497121811 0.0
0.8959944844245911 0.2057473510503769 0.0
0.893191397190094 0.2057618498802185 0.0
0.8986762762069702 0.20617364346981049 0.0
0.8994140625 0.20610013604164124 0.0
0.8973795175552368 0.2059837430715561 0.0
0.8918439149856567 0.2055731862783432 0.0
0.9002336263656616 0.2071632742881775 0.0
0.9013518691062927 0.20724833011627197 0.0
0.8911088109016418 0.20573583245277405 0.0
0.9021934270858765 0.2079302966594696 0.0
0.5613474249839783 0.6155524849891663 0.0
0.9048354029655457 0.2093748301267624 0.0
0.9039318561553955 0.2086227685213089 0.0
0.5746146440505981 0.6187207102775574 0.0
0.5435608625411987 0.6085620522499084 0.0
0.5360115766525269 0.6038954257965088 0.0
0.5521285533905029 0.6095719337463379 0.0
0.5852541327476501 0.6217251420021057 0.0
0.5984140634536743 0.6198758482933044 0.0
0.3016698360443115 0.5660804510116577 0.0
0.30360883474349976 0.5650723576545715 0.0
0.29665297269821167 0.5686888098716736 0.0
0.29665303230285645 0.5686888694763184 0.0
0.5251480340957642 0.5987644195556641 0.0
0.6145118474960327 0.6242879629135132 0.0
0.9061369895935059 0.20992307364940643 0.0
0.9056053161621094 0.21090209484100342 0.0
0.3041926622390747 0.5647688508033752 0.0
0.6282545924186707 0.6268625855445862 0.0
0.9070842266082764 0.2114502340555191 0.0
0.9073143005371094 0.20961906015872955 0.0
0.31046080589294434 0.5610214471817017 0.0
0.31433266401290894 0.558682382106781 0.0
0.6395342350006104 0.6253936886787415 0.0
0.6534866094589233 0.6252945065498352 0.0
0.32043296098709106 0.5549514293670654 0.0
0.6668342351913452 0.6267861127853394 0.0
0.8885521292686462 0.2070402204990387 0.0
0.32734787464141846 0.5504006743431091 0.0
0.6819857954978943 0.6239199638366699 0.0
0.9093491435050964 0.21457737684249878 0.0
0.9101888537406921 0.2136634886264801 0.0
0.910836935043335 0.21604560315608978 0.0
0.8881238102912903 0.20772206783294678 0.0
0.3339446187019348 0.5460996627807617 0.0
0.4791034460067749 0.5635760426521301 0.0
0.48797523975372314 0.5665274858474731 0.0
0.34384018182754517 0.5415005683898926 0.0
0.47170764207839966 0.5575209856033325 0.0
0.700029194355011 0.6256363391876221 0.0
0.9129535555839539 0.21638807654380798 0.0
0.914231538772583 0.21491312980651855 0.0
0.3406917452812195 0.5410891175270081 0.0
0.7132330536842346 0.622067928314209 0.0
0.731272280216217 0.626177966594696 0.0
0.9280468821525574 0.22865629196166992 0.0
0.9248369932174683 0.22775237262248993 0.0
0.9232065677642822 0.22538048028945923 0.0
0.9213516712188721 0.2234240621328354 0.0
0.8875061869621277 0.2081468254327774 0.0
0.3514910936355591 0.5358115434646606 0.0
0.4491018056869507 0.5454307794570923 0.0
0.4696301221847534 0.5496575236320496 0.0
0.35693085193634033 0.5264149904251099 0.0
0.3592532277107239 0.5304922461509705 0.0
0.44150620698928833 0.5390443801879883 0.0
0.7530313730239868 0.6298162937164307 0.0
0.928472101688385 0.23181656002998352 0.0
0.42059338092803955 0.5317021012306213 0.0
0.4321080446243286 0.5367588996887207 0.0
0.7761757969856262 0.6304725408554077 0.0
0.36528563499450684 0.5209898948669434 0.0
0.3819093704223633 0.5145896673202515 0.0
0.402690052986145 0.521680474281311 0.0
0.39298373460769653 0.5135390162467957 0.0
0.4130612015724182 0.5269731283187866 0.0
0.423519492149353 0.5255893468856812 0.0
0.42865562438964844 0.5306872725486755 0.0
0.9337529540061951 0.23836219310760498 0.0
0.8864759206771851 0.20916885137557983 0.0
0.3743387460708618 0.5142526626586914 0.0
0.40370261669158936 0.5135638117790222 0.0
0.8131830096244812 0.6345652341842651 0.0
0.935783863067627 0.24223439395427704 0.0
0.88596111536026 0.20936675369739532 0.0
0.38412511348724365 0.5 0.0
0.40093308687210083 0.5070328116416931 0.0
0.41048580408096313 0.5175501108169556 0.0
0.8248171806335449 0.6338221430778503 0.0
0.8136762380599976 0.6263312101364136 0.0
0.37753909826278687 0.5 0.0
0.393512487411499 0.5 0.0
0.8379745483398438 0.6323201656341553 0.0
0.8853675723075867 0.20970499515533447 0.0
0.8779765963554382 0.640221357345581 0.0
0.9385692477226257 0.25067541003227234 0.0
0.8848055601119995 0.21006539463996887 0.0
0.9064048528671265 0.6411176323890686 0.0
0.9435856342315674 0.6471297740936279 0.0
0.9708889722824097 0.6494550704956055 0.0
0.9402348399162292 0.26035621762275696 0.0
0.8845705986022949 0.21081380546092987 0.0
0.9794145822525024 0.6500698924064636 0.0
0.8840568661689758 0.21159102022647858 0.0
0.8834590911865234 0.212324321269989 0.0
0.9763286709785461 0.6448875665664673 0.0
0.882810652256012 0.2131378948688507 0.0
0.9895689487457275 0.6516412496566772 0.0
0.9788954257965088 0.6443890333175659 0.0
0.9371261596679688 0.2697649598121643 0.0
0.881890594959259 0.21402862668037415 0.0
0.9822666645050049 0.6441928148269653 0.0
0.9910327196121216 0.6484752297401428 0.0
0.381509006023407 0.49828729033470154 0.0
0.39239031076431274 0.49609777331352234 0.0
0.3887737989425659 0.49824970960617065 0.0
0.3993076682090759 0.49654704332351685 0.0
0.4027364253997803 0.49485892057418823 0.0
0.409393310546875 0.495002806186676 0.0
0.9330974221229553 0.26950663328170776 0.0
0.2863539457321167 0.506122350692749 0.0
0.28923922777175903 0.5060924887657166 0.0
0.3000065088272095 0.5059438347816467 0.0
0.29821789264678955 0.5060669779777527 0.0
0.3062586784362793 0.505585789680481 0.0
0.3095242977142334 0.5063334703445435 0.0
0.317058265209198 0.505811333656311 0.0
0.3354055881500244 0.5040464997291565 0.0
0.3254196047782898 0.5047383308410645 0.0
0.34151166677474976 0.5028846859931946 0.0
0.3599366545677185 0.5012283325195312 0.0
0.3510451316833496 0.5028377771377563 0.0
0.3738846778869629 0.4985339045524597 0.0
0.3714037537574768 0.5 0.0
0.36544865369796753 0.5 0.0
0.3829125761985779 0.4967014193534851 0.0
0.26835107803344727 0.5065492987632751 0.0
0.26896166801452637 0.5065211653709412 0.0
0.2756810188293457 0.5063313245773315 0.0
0.4009961485862732 0.49355608224868774 0.0
0.9903028607368469 0.6442028880119324 0.0
1.0 0.6486527323722839 0.0
0.8803290128707886 0.21574090421199799 0.0
0.8796652555465698 0.21687112748622894 0.0
0.39006179571151733 0.4943658113479614 0.0
0.9317799806594849 0.2733018696308136 0.0
1.0 0.6411659121513367 0.0
0.9281929135322571 0.2749377191066742 0.0
0.8783475160598755 0.21777023375034332 0.0
0.39982420206069946 0.49153247475624084 0.0
0.40078413486480713 0.4887116849422455 0.0
1.0 0.6339675188064575 0.0
0.4125874638557434 0.48636192083358765 0.0
0.9222645163536072 0.27533429861068726 0.0
0.4182141423225403 0.48302486538887024 0.0
1.0 0.6353140473365784 0.0
0.8760682344436646 0.220150426030159 0.0
0.9181338548660278 0.2729261517524719 0.0
0.4263993501663208 0.4791821539402008 0.0
1.0 0.6329181790351868 0.0
0.8749798536300659 0.22472970187664032 0.0
0.8765180706977844 0.22367945313453674 0.0
1.0 0.6294617056846619 0.0
0.9088352918624878 0.2688930332660675 0.0
0.8742976784706116 0.22717486321926117 0.0
0.875589907169342 0.23002953827381134 0.0
0.44918572902679443 0.4714374542236328 0.0
0.8773596882820129 0.2343275249004364 0.0
0.8775374293327332 0.23607812821865082 0.0
0.4532753825187683 0.4678274393081665 0.0
0.8986073136329651 0.26289528608322144 0.0
0.8793804049491882 0.23828844726085663 0.0
0.8779022097587585 0.2400251179933548 0.0
0.8759414553642273 0.23707397282123566 0.0
0.8948930501937866 0.26122865080833435 0.0
0.46201688051223755 0.4643871486186981 0.0
0.4673926830291748 0.4606946110725403 0.0
0.47625958919525146 0.46268802881240845 0.0
0.9684327244758606 0.37370651960372925 0.0
0.8913214206695557 0.25833091139793396 0.0
0.8792056441307068 0.24411630630493164 0.0
0.880704402923584 0.24655050039291382 0.0
0.8888245224952698 0.2561071217060089 0.0
0.8882505297660828 0.2540495693683624 0.0
0.885417103767395 0.2519167959690094 0.0
0.8828310370445251 0.24939638376235962 0.0
0.47267967462539673 0.4575860798358917 0.0
0.47858965396881104 0.4598102569580078 0.0
0.9580702185630798 0.3735451400279999 0.0
0.4853277802467346 0.45701226592063904 0.0
0.49211937189102173 0.4531738758087158 0.0
0.9565048217773438 0.37761181592941284 0.0
0.49928975105285645 0.44899287819862366 0.0
0.955642580986023 0.3825492560863495 0.0
0.9424580335617065 0.3803020119667053 0.0
0.5114283561706543 0.44545575976371765 0.0
0.5225496888160706 0.44248321652412415 0.0
0.5257559418678284 0.4394838809967041 0.0
0.5319857001304626 0.4384133219718933 0.0
0.9129512906074524 0.3845400810241699 0.0
0.9047318696975708 0.38477763533592224 0.0
0.5495403409004211 0.43374624848365784 0.0
0.8941619396209717 0.38470223546028137 0.0
0.5535051226615906 0.4304480254650116 0.0
0.8849730491638184 0.38444027304649353 0.0
0.8749550580978394 0.3813459277153015 0.0
0.5656558275222778 0.4277234971523285 0.0
0.8717474937438965 0.3848368525505066 0.0
0.8690842390060425 0.38116177916526794 0.0
0.8650891780853271 0.38196226954460144 0.0
0.5785729289054871 0.4239535331726074 0.0
0.8599737286567688 0.3808636963367462 0.0
0.8574212193489075 0.381860613822937 0.0
0.8509239554405212 0.37983429431915283 0.0
0.847663402557373 0.3778666853904724 0.0
0.5849300622940063 0.42210450768470764 0.0
0.8432775139808655 0.376715749502182 0.0
0.838870108127594 0.37338030338287354 0.0
0.8394664525985718 0.3737950623035431 0.0
0.5933388471603394 0.4209408164024353 0.0
0.610045850276947 0.4180486500263214 0.0
0.6131273508071899 0.4143172800540924 0.0
0.6221127510070801 0.41398078203201294 0.0
0.6265785098075867 0.41243645548820496 0.0
0.6338050961494446 0.41189831495285034 0.0
0.6419366598129272 0.41097837686538696 0.0
0.6502682566642761 0.4102151393890381 0.0
0.6605685949325562 0.41039374470710754 0.0
0.6710579991340637 0.4098137617111206 0.0
0.6817744374275208 0.4059903621673584 0.0
0.6985540390014648 0.4039064645767212 0.0
0.7081413865089417 0.403641939163208 0.0
0.7167928218841553 0.402601033449173 0.0
0.7431137561798096 0.4004916846752167 0.0
0.743919849395752 0.397566020488739 0.0
0.7614050507545471 0.39200228452682495 0.0
0.7649808526039124 0.3909994959831238 0.0
0.7677186131477356 0.38825365900993347 0.0
0.7696956992149353 0.3905361294746399 0.0
0.7700573205947876 0.3884071707725525 0.0
0.7708091735839844 0.3882986903190613 0.0
0.8961443305015564 0.20658749341964722 0.0
0.8954790830612183 0.2060382217168808 0.0
0.8951013088226318 0.2063138633966446 0.0
0.8938485980033875 0.20615197718143463 0.0
0.8986001014709473 0.20688779652118683 0.0
0.8993068337440491 0.20694877207279205 0.0
0.8991181254386902 0.2076047658920288 0.0
0.89811110496521 0.20624873042106628 0.0
0.8967029452323914 0.2062213122844696 0.0
0.8973304629325867 0.2067720890045166 0.0
0.8929057121276855 0.20620962977409363 0.0
0.8997990489006042 0.20777755975723267 0.0
0.8922509551048279 0.20605222880840302 0.0
0.9017680883407593 0.20833748579025269 0.0
0.901003897190094 0.20806989073753357 0.0
0.8916743397712708 0.20588773488998413 0.0
0.9025391936302185 0.2087605595588684 0.0
0.8914992809295654 0.2061918079853058 0.0
0.8910061120986938 0.20625227689743042 0.0
0.90444415807724 0.21065141260623932 0.0
0.9035427570343018 0.20939061045646667 0.0
0.8903864026069641 0.2060868889093399 0.0
0.8906598091125488 0.20656892657279968 0.0
0.5620012879371643 0.6053791046142578 0.0
0.5851432085037231 0.6146681904792786 0.0
0.537874698638916 0.5964241027832031 0.0
0.5483614206314087 0.6022285223007202 0.0
0.5732223987579346 0.6107890009880066 0.0
0.8899537324905396 0.20647308230400085 0.0
0.30380934476852417 0.5649681687355042 0.0
0.3042914867401123 0.5647174715995789 0.0
0.30761903524398804 0.562743067741394 0.0
0.517653226852417 0.5930465459823608 0.0
0.5278663039207458 0.5909631252288818 0.0
0.58376145362854 0.6068216562271118 0.0
0.5963777899742126 0.6102756857872009 0.0
0.6126646995544434 0.6130924224853516 0.0
0.31332600116729736 0.559269905090332 0.0
0.5166358947753906 0.5864270329475403 0.0
0.6281925439834595 0.6191989779472351 0.0
0.8895912170410156 0.2069932520389557 0.0
0.8891767263412476 0.20716805756092072 0.0
0.3217921257019043 0.5533459186553955 0.0
0.5047059059143066 0.5752172470092773 0.0
0.5156987905502319 0.578082263469696 0.0
0.6439964771270752 0.6159761548042297 0.0
0.6638146638870239 0.6172166466712952 0.0
0.8890935778617859 0.20778249204158783 0.0
0.32754456996917725 0.548909604549408 0.0
0.4971979856491089 0.5688351392745972 0.0
0.9086725115776062 0.2129620611667633 0.0
0.3331946134567261 0.5445229411125183 0.0
0.9088557958602905 0.21624499559402466 0.0
0.33849912881851196 0.5405187010765076 0.0
0.4838692545890808 0.5538781881332397 0.0
0.6795310974121094 0.614547848701477 0.0
0.6963256597518921 0.616720974445343 0.0
0.9260866045951843 0.23004776239395142 0.0
0.9210077524185181 0.22528596222400665 0.0
0.918830394744873 0.22263076901435852 0.0
0.9162176251411438 0.22085458040237427 0.0
0.9130308032035828 0.21858833730220795 0.0
0.8882074356079102 0.2087591588497162 0.0
0.34306883811950684 0.5367646217346191 0.0
0.34784412384033203 0.5343188643455505 0.0
0.7117812037467957 0.6149179935455322 0.0
0.7264928817749023 0.6177322864532471 0.0
0.9141104817390442 0.2203003168106079 0.0
0.8873738050460815 0.20874491333961487 0.0
0.3458731174468994 0.5320716500282288 0.0
0.460193932056427 0.5444875359535217 0.0
0.7420304417610168 0.6212847232818604 0.0
0.8872112035751343 0.20937404036521912 0.0
0.35164839029312134 0.5268521308898926 0.0
0.45618999004364014 0.5365878939628601 0.0
0.7591962218284607 0.6206945776939392 0.0
0.9287756681442261 0.23449094593524933 0.0
0.43859052658081055 0.5303703546524048 0.0
0.4480259418487549 0.5313835144042969 0.0
0.9304766654968262 0.23745791614055634 0.0
0.8869770169258118 0.21003873646259308 0.0
0.35775208473205566 0.5202206373214722 0.0
0.36427706480026245 0.5165522694587708 0.0
0.4211515188217163 0.5171357989311218 0.0
0.43332988023757935 0.5219505429267883 0.0
0.4476073980331421 0.5230045318603516 0.0
0.7745000123977661 0.6230307817459106 0.0
0.7913957834243774 0.6259524822235107 0.0
0.9321287274360657 0.2410663664340973 0.0
0.3705834746360779 0.5114637017250061 0.0
0.9336671829223633 0.24481108784675598 0.0
0.886285662651062 0.2102372795343399 0.0
0.3630678653717041 0.5138105750083923 0.0
0.3717162609100342 0.5071879625320435 0.0
0.3856080174446106 0.5 0.0
0.4112316370010376 0.5088398456573486 0.0
0.431499719619751 0.5132452845573425 0.0
0.9351612329483032 0.24819497764110565 0.0
0.8858239054679871 0.21088029444217682 0.0
0.36679816246032715 0.5090917348861694 0.0
0.37982678413391113 0.5 0.0
0.4034624695777893 0.5 0.0
0.3728099465370178 0.5053516626358032 0.0
0.3797299265861511 0.501771092414856 0.0
0.3855059742927551 0.5 0.0
0.3944379687309265 0.49984481930732727 0.0
0.8564288020133972 0.6303866505622864 0.0
0.8783368468284607 0.6313339471817017 0.0
0.934865415096283 0.25179585814476013 0.0
0.885468065738678 0.21198928356170654 0.0
0.36920779943466187 0.506039023399353 0.0
0.900112509727478 0.6324695944786072 0.0
0.9186142683029175 0.6388736963272095 0.0
0.9364297389984131 0.256176620721817 0.0
0.3764994144439697 0.5027416348457336 0.0
0.3835345506668091 0.5 0.0
0.3887389898300171 0.5 0.0
0.9244283437728882 0.6358091831207275 0.0
0.9471138715744019 0.6427189707756042 0.0
0.8846316337585449 0.2124733328819275 0.0
0.37191474437713623 0.5034478902816772 0.0
0.3910052180290222 0.4996071755886078 0.0
0.3985341191291809 0.4993438124656677 0.0
0.9480353593826294 0.6387098431587219 0.0
0.9378859400749207 0.26374414563179016 0.0
0.934697151184082 0.2589903771877289 0.0
0.8843275904655457 0.21331684291362762 0.0
0.3812505602836609 0.5 0.0
0.4005899429321289 0.49863871932029724 0.0
0.9580731391906738 0.6380661725997925 0.0
0.36588215827941895 0.5041248798370361 0.0
0.3737562894821167 0.50162273645401 0.0
0.3956504464149475 0.4984420835971832 0.0
0.9362758994102478 0.26602184772491455 0.0
0.883765697479248 0.21436455845832825 0.0
0.366372287273407 0.5023712515830994 0.0
0.38305991888046265 0.5 0.0
0.407415509223938 0.4974474608898163 0.0
0.3734894394874573 0.5 0.0
0.4056752920150757 0.4966093599796295 0.0
0.41592323780059814 0.495665967464447 0.0
0.4161171317100525 0.4969790279865265 0.0
0.34341394901275635 0.5042906999588013 0.0
0.3436797261238098 0.5063438415527344 0.0
0.33521395921707153 0.5053887367248535 0.0
0.3517445921897888 0.5045183897018433 0.0
0.35923391580581665 0.5027642250061035 0.0
0.35927170515060425 0.5044602751731873 0.0
0.3661174774169922 0.5012930631637573 0.0
0.37973546981811523 0.5 0.0
0.9332480430603027 0.26596182584762573 0.0
0.2932963967323303 0.5060809254646301 0.0
0.2912696599960327 0.5060867071151733 0.0
0.3034583330154419 0.5061911344528198 0.0
0.3208191394805908 0.5067875385284424 0.0
0.32677561044692993 0.5061941742897034 0.0
0.4210929274559021 0.4932599663734436 0.0
0.42629480361938477 0.49434345960617065 0.0
0.8820292949676514 0.21551504731178284 0.0
0.2878487706184387 0.5061069130897522 0.0
0.4108554720878601 0.49317657947540283 0.0
0.9801329374313354 0.6386324763298035 0.0
0.8815426230430603 0.2168664038181305 0.0
0.4100627899169922 0.4913414716720581 0.0
0.9800859093666077 0.6343106627464294 0.0
0.9294560551643372 0.2683466374874115 0.0
0.881160318851471 0.217881441116333 0.0
0.4199795722961426 0.4911936819553375 0.0
0.9882481098175049 0.6368533372879028 0.0
0.880196750164032 0.21851332485675812 0.0
0.4182446599006653 0.48956167697906494 0.0
0.9856160879135132 0.628950297832489 0.0
0.4102831482887268 0.4891643524169922 0.0
0.8790741562843323 0.21948735415935516 0.0
0.4211888909339905 0.48741206526756287 0.0
0.9223359227180481 0.2722436487674713 0.0
0.9242708683013916 0.2693730294704437 0.0
0.42304497957229614 0.48500463366508484 0.0
0.8779574036598206 0.22066333889961243 0.0
0.9872087240219116 0.6228556036949158 0.0
0.8767486214637756 0.22200146317481995 0.0
0.43044209480285645 0.48240017890930176 0.0
0.4384228587150574 0.4791449010372162 0.0
0.9911275506019592 0.6239703893661499 0.0
0.9129847884178162 0.2690930664539337 0.0
0.4355665445327759 0.4765331447124481 0.0
0.8778830766677856 0.22538065910339355 0.0
0.44670355319976807 0.4756583571434021 0.0
0.9940218329429626 0.6243755221366882 0.0
0.877153217792511 0.22713030874729156 0.0
0.8768038749694824 0.22889243066310883 0.0
0.8775840997695923 0.2325669229030609 0.0
0.8783441781997681 0.23100413382053375 0.0
0.992750346660614 0.6197211146354675 0.0
1.0 0.6233736276626587 0.0
0.9048816561698914 0.26560068130493164 0.0
0.4596255421638489 0.47000277042388916 0.0
0.9011733531951904 0.2622745633125305 0.0
0.8817301988601685 0.24141570925712585 0.0
0.4643062949180603 0.467690110206604 0.0
0.897144079208374 0.2598431706428528 0.0
0.8796242475509644 0.24243368208408356 0.0
0.9847539067268372 0.38255390524864197 0.0
0.8937400579452515 0.25790905952453613 0.0
0.8822470307350159 0.24461813271045685 0.0
0.9709485769271851 0.3804430067539215 0.0
0.8909164071083069 0.2559775114059448 0.0
0.885528564453125 0.2500916123390198 0.0
0.8841019868850708 0.24775204062461853 0.0
0.48909616470336914 0.46083131432533264 0.0
0.49899476766586304 0.45659101009368896 0.0
0.5024078488349915 0.45265209674835205 0.0
0.5107744932174683 0.45042261481285095 0.0
0.9575217366218567 0.38831475377082825 0.0
0.9461203217506409 0.38733646273612976 0.0
0.9323196411132812 0.38623765110969543 0.0
0.5235804915428162 0.44586560130119324 0.0
0.5331786274909973 0.441290020942688 0.0
0.9246810078620911 0.3889414668083191 0.0
0.540881872177124 0.43942195177078247 0.0
0.5477127432823181 0.43756163120269775 0.0
0.916663408279419 0.3901497721672058 0.0
0.9062995910644531 0.39224350452423096 0.0
0.5580824017524719 0.432580828666687 0.0
0.5612730979919434 0.4303596615791321 0.0
0.880656898021698 0.38787439465522766 0.0
0.5800046920776367 0.4267291724681854 0.0
0.5749793648719788 0.4287930130958557 0.0
0.8674487471580505 0.3874170184135437 0.0
0.5846580266952515 0.42536041140556335 0.0
0.8617309927940369 0.38441145420074463 0.0
0.854411780834198 0.3823440372943878 0.0
0.8489279747009277 0.38012605905532837 0.0
0.8479055166244507 0.38069218397140503 0.0
0.8459934592247009 0.37930333614349365 0.0
0.8453493118286133 0.37877070903778076 0.0
0.5954463481903076 0.423604816198349 0.0
0.6027247309684753 0.42230477929115295 0.0
0.6055096983909607 0.4202203154563904 0.0
0.6211398839950562 0.4166802763938904 0.0
0.6306866407394409 0.4149162173271179 0.0
0.6406745910644531 0.4139273166656494 0.0
0.6492994427680969 0.41315171122550964 0.0
0.6563393473625183 0.4126107692718506 0.0
0.6826778650283813 0.41008538007736206 0.0
0.6911455392837524 0.4085175395011902 0.0
0.6991828083992004 0.40747711062431335 0.0
0.7080589532852173 0.407034307718277 0.0
0.7188087701797485 0.4069410562515259 0.0
0.7267923951148987 0.40500199794769287 0.0
0.733055055141449 0.40338414907455444 0.0
0.7412936091423035 0.4040198028087616 0.0
0.7514475584030151 0.4012639820575714 0.0
0.7566278576850891 0.39964166283607483 0.0
0.7610867619514465 0.39832425117492676 0.0
0.7617387771606445 0.39611589908599854 0.0
0.7621733546257019 0.3943231403827667 0.0
0.7693851590156555 0.3959793150424957 0.0
0.766740083694458 0.39306706190109253 0.0
0.770690381526947 0.3933676779270172 0.0
0.7712698578834534 0.39236539602279663 0.0
0.7742630839347839 0.3914544880390167 0.0
0.7714920043945312 0.3886687159538269 0.0
0.772172212600708 0.3890373110771179 0.0
0.8989984393119812 0.20812048017978668 0.0
0.8984388709068298 0.20756900310516357 0.0
0.8995462656021118 0.20830805599689484 0.0
0.8955591917037964 0.20660163462162018 0.0
0.8952154517173767 0.20687399804592133 0.0
0.8945505023002625 0.20640486478805542 0.0
0.8979507684707642 0.20678550004959106 0.0
0.8968194723129272 0.20689237117767334 0.0
0.8941208124160767 0.20686939358711243 0.0
0.8934913277626038 0.2063654065132141 0.0
0.9007741212844849 0.20867931842803955 0.0
0.9001610279083252 0.2085144966840744 0.0
0.9004024267196655 0.2080523818731308 0.0
0.9014280438423157 0.20886459946632385 0.0
0.8926963806152344 0.20672737061977386 0.0
0.9020364880561829 0.20906378328800201 0.0
0.8920042514801025 0.20641283690929413 0.0
0.9025974869728088 0.20967812836170197 0.0
0.8916398882865906 0.20667262375354767 0.0
0.8912027478218079 0.20691025257110596 0.0
0.9050835967063904 0.2118934690952301 0.0
0.8906928300857544 0.2071070820093155 0.0
0.5492008328437805 0.5942752957344055 0.0
0.5575218200683594 0.5983574390411377 0.0
0.5736002922058105 0.6039553284645081 0.0
0.9060056209564209 0.21224215626716614 0.0
0.8901699781417847 0.20732708275318146 0.0
0.31425362825393677 0.5586723685264587 0.0
0.5398887991905212 0.5889244675636292 0.0
0.5685714483261108 0.5975968241691589 0.0
0.593587338924408 0.6021097302436829 0.0
0.9068114757537842 0.21364323794841766 0.0
0.3146100640296936 0.5584331154823303 0.0
0.314858615398407 0.558265209197998 0.0
0.5295450091362 0.5822984576225281 0.0
0.5598734021186829 0.5923749208450317 0.0
0.5812933444976807 0.5993642807006836 0.0
0.6046753525733948 0.605300784111023 0.0
0.8903172016143799 0.2080061435699463 0.0
0.8896928429603577 0.20760822296142578 0.0
0.31531834602355957 0.5579499006271362 0.0
0.31715649366378784 0.556659460067749 0.0
0.6160571575164795 0.6034336090087891 0.0
0.6297138929367065 0.6090878844261169 0.0
0.9079877734184265 0.21494552493095398 0.0
0.526635468006134 0.5731624960899353 0.0
0.64115971326828 0.6086091995239258 0.0
0.8898337483406067 0.2083243727684021 0.0
0.32358330488204956 0.5518945455551147 0.0
0.32641565799713135 0.5495995879173279 0.0
0.5136250257492065 0.5684148073196411 0.0
0.6525379419326782 0.6068593859672546 0.0
0.8891785740852356 0.20872104167938232 0.0
0.6706154942512512 0.6075628995895386 0.0
0.33408987522125244 0.5425016283988953 0.0
0.49221688508987427 0.5610643625259399 0.0
0.5056822299957275 0.5602185130119324 0.0
0.6872192025184631 0.6080490946769714 0.0
0.9227388501167297 0.22716738283634186 0.0
0.8889873027801514 0.20956265926361084 0.0
0.3383583426475525 0.5385915637016296 0.0
0.4985927939414978 0.552974283695221 0.0
0.9235261082649231 0.2296132892370224 0.0
0.9185280203819275 0.2250785231590271 0.0
0.9099470973014832 0.21776118874549866 0.0
0.9114076495170593 0.21863648295402527 0.0
0.341857373714447 0.5359452366828918 0.0
0.4923011064529419 0.5474507808685303 0.0
0.7038406729698181 0.6087216734886169 0.0
0.9260101318359375 0.23267504572868347 0.0
0.9168145656585693 0.2227362096309662 0.0
0.9151300191879272 0.22180967032909393 0.0
0.9123036861419678 0.2202361524105072 0.0
0.9097758531570435 0.21961677074432373 0.0
0.9087985754013062 0.21772736310958862 0.0
0.9085665941238403 0.21926073729991913 0.0
0.8880954384803772 0.20952196419239044 0.0
0.3431006669998169 0.5320301651954651 0.0
0.4828150272369385 0.5443195104598999 0.0
0.7208271622657776 0.6097903251647949 0.0
0.9135427474975586 0.22196093201637268 0.0
0.47131264209747314 0.538686215877533 0.0
0.7413440346717834 0.6125960946083069 0.0
0.8879165649414062 0.2101762592792511 0.0
0.34798336029052734 0.5269568562507629 0.0
0.3460008502006531 0.5263459086418152 0.0
0.4863792061805725 0.5347051620483398 0.0
0.45612239837646484 0.5281948447227478 0.0
0.4677410125732422 0.5288720726966858 0.0
0.7566890716552734 0.6131476759910583 0.0
0.7717363238334656 0.615538477897644 0.0
0.887826681137085 0.2107800543308258 0.0
0.3490198254585266 0.5228747129440308 0.0
0.3525990843772888 0.5218940377235413 0.0
0.44189488887786865 0.5142441987991333 0.0
0.7927255034446716 0.6153085827827454 0.0
0.8873147964477539 0.2112892121076584 0.0
0.35142505168914795 0.5184078812599182 0.0
0.35707253217697144 0.5166861414909363 0.0
0.42447423934936523 0.5065873861312866 0.0
0.454079806804657 0.5142759084701538 0.0
0.46066200733184814 0.5214176774024963 0.0
0.8130121231079102 0.6179752349853516 0.0
0.824372410774231 0.6244009137153625 0.0
0.8867851495742798 0.2121460884809494 0.0
0.414761483669281 0.5 0.0
0.43685925006866455 0.5067725777626038 0.0
0.4480630159378052 0.5068697333335876 0.0
0.8336641192436218 0.6212275624275208 0.0
0.35618340969085693 0.5133360624313354 0.0
0.3510458469390869 0.5150366425514221 0.0
0.36116188764572144 0.5124890804290771 0.0
0.406663715839386 0.4994502663612366 0.0
0.8557643294334412 0.6220996975898743 0.0
0.8864914774894714 0.21292029321193695 0.0
0.3520359396934509 0.5120271444320679 0.0
0.36258745193481445 0.5094891786575317 0.0
0.4239341616630554 0.5 0.0
0.4326595664024353 0.5 0.0
0.8766022324562073 0.6237852573394775 0.0
0.3578895330429077 0.5094407200813293 0.0
0.4101063013076782 0.4983538091182709 0.0
0.4194777011871338 0.4989372193813324 0.0
0.8966912627220154 0.6255002021789551 0.0
0.8855932354927063 0.2131904512643814 0.0
0.3474879264831543 0.5109126567840576 0.0
0.352688193321228 0.5089940428733826 0.0
0.3644633889198303 0.5064737796783447 0.0
0.9150294661521912 0.6258125305175781 0.0
0.8854591846466064 0.21447761356830597 0.0
0.346610963344574 0.5084983110427856 0.0
0.34233927726745605 0.5099820494651794 0.0
0.3589121103286743 0.5066258907318115 0.0
0.42219078540802 0.4974215030670166 0.0
0.34019213914871216 0.5082900524139404 0.0
0.352403461933136 0.5065472722053528 0.0
0.9356275796890259 0.6287076473236084 0.0
0.9333658814430237 0.2625024914741516 0.0
0.42462754249572754 0.49586692452430725 0.0
0.4323369264602661 0.4963047206401825 0.0
0.9462347626686096 0.6299917101860046 0.0
0.9591907858848572 0.6353166103363037 0.0
0.884753942489624 0.21509188413619995 0.0
0.8839970827102661 0.21567150950431824 0.0
0.3285520672798157 0.5076014995574951 0.0
0.33267658948898315 0.5090089440345764 0.0
0.3272382616996765 0.5081986784934998 0.0
0.33528465032577515 0.5086151361465454 0.0
0.33477312326431274 0.5070481896400452 0.0
0.9477652311325073 0.6268888711929321 0.0
0.966293215751648 0.6360135078430176 0.0
0.3164132833480835 0.5074251294136047 0.0
0.3293590545654297 0.5086581707000732 0.0
0.43421149253845215 0.4945647120475769 0.0
0.950928807258606 0.6236172318458557 0.0
0.8835679888725281 0.2171408087015152 0.0
0.2937731146812439 0.5060796141624451 0.0
0.2935349941253662 0.5060803294181824 0.0
0.295992910861969 0.5060732960700989 0.0
0.43479740619659424 0.49247094988822937 0.0
0.9670946002006531 0.6316847801208496 0.0
0.9293980598449707 0.2651441693305969 0.0
0.8826308250427246 0.21818511188030243 0.0
0.4292140007019043 0.491115540266037 0.0
0.9688988327980042 0.6277250647544861 0.0
0.9263752102851868 0.265451580286026 0.0
0.4294551610946655 0.4888528883457184 0.0
0.43972450494766235 0.48989197611808777 0.0
0.9270506501197815 0.26884570717811584 0.0
0.8820023536682129 0.21911737322807312 0.0
0.972253143787384 0.6237084865570068 0.0
0.8812578320503235 0.2201862633228302 0.0
0.8801895380020142 0.2212892770767212 0.0
0.4340510368347168 0.4854813814163208 0.0
0.9202948212623596 0.267448753118515 0.0
0.9803561568260193 0.6204604506492615 0.0
0.8791801929473877 0.22246000170707703 0.0
0.4438953399658203 0.4820353388786316 0.0
0.4483591318130493 0.478949636220932 0.0
0.9180010557174683 0.26847195625305176 0.0
0.878504753112793 0.22385893762111664 0.0
0.915394127368927 0.2683636546134949 0.0
0.4587286114692688 0.4773270785808563 0.0
0.9855266809463501 0.615097165107727 0.0
0.9096949100494385 0.2653976082801819 0.0
0.8802060484886169 0.2334079146385193 0.0
0.8793611526489258 0.2345329076051712 0.0
0.8817569017410278 0.23585060238838196 0.0
0.8791685700416565 0.22933055460453033 0.0
0.45915454626083374 0.47323429584503174 0.0
0.9074448347091675 0.26594793796539307 0.0
0.8797619342803955 0.23632855713367462 0.0
0.47220611572265625 0.47061529755592346 0.0
0.9899024963378906 0.6128596067428589 0.0
0.9941737651824951 0.6130901575088501 0.0
0.9039249420166016 0.2630903124809265 0.0
0.47428327798843384 0.46620267629623413 0.0
0.4860444664955139 0.4677310287952423 0.0
0.4842226505279541 0.4643702507019043 0.0
0.8950624465942383 0.25652647018432617 0.0
0.4942799210548401 0.46438878774642944 0.0
1.0 0.6132789254188538 0.0
0.8856745362281799 0.24628610908985138 0.0
0.9860296845436096 0.3886929750442505 0.0
0.8925642967224121 0.2555657923221588 0.0
0.8903542757034302 0.25383931398391724 0.0
0.887809157371521 0.2518818974494934 0.0
0.9725618362426758 0.38697099685668945 0.0
0.5087174773216248 0.4574838876724243 0.0
0.5098652839660645 0.45427533984184265 0.0
0.9678620100021362 0.38977137207984924 0.0
0.5208717584609985 0.44874608516693115 0.0
0.9523295164108276 0.3956337571144104 0.0
0.5520272254943848 0.44079551100730896 0.0
0.5595372319221497 0.4382323920726776 0.0
0.5606820583343506 0.43500515818595886 0.0
0.5656664967536926 0.4334041476249695 0.0
0.5700304508209229 0.4311661422252655 0.0
0.8917710185050964 0.3893899917602539 0.0
0.8737093210220337 0.38886457681655884 0.0
0.5843728184700012 0.4299449324607849 0.0
0.5871255397796631 0.4277154803276062 0.0
0.5932780504226685 0.42641445994377136 0.0
0.857835590839386 0.3855835199356079 0.0
0.851858377456665 0.3824569880962372 0.0
0.8500525951385498 0.3823341131210327 0.0
0.8479071259498596 0.3815189003944397 0.0
0.8468437790870667 0.3803805410861969 0.0
0.846187174320221 0.3796732425689697 0.0
0.8457686901092529 0.3792225122451782 0.0
0.6117833256721497 0.4215162694454193 0.0
0.6203731298446655 0.4199991822242737 0.0
0.6298044919967651 0.4184090197086334 0.0
0.6390363574028015 0.41697362065315247 0.0
0.647895336151123 0.4159967601299286 0.0
0.6574134230613708 0.41568586230278015 0.0
0.6630386114120483 0.413961797952652 0.0
0.6709483861923218 0.4139096438884735 0.0
0.6794596314430237 0.4135648012161255 0.0
0.6934338808059692 0.41230568289756775 0.0
0.702264130115509 0.41185811161994934 0.0
0.7077669501304626 0.40993064641952515 0.0
0.7162580490112305 0.41036245226860046 0.0
0.7262334823608398 0.41104191541671753 0.0
0.7291267514228821 0.4084937572479248 0.0
0.7374048829078674 0.40760716795921326 0.0
0.7488222122192383 0.4042080044746399 0.0
0.7571512460708618 0.4065888822078705 0.0
0.761841356754303 0.40428194403648376 0.0
0.7709091305732727 0.4017637372016907 0.0
0.7663153409957886 0.4026629626750946 0.0
0.7672600746154785 0.3990236818790436 0.0
0.7694512605667114 0.3980633616447449 0.0
0.7751226425170898 0.39437174797058105 0.0
0.7751412987709045 0.3933040499687195 0.0
0.7747021913528442 0.3907066285610199 0.0
0.7760372757911682 0.391131728887558 0.0
0.772598385810852 0.3892682194709778 0.0
0.9005112051963806 0.20915693044662476 0.0
0.8998980522155762 0.2090497761964798 0.0
0.898612380027771 0.20838065445423126 0.0
0.8973217010498047 0.20747874677181244 0.0
0.8978013396263123 0.20728851854801178 0.0
0.8965855240821838 0.2074393481016159 0.0
0.8958454132080078 0.20716293156147003 0.0
0.8934199810028076 0.20683588087558746 0.0
0.9011191129684448 0.2093578577041626 0.0
0.9018164277076721 0.20960234105587006 0.0
0.8922372460365295 0.20699866116046906 0.0
0.891828715801239 0.2073034793138504 0.0
0.9033606648445129 0.2105509340763092 0.0
0.9041057825088501 0.2117447406053543 0.0
0.8913422226905823 0.20757612586021423 0.0
0.9053746461868286 0.21324405074119568 0.0
0.8908061385154724 0.2077748030424118 0.0
0.890873908996582 0.20832152664661407 0.0
0.5431488752365112 0.5820819735527039 0.0
0.5516185164451599 0.5873069763183594 0.0
0.5687626600265503 0.5910642743110657 0.0
0.5778921246528625 0.5924682021141052 0.0
0.89056795835495 0.20866169035434723 0.0
0.3217921257019043 0.5533459186553955 0.0
0.3217921257019043 0.5533459186553955 0.0
0.5639480352401733 0.5852015614509583 0.0
0.5911538600921631 0.5932754874229431 0.0
0.6044309139251709 0.597801685333252 0.0
0.3217921257019043 0.5533459186553955 0.0
0.5377303957939148 0.5760530829429626 0.0
0.627007246017456 0.6007199883460999 0.0
0.8901804089546204 0.20909848809242249 0.0
0.3270863890647888 0.5490025877952576 0.0
0.32747381925582886 0.5486577153205872 0.0
0.3267516493797302 0.5493005514144897 0.0
0.5359687209129333 0.569854199886322 0.0
0.6174002885818481 0.5948391556739807 0.0
0.638446569442749 0.6027964949607849 0.0
0.9074530005455017 0.2164899706840515 0.0
0.8898500204086304 0.20964601635932922 0.0
0.3296849727630615 0.5466897487640381 0.0
0.5287628769874573 0.5639382004737854 0.0
0.6333085298538208 0.5936945080757141 0.0
0.9079119563102722 0.21742337942123413 0.0
0.33228200674057007 0.544192373752594 0.0
0.3309839963912964 0.5454405546188354 0.0
0.33378827571868896 0.5426955819129944 0.0
0.5180647969245911 0.5594207644462585 0.0
0.6470564007759094 0.5982632040977478 0.0
0.9210480451583862 0.22753795981407166 0.0
0.33494025468826294 0.5414379835128784 0.0
0.3368069529533386 0.5392573475837708 0.0
0.5282939672470093 0.5541848540306091 0.0
0.6629124283790588 0.5979594588279724 0.0
0.6790185570716858 0.6013926267623901 0.0
0.9074503183364868 0.21865475177764893 0.0
0.33850371837615967 0.5372326970100403 0.0
0.33944016695022583 0.5361542105674744 0.0
0.3393469452857971 0.5361968278884888 0.0
0.514373242855072 0.5505251288414001 0.0
0.9233902096748352 0.23214086890220642 0.0
0.9157892465591431 0.22349895536899567 0.0
0.8889572620391846 0.210421621799469 0.0
0.3399776816368103 0.535274863243103 0.0
0.3409714102745056 0.5337573885917664 0.0
0.3427773714065552 0.5309585928916931 0.0
0.4933938980102539 0.5413333177566528 0.0
0.5024639368057251 0.5448243021965027 0.0
0.7124722599983215 0.6032138466835022 0.0
0.9114307165145874 0.22138701379299164 0.0
0.9078510403633118 0.22025913000106812 0.0
0.7297425270080566 0.601791501045227 0.0
0.9274653196334839 0.2362164705991745 0.0
0.888524055480957 0.21089687943458557 0.0
0.3441482186317444 0.528968095779419 0.0
0.3447626233100891 0.5267907977104187 0.0
0.8884852528572083 0.2115311324596405 0.0
0.7547963857650757 0.6042236685752869 0.0
0.9288748502731323 0.23968105018138885 0.0
0.3472096920013428 0.5211002826690674 0.0
0.3460646867752075 0.5202175974845886 0.0
0.4713537096977234 0.5207578539848328 0.0
0.48143255710601807 0.5251185297966003 0.0
0.7748801112174988 0.6074277758598328 0.0
0.9301567077636719 0.2432338297367096 0.0
0.8884262442588806 0.21219795942306519 0.0
0.8879601955413818 0.21261975169181824 0.0
0.34583914279937744 0.5170703530311584 0.0
0.7868038415908813 0.6045042276382446 0.0
0.8009660840034485 0.610197901725769 0.0
0.9315075874328613 0.24726644158363342 0.0
0.34847885370254517 0.5171737670898438 0.0
0.46639156341552734 0.5140963196754456 0.0
0.8157080411911011 0.6109982132911682 0.0
0.887519896030426 0.2132907509803772 0.0
0.459564208984375 0.5068320035934448 0.0
0.8357927203178406 0.6115027666091919 0.0
0.9304582476615906 0.2506389915943146 0.0
0.343325138092041 0.5135337114334106 0.0
0.3471922278404236 0.5140705108642578 0.0
0.4433758854866028 0.5 0.0
0.4530649781227112 0.5 0.0
0.8575274348258972 0.6158583760261536 0.0
0.886925995349884 0.21411782503128052 0.0
0.42900604009628296 0.49909326434135437 0.0
0.43926018476486206 0.4985894560813904 0.0
0.8733248114585876 0.6165266633033752 0.0
0.9329231381416321 0.25453442335128784 0.0
0.34372204542160034 0.511833906173706 0.0
0.4303712248802185 0.49789151549339294 0.0
0.4511222839355469 0.4988766312599182 0.0
0.8904041647911072 0.6184441447257996 0.0
0.8868781328201294 0.21547208726406097 0.0
0.3385000228881836 0.5105880498886108 0.0
0.44011759757995605 0.49688178300857544 0.0
0.4488109350204468 0.4973427653312683 0.0
0.8933247923851013 0.6135802865028381 0.0
0.9314476251602173 0.25901585817337036 0.0
0.9309031367301941 0.2561017572879791 0.0
0.8856914639472961 0.21587707102298737 0.0
0.33292192220687866 0.5094210505485535 0.0
0.33011090755462646 0.5088198781013489 0.0
0.33199262619018555 0.5092266201972961 0.0
0.3328077793121338 0.5094171762466431 0.0
0.4419480562210083 0.49520909786224365 0.0
0.4477960467338562 0.49595752358436584 0.0
0.9291732907295227 0.6200584769248962 0.0
0.8866344690322876 0.21724355220794678 0.0
0.8850901126861572 0.21682853996753693 0.0
0.3299541473388672 0.508786141872406 0.0
0.32981181144714355 0.5087555050849915 0.0
0.452447772026062 0.49437886476516724 0.0
0.9305858016014099 0.2630217969417572 0.0
0.4443455934524536 0.49328887462615967 0.0
0.8854582905769348 0.21808193624019623 0.0
0.8842716217041016 0.21874237060546875 0.0
0.44752007722854614 0.49111106991767883 0.0
0.9535671472549438 0.6190906763076782 0.0
0.9602470993995667 0.6186037659645081 0.0
0.9260930418968201 0.2628675401210785 0.0
0.8846657872200012 0.21991339325904846 0.0
0.8834113478660583 0.2193422019481659 0.0
0.8835950493812561 0.2206236869096756 0.0
0.4430586099624634 0.48733216524124146 0.0
0.9236645698547363 0.26571619510650635 0.0
0.8826516270637512 0.22212544083595276 0.0
0.9734153747558594 0.6187767386436462 0.0
0.8811182975769043 0.2228066772222519 0.0
0.44798898696899414 0.48471343517303467 0.0
0.9214884042739868 0.2659876048564911 0.0
0.45436620712280273 0.48243260383605957 0.0
0.9654150009155273 0.609005331993103 0.0
0.8806853294372559 0.22403813898563385 0.0
0.9738253355026245 0.6112879514694214 0.0
0.917199432849884 0.2648496925830841 0.0
0.45433783531188965 0.4803203344345093 0.0
0.8802028298377991 0.22547444701194763 0.0
0.46659284830093384 0.48043903708457947 0.0
0.9804922342300415 0.6137456893920898 0.0
0.9154880046844482 0.2661239504814148 0.0
0.9130856394767761 0.2657715380191803 0.0
0.46731024980545044 0.4774796664714813 0.0
0.8819169402122498 0.2299070954322815 0.0
0.8811184763908386 0.23177570104599 0.0
0.8801590204238892 0.22744891047477722 0.0
0.4684979319572449 0.4749458432197571 0.0
0.9855265617370605 0.6115275025367737 0.0
0.8830865621566772 0.2344474345445633 0.0
0.4783828854560852 0.47400206327438354 0.0
0.9061810970306396 0.2634778618812561 0.0
0.48778969049453735 0.4716126024723053 0.0
0.9030430912971497 0.2605670094490051 0.0
0.8827633261680603 0.23876744508743286 0.0
0.4923674464225769 0.469340056180954 0.0
0.9894503355026245 0.6040878295898438 0.0
0.8987424373626709 0.25791993737220764 0.0
0.8850963115692139 0.24194039404392242 0.0
0.4974212646484375 0.4674885869026184 0.0
0.8844295144081116 0.24381639063358307 0.0
0.5047058463096619 0.4647955298423767 0.0
1.0 0.6076788902282715 0.0
0.8874812722206116 0.24938248097896576 0.0
0.5032058954238892 0.460904061794281 0.0
0.5111659169197083 0.4626064598560333 0.0
1.0 0.6027340292930603 0.0
0.8898031711578369 0.25180941820144653 0.0
0.988443911075592 0.3937651515007019 0.0
0.5137245655059814 0.4597448408603668 0.0
0.5167557001113892 0.4564724266529083 0.0
0.5207896828651428 0.4528519809246063 0.0
0.9708338379859924 0.3946796953678131 0.0
0.9632189273834229 0.39548584818840027 0.0
0.5295194983482361 0.4477687180042267 0.0
0.5302363038063049 0.4506394863128662 0.0
0.540059506893158 0.4489571750164032 0.0
0.5342134833335876 0.4450518488883972 0.0
0.9420666098594666 0.39697447419166565 0.0
0.5439683198928833 0.44284549355506897 0.0
0.9293931722640991 0.39570000767707825 0.0
0.9309827089309692 0.40118607878685 0.0
0.9206990003585815 0.39573198556900024 0.0
0.5706231594085693 0.43694013357162476 0.0
0.5737050771713257 0.43419429659843445 0.0
0.9185773134231567 0.40097638964653015 0.0
0.9032342433929443 0.3984452784061432 0.0
0.5795050859451294 0.43246859312057495 0.0
0.8961344361305237 0.39398956298828125 0.0
0.5912824273109436 0.43370768427848816 0.0
0.8876542448997498 0.3923279941082001 0.0
0.5934306979179382 0.4300674796104431 0.0
0.8793734312057495 0.392874538898468 0.0
0.8712752461433411 0.3910791575908661 0.0
0.8661689162254333 0.3916822075843811 0.0
0.8621973395347595 0.38813912868499756 0.0
0.854319155216217 0.38469740748405457 0.0
0.8519898056983948 0.3848992884159088 0.0
0.8496240377426147 0.38327041268348694 0.0
0.6037070155143738 0.4259560704231262 0.0
0.8494150042533875 0.38381046056747437 0.0
0.8465150594711304 0.3800264596939087 0.0
0.612265408039093 0.4246976971626282 0.0
0.6203802227973938 0.42329341173171997 0.0
0.6291400194168091 0.42185261845588684 0.0
0.6379979252815247 0.42026081681251526 0.0
0.6465179324150085 0.4189523458480835 0.0
0.653729259967804 0.4180987775325775 0.0
0.6617801189422607 0.41927748918533325 0.0
0.6687750816345215 0.41749247908592224 0.0
0.690226137638092 0.41573402285575867 0.0
0.7007513046264648 0.4157734215259552 0.0
0.7105919718742371 0.41641509532928467 0.0
0.7134827375411987 0.41326379776000977 0.0
0.7359209656715393 0.4114842116832733 0.0
0.7444683313369751 0.4115847945213318 0.0
0.7495757937431335 0.4086800813674927 0.0
0.773368239402771 0.4007607698440552 0.0
0.7783747911453247 0.4008920192718506 0.0
0.7740048170089722 0.3985687494277954 0.0
0.7780658006668091 0.39894843101501465 0.0
0.773811399936676 0.3960650861263275 0.0
0.7774618864059448 0.39625343680381775 0.0
0.7798763513565063 0.3945985436439514 0.0
0.7769031524658203 0.3915313184261322 0.0
0.7777675986289978 0.3919301927089691 0.0
0.8992539644241333 0.20870791375637054 0.0
0.8989645838737488 0.20903447270393372 0.0
0.8976279497146606 0.20810724794864655 0.0
0.8979810476303101 0.20787811279296875 0.0
0.8971450328826904 0.20805494487285614 0.0
0.8966896533966064 0.20810158550739288 0.0
0.8961650133132935 0.20787301659584045 0.0
0.8954371809959412 0.20760400593280792 0.0
0.900325357913971 0.20955057442188263 0.0
0.9007858633995056 0.20975984632968903 0.0
0.8947603106498718 0.20768269896507263 0.0
0.8940408825874329 0.20754066109657288 0.0
0.9013978838920593 0.21005338430404663 0.0
0.8933096528053284 0.2073783427476883 0.0
0.8927674293518066 0.20732034742832184 0.0
0.902292013168335 0.21058222651481628 0.0
0.892466127872467 0.20765212178230286 0.0
0.9031745791435242 0.21129293739795685 0.0
0.8920555710792542 0.20808500051498413 0.0
0.9047331809997559 0.21251121163368225 0.0
0.8914459347724915 0.20830637216567993 0.0
0.8912390470504761 0.20884035527706146 0.0
0.9057603478431702 0.21474362909793854 0.0
0.8909831047058105 0.20932838320732117 0.0
0.5538305640220642 0.5804437398910522 0.0
0.5739411115646362 0.5872446894645691 0.0
0.5843686461448669 0.5859752297401428 0.0
0.5466406941413879 0.5770156979560852 0.0
0.6039971709251404 0.5881623029708862 0.0
0.8906669020652771 0.20981784164905548 0.0
0.545496940612793 0.5715179443359375 0.0
0.5535742044448853 0.5744673609733582 0.0
0.5933609008789062 0.5872089862823486 0.0
0.6201269030570984 0.5855541229248047 0.0
0.9069443345069885 0.21773205697536469 0.0
0.8904194831848145 0.21036605536937714 0.0
0.5424197316169739 0.5644904971122742 0.0
0.5376761555671692 0.5583295822143555 0.0
0.6353014707565308 0.5836848020553589 0.0
0.6240043640136719 0.5762909054756165 0.0
0.6484734416007996 0.5904121398925781 0.0
0.9207813143730164 0.23012077808380127 0.0
0.9191958904266357 0.22749818861484528 0.0
0.8896629214286804 0.21020355820655823 0.0
0.890076220035553 0.21093685925006866 0.0
0.5394756197929382 0.5527001023292542 0.0
0.6373974084854126 0.5748979449272156 0.0
0.6635204553604126 0.5876885652542114 0.0
0.6791161894798279 0.5935927033424377 0.0
0.6956378817558289 0.6000198721885681 0.0
0.9167472720146179 0.22592447698116302 0.0
0.8895009756088257 0.21154798567295074 0.0
0.5251920819282532 0.5484922528266907 0.0
0.5342296957969666 0.5464292168617249 0.0
0.6493365168571472 0.5813419222831726 0.0
0.9247071743011475 0.23489467799663544 0.0
0.9144977927207947 0.223874032497406 0.0
0.34289079904556274 0.5307204127311707 0.0
0.3430091142654419 0.5304720997810364 0.0
0.342957079410553 0.5305812358856201 0.0
0.5127676129341125 0.5414000153541565 0.0
0.52326899766922 0.5430901646614075 0.0
0.663083016872406 0.5776956677436829 0.0
0.6777141690254211 0.5847137570381165 0.0
0.6950654983520508 0.5892224311828613 0.0
0.7120382785797119 0.5956446528434753 0.0
0.9125292897224426 0.22305896878242493 0.0
0.8893402218818665 0.21243327856063843 0.0
0.3436926603317261 0.5290369987487793 0.0
0.34313708543777466 0.5302034020423889 0.0
0.502915620803833 0.5355196595191956 0.0
0.9259814620018005 0.23815500736236572 0.0
0.9101775884628296 0.2221425324678421 0.0
0.909684956073761 0.22080500423908234 0.0
0.9082123041152954 0.22121557593345642 0.0
0.3443123698234558 0.5277360081672668 0.0
0.3442469835281372 0.5278733372688293 0.0
0.34450429677963257 0.52733314037323 0.0
0.4961562752723694 0.5263988375663757 0.0
0.7258124947547913 0.5919193029403687 0.0
0.740146815776825 0.5950571298599243 0.0
0.8890663385391235 0.21312609314918518 0.0
0.9269891977310181 0.241493821144104 0.0
0.49137353897094727 0.519024670124054 0.0
0.7533681988716125 0.5904735326766968 0.0
0.7704392075538635 0.5981462001800537 0.0
0.888669490814209 0.2137899547815323 0.0
0.3438405394554138 0.5151643753051758 0.0
0.345233678817749 0.5175867676734924 0.0
0.344821035861969 0.516869306564331 0.0
0.4799930453300476 0.5149597525596619 0.0
0.8002017140388489 0.6027721762657166 0.0
0.9279290437698364 0.24476827681064606 0.0
0.3443310260772705 0.5160172581672668 0.0
0.49298781156539917 0.5116827487945557 0.0
0.8154170513153076 0.602994441986084 0.0
0.9285902976989746 0.24750186502933502 0.0
0.8881638646125793 0.21433526277542114 0.0
0.47213369607925415 0.5071465373039246 0.0
0.4635726809501648 0.5 0.0
0.4834846258163452 0.5076286196708679 0.0
0.827923595905304 0.6020888686180115 0.0
0.8880503177642822 0.2167394459247589 0.0
0.8891366124153137 0.21626867353916168 0.0
0.8895775079727173 0.21735233068466187 0.0
0.8881362676620483 0.21534526348114014 0.0
0.34082168340682983 0.5126216411590576 0.0
0.34209519624710083 0.5136942863464355 0.0
0.8481193780899048 0.6055563688278198 0.0
0.930051863193512 0.25326287746429443 0.0
0.8889234662055969 0.21795538067817688 0.0
0.34102052450180054 0.5127891302108765 0.0
0.340948224067688 0.512728214263916 0.0
0.45914894342422485 0.49774685502052307 0.0
0.4791925549507141 0.5 0.0
0.8719772696495056 0.6090824007987976 0.0
0.3356091380119324 0.5102569460868835 0.0
0.33522260189056396 0.5101377964019775 0.0
0.3359972834587097 0.5103765726089478 0.0
0.47070491313934326 0.4981101155281067 0.0
0.8879279494285583 0.21794737875461578 0.0
0.8886913061141968 0.21897366642951965 0.0
0.8868420124053955 0.21634094417095184 0.0
0.33469194173812866 0.5099741816520691 0.0
0.33375102281570435 0.5096855759620667 0.0
0.4556538462638855 0.4960646629333496 0.0
0.9136278629302979 0.6181536316871643 0.0
0.8947649598121643 0.6069422960281372 0.0
0.9286917448043823 0.2569675147533417 0.0
0.8871347308158875 0.21872541308403015 0.0
0.33327049016952515 0.5095432996749878 0.0
0.4652407765388489 0.4962635934352875 0.0
0.9104325771331787 0.6113501787185669 0.0
0.9296504259109497 0.2601267397403717 0.0
0.46087872982025146 0.4948693513870239 0.0
0.46224159002304077 0.49327579140663147 0.0
0.45475250482559204 0.4922434389591217 0.0
0.4696056842803955 0.49457597732543945 0.0
0.9332420825958252 0.6156005263328552 0.0
0.9272971153259277 0.2611033320426941 0.0
0.8859500885009766 0.2195369005203247 0.0
0.937817394733429 0.6120558381080627 0.0
0.46481847763061523 0.49126115441322327 0.0
0.9412899613380432 0.6092624068260193 0.0
0.886099636554718 0.22111749649047852 0.0
0.4578250050544739 0.490337997674942 0.0
0.45346200466156006 0.4885256886482239 0.0
0.9490987658500671 0.6106435656547546 0.0
0.8850456476211548 0.22238947451114655 0.0
0.46923190355300903 0.4885839819908142 0.0
0.4534621238708496 0.48624491691589355 0.0
0.4637761116027832 0.4861273169517517 0.0
0.9575072526931763 0.6121107935905457 0.0
0.88437819480896 0.22348710894584656 0.0
0.9540225863456726 0.6043257117271423 0.0
0.9644298553466797 0.6133475303649902 0.0
0.8828597664833069 0.22404205799102783 0.0
0.4594377875328064 0.4840364456176758 0.0
0.47103631496429443 0.48343339562416077 0.0
0.9203866124153137 0.2632935643196106 0.0
0.9194346070289612 0.2648250162601471 0.0
0.8821916580200195 0.22541455924510956 0.0
0.4760759472846985 0.48153555393218994 0.0
0.4825800657272339 0.4795530438423157 0.0
0.9140987992286682 0.2634401321411133 0.0
0.8818610310554504 0.22666344046592712 0.0
0.47532469034194946 0.4770587384700775 0.0
0.969841718673706 0.6036332249641418 0.0
0.9764256477355957 0.6070246696472168 0.0
0.9108659029006958 0.2623343765735626 0.0
0.8840499520301819 0.23026494681835175 0.0
0.8841874003410339 0.23243610560894012 0.0
0.883161723613739 0.2283431589603424 0.0
0.48857367038726807 0.4757845997810364 0.0
0.9779619574546814 0.605262815952301 0.0
0.9079208374023438 0.26196691393852234 0.0
0.8861333727836609 0.23557493090629578 0.0
0.8850051164627075 0.23743745684623718 0.0
0.9806337356567383 0.6040664911270142 0.0
0.4993046522140503 0.47335731983184814 0.0
0.9845957159996033 0.6037843227386475 0.0
0.905615508556366 0.2609711289405823 0.0
0.8858904242515564 0.24010664224624634 0.0
0.4991166591644287 0.4702647924423218 0.0
0.5108762383460999 0.47142305970191956 0.0
0.5086049437522888 0.4679676592350006 0.0
0.5155950784683228 0.4692467153072357 0.0
0.9932570457458496 0.6037182211875916 0.0
0.8869129419326782 0.2446141541004181 0.0
0.5130696296691895 0.46502190828323364 0.0
0.9904558062553406 0.5960507392883301 0.0
0.8925556540489197 0.2534771263599396 0.0
0.890881359577179 0.2501794397830963 0.0
0.8885860443115234 0.2472778558731079 0.0
0.5202137231826782 0.4625808894634247 0.0
0.5212594270706177 0.45898115634918213 0.0
0.9834443926811218 0.3965376019477844 0.0
1.0 0.5999478697776794 0.0
0.5259124636650085 0.4565330147743225 0.0
0.5321098566055298 0.4540596902370453 0.0
0.982206404209137 0.4031602442264557 0.0
0.539801299571991 0.4523334503173828 0.0
0.9704117178916931 0.40350812673568726 0.0
0.5477652549743652 0.44634002447128296 0.0
0.5529932379722595 0.4496225118637085 0.0
0.5600417852401733 0.4475436806678772 0.0
0.5559190511703491 0.44427812099456787 0.0
0.9424284100532532 0.4030041992664337 0.0
0.5638487339019775 0.4424085319042206 0.0
0.5720446109771729 0.4408227801322937 0.0
0.579584002494812 0.43971899151802063 0.0
0.5828608274459839 0.43666204810142517 0.0
0.8904218077659607 0.3963993489742279 0.0
0.6000534296035767 0.4325736165046692 0.0
0.6039461493492126 0.42983850836753845 0.0
0.8729406595230103 0.39478063583374023 0.0
0.8589895367622375 0.3886885643005371 0.0
0.8554096817970276 0.38785868883132935 0.0
0.6147045493125916 0.4285992681980133 0.0
0.8614120483398438 0.39063891768455505 0.0
0.8511233329772949 0.38630518317222595 0.0
0.848129153251648 0.3820951581001282 0.0
0.6205945014953613 0.42628559470176697 0.0
0.6285907626152039 0.4254656732082367 0.0
0.6383246183395386 0.42416852712631226 0.0
0.645876407623291 0.4220840334892273 0.0
0.6551337838172913 0.4213563799858093 0.0
0.6696568727493286 0.4207814037799835 0.0
0.6815317869186401 0.4184298515319824 0.0
0.6928221583366394 0.4206177294254303 0.0
0.7003233432769775 0.41950514912605286 0.0
0.7211489081382751 0.4173467755317688 0.0
0.7236374020576477 0.41408589482307434 0.0
0.7339006066322327 0.4147360324859619 0.0
0.7316312193870544 0.4179539084434509 0.0
0.7440821528434753 0.41511067748069763 0.0
0.754818856716156 0.4147827625274658 0.0
0.7615521550178528 0.41175591945648193 0.0
0.7688573598861694 0.4095642864704132 0.0
0.7708573937416077 0.4063859283924103 0.0
0.7771062254905701 0.4056147634983063 0.0
0.780463457107544 0.4037502706050873 0.0
0.779834508895874 0.3981640636920929 0.0
0.7808877229690552 0.3962755501270294 0.0
0.7797914147377014 0.3937032222747803 0.0
0.7848338484764099 0.395546555519104 0.0
0.7797631025314331 0.3930928707122803 0.0
0.7853038311004639 0.39524656534194946 0.0
0.7809641361236572 0.3934052884578705 0.0
0.7838102579116821 0.39457499980926514 0.0
0.7824096083641052 0.3939993679523468 0.0
0.7816876173019409 0.3937026262283325 0.0
0.8985220789909363 0.20884692668914795 0.0
0.8987098932266235 0.20924903452396393 0.0
0.8976155519485474 0.20866164565086365 0.0
0.8980928659439087 0.20848961174488068 0.0
0.8970479965209961 0.20857317745685577 0.0
0.8999810814857483 0.2096981704235077 0.0
0.9004400372505188 0.2100573033094406 0.0
0.8994865417480469 0.2093430906534195 0.0
0.9009448885917664 0.2103574126958847 0.0
0.9014898538589478 0.21072015166282654 0.0
0.8938339352607727 0.20802347362041473 0.0
0.9019559621810913 0.21127639710903168 0.0
0.8931602239608765 0.20797111093997955 0.0
0.902657151222229 0.2115810066461563 0.0
0.9034233093261719 0.2121395617723465 0.0
0.8927654027938843 0.2083696722984314 0.0
0.9042528867721558 0.21310199797153473 0.0
0.8925058841705322 0.2088126540184021 0.0
0.8920117020606995 0.20865942537784576 0.0
0.9048693180084229 0.2143574059009552 0.0
0.8917560577392578 0.20890389382839203 0.0
0.8917811512947083 0.20949947834014893 0.0
0.9050608277320862 0.21544422209262848 0.0
0.89142245054245 0.21000763773918152 0.0
0.9057455658912659 0.21599195897579193 0.0
0.5645215511322021 0.5758966207504272 0.0
0.5750661492347717 0.5810539722442627 0.0
0.8911053538322449 0.21042007207870483 0.0
0.5850543975830078 0.5787977576255798 0.0
0.5577679872512817 0.5668271780014038 0.0
0.5781641006469727 0.5725852847099304 0.0
0.5944787859916687 0.5815984606742859 0.0
0.9063988327980042 0.2168084979057312 0.0
0.8911163210868835 0.2111327350139618 0.0
0.6077257990837097 0.5769637823104858 0.0
0.9063531160354614 0.2188279926776886 0.0
0.5495052933692932 0.5568873286247253 0.0
0.5733840465545654 0.5639620423316956 0.0
0.5862716436386108 0.5654735565185547 0.0
0.5928093791007996 0.5725506544113159 0.0
0.9064205884933472 0.21948105096817017 0.0
0.8907071948051453 0.211862713098526 0.0
0.5638123750686646 0.5573064684867859 0.0
0.6027527451515198 0.5667910575866699 0.0
0.616217851638794 0.5679534673690796 0.0
0.9219972491264343 0.23359128832817078 0.0
0.9183832406997681 0.22830136120319366 0.0
0.5573218464851379 0.5508826375007629 0.0
0.5744480490684509 0.556419849395752 0.0
0.5824741721153259 0.5593451857566833 0.0
0.6282620429992676 0.5688815116882324 0.0
0.916350245475769 0.2276228815317154 0.0
0.8904194831848145 0.21266423165798187 0.0
0.5469344258308411 0.5482820272445679 0.0
0.594508945941925 0.5583862066268921 0.0
0.6487723588943481 0.5735033750534058 0.0
0.9142645597457886 0.2252136915922165 0.0
0.5203312635421753 0.5331341624259949 0.0
0.5317347645759583 0.538689911365509 0.0
0.5433629155158997 0.5400439500808716 0.0
0.6396152973175049 0.5656632781028748 0.0
0.6769582033157349 0.5777407884597778 0.0
0.687299907207489 0.5814139246940613 0.0
0.9234395623207092 0.23672252893447876 0.0
0.9116412401199341 0.22421284019947052 0.0
0.9094869494438171 0.22288067638874054 0.0
0.9066858291625977 0.22086010873317719 0.0
0.9064804911613464 0.22129537165164948 0.0
0.9057790637016296 0.22057563066482544 0.0
0.8901731371879578 0.21348296105861664 0.0
0.6550480723381042 0.5678560137748718 0.0
0.6698402762413025 0.5704576373100281 0.0
0.6991771459579468 0.5807486772537231 0.0
0.7117826342582703 0.5870715975761414 0.0
0.889840304851532 0.21424198150634766 0.0
0.5087614059448242 0.5270108580589294 0.0
0.5366942882537842 0.5308427810668945 0.0
0.5276466608047485 0.5255709290504456 0.0
0.735693633556366 0.5867336392402649 0.0
0.9243457913398743 0.2397155612707138 0.0
0.34521061182022095 0.5175466537475586 0.0
0.34518760442733765 0.5175066590309143 0.0
0.5059167742729187 0.5171893239021301 0.0
0.5182862281799316 0.522807776927948 0.0
0.9246718883514404 0.24296896159648895 0.0
0.8894845247268677 0.21525457501411438 0.0
0.8906493186950684 0.2152218073606491 0.0
0.8910250067710876 0.21621811389923096 0.0
0.3451961278915405 0.5175215005874634 0.0
0.34519141912460327 0.5175132751464844 0.0
0.7689729332923889 0.5887720584869385 0.0
0.7850036025047302 0.5937392115592957 0.0
0.8907484412193298 0.21777281165122986 0.0
0.8914317488670349 0.21728387475013733 0.0
0.8918511271476746 0.21818821132183075 0.0
0.8902342915534973 0.216685950756073 0.0
0.5191092491149902 0.5152987837791443 0.0
0.8020415306091309 0.5947155356407166 0.0
0.9260388016700745 0.24618732929229736 0.0
0.8912988901138306 0.21862420439720154 0.0
0.34309589862823486 0.5145371556282043 0.0
0.3433689475059509 0.5147671699523926 0.0
0.3436043858528137 0.5149654150009155 0.0
0.5039120316505432 0.5069339275360107 0.0
0.5159324407577515 0.5082745552062988 0.0
0.8154275417327881 0.5960740447044373 0.0
0.9273189306259155 0.2489193081855774 0.0
0.34123897552490234 0.5129730701446533 0.0
0.4921882748603821 0.504567563533783 0.0
0.9282448291778564 0.25134190917015076 0.0
0.8914576172828674 0.21949905157089233 0.0
0.8901656270027161 0.2187323123216629 0.0
0.8907674551010132 0.21992002427577972 0.0
0.49022603034973145 0.5 0.0
0.8268624544143677 0.5938441157341003 0.0
0.8402160406112671 0.5960888862609863 0.0
0.8526057004928589 0.5977128744125366 0.0
0.9277377128601074 0.253586083650589 0.0
0.4808371663093567 0.4982788860797882 0.0
0.8721837997436523 0.6000320911407471 0.0
0.8897531032562256 0.22009296715259552 0.0
0.475960373878479 0.4963988661766052 0.0
0.48726075887680054 0.49696284532546997 0.0
0.8981760144233704 0.6017348766326904 0.0
0.9264795780181885 0.25769123435020447 0.0
0.8879872560501099 0.22034452855587006 0.0
0.482110857963562 0.4942946434020996 0.0
0.4949866533279419 0.4952376186847687 0.0
0.9151399731636047 0.6080753207206726 0.0
0.47228431701660156 0.49257490038871765 0.0
0.49272477626800537 0.49278154969215393 0.0
0.4824870824813843 0.4916303753852844 0.0
0.9193248748779297 0.6025775074958801 0.0
0.8880844116210938 0.2219204157590866 0.0
0.8871576189994812 0.22291111946105957 0.0
0.47398632764816284 0.4906406104564667 0.0
0.9294154644012451 0.6024624109268188 0.0
0.9244983792304993 0.2605264186859131 0.0
0.4822832942008972 0.48924151062965393 0.0
0.9227936267852783 0.2619450092315674 0.0
0.8861523866653442 0.22400160133838654 0.0
0.9370567202568054 0.6022771000862122 0.0
0.4765271544456482 0.4854681193828583 0.0
0.4822222590446472 0.48708441853523254 0.0
0.4937323331832886 0.48735591769218445 0.0
0.945067286491394 0.6027090549468994 0.0
0.8849346041679382 0.2248394787311554 0.0
0.8838143348693848 0.2254737913608551 0.0
0.4834347367286682 0.4825344383716583 0.0
0.4889116883277893 0.48486074805259705 0.0
0.4988706111907959 0.4847588539123535 0.0
0.4967920780181885 0.48218876123428345 0.0
0.9518024921417236 0.5967032313346863 0.0
0.9180793762207031 0.2630363404750824 0.0
0.883618950843811 0.22669477760791779 0.0
0.4902137517929077 0.48073166608810425 0.0
0.9155707955360413 0.26141706109046936 0.0
0.4967549443244934 0.47885677218437195 0.0
0.961517870426178 0.6001762747764587 0.0
0.969042181968689 0.5986745357513428 0.0
0.8860037326812744 0.23129825294017792 0.0
0.5003506541252136 0.4760497808456421 0.0
0.5070211887359619 0.4775579869747162 0.0
0.9081524610519409 0.2594252824783325 0.0
0.8869645595550537 0.23757030069828033 0.0
0.5107698440551758 0.47498762607574463 0.0
0.9709011912345886 0.5960875153541565 0.0
0.9063088893890381 0.2597790062427521 0.0
0.8879355192184448 0.23963387310504913 0.0
0.9040699601173401 0.25869643688201904 0.0
0.901090681552887 0.25704288482666016 0.0
0.8881469368934631 0.24266165494918823 0.0
0.9779061079025269 0.5927813053131104 0.0
0.9854182004928589 0.5958329439163208 0.0
0.8980995416641235 0.2547667920589447 0.0
0.889239490032196 0.2454098016023636 0.0
0.520334005355835 0.4669097661972046 0.0
0.5232454538345337 0.4703308045864105 0.0
0.5298278331756592 0.4680556654930115 0.0
0.8956354856491089 0.25450173020362854 0.0
0.8959418535232544 0.25273585319519043 0.0
0.8937715888023376 0.251829594373703 0.0
0.8928340077400208 0.24970084428787231 0.0
0.89128178358078 0.24753336608409882 0.0
0.531884491443634 0.46465855836868286 0.0
0.5293933153152466 0.46024999022483826 0.0
0.5412412881851196 0.461641788482666 0.0
0.9941889047622681 0.5939708948135376 0.0
1.0 0.5927640795707703 0.0
0.5358039140701294 0.45761004090309143 0.0
0.5416529178619385 0.4554167687892914 0.0
0.5488948822021484 0.4541352391242981 0.0
0.5477936267852783 0.45154234766960144 0.0
0.9607180953025818 0.4041663408279419 0.0
0.9543353915214539 0.40571698546409607 0.0
0.9585058689117432 0.41261887550354004 0.0
0.9419150352478027 0.40719470381736755 0.0
0.5892702341079712 0.4407649040222168 0.0
0.9103808999061584 0.4048841893672943 0.0
0.5956910252571106 0.43813905119895935 0.0
0.6024789810180664 0.43567103147506714 0.0
0.6082958579063416 0.4334930181503296 0.0
0.6132291555404663 0.4317145049571991 0.0
0.867524266242981 0.39594876766204834 0.0
0.8528010845184326 0.3874371647834778 0.0
0.621466875076294 0.4323047995567322 0.0
0.8618729710578918 0.3935641944408417 0.0
0.8584625720977783 0.3908623456954956 0.0
0.8539169430732727 0.38927409052848816 0.0
0.8510544896125793 0.387248158454895 0.0
0.627309262752533 0.429550439119339 0.0
0.8502349257469177 0.38552963733673096 0.0
0.6367900967597961 0.42819133400917053 0.0
0.6468728184700012 0.42490866780281067 0.0
0.6451801657676697 0.42755740880966187 0.0
0.6523848176002502 0.4240804612636566 0.0
0.6613080501556396 0.4253479838371277 0.0
0.6660481691360474 0.4228588938713074 0.0
0.6844737529754639 0.42342185974121094 0.0
0.6760678887367249 0.4207702875137329 0.0
0.7077991962432861 0.4191052317619324 0.0
0.7189027070999146 0.42153140902519226 0.0
0.7424453496932983 0.4187314808368683 0.0
0.7529933452606201 0.4192107021808624 0.0
0.7674114108085632 0.4169418215751648 0.0
0.7712514400482178 0.4141518175601959 0.0
0.780429482460022 0.41004300117492676 0.0
0.786979079246521 0.4085264503955841 0.0
0.7843309044837952 0.40145134925842285 0.0
0.7848095893859863 0.40027597546577454 0.0
0.783632755279541 0.3985894024372101 0.0
0.7879372239112854 0.39906013011932373 0.0
0.7866595387458801 0.39722347259521484 0.0
0.7831092476844788 0.3942868709564209 0.0
0.8986546993255615 0.2096542865037918 0.0
0.8982385993003845 0.20909558236598969 0.0
0.8973583579063416 0.20908662676811218 0.0
0.8991643786430359 0.2096613496541977 0.0
0.8996544480323792 0.20987993478775024 0.0
0.896554172039032 0.20860552787780762 0.0
0.9000549912452698 0.21026599407196045 0.0
0.90057373046875 0.2106962949037552 0.0
0.9010574221611023 0.21086271107196808 0.0
0.901407778263092 0.2112566977739334 0.0
0.9017360806465149 0.21166786551475525 0.0
0.9022144079208374 0.21195518970489502 0.0
0.8937705159187317 0.20860038697719574 0.0
0.9028525948524475 0.2124074399471283 0.0
0.8932992219924927 0.20864257216453552 0.0
0.9034493565559387 0.2128818929195404 0.0
0.8931581377983093 0.20917731523513794 0.0
0.9036540389060974 0.21358110010623932 0.0
0.9041218161582947 0.2143022119998932 0.0
0.8927811980247498 0.20943906903266907 0.0
0.8922534584999084 0.20921115577220917 0.0
0.9045088291168213 0.21508000791072845 0.0
0.9044785499572754 0.21596865355968475 0.0
0.9050967693328857 0.21630984544754028 0.0
0.9055464267730713 0.21704116463661194 0.0
0.891855001449585 0.21080005168914795 0.0
0.9060488343238831 0.21793703734874725 0.0
0.891904354095459 0.21153587102890015 0.0
0.905691385269165 0.21900859475135803 0.0
0.9053699374198914 0.21992337703704834 0.0
0.5687403678894043 0.549092710018158 0.0
0.91981440782547 0.23202992975711823 0.0
0.9183292984962463 0.22985386848449707 0.0
0.8914204239845276 0.2127847820520401 0.0
0.8913853764533997 0.21375995874404907 0.0
0.5819883346557617 0.5524745583534241 0.0
0.6099963188171387 0.5591697692871094 0.0
0.9204714298248291 0.23369404673576355 0.0
0.9179695844650269 0.231258362531662 0.0
0.916013240814209 0.229306161403656 0.0
0.9139468669891357 0.22676929831504822 0.0
0.5562715530395508 0.5433674454689026 0.0
0.6249332427978516 0.5597903728485107 0.0
0.9210028052330017 0.23572301864624023 0.0
0.9095364212989807 0.22380362451076508 0.0
0.9035606384277344 0.22080476582050323 0.0
0.904384434223175 0.22061850130558014 0.0
0.5533446073532104 0.5329825282096863 0.0
0.5667808651924133 0.5395562052726746 0.0
0.5786975026130676 0.5441491603851318 0.0
0.591293454170227 0.5476783514022827 0.0
0.6047378182411194 0.5503064393997192 0.0
0.6166456341743469 0.5521618723869324 0.0
0.6856842637062073 0.5735973119735718 0.0
0.7230275869369507 0.5846975445747375 0.0
0.9050173163414001 0.22089783847332 0.0
0.8910057544708252 0.2145717889070511 0.0
0.5452948212623596 0.5232029557228088 0.0
0.567421019077301 0.5311169624328613 0.0
0.6363332867622375 0.5565012693405151 0.0
0.6479398608207703 0.5588154792785645 0.0
0.6763732433319092 0.5643386244773865 0.0
0.700011134147644 0.572896420955658 0.0
0.7127170562744141 0.579271674156189 0.0
0.9224045276641846 0.23819980025291443 0.0
0.891960859298706 0.21574430167675018 0.0
0.5351897478103638 0.5223959684371948 0.0
0.6618176102638245 0.5613358616828918 0.0
0.6890414357185364 0.56694495677948 0.0
0.7267889976501465 0.5780353546142578 0.0
0.7427870631217957 0.5799375772476196 0.0
0.9223716855049133 0.24036124348640442 0.0
0.8925086855888367 0.21786996722221375 0.0
0.8926107287406921 0.21704818308353424 0.0
0.8941051959991455 0.21825852990150452 0.0
0.5277474522590637 0.518306314945221 0.0
0.5580429434776306 0.5232736468315125 0.0
0.7590086460113525 0.5802818536758423 0.0
0.8932019472122192 0.21868456900119781 0.0
0.892544150352478 0.21925561130046844 0.0
0.5274943709373474 0.5093685388565063 0.0
0.5391401648521423 0.5137854814529419 0.0
0.7768064737319946 0.5811786651611328 0.0
0.7920029163360596 0.5863552093505859 0.0
0.9250661134719849 0.2477799952030182 0.0
0.5132447481155396 0.5 0.0
0.8069007992744446 0.5865210294723511 0.0
0.9257351160049438 0.2503203749656677 0.0
0.8925570845603943 0.2202368676662445 0.0
0.8917259573936462 0.22060100734233856 0.0
0.5016369223594666 0.5 0.0
0.52512127161026 0.5 0.0
0.5382558703422546 0.5 0.0
0.8179416060447693 0.5836830735206604 0.0
0.8330650925636292 0.5861232280731201 0.0
0.8907977342605591 0.22083692252635956 0.0
0.49843114614486694 0.49769046902656555 0.0
0.5097179412841797 0.49770307540893555 0.0
0.5216615200042725 0.49774685502052307 0.0
0.8492913246154785 0.5871063470840454 0.0
0.9257513284683228 0.2547728419303894 0.0
0.8900083303451538 0.22189360857009888 0.0
0.8627698421478271 0.5885631442070007 0.0
0.879166305065155 0.5939103960990906 0.0
0.5049222111701965 0.49584558606147766 0.0
0.5167056918144226 0.4946889579296112 0.0
0.8878101110458374 0.5922393798828125 0.0
0.5036492943763733 0.4936135709285736 0.0
0.9011404514312744 0.5962401628494263 0.0
0.9241083860397339 0.25803273916244507 0.0
0.8890613913536072 0.22330044209957123 0.0
0.5006904602050781 0.4914764165878296 0.0
0.5112305879592896 0.4913100302219391 0.0
0.49250102043151855 0.4902888238430023 0.0
0.9031385779380798 0.5893386602401733 0.0
0.9218566417694092 0.2584100663661957 0.0
0.5029990673065186 0.4892212748527527 0.0
0.9170175194740295 0.5946517586708069 0.0
0.511881947517395 0.4886050224304199 0.0
0.9244827628135681 0.5943735837936401 0.0
0.5068114995956421 0.486275315284729 0.0
0.9322722554206848 0.5941898822784424 0.0
0.9196657538414001 0.26075372099876404 0.0
0.8868164420127869 0.22567257285118103 0.0
0.885311484336853 0.22635085880756378 0.0
0.5059616565704346 0.48349717259407043 0.0
0.5145193338394165 0.4840809106826782 0.0
0.9394538998603821 0.5925459265708923 0.0
0.9178690910339355 0.2610446810722351 0.0
0.9400990009307861 0.5854724645614624 0.0
0.8853530287742615 0.22803659737110138 0.0
0.510696530342102 0.48070693016052246 0.0
0.5209599733352661 0.48260897397994995 0.0
0.8852097988128662 0.22954383492469788 0.0
0.5251960754394531 0.48023343086242676 0.0
0.9597934484481812 0.5933262705802917 0.0
0.9122219085693359 0.26016509532928467 0.0
0.5167511105537415 0.477679044008255 0.0
0.9102310538291931 0.25994694232940674 0.0
0.8878626227378845 0.23569239675998688 0.0
0.8885837197303772 0.23758435249328613 0.0
0.8872146606445312 0.2337789684534073 0.0
0.9607789516448975 0.5889184474945068 0.0
0.5213860869407654 0.47574084997177124 0.0
0.9740532636642456 0.594527006149292 0.0
0.9052862524986267 0.25756657123565674 0.0
0.8902010321617126 0.23997898399829865 0.0
0.8903965353965759 0.2420412302017212 0.0
0.5214346051216125 0.47342053055763245 0.0
0.9025904536247253 0.2560414969921112 0.0
0.8999531269073486 0.2543194890022278 0.0
0.8911611437797546 0.24470111727714539 0.0
0.8975244760513306 0.2523633539676666 0.0
0.8950538635253906 0.2504335939884186 0.0
0.8934053182601929 0.24847301840782166 0.0
0.5347170233726501 0.4702736735343933 0.0
0.5387211441993713 0.46771761775016785 0.0
0.9835498332977295 0.5910422801971436 0.0
0.5428172945976257 0.4652565121650696 0.0
0.5506256818771362 0.4610424041748047 0.0
0.5454243421554565 0.4584794342517853 0.0
0.9897294044494629 0.5854166150093079 0.0
0.99226313829422 0.5828095078468323 0.0
1.0 0.5867547392845154 0.0
0.5494363903999329 0.45660147070884705 0.0
0.5586278438568115 0.45305192470550537 0.0
0.5576820373535156 0.45636454224586487 0.0
0.9867153763771057 0.410938560962677 0.0
0.564754068851471 0.45059189200401306 0.0
0.5699816942214966 0.4531722962856293 0.0
0.9770623445510864 0.4107571840286255 0.0
0.571364164352417 0.44877612590789795 0.0
0.9689610004425049 0.4115791916847229 0.0
0.567619800567627 0.4457879364490509 0.0
0.5753172039985657 0.44425898790359497 0.0
0.9471551775932312 0.4141521453857422 0.0
0.5827109813690186 0.44275495409965515 0.0
0.6011669635772705 0.4422760605812073 0.0
0.6066216826438904 0.43927162885665894 0.0
0.6121042966842651 0.4367828071117401 0.0
0.6169666647911072 0.4345276355743408 0.0
0.8633977174758911 0.3970622718334198 0.0
0.8557130694389343 0.390976220369339 0.0
0.8524682521820068 0.38896289467811584 0.0
0.8516135215759277 0.3887292146682739 0.0
0.6379446387290955 0.4321499466896057 0.0
0.859977662563324 0.3955887258052826 0.0
0.8579079508781433 0.39337339997291565 0.0
0.853622317314148 0.3910689651966095 0.0
0.8514068126678467 0.38851243257522583 0.0
0.8513209819793701 0.3882046043872833 0.0
0.8513302803039551 0.38823774456977844 0.0
0.6449935436248779 0.4309541881084442 0.0
0.6517259478569031 0.43038010597229004 0.0
0.6548838019371033 0.4276559054851532 0.0
0.6737681031227112 0.4271976947784424 0.0
0.6755455732345581 0.4236895740032196 0.0
0.6947575211524963 0.4246717095375061 0.0
0.6914355158805847 0.4271470606327057 0.0
0.7016295790672302 0.423327773809433 0.0
0.7090562582015991 0.42242130637168884 0.0
0.7296608090400696 0.42111995816230774 0.0
0.7399574518203735 0.42192167043685913 0.0
0.7633053660392761 0.4201699495315552 0.0
0.7801070213317871 0.4188990592956543 0.0
0.7797240018844604 0.4140878915786743 0.0
0.7881458401679993 0.4141313433647156 0.0
0.7921818494796753 0.4185149073600769 0.0
0.7922105193138123 0.4122297167778015 0.0
0.7971357107162476 0.4102862477302551 0.0
0.7904654145240784 0.406622976064682 0.0
0.7871276140213013 0.4035967290401459 0.0
0.791179895401001 0.4027434289455414 0.0
0.7896008491516113 0.40081268548965454 0.0
0.7912036180496216 0.3978767693042755 0.0
0.7886949777603149 0.39639487862586975 0.0
0.7918177843093872 0.3975435495376587 0.0
0.786251962184906 0.39548468589782715 0.0
0.8975544571876526 0.20957615971565247 0.0
0.8978292346000671 0.20929549634456635 0.0
0.8990591168403625 0.2100755125284195 0.0
0.8982269763946533 0.20954152941703796 0.0
0.8969829082489014 0.2090008407831192 0.0
0.8968052268028259 0.20931948721408844 0.0
0.8963040709495544 0.20899498462677002 0.0
0.8995730876922607 0.2104189097881317 0.0
0.9009296298027039 0.21131885051727295 0.0
0.8944277763366699 0.20866438746452332 0.0
0.9017820358276367 0.2121824324131012 0.0
0.8942820429801941 0.20921757817268372 0.0
0.8937310576438904 0.20919430255889893 0.0
0.90303635597229 0.2132645547389984 0.0
0.9023171663284302 0.21275082230567932 0.0
0.8933472633361816 0.21004651486873627 0.0
0.8926210999488831 0.2099895179271698 0.0
0.9047802686691284 0.2170778065919876 0.0
0.8927211761474609 0.21087093651294708 0.0
0.8925158381462097 0.21155284345149994 0.0
0.9053307175636292 0.21810951828956604 0.0
0.8923655152320862 0.21223440766334534 0.0
0.8916193842887878 0.21205148100852966 0.0
0.8921300768852234 0.21277351677417755 0.0
0.8922257423400879 0.213522806763649 0.0
0.9041855335235596 0.22044982016086578 0.0
0.9187580347061157 0.23343685269355774 0.0
0.8923619985580444 0.21427862346172333 0.0
0.9163724780082703 0.23145157098770142 0.0
0.914687991142273 0.22975212335586548 0.0
0.913827657699585 0.22815048694610596 0.0
0.9113688468933105 0.22612138092517853 0.0
0.907464861869812 0.22233907878398895 0.0
0.9057759642601013 0.22151002287864685 0.0
0.9051308631896973 0.2213662564754486 0.0
0.9022560119628906 0.22073915600776672 0.0
0.9027353525161743 0.22056272625923157 0.0
0.9011364579200745 0.2205958217382431 0.0
0.8921329975128174 0.21485543251037598 0.0
0.9027621150016785 0.22097201645374298 0.0
0.9020015001296997 0.22083182632923126 0.0
0.9011264443397522 0.22073611617088318 0.0
0.8999523520469666 0.2204989790916443 0.0
0.8931056261062622 0.21566861867904663 0.0
0.8934594988822937 0.2164786010980606 0.0
0.5759115219116211 0.5370409488677979 0.0
0.5866637229919434 0.539130449295044 0.0
0.5999394655227661 0.5412745475769043 0.0
0.6285065412521362 0.5489949584007263 0.0
0.9206265211105347 0.23816341161727905 0.0
0.9007046222686768 0.22081920504570007 0.0
0.894408643245697 0.2174217849969864 0.0
0.5801768898963928 0.5310990810394287 0.0
0.61519455909729 0.5429395437240601 0.0
0.6419504284858704 0.5503952503204346 0.0
0.6991057395935059 0.5648468136787415 0.0
0.7128689289093018 0.5715417861938477 0.0
0.5713517069816589 0.5227845907211304 0.0
0.593593955039978 0.5327926278114319 0.0
0.6073787212371826 0.5338802337646484 0.0
0.6544084548950195 0.5524547100067139 0.0
0.6685605049133301 0.5550335645675659 0.0
0.683978259563446 0.5590624809265137 0.0
0.7236343026161194 0.5705955028533936 0.0
0.7340255379676819 0.5732048749923706 0.0
0.9220455884933472 0.24238495528697968 0.0
0.5867051482200623 0.5228527188301086 0.0
0.7453169822692871 0.5705537796020508 0.0
0.9228697419166565 0.24530139565467834 0.0
0.8959863781929016 0.22022557258605957 0.0
0.8941816091537476 0.22058284282684326 0.0
0.8940621614456177 0.21955259144306183 0.0
0.5507090091705322 0.5160685777664185 0.0
0.5620813369750977 0.5137516260147095 0.0
0.5753682851791382 0.514426589012146 0.0
0.7643007040023804 0.5703058242797852 0.0
0.550956130027771 0.5068777203559875 0.0
0.7771853804588318 0.5729345083236694 0.0
0.7898048758506775 0.5758717060089111 0.0
0.9234131574630737 0.24824659526348114 0.0
0.8932703733444214 0.22160068154335022 0.0
0.5488110780715942 0.5 0.0
0.5618924498558044 0.5056528449058533 0.0
0.5691549181938171 0.5080914497375488 0.0
0.5773151516914368 0.50688636302948 0.0
0.5339060425758362 0.4980347752571106 0.0
0.5437308549880981 0.49842968583106995 0.0
0.5584622025489807 0.5 0.0
0.5706541538238525 0.5 0.0
0.8054866790771484 0.5755480527877808 0.0
0.9248022437095642 0.2521878182888031 0.0
0.9236170649528503 0.250169038772583 0.0
0.8917625546455383 0.22179247438907623 0.0
0.8930304050445557 0.22280898690223694 0.0
0.8176023960113525 0.5767787098884583 0.0
0.92254638671875 0.2510768175125122 0.0
0.9236065745353699 0.2530485987663269 0.0
0.8918823003768921 0.22315749526023865 0.0
0.5305205583572388 0.4956717789173126 0.0
0.544567883014679 0.4959601163864136 0.0
0.5540440082550049 0.4977784752845764 0.0
0.5660912394523621 0.49812841415405273 0.0
0.8242575526237488 0.5727291703224182 0.0
0.836057722568512 0.5803240537643433 0.0
0.5547282695770264 0.4960276186466217 0.0
0.8379815220832825 0.5753480792045593 0.0
0.85086590051651 0.5800334811210632 0.0
0.9232378005981445 0.25482305884361267 0.0
0.8907749056816101 0.22382062673568726 0.0
0.5373375415802002 0.4941444993019104 0.0
0.8621275424957275 0.5802515745162964 0.0
0.8764604330062866 0.5853800773620605 0.0
0.8899669647216797 0.22465664148330688 0.0
0.5217289924621582 0.491788387298584 0.0
0.5291340351104736 0.49319472908973694 0.0
0.8846650123596191 0.5832230448722839 0.0
0.9211112260818481 0.2555100619792938 0.0
0.5372976064682007 0.4923493564128876 0.0
0.8883271217346191 0.22474204003810883 0.0
0.5198741555213928 0.4893859326839447 0.0
0.5312495827674866 0.49001580476760864 0.0
0.9196467995643616 0.2587377727031708 0.0
0.5172040462493896 0.4868110716342926 0.0
0.9093095660209656 0.5848807096481323 0.0
0.5249156355857849 0.48757869005203247 0.0
0.920758843421936 0.5876026153564453 0.0
0.8887810111045837 0.2267049252986908 0.0
0.8872299194335938 0.22752055525779724 0.0
0.5234626531600952 0.48511871695518494 0.0
0.5319117903709412 0.4865180552005768 0.0
0.924360990524292 0.5845940709114075 0.0
0.9177064299583435 0.2589632272720337 0.0
0.9158363938331604 0.25905168056488037 0.0
0.5299049019813538 0.48345690965652466 0.0
0.9262834787368774 0.578471302986145 0.0
0.887651264667511 0.22995597124099731 0.0
0.537304699420929 0.48170551657676697 0.0
0.9502772688865662 0.5892195105552673 0.0
0.9135807752609253 0.25856298208236694 0.0
0.8878796696662903 0.23210835456848145 0.0
0.9114471077919006 0.2576305866241455 0.0
0.889571487903595 0.23581016063690186 0.0
0.8890691995620728 0.2336244285106659 0.0
0.5260420441627502 0.47748705744743347 0.0
0.5345569252967834 0.4787466824054718 0.0
0.909439206123352 0.2577289640903473 0.0
0.8913322687149048 0.2387254238128662 0.0
0.9634607434272766 0.5863634347915649 0.0
0.9065824151039124 0.25647470355033875 0.0
0.8926288485527039 0.2417953461408615 0.0
0.5329363942146301 0.4755081236362457 0.0
0.9662334322929382 0.5839890837669373 0.0
0.9037420749664307 0.25476139783859253 0.0
0.8920500874519348 0.24337896704673767 0.0
0.9013909697532654 0.2538500130176544 0.0
0.5307783484458923 0.4724912643432617 0.0
0.5421621203422546 0.4726945459842682 0.0
0.967793881893158 0.5806084871292114 0.0
0.8994138836860657 0.2521122395992279 0.0
0.8972579836845398 0.2501590847969055 0.0
0.8951505422592163 0.24791352450847626 0.0
0.892967939376831 0.2467317432165146 0.0
0.8939211368560791 0.2449151873588562 0.0
0.9763517379760742 0.5853971838951111 0.0
0.5434776544570923 0.4698939621448517 0.0
0.5489111542701721 0.46769627928733826 0.0
0.9809888005256653 0.5857167840003967 0.0
0.9855774641036987 0.5861527919769287 0.0
0.5527443885803223 0.4643104076385498 0.0
0.559293806552887 0.4618208408355713 0.0
0.5546137690544128 0.45894381403923035 0.0
0.5659118890762329 0.45944884419441223 0.0
0.5697031617164612 0.45617982745170593 0.0
1.0 0.5818049311637878 0.0
0.5760277509689331 0.4515369236469269 0.0
0.9899505972862244 0.4158608615398407 0.0
0.9854781031608582 0.41716858744621277 0.0
0.5808973908424377 0.44984638690948486 0.0
0.5786848664283752 0.4473508298397064 0.0
0.977858304977417 0.41790449619293213 0.0
0.586199939250946 0.4459557831287384 0.0
0.593191385269165 0.4442542791366577 0.0
0.6246491074562073 0.435421347618103 0.0
0.621391773223877 0.43781009316444397 0.0
0.6315346360206604 0.4343428611755371 0.0
0.8799314498901367 0.4091914892196655 0.0
0.8807180523872375 0.4054606258869171 0.0
0.8898142576217651 0.4105951488018036 0.0
0.8750542402267456 0.41139018535614014 0.0
0.8820167183876038 0.41429924964904785 0.0
0.8752555847167969 0.4160460829734802 0.0
0.8727983236312866 0.4055127501487732 0.0
0.8679644465446472 0.40000125765800476 0.0
0.863352358341217 0.39979633688926697 0.0
0.8651233911514282 0.40288493037223816 0.0
0.8601217269897461 0.39801260828971863 0.0
0.8550909757614136 0.3932408392429352 0.0
0.8521695137023926 0.3911801278591156 0.0
0.8516581058502197 0.39038681983947754 0.0
0.8513684272766113 0.38837477564811707 0.0
0.8682026863098145 0.4096892774105072 0.0
0.8657898902893066 0.4062325060367584 0.0
0.8515558242797852 0.3896235525608063 0.0
0.851615846157074 0.39007142186164856 0.0
0.6674580574035645 0.4296874701976776 0.0
0.6836464405059814 0.4271026849746704 0.0
0.6839194297790527 0.4300987422466278 0.0
0.7015919089317322 0.4294559061527252 0.0
0.7036899924278259 0.42659977078437805 0.0
0.7100909948348999 0.4259205758571625 0.0
0.7167450785636902 0.425057977437973 0.0
0.7274056077003479 0.42691677808761597 0.0
0.7302479147911072 0.42414331436157227 0.0
0.7469165921211243 0.426264226436615 0.0
0.7370620369911194 0.4241102337837219 0.0
0.7525252103805542 0.42353934049606323 0.0
0.7604925036430359 0.4228768050670624 0.0
0.7746522426605225 0.4222797751426697 0.0
0.7917464971542358 0.4223732054233551 0.0
0.7984598875045776 0.4162404239177704 0.0
0.7955332398414612 0.4053848385810852 0.0
0.794784665107727 0.40244609117507935 0.0
0.7935661673545837 0.4011452794075012 0.0
0.7925479412078857 0.3998611867427826 0.0
0.7929322719573975 0.39916113018989563 0.0
0.7968349456787109 0.3992311358451843 0.0
0.7953785061836243 0.39851152896881104 0.0
0.792036771774292 0.3974532186985016 0.0
0.898011326789856 0.2098310887813568 0.0
0.8984088897705078 0.20987531542778015 0.0
0.8971817493438721 0.2094188779592514 0.0
0.8987452983856201 0.21015645563602448 0.0
0.8965873122215271 0.20962506532669067 0.0
0.8961517214775085 0.20924969017505646 0.0
0.9001340866088867 0.21084114909172058 0.0
0.9005013108253479 0.21117717027664185 0.0
0.901362955570221 0.21176692843437195 0.0
0.8948622941970825 0.20930702984333038 0.0
0.8947712182998657 0.2098056972026825 0.0
0.8942248821258545 0.20976004004478455 0.0
0.9025132060050964 0.21374957263469696 0.0
0.8937679529190063 0.2098127007484436 0.0
0.903363823890686 0.21432055532932281 0.0
0.8940068483352661 0.21045778691768646 0.0
0.8938067555427551 0.2107561230659485 0.0
0.9039889574050903 0.2151656299829483 0.0
0.8939743638038635 0.21139664947986603 0.0
0.8933184742927551 0.2107168734073639 0.0
0.903854489326477 0.21596555411815643 0.0
0.893413782119751 0.21130411326885223 0.0
0.904184103012085 0.21665309369564056 0.0
0.8931993842124939 0.211715430021286 0.0
0.8930471539497375 0.2123439759016037 0.0
0.9053139090538025 0.21908535063266754 0.0
0.9050322771072388 0.2186751663684845 0.0
0.8929774165153503 0.2132372111082077 0.0
0.905242919921875 0.2199821174144745 0.0
0.893001914024353 0.21416684985160828 0.0
0.9045120477676392 0.22068974375724792 0.0
0.9040412902832031 0.22054792940616608 0.0
0.8930863738059998 0.21493594348430634 0.0
0.9128067493438721 0.2286844551563263 0.0
0.9090640544891357 0.22439375519752502 0.0
0.9078165888786316 0.22309769690036774 0.0
0.9056546688079834 0.22150380909442902 0.0
0.900967538356781 0.22040076553821564 0.0
0.9017181992530823 0.22061842679977417 0.0
0.9010519981384277 0.22049829363822937 0.0
0.91878342628479 0.23597083985805511 0.0
0.9162511825561523 0.2337479293346405 0.0
0.9140557050704956 0.23103667795658112 0.0
0.9039743542671204 0.22117048501968384 0.0
0.8987653255462646 0.22028440237045288 0.0
0.8999157547950745 0.22036734223365784 0.0
0.8996871113777161 0.220260888338089 0.0
0.9169535040855408 0.23644433915615082 0.0
0.9024747014045715 0.22118400037288666 0.0
0.9014982581138611 0.2212059646844864 0.0
0.9002788662910461 0.22113831341266632 0.0
0.8983850479125977 0.22110241651535034 0.0
0.8974389433860779 0.219811350107193 0.0
0.8959989547729492 0.21843819320201874 0.0
0.6275160908699036 0.5402160286903381 0.0
0.918821394443512 0.23798632621765137 0.0
0.621214747428894 0.5335034728050232 0.0
0.6381667256355286 0.5423387289047241 0.0
0.6483729481697083 0.5452421307563782 0.0
0.695441722869873 0.5552491545677185 0.0
0.7133165001869202 0.563412606716156 0.0
0.9200295209884644 0.24024833738803864 0.0
0.896419882774353 0.22155357897281647 0.0
0.6001870632171631 0.5267778038978577 0.0
0.6129404306411743 0.5241802334785461 0.0
0.6600244045257568 0.5456974506378174 0.0
0.6768902540206909 0.5484333038330078 0.0
0.729229211807251 0.566563069820404 0.0
0.9202262759208679 0.2426937222480774 0.0
0.5869667530059814 0.5119730830192566 0.0
0.5992881059646606 0.5181336402893066 0.0
0.6348236799240112 0.5337830781936646 0.0
0.6492871046066284 0.5369288325309753 0.0
0.6654102802276611 0.5374279022216797 0.0
0.6884335279464722 0.546981155872345 0.0
0.7099334597587585 0.5548153519630432 0.0
0.722141444683075 0.5599926114082336 0.0
0.7346388101577759 0.5610578060150146 0.0
0.8950586915016174 0.222013458609581 0.0
0.6285178065299988 0.5250681638717651 0.0
0.6800013184547424 0.5401507616043091 0.0
0.6987131834030151 0.549207329750061 0.0
0.7495831847190857 0.5615991353988647 0.0
0.9214380383491516 0.2468394637107849 0.0
0.9199423789978027 0.24472196400165558 0.0
0.5849795937538147 0.5 0.0
0.609748125076294 0.5129003524780273 0.0
0.7619382739067078 0.5603757500648499 0.0
0.776404619216919 0.5644798278808594 0.0
0.8949100971221924 0.2235007882118225 0.0
0.5975582003593445 0.5076438784599304 0.0
0.9216864109039307 0.24885571002960205 0.0
0.5778294205665588 0.4983319938182831 0.0
0.7927598357200623 0.5649273991584778 0.0
0.8078200817108154 0.5669475197792053 0.0
0.9199603199958801 0.24980095028877258 0.0
0.894911527633667 0.22517284750938416 0.0
0.8934665322303772 0.22409875690937042 0.0
0.5881121754646301 0.49857398867607117 0.0
0.5953643918037415 0.5 0.0
0.9218378067016602 0.25225284695625305 0.0
0.8937692642211914 0.2253873497247696 0.0
0.5631366968154907 0.4962077736854553 0.0
0.5729336738586426 0.4967484176158905 0.0
0.8127888441085815 0.5613152980804443 0.0
0.8259955048561096 0.5639453530311584 0.0
0.9199521541595459 0.25244563817977905 0.0
0.8923910856246948 0.22465603053569794 0.0
0.8931294679641724 0.22618886828422546 0.0
0.5575883388519287 0.494215190410614 0.0
0.5456952452659607 0.4932185709476471 0.0
0.5835595726966858 0.49672314524650574 0.0
0.8427843451499939 0.5684491395950317 0.0
0.8914647698402405 0.22545811533927917 0.0
0.5736966729164124 0.4946104884147644 0.0
0.8557316064834595 0.5680531859397888 0.0
0.8692147135734558 0.5768829584121704 0.0
0.9186921715736389 0.25358548760414124 0.0
0.5435436367988586 0.49075230956077576 0.0
0.5546193718910217 0.49149951338768005 0.0
0.5673041939735413 0.49197882413864136 0.0
0.8681954741477966 0.5678040981292725 0.0
0.8902488946914673 0.22611141204833984 0.0
0.8887165784835815 0.574885368347168 0.0
0.9186920523643494 0.25576072931289673 0.0
0.5413931608200073 0.48796921968460083 0.0
0.5517395734786987 0.4889930188655853 0.0
0.5627123713493347 0.48953333497047424 0.0
0.9171497821807861 0.2568555474281311 0.0
0.8905661106109619 0.22769136726856232 0.0
0.5588507652282715 0.48749029636383057 0.0
0.8986208438873291 0.5741521716117859 0.0
0.550258219242096 0.48631003499031067 0.0
0.9110097885131836 0.5788877606391907 0.0
0.8894553780555725 0.2286551594734192 0.0
0.5400547981262207 0.48485490679740906 0.0
0.9127976894378662 0.5735131502151489 0.0
0.9159913659095764 0.25750890374183655 0.0
0.8905166387557983 0.23068290948867798 0.0
0.5496893525123596 0.48306259512901306 0.0
0.9142342209815979 0.25699156522750854 0.0
0.8896631002426147 0.23218128085136414 0.0
0.9314765930175781 0.5759506225585938 0.0
0.9400858879089355 0.5790892243385315 0.0
0.9120702743530273 0.25618064403533936 0.0
0.8911958336830139 0.2344348132610321 0.0
0.8920071721076965 0.23686254024505615 0.0
0.5446131825447083 0.480082243680954 0.0
0.9493887424468994 0.5818771719932556 0.0
0.9097829461097717 0.25542646646499634 0.0
0.8931285738945007 0.23865586519241333 0.0
0.5418145656585693 0.4777374267578125 0.0
0.9533377885818481 0.5792714953422546 0.0
0.9073533415794373 0.25480976700782776 0.0
0.8948853611946106 0.24165470898151398 0.0
0.8948932886123657 0.24332614243030548 0.0
0.8934019207954407 0.24016022682189941 0.0
0.5510446429252625 0.4784702658653259 0.0
0.9557589292526245 0.5764527916908264 0.0
0.9053231477737427 0.2542703151702881 0.0
0.5465672612190247 0.4758487343788147 0.0
0.9037117958068848 0.25290828943252563 0.0
0.8963744044303894 0.2448967546224594 0.0
0.9015585780143738 0.25211551785469055 0.0
0.8961930871009827 0.24650365114212036 0.0
0.5544914603233337 0.47380363941192627 0.0
0.8993528485298157 0.25012797117233276 0.0
0.8975887894630432 0.248236745595932 0.0
0.5525018572807312 0.47068727016448975 0.0
0.5632295608520508 0.47178930044174194 0.0
0.5625170469284058 0.4678828716278076 0.0
0.9722622036933899 0.5769184827804565 0.0
0.9772162437438965 0.578076183795929 0.0
0.5635197162628174 0.4644465744495392 0.0
0.9812563061714172 0.5777357816696167 0.0
0.986014187335968 0.5790701508522034 0.0
0.568327784538269 0.4625507891178131 0.0
0.9860205054283142 0.5754755139350891 0.0
0.9926376938819885 0.5776936411857605 0.0
0.57377690076828 0.4587617814540863 0.0
0.5810989141464233 0.4579959809780121 0.0
0.5811391472816467 0.454619437456131 0.0
0.9950290322303772 0.5749202966690063 0.0
1.0 0.5785486698150635 0.0
0.587949812412262 0.4522764980792999 0.0
0.590064525604248 0.44922754168510437 0.0
1.0 0.5757840871810913 0.0
0.977684497833252 0.4230213761329651 0.0
0.5965424180030823 0.44730284810066223 0.0
0.6027495861053467 0.445724219083786 0.0
0.6086337566375732 0.44464966654777527 0.0
0.6115423440933228 0.4425121545791626 0.0
0.6162738800048828 0.44017207622528076 0.0
0.6317554712295532 0.4384278953075409 0.0
0.6411412358283997 0.43589797616004944 0.0
0.6468753814697266 0.4343887269496918 0.0
0.8808553814888 0.4208175241947174 0.0
0.6533461213111877 0.43355792760849 0.0
0.8743744492530823 0.4267283082008362 0.0
0.8690123558044434 0.4199592173099518 0.0
0.8568484783172607 0.3959502875804901 0.0
0.853022038936615 0.3930480182170868 0.0
0.6620516180992126 0.43263673782348633 0.0
0.8693327903747559 0.4141687750816345 0.0
0.8596826195716858 0.4011686444282532 0.0
0.857151448726654 0.3987339437007904 0.0
0.8536268472671509 0.39528989791870117 0.0
0.8520398139953613 0.3930557668209076 0.0
0.8513683676719666 0.39336881041526794 0.0
0.8516154289245605 0.39006859064102173 0.0
0.8516367673873901 0.39022740721702576 0.0
0.8632911443710327 0.41624850034713745 0.0
0.8605818152427673 0.40475723147392273 0.0
0.8609163165092468 0.40809860825538635 0.0
0.679241418838501 0.43173351883888245 0.0
0.6932818293571472 0.4308749735355377 0.0
0.7116187214851379 0.4295010268688202 0.0
0.7194990515708923 0.42855125665664673 0.0
0.8614635467529297 0.41221192479133606 0.0
0.7388694286346436 0.427315354347229 0.0
0.7606127262115479 0.42935094237327576 0.0
0.7635021805763245 0.42629489302635193 0.0
0.7818736433982849 0.4283193051815033 0.0
0.7696178555488586 0.42506954073905945 0.0
0.7863831520080566 0.42458972334861755 0.0
0.7981199622154236 0.42659714818000793 0.0
0.8034427762031555 0.41408488154411316 0.0
0.8090286254882812 0.4118333160877228 0.0
0.8005714416503906 0.408215194940567 0.0
0.7995392680168152 0.4044111967086792 0.0
0.7986816763877869 0.4027291238307953 0.0
0.7971160411834717 0.40075528621673584 0.0
0.7967370748519897 0.40142977237701416 0.0
0.7970988154411316 0.3999251127243042 0.0
0.7971282601356506 0.3990460932254791 0.0
0.8010008335113525 0.4000551104545593 0.0
0.7999760508537292 0.39971980452537537 0.0
0.7986947298049927 0.39938220381736755 0.0
0.7994762063026428 0.39958521723747253 0.0
0.7990856170654297 0.39948374032974243 0.0
0.8983989357948303 0.21024537086486816 0.0
0.8976597785949707 0.21000783145427704 0.0
0.8973406553268433 0.20980848371982574 0.0
0.8970913290977478 0.20968079566955566 0.0
0.8969398736953735 0.20977915823459625 0.0
0.899127185344696 0.21052947640419006 0.0
0.8998643159866333 0.21111001074314117 0.0
0.8994649648666382 0.21098294854164124 0.0
0.896243155002594 0.20960846543312073 0.0
0.9002524614334106 0.21138164401054382 0.0
0.9006388783454895 0.21164876222610474 0.0
0.9010127782821655 0.21185803413391113 0.0
0.9013231992721558 0.21237269043922424 0.0
0.8953477740287781 0.20929615199565887 0.0
0.8954291343688965 0.20991066098213196 0.0
0.901787519454956 0.21268273890018463 0.0
0.9019956588745117 0.21314126253128052 0.0
0.894662082195282 0.2102736234664917 0.0
0.8942279815673828 0.21021336317062378 0.0
0.8945467472076416 0.2106911689043045 0.0
0.9028964638710022 0.21437527239322662 0.0
0.8944003582000732 0.2111477255821228 0.0
0.9035283327102661 0.21527746319770813 0.0
0.8945664167404175 0.21174387633800507 0.0
0.8945002555847168 0.21222756803035736 0.0
0.9037231802940369 0.21671633422374725 0.0
0.8938342928886414 0.2119288593530655 0.0
0.8936887979507446 0.21245968341827393 0.0
0.9042214751243591 0.21757088601589203 0.0
0.9047784805297852 0.21799199283123016 0.0
0.8935827612876892 0.2130080908536911 0.0
0.9046486616134644 0.21864093840122223 0.0
0.9051536917686462 0.21963809430599213 0.0
0.8939195871353149 0.21373505890369415 0.0
0.905351459980011 0.22056473791599274 0.0
0.8936050534248352 0.2141154557466507 0.0
0.8938205242156982 0.21480980515480042 0.0
0.9053301811218262 0.2213178277015686 0.0
0.9055155515670776 0.2211759388446808 0.0
0.9039857983589172 0.22093018889427185 0.0
0.9032315611839294 0.22078143060207367 0.0
0.9030559659004211 0.22089357674121857 0.0
0.8941112756729126 0.21567772328853607 0.0
0.9105595350265503 0.22751225531101227 0.0
0.9089649319648743 0.22534964978694916 0.0
0.9073354005813599 0.2233283668756485 0.0
0.9032458066940308 0.22097668051719666 0.0
0.8996918201446533 0.2199254184961319 0.0
0.8948860764503479 0.2166777402162552 0.0
0.8938813209533691 0.21614588797092438 0.0
0.9119593501091003 0.2295117974281311 0.0
0.9030491709709167 0.22110287845134735 0.0
0.9014226198196411 0.22133921086788177 0.0
0.8956631422042847 0.2175852656364441 0.0
0.896986722946167 0.21812370419502258 0.0
0.9138607978820801 0.232845276594162 0.0
0.9000934362411499 0.22181709110736847 0.0
0.9147078394889832 0.23486679792404175 0.0
0.8983022570610046 0.22244976460933685 0.0
0.9176161289215088 0.23873457312583923 0.0
0.9155098795890808 0.23710514605045319 0.0
0.9183861613273621 0.24076779186725616 0.0
0.9161069989204407 0.239519864320755 0.0
0.896686851978302 0.22302992641925812 0.0
0.9180020689964294 0.24228739738464355 0.0
0.6445305943489075 0.5249844789505005 0.0
0.6559562683105469 0.5301802754402161 0.0
0.6935266256332397 0.541580319404602 0.0
0.7079992294311523 0.546921968460083 0.0
0.7222402095794678 0.553390383720398 0.0
0.7366178035736084 0.5530011057853699 0.0
0.6220064759254456 0.5161952972412109 0.0
0.6651970744132996 0.5280234217643738 0.0
0.6737907528877258 0.5329786539077759 0.0
0.7511680722236633 0.5528761744499207 0.0
0.9178234934806824 0.24402707815170288 0.0
0.8968012928962708 0.22438792884349823 0.0
0.8961161375045776 0.22505450248718262 0.0
0.6172367334365845 0.5079131722450256 0.0
0.6343384385108948 0.5167050361633301 0.0
0.6566724181175232 0.5237698554992676 0.0
0.6850683689117432 0.5330576300621033 0.0
0.6942105889320374 0.5356737375259399 0.0
0.703822135925293 0.5382509827613831 0.0
0.7212144732475281 0.5433672666549683 0.0
0.7387524843215942 0.5441692471504211 0.0
0.765526533126831 0.5519223213195801 0.0
0.9191632270812988 0.2466432750225067 0.0
0.6069170236587524 0.5 0.0
0.6269275546073914 0.5084901452064514 0.0
0.7517558336257935 0.5448815226554871 0.0
0.7811179757118225 0.5556336045265198 0.0
0.8962023258209229 0.22618505358695984 0.0
0.618412435054779 0.5 0.0
0.8950065970420837 0.22692008316516876 0.0
0.5973149538040161 0.49776268005371094 0.0
0.609635591506958 0.4982604384422302 0.0
0.7953007817268372 0.5528939962387085 0.0
0.9177974462509155 0.24989847838878632 0.0
0.8124251365661621 0.5525736212730408 0.0
0.8937810063362122 0.2272748351097107 0.0
0.8945454359054565 0.228464737534523 0.0
0.590162992477417 0.49455785751342773 0.0
0.827660858631134 0.5554597973823547 0.0
0.9171482920646667 0.25134384632110596 0.0
0.8924217224121094 0.22751633822917938 0.0
0.8937731981277466 0.22946415841579437 0.0
0.5808239579200745 0.4922001361846924 0.0
0.8410688042640686 0.5572908520698547 0.0
0.5899257063865662 0.49234697222709656 0.0
0.8520938158035278 0.5584914088249207 0.0
0.8919233679771423 0.2295171469449997 0.0
0.5748549103736877 0.4898301959037781 0.0
0.5887551307678223 0.49009767174720764 0.0
0.8565044403076172 0.5535352230072021 0.0
0.872066855430603 0.5604214668273926 0.0
0.9158166646957397 0.25450384616851807 0.0
0.5698347091674805 0.48723599314689636 0.0
0.8856490254402161 0.5646947622299194 0.0
0.8924658894538879 0.23134852945804596 0.0
0.5605107545852661 0.485149085521698 0.0
0.5802608728408813 0.4880867898464203 0.0
0.8973816633224487 0.5666858553886414 0.0
0.9149649739265442 0.2557552754878998 0.0
0.5792679190635681 0.48628878593444824 0.0
0.9009594321250916 0.5615483522415161 0.0
0.8918353915214539 0.23258933424949646 0.0
0.5618345141410828 0.48239457607269287 0.0
0.5732689499855042 0.48419010639190674 0.0
0.9131562113761902 0.5677513480186462 0.0
0.9128847122192383 0.2548949420452118 0.0
0.8933238983154297 0.23435860872268677 0.0
0.5538450479507446 0.4807432293891907 0.0
0.9196656346321106 0.5665163397789001 0.0
0.9299465417861938 0.5688134431838989 0.0
0.9104865193367004 0.25352969765663147 0.0
0.8930178284645081 0.23586927354335785 0.0
0.5715585947036743 0.48145824670791626 0.0
0.9391370415687561 0.573152482509613 0.0
0.8939169049263 0.23755858838558197 0.0
0.5624596476554871 0.47951194643974304 0.0
0.9434685707092285 0.5720824599266052 0.0
0.9077933430671692 0.25263911485671997 0.0
0.8965892195701599 0.24320226907730103 0.0
0.8949755430221558 0.23964881896972656 0.0
0.5577216744422913 0.47668033838272095 0.0
0.9475647211074829 0.5712721943855286 0.0
0.9052063226699829 0.2522801458835602 0.0
0.8985041379928589 0.24476109445095062 0.0
0.8980022072792053 0.246524840593338 0.0
0.5671701431274414 0.4773150384426117 0.0
0.9576572179794312 0.572971761226654 0.0
0.9028326869010925 0.2510473430156708 0.0
0.5652292966842651 0.47483569383621216 0.0
0.5761791467666626 0.4761682152748108 0.0
0.9618542194366455 0.573667049407959 0.0
0.9010240435600281 0.2501033842563629 0.0
0.8997912406921387 0.2482612431049347 0.0
0.9653676152229309 0.5739761590957642 0.0
0.5729378461837769 0.4730610251426697 0.0
0.5718322396278381 0.47021013498306274 0.0
0.5790009498596191 0.47149357199668884 0.0
0.9639607071876526 0.5682262778282166 0.0
0.9694612622261047 0.5701949000358582 0.0
0.572433590888977 0.46810969710350037 0.0
0.5806949734687805 0.46882864832878113 0.0
0.9742658138275146 0.5720785856246948 0.0
0.5743768215179443 0.46542662382125854 0.0
0.5782522559165955 0.4614572525024414 0.0
0.5821013450622559 0.4640282988548279 0.0
0.9815190434455872 0.5741718411445618 0.0
0.9853646755218506 0.5706683397293091 0.0
0.5925686359405518 0.4568840563297272 0.0
0.9898737072944641 0.5714210271835327 0.0
0.5899792313575745 0.4545139670372009 0.0
0.9963223338127136 0.572083055973053 0.0
0.5973966717720032 0.45442864298820496 0.0
0.5989708304405212 0.4518410563468933 0.0
0.9973330497741699 0.5693665742874146 0.0
0.6002235412597656 0.4496522545814514 0.0
0.6085329055786133 0.4511517584323883 0.0
0.6060253381729126 0.44839441776275635 0.0
0.6103473901748657 0.44679126143455505 0.0
0.6168683171272278 0.44556283950805664 0.0
0.6192088723182678 0.4429755210876465 0.0
0.6264398097991943 0.4418554902076721 0.0
0.6244212985038757 0.44478166103363037 0.0
0.6326484680175781 0.4457590579986572 0.0
0.639000415802002 0.4431839883327484 0.0
0.9171392917633057 0.4289408326148987 0.0
0.933679461479187 0.4298970103263855 0.0
0.9277834892272949 0.4357747733592987 0.0
0.6428478360176086 0.43965792655944824 0.0
0.6517269611358643 0.4381306767463684 0.0
0.6534204483032227 0.43584707379341125 0.0
0.6626024842262268 0.4373326599597931 0.0
0.6711281538009644 0.4361586570739746 0.0
0.674251139163971 0.43387943506240845 0.0
0.8600339293479919 0.4248647689819336 0.0
0.8542212843894958 0.3978149890899658 0.0
0.8516390919685364 0.3947750926017761 0.0
0.8514106273651123 0.3925395607948303 0.0
0.689699113368988 0.4334605932235718 0.0
0.6982689499855042 0.43467894196510315 0.0
0.7046938538551331 0.43398165702819824 0.0
0.8568723797798157 0.41958627104759216 0.0
0.8536907434463501 0.40615278482437134 0.0
0.8563737869262695 0.40329980850219727 0.0
0.8542980551719666 0.4008263945579529 0.0
0.8511090278625488 0.3972822427749634 0.0
0.8513121604919434 0.39295217394828796 0.0
0.8512136340141296 0.39336469769477844 0.0
0.7129504084587097 0.4333311915397644 0.0
0.7237926721572876 0.4332975447177887 0.0
0.7290612459182739 0.43082407116889954 0.0
0.8559499382972717 0.41526830196380615 0.0
0.8509230613708496 0.3940734267234802 0.0
0.8510683178901672 0.3937191069126129 0.0
0.7397788763046265 0.4314306676387787 0.0
0.8371570706367493 0.42134198546409607 0.0
0.8328977227210999 0.4254117012023926 0.0
0.8241656422615051 0.41947805881500244 0.0
0.8512778282165527 0.41695669293403625 0.0
0.8444516062736511 0.41858232021331787 0.0
0.8535031080245972 0.41233083605766296 0.0
0.8546617031097412 0.40957173705101013 0.0
0.7519274950027466 0.4313279688358307 0.0
0.7731583714485168 0.43030795454978943 0.0
0.7938340902328491 0.4296586215496063 0.0
0.833010196685791 0.4181678891181946 0.0
0.8348453640937805 0.4152575433254242 0.0
0.8083783984184265 0.4085386395454407 0.0
0.8171365261077881 0.4107319414615631 0.0
0.802324652671814 0.4065510928630829 0.0
0.8069389462471008 0.40626561641693115 0.0
0.8052731156349182 0.4042332172393799 0.0
0.8011434078216553 0.40234261751174927 0.0
0.8065208792686462 0.40312525629997253 0.0
0.8019127249717712 0.4015549421310425 0.0
0.8024954199790955 0.4008394479751587 0.0
0.8006303906440735 0.39986664056777954 0.0
0.8003645539283752 0.39980435371398926 0.0
0.8004975914955139 0.3998355269432068 0.0
0.79999178647995 0.3997158706188202 0.0
0.8974307775497437 0.21010981500148773 0.0
0.8976721167564392 0.21038803458213806 0.0
0.8971890807151794 0.20999036729335785 0.0
0.8987734913825989 0.2105971872806549 0.0
0.8984044194221497 0.21074403822422028 0.0
0.8980187177658081 0.21030354499816895 0.0
0.8970052003860474 0.21018049120903015 0.0
0.8991031646728516 0.21097004413604736 0.0
0.896587610244751 0.21007190644741058 0.0
0.9000182747840881 0.21155861020088196 0.0
0.8960088491439819 0.20982985198497772 0.0
0.9003384709358215 0.21194250881671906 0.0
0.9008119106292725 0.21219009160995483 0.0
0.8960497379302979 0.21034961938858032 0.0
0.8956810832023621 0.2104484587907791 0.0
0.895197331905365 0.21033772826194763 0.0
0.901538610458374 0.2130061239004135 0.0
0.9018279910087585 0.2135632038116455 0.0
0.8950695991516113 0.21076418459415436 0.0
0.8949787616729736 0.21121656894683838 0.0
0.9025979042053223 0.21453577280044556 0.0
0.9030724763870239 0.21495676040649414 0.0
0.894969642162323 0.21171952784061432 0.0
0.9032828211784363 0.21589350700378418 0.0
0.8950077891349792 0.21222807466983795 0.0
0.8950669169425964 0.2126934975385666 0.0
0.8942322731018066 0.2125808596611023 0.0
0.8942955732345581 0.2132635861635208 0.0
0.9047102332115173 0.21955403685569763 0.0
0.8943465352058411 0.21453239023685455 0.0
0.905314028263092 0.22082634270191193 0.0
0.9057939648628235 0.22176805138587952 0.0
0.8947831988334656 0.21533241868019104 0.0
0.9061541557312012 0.22209537029266357 0.0
0.9019958972930908 0.22083891928195953 0.0
0.8951712846755981 0.21605724096298218 0.0
0.9072900414466858 0.2243024855852127 0.0
0.902259111404419 0.22102390229701996 0.0
0.9007968902587891 0.22062397003173828 0.0
0.9012670516967773 0.2210443764925003 0.0
0.8998647332191467 0.21996933221817017 0.0
0.898506760597229 0.2189899981021881 0.0
0.8961101770401001 0.21729157865047455 0.0
0.9121376276016235 0.23116737604141235 0.0
0.9100762605667114 0.22907103598117828 0.0
0.9078949093818665 0.22612951695919037 0.0
0.9008491039276123 0.22145900130271912 0.0
0.9121735095977783 0.23337788879871368 0.0
0.9005715847015381 0.22200621664524078 0.0
0.8996409177780151 0.22296278178691864 0.0
0.9137057065963745 0.2356853485107422 0.0
0.9141854643821716 0.23732492327690125 0.0
0.8998628258705139 0.22403749823570251 0.0
0.8985359072685242 0.22429434955120087 0.0
0.9155464768409729 0.24166543781757355 0.0
0.8976491093635559 0.22601953148841858 0.0
0.675435483455658 0.5258341431617737 0.0
0.9163714051246643 0.24452246725559235 0.0
0.6385721564292908 0.5085514187812805 0.0
0.6438002586364746 0.5160184502601624 0.0
0.6525453925132751 0.5176131129264832 0.0
0.665469765663147 0.5180017352104187 0.0
0.6852773427963257 0.5250647664070129 0.0
0.69638592004776 0.5292141437530518 0.0
0.7120330929756165 0.5318996906280518 0.0
0.7429553866386414 0.5349996089935303 0.0
0.9167719483375549 0.24721910059452057 0.0
0.6479459404945374 0.5119421482086182 0.0
0.6559873223304749 0.5110775232315063 0.0
0.679477870464325 0.517432451248169 0.0
0.7275433540344238 0.5346433520317078 0.0
0.759402871131897 0.5399377942085266 0.0
0.7753180265426636 0.5453789830207825 0.0
0.8971864581108093 0.2276875525712967 0.0
0.6287354230880737 0.5 0.0
0.6915374994277954 0.5193283557891846 0.0
0.7055357098579407 0.5204041600227356 0.0
0.7197023034095764 0.5251400470733643 0.0
0.8964440822601318 0.2290189117193222 0.0
0.6048855185508728 0.4958459138870239 0.0
0.6185356378555298 0.4974660277366638 0.0
0.7833741903305054 0.5397770404815674 0.0
0.7986801266670227 0.5402145981788635 0.0
0.6296320557594299 0.49800336360931396 0.0
0.8160799741744995 0.544581413269043 0.0
0.6122923493385315 0.49434053897857666 0.0
0.6240237355232239 0.4954637289047241 0.0
0.8291351795196533 0.5480297207832336 0.0
0.9165159463882446 0.252950519323349 0.0
0.8957197666168213 0.23048312962055206 0.0
0.5994373559951782 0.4927235543727875 0.0
0.894140362739563 0.23123276233673096 0.0
0.6081677079200745 0.4919428825378418 0.0
0.8396304249763489 0.5465840697288513 0.0
0.9139621257781982 0.2520633041858673 0.0
0.6005908846855164 0.4901423454284668 0.0
0.8610647320747375 0.5481474995613098 0.0
0.8937508463859558 0.23277893662452698 0.0
0.5889988541603088 0.48718780279159546 0.0
0.5949468612670898 0.4887055456638336 0.0
0.8734390735626221 0.5538667440414429 0.0
0.8835775256156921 0.557616114616394 0.0
0.9136339426040649 0.2537383437156677 0.0
0.60127854347229 0.48763057589530945 0.0
0.5843005776405334 0.48487457633018494 0.0
0.5941863059997559 0.4849269390106201 0.0
0.8946317434310913 0.23612846434116364 0.0
0.9201741814613342 0.5608797669410706 0.0
0.9119030833244324 0.25307217240333557 0.0
0.8956986665725708 0.23797467350959778 0.0
0.8970018625259399 0.23969696462154388 0.0
0.5857476592063904 0.4818344712257385 0.0
0.9326953887939453 0.5640465617179871 0.0
0.8967009782791138 0.24146199226379395 0.0
0.5744494199752808 0.47917500138282776 0.0
0.8980955481529236 0.24290430545806885 0.0
0.5834930539131165 0.4785277843475342 0.0
0.5932449698448181 0.4789773225784302 0.0
0.9388622641563416 0.5636202692985535 0.0
0.9461896419525146 0.5654277205467224 0.0
0.9057750701904297 0.25042665004730225 0.0
0.9037967920303345 0.2498444765806198 0.0
0.899618923664093 0.24651357531547546 0.0
0.9490330219268799 0.5635182857513428 0.0
0.9018784761428833 0.2490798681974411 0.0
0.9011245965957642 0.24733556807041168 0.0
0.5877377390861511 0.47632262110710144 0.0
0.9557340145111084 0.5666824579238892 0.0
0.582304835319519 0.47378823161125183 0.0
0.5909215807914734 0.47411367297172546 0.0
0.5872475504875183 0.4716101884841919 0.0
0.5934848785400391 0.4689611494541168 0.0
0.9759413003921509 0.5702069997787476 0.0
0.9685673117637634 0.5650447010993958 0.0
0.5861154198646545 0.4659959077835083 0.0
0.5888294577598572 0.46328654885292053 0.0
0.9792413115501404 0.5689473152160645 0.0
0.590341329574585 0.4602689743041992 0.0
0.598555862903595 0.4626079797744751 0.0
0.6010268926620483 0.4597271978855133 0.0
0.9851251244544983 0.5659732818603516 0.0
0.990912914276123 0.5676947832107544 0.0
0.6050629615783691 0.4570330083370209 0.0
0.6082225441932678 0.4541857838630676 0.0
0.9939003586769104 0.5659658312797546 0.0
1.0 0.5691373944282532 0.0
0.6167373061180115 0.4492172598838806 0.0
0.9832553267478943 0.4323306083679199 0.0
0.9612826704978943 0.42369771003723145 0.0
0.6260672807693481 0.44768285751342773 0.0
0.9658185243606567 0.43199020624160767 0.0
0.9513019919395447 0.4262300729751587 0.0
0.9502329230308533 0.43164512515068054 0.0
0.9464765191078186 0.4374101459980011 0.0
0.6473998427391052 0.44312337040901184 0.0
0.653163492679596 0.44211098551750183 0.0
0.909156322479248 0.43477824330329895 0.0
0.6634641885757446 0.4418226480484009 0.0
0.6771271824836731 0.43977248668670654 0.0
0.6790099143981934 0.4369911551475525 0.0
0.8813349604606628 0.42800453305244446 0.0
0.886445164680481 0.427104651927948 0.0
0.892098069190979 0.4324747920036316 0.0
0.6857080459594727 0.43601831793785095 0.0
0.6966130137443542 0.43716588616371155 0.0
0.7159340977668762 0.4377964735031128 0.0
0.72132807970047 0.43622007966041565 0.0
0.7284840941429138 0.43741267919540405 0.0
0.8523779511451721 0.4033815562725067 0.0
0.8519162535667419 0.39923927187919617 0.0
0.8503930568695068 0.3955313265323639 0.0
0.7359182238578796 0.4343244731426239 0.0
0.8505235314369202 0.3948712944984436 0.0
0.8506447076797485 0.3946292996406555 0.0
0.8505808115005493 0.3947569727897644 0.0
0.7450299263000488 0.43531596660614014 0.0
0.7505679726600647 0.434497207403183 0.0
0.7615447044372559 0.4365987479686737 0.0
0.7637817859649658 0.4336641728878021 0.0
0.802912712097168 0.43520447611808777 0.0
0.7912377119064331 0.4329439401626587 0.0
0.8037968873977661 0.4307730197906494 0.0
0.8453147411346436 0.4137968122959137 0.0
0.848037600517273 0.41039973497390747 0.0
0.7703933715820312 0.4333655536174774 0.0
0.7841020822525024 0.4331902861595154 0.0
0.8108513355255127 0.42902088165283203 0.0
0.8492915630340576 0.4082823693752289 0.0
0.8349702954292297 0.4124922454357147 0.0
0.8378449082374573 0.4112050533294678 0.0
0.8421581387519836 0.41050782799720764 0.0
0.8270126581192017 0.41207632422447205 0.0
0.8216394186019897 0.4092572331428528 0.0
0.8139333128929138 0.4079575538635254 0.0
0.8117275834083557 0.405982106924057 0.0
0.806844174861908 0.4022851586341858 0.0
0.8055471181869507 0.40107250213623047 0.0
0.807974636554718 0.40190404653549194 0.0
0.8035534024238586 0.40053802728652954 0.0
0.8015435934066772 0.4000774621963501 0.0
0.8025481104850769 0.40030765533447266 0.0
0.8988069295883179 0.2109619379043579 0.0
0.8979938626289368 0.21061424911022186 0.0
0.899359405040741 0.2113727182149887 0.0
0.8990030884742737 0.2113524228334427 0.0
0.8968868851661682 0.21035635471343994 0.0
0.8997028470039368 0.21145440638065338 0.0
0.8999128937721252 0.21189533174037933 0.0
0.8964172601699829 0.21030525863170624 0.0
0.9005624055862427 0.21244771778583527 0.0
0.9009724259376526 0.21287138760089874 0.0
0.8960946202278137 0.2108268439769745 0.0
0.8955836296081543 0.21080082654953003 0.0
0.9013264775276184 0.21341374516487122 0.0
0.8954914212226868 0.2112288773059845 0.0
0.9020839333534241 0.21417437493801117 0.0
0.8954563140869141 0.21171553432941437 0.0
0.9022579193115234 0.21473529934883118 0.0
0.9026731252670288 0.21529579162597656 0.0
0.8954746723175049 0.21224458515644073 0.0
0.895491898059845 0.21274611353874207 0.0
0.8954616189002991 0.21320563554763794 0.0
0.9032525420188904 0.21676094830036163 0.0
0.8948662281036377 0.21305938065052032 0.0
0.9036126136779785 0.21748346090316772 0.0
0.8950943946838379 0.21380363404750824 0.0
0.9040616154670715 0.2185894250869751 0.0
0.8947367668151855 0.21415361762046814 0.0
0.9044491648674011 0.2201956808567047 0.0
0.8952481746673584 0.21495915949344635 0.0
0.9050405025482178 0.22137434780597687 0.0
0.8959171772003174 0.21589355170726776 0.0
0.8960294723510742 0.2166888564825058 0.0
0.9060952663421631 0.222798153758049 0.0
0.9051608443260193 0.22277463972568512 0.0
0.9060057997703552 0.22379009425640106 0.0
0.9000290632247925 0.2201545536518097 0.0
0.9005471467971802 0.2209968864917755 0.0
0.8992341756820679 0.21928241848945618 0.0
0.8977077603340149 0.21810156106948853 0.0
0.8969231247901917 0.21742206811904907 0.0
0.9081699252128601 0.2279829978942871 0.0
0.9007217884063721 0.22182884812355042 0.0
0.9106703996658325 0.2310991883277893 0.0
0.9004377126693726 0.2230837345123291 0.0
0.9006785154342651 0.2244958132505417 0.0
0.8999114036560059 0.2251349538564682 0.0
0.9137001037597656 0.2385985404253006 0.0
0.8995047807693481 0.22637268900871277 0.0
0.9128655195236206 0.2400081753730774 0.0
0.9140082597732544 0.2426087111234665 0.0
0.8990582823753357 0.22804702818393707 0.0
0.9147977232933044 0.24478980898857117 0.0
0.6476203799247742 0.5061479210853577 0.0
0.6659760475158691 0.5077182054519653 0.0
0.7311645746231079 0.5277372002601624 0.0
0.7527991533279419 0.5289489030838013 0.0
0.9141145944595337 0.2460194230079651 0.0
0.8985626697540283 0.22979307174682617 0.0
0.6385009288787842 0.5 0.0
0.6478516459465027 0.5 0.0
0.6554383039474487 0.504989504814148 0.0
0.6872485280036926 0.512444019317627 0.0
0.6966148614883423 0.5113170742988586 0.0
0.727146327495575 0.5196998715400696 0.0
0.7162913084030151 0.516709566116333 0.0
0.7392234206199646 0.5243531465530396 0.0
0.7687095999717712 0.5329843759536743 0.0
0.915229320526123 0.24866700172424316 0.0
0.6792290210723877 0.5080493688583374 0.0
0.7082095146179199 0.5094692707061768 0.0
0.6372751593589783 0.49679285287857056 0.0
0.7819138765335083 0.5284773707389832 0.0
0.7965660095214844 0.5300280451774597 0.0
0.8078151941299438 0.5357226133346558 0.0
0.914821445941925 0.25063055753707886 0.0
0.9131491184234619 0.2487020045518875 0.0
0.6174112558364868 0.4926028549671173 0.0
0.8212083578109741 0.537344217300415 0.0
0.9130241870880127 0.25011131167411804 0.0
0.6282311677932739 0.4934077858924866 0.0
0.610393226146698 0.4900364577770233 0.0
0.6211377382278442 0.49044540524482727 0.0
0.8300544023513794 0.5317097902297974 0.0
0.8951892256736755 0.23282451927661896 0.0
0.8467043042182922 0.5404448509216309 0.0
0.9122942686080933 0.25210118293762207 0.0
0.9118286371231079 0.2505195736885071 0.0
0.8953467607498169 0.23450347781181335 0.0
0.6137369275093079 0.4876595735549927 0.0
0.8538023233413696 0.5367382168769836 0.0
0.8649099469184875 0.5444187521934509 0.0
0.8745213150978088 0.5479172468185425 0.0
0.8870918154716492 0.5541877150535583 0.0
0.9102837443351746 0.2510792016983032 0.0
0.8963662385940552 0.23656754195690155 0.0
0.6059689521789551 0.4850590229034424 0.0
0.8765475153923035 0.5416132807731628 0.0
0.8898723125457764 0.548654317855835 0.0
0.9038457274436951 0.5561096668243408 0.0
0.8971704244613647 0.23816663026809692 0.0
0.5986058115959167 0.48304763436317444 0.0
0.6193141937255859 0.4849773049354553 0.0
0.9104113578796387 0.5546176433563232 0.0
0.9087515473365784 0.2514635920524597 0.0
0.6086426973342896 0.48225101828575134 0.0
0.9244322180747986 0.5604150295257568 0.0
0.9072981476783752 0.25059065222740173 0.0
0.9000412821769714 0.24357251822948456 0.0
0.8985299468040466 0.24142993986606598 0.0
0.5980768203735352 0.4811548590660095 0.0
0.9005680084228516 0.2456778734922409 0.0
0.9338003993034363 0.5540702939033508 0.0
0.9027549028396606 0.24797725677490234 0.0
0.9019564986228943 0.24658742547035217 0.0
0.6037546396255493 0.47956928610801697 0.0
0.6004416942596436 0.47630342841148376 0.0
0.9587502479553223 0.5659258365631104 0.0
0.9565916061401367 0.56107097864151 0.0
0.5973184704780579 0.4725568890571594 0.0
0.9615041613578796 0.561932384967804 0.0
0.6044815182685852 0.47054198384284973 0.0
0.6023409962654114 0.4677201509475708 0.0
0.9723231792449951 0.5643847584724426 0.0
0.596180260181427 0.46557411551475525 0.0
0.6068198084831238 0.46510228514671326 0.0
0.975022554397583 0.5636394619941711 0.0
0.6066136956214905 0.4620237350463867 0.0
0.9796075224876404 0.5648519396781921 0.0
0.611126184463501 0.45994818210601807 0.0
0.6181617379188538 0.45732882618904114 0.0
0.9851379990577698 0.5608385801315308 0.0
0.9899522066116333 0.5622599124908447 0.0
0.6195194125175476 0.45336753129959106 0.0
0.624796986579895 0.4558331370353699 0.0
0.9919586181640625 0.5599632263183594 0.0
0.9963401556015015 0.5637726783752441 0.0
0.6302534341812134 0.4545605778694153 0.0
0.6280819177627563 0.45119696855545044 0.0
1.0 0.5618060231208801 0.0
0.9907565712928772 0.4396388530731201 0.0
0.6359319686889648 0.44939273595809937 0.0
0.9795329570770264 0.437554270029068 0.0
0.9674735069274902 0.4394018352031708 0.0
0.642784059047699 0.4475192725658417 0.0
0.6489534974098206 0.4459441006183624 0.0
0.6535931825637817 0.44479086995124817 0.0
0.9403769373893738 0.4419458508491516 0.0
0.6611551642417908 0.44521665573120117 0.0
0.6748448610305786 0.4429992437362671 0.0
0.6725456714630127 0.4462137818336487 0.0
0.9226478934288025 0.4425496459007263 0.0
0.8978420495986938 0.43994465470314026 0.0
0.685149610042572 0.4388456344604492 0.0
0.68820720911026 0.4413139820098877 0.0
0.6934679746627808 0.43983137607574463 0.0
0.8590859174728394 0.43720874190330505 0.0
0.8749492764472961 0.4372158348560333 0.0
0.8724887371063232 0.4434874355792999 0.0
0.7061901688575745 0.43781518936157227 0.0
0.8594534397125244 0.44205188751220703 0.0
0.8432267904281616 0.4371620714664459 0.0
0.7265348434448242 0.4396308958530426 0.0
0.7339974641799927 0.4369446933269501 0.0
0.8515914082527161 0.40206652879714966 0.0
0.8501771688461304 0.4011211097240448 0.0
0.7450733184814453 0.4387548565864563 0.0
0.7540128827095032 0.43792465329170227 0.0
0.8491283059120178 0.40287941694259644 0.0
0.8495171666145325 0.39950287342071533 0.0
0.8493362665176392 0.39650771021842957 0.0
0.8490200638771057 0.3973316550254822 0.0
0.8505598902702332 0.39479878544807434 0.0
0.7723535299301147 0.4369451403617859 0.0
0.7798067331314087 0.43559420108795166 0.0
0.7932646870613098 0.4382334053516388 0.0
0.8066999316215515 0.44113612174987793 0.0
0.8146237730979919 0.4340703785419464 0.0
0.849929928779602 0.395689457654953 0.0
0.8471320271492004 0.4067268371582031 0.0
0.8477612733840942 0.4047912657260895 0.0
0.8424057960510254 0.4081513285636902 0.0
0.8303824663162231 0.4098232388496399 0.0
0.8369747400283813 0.4093429148197174 0.0
0.8235647082328796 0.40770918130874634 0.0
0.8175792694091797 0.4071173369884491 0.0
0.8150497674942017 0.40575337409973145 0.0
0.8111156821250916 0.4046024680137634 0.0
0.8152779936790466 0.40497806668281555 0.0
0.812170684337616 0.4036005735397339 0.0
0.8104322552680969 0.4019470512866974 0.0
0.8054109215736389 0.40091022849082947 0.0
0.8071745038032532 0.40126362442970276 0.0
0.8062916994094849 0.4010867178440094 0.0
0.80448317527771 0.400724321603775 0.0
0.8973481059074402 0.21031032502651215 0.0
0.8986782431602478 0.2111469805240631 0.0
0.8984251022338867 0.21114738285541534 0.0
0.898100733757019 0.21093395352363586 0.0
0.8978074193000793 0.21071164309978485 0.0
0.8975401520729065 0.21062500774860382 0.0
0.8972846865653992 0.21051666140556335 0.0
0.8992684483528137 0.21166367828845978 0.0
0.8971032500267029 0.21061033010482788 0.0
0.8995518684387207 0.21177202463150024 0.0
0.8967763185501099 0.21050669252872467 0.0
0.9001531600952148 0.21242769062519073 0.0
0.8996944427490234 0.21220187842845917 0.0
0.8965371251106262 0.2107323855161667 0.0
0.8964819312095642 0.21107760071754456 0.0
0.9005188941955566 0.21280501782894135 0.0
0.8962975144386292 0.21121729910373688 0.0
0.9010096192359924 0.21333438158035278 0.0
0.8959454298019409 0.21119995415210724 0.0
0.9015547633171082 0.2139454334974289 0.0
0.8959701657295227 0.21168823540210724 0.0
0.901785135269165 0.2145570069551468 0.0
0.8959381580352783 0.21221251785755157 0.0
0.902118444442749 0.2152097225189209 0.0
0.8960594534873962 0.21285928785800934 0.0
0.9027835726737976 0.21615080535411835 0.0
0.8958979845046997 0.21325643360614777 0.0
0.9029114842414856 0.21683965623378754 0.0
0.8959909081459045 0.2138240933418274 0.0
0.8954296112060547 0.2136164754629135 0.0
0.9031530618667603 0.21734048426151276 0.0
0.903388500213623 0.21804700791835785 0.0
0.8956941366195679 0.2141040861606598 0.0
0.8955556154251099 0.21451321244239807 0.0
0.9036042094230652 0.2190045863389969 0.0
0.8961471319198608 0.21526427567005157 0.0
0.9045397639274597 0.22192883491516113 0.0
0.8969820737838745 0.21613384783267975 0.0
0.8976871967315674 0.21762186288833618 0.0
0.8968936800956726 0.2167980670928955 0.0
0.9003687500953674 0.22046659886837006 0.0
0.8996753096580505 0.21941465139389038 0.0
0.898406982421875 0.21843302249908447 0.0
0.9065137505531311 0.22587096691131592 0.0
0.90534508228302 0.2244420349597931 0.0
0.9009173512458801 0.22162717580795288 0.0
0.9091082215309143 0.22996506094932556 0.0
0.9055225849151611 0.22659319639205933 0.0
0.9099433422088623 0.23188459873199463 0.0
0.907307505607605 0.22880519926548004 0.0
0.9011328816413879 0.22310572862625122 0.0
0.9104313850402832 0.23372380435466766 0.0
0.901737630367279 0.22516341507434845 0.0
0.912246823310852 0.23588186502456665 0.0
0.9115654230117798 0.23748472332954407 0.0
0.9103133678436279 0.23531419038772583 0.0
0.9009023308753967 0.2262216955423355 0.0
0.9010322690010071 0.2283846139907837 0.0
0.9118106961250305 0.24115967750549316 0.0
0.9002875089645386 0.2298070788383484 0.0
0.9126882553100586 0.24359503388404846 0.0
0.9005352854728699 0.23170526325702667 0.0
0.9025903940200806 0.23300155997276306 0.0
0.9030203819274902 0.2348146289587021 0.0
0.9014594554901123 0.23359964787960052 0.0
0.8987985849380493 0.23153623938560486 0.0
0.9123176336288452 0.24511420726776123 0.0
0.9108572006225586 0.2436932921409607 0.0
0.9012567400932312 0.2352006584405899 0.0
0.8997466564178467 0.2331712394952774 0.0
0.8974543809890747 0.23064815998077393 0.0
0.8975867033004761 0.23230794072151184 0.0
0.6590855121612549 0.5 0.0
0.6485887169837952 0.49768832325935364 0.0
0.6732857823371887 0.5 0.0
0.6895060539245605 0.5062949061393738 0.0
0.6981626152992249 0.5 0.0
0.722002387046814 0.5095736980438232 0.0
0.7355153560638428 0.5151431560516357 0.0
0.74672532081604 0.5198794603347778 0.0
0.7601065039634705 0.5203338861465454 0.0
0.9128912687301636 0.24686609208583832 0.0
0.6858195662498474 0.5 0.0
0.9003256559371948 0.2365943342447281 0.0
0.8987848162651062 0.234659805893898 0.0
0.8958846926689148 0.23209993541240692 0.0
0.6442947387695312 0.49556756019592285 0.0
0.6548484563827515 0.4958285093307495 0.0
0.6676734685897827 0.4972284138202667 0.0
0.6811724305152893 0.49730831384658813 0.0
0.7114687561988831 0.5 0.0
0.7724174857139587 0.5152006149291992 0.0
0.7593920826911926 0.5091537833213806 0.0
0.6372504234313965 0.49403896927833557 0.0
0.6922957301139832 0.49818530678749084 0.0
0.7024224996566772 0.49783846735954285 0.0
0.765991747379303 0.5 0.0
0.7788493037223816 0.5090593099594116 0.0
0.7892003059387207 0.5194916129112244 0.0
0.8061596155166626 0.5270484089851379 0.0
0.9115357398986816 0.2487410455942154 0.0
0.8987614512443542 0.23635713756084442 0.0
0.897306501865387 0.23547077178955078 0.0
0.896682858467102 0.2336210161447525 0.0
0.6331790089607239 0.491076797246933 0.0
0.6446046829223633 0.4932152032852173 0.0
0.7991184592247009 0.5177114009857178 0.0
0.8176695108413696 0.5280176401138306 0.0
0.8979747891426086 0.23727484047412872 0.0
0.8996642231941223 0.2379208654165268 0.0
0.7766543626785278 0.5 0.0
0.7887948155403137 0.5098328590393066 0.0
0.8094747066497803 0.5203068852424622 0.0
0.8988011479377747 0.2393765151500702 0.0
0.624976634979248 0.48804813623428345 0.0
0.6437781453132629 0.4903315007686615 0.0
0.799752950668335 0.510671079158783 0.0
0.819154679775238 0.5230139493942261 0.0
0.8242756724357605 0.5199881196022034 0.0
0.8386660218238831 0.5264527797698975 0.0
0.6350616812705994 0.4882432520389557 0.0
0.7868956923484802 0.5 0.0
0.8117885589599609 0.5140547156333923 0.0
0.8629088401794434 0.535809338092804 0.0
0.849128007888794 0.5257447957992554 0.0
0.9080740213394165 0.249604269862175 0.0
0.9091359972953796 0.24940228462219238 0.0
0.9005058407783508 0.2415543645620346 0.0
0.6294783353805542 0.4862358868122101 0.0
0.8940756320953369 0.5470126867294312 0.0
0.8972392082214355 0.5441677570343018 0.0
0.9020825624465942 0.24352075159549713 0.0
0.9019209742546082 0.24523039162158966 0.0
0.9151676893234253 0.5523240566253662 0.0
0.9229342341423035 0.5545750260353088 0.0
0.9062332510948181 0.24897630512714386 0.0
0.6221233010292053 0.4817637503147125 0.0
0.9287710189819336 0.5549811124801636 0.0
0.9044707417488098 0.24845610558986664 0.0
0.9032690525054932 0.24672560393810272 0.0
0.6125585436820984 0.4801967740058899 0.0
0.6096977591514587 0.4783613681793213 0.0
0.9403641223907471 0.5560377836227417 0.0
0.9453074336051941 0.5567160844802856 0.0
0.9519364237785339 0.5598271489143372 0.0
0.6133581399917603 0.47661739587783813 0.0
0.6082242131233215 0.473768413066864 0.0
0.6156317591667175 0.47169429063796997 0.0
0.9622253179550171 0.5589016675949097 0.0
0.9659982919692993 0.5589898824691772 0.0
0.6108542680740356 0.46850264072418213 0.0
0.6186836361885071 0.4693833887577057 0.0
0.9708387851715088 0.5606206655502319 0.0
0.6184051632881165 0.4664817750453949 0.0
0.6144725680351257 0.46300724148750305 0.0
0.9740813970565796 0.5603094100952148 0.0
0.6235950589179993 0.4637877345085144 0.0
0.6201184988021851 0.4608461260795593 0.0
0.9791496992111206 0.5602428317070007 0.0
0.6288385391235352 0.4616132378578186 0.0
0.6244335770606995 0.45946308970451355 0.0
0.6305817365646362 0.45809605717658997 0.0
0.639292299747467 0.4560297131538391 0.0
0.9866337776184082 0.5564100742340088 0.0
0.9943001866340637 0.5562583208084106 0.0
0.6380749940872192 0.45283064246177673 0.0
1.0 0.5542561411857605 0.0
0.6459259390830994 0.4512045979499817 0.0
0.9868285059928894 0.44359084963798523 0.0
0.6527345180511475 0.44943442940711975 0.0
0.6577621698379517 0.44751864671707153 0.0
0.667145848274231 0.4486772119998932 0.0
0.9606521725654602 0.44586530327796936 0.0
0.6814352869987488 0.44573894143104553 0.0
0.6852651238441467 0.4435701370239258 0.0
0.6909627318382263 0.4470216929912567 0.0
0.9135894775390625 0.44557228684425354 0.0
0.6981040835380554 0.4443005323410034 0.0
0.7040950655937195 0.44111329317092896 0.0
0.7159430384635925 0.44218572974205017 0.0
0.7114137411117554 0.4452854096889496 0.0
0.8890809416770935 0.4453597068786621 0.0
0.7236757278442383 0.44167885184288025 0.0
0.7381108403205872 0.4414334297180176 0.0
0.8528717160224915 0.4449642598628998 0.0
0.8399018049240112 0.44291308522224426 0.0
0.7580533623695374 0.44195663928985596 0.0
0.7634983062744141 0.4403970241546631 0.0
0.7729142308235168 0.44087687134742737 0.0
0.8283196091651917 0.4379958510398865 0.0
0.8477637767791748 0.40086621046066284 0.0
0.7834241390228271 0.4404342770576477 0.0
0.8176758885383606 0.44010448455810547 0.0
0.846318244934082 0.4023270606994629 0.0
0.8470886945724487 0.40000107884407043 0.0
0.8486203551292419 0.3986361622810364 0.0
0.8464508056640625 0.3991837501525879 0.0
0.8473661541938782 0.39820608496665955 0.0
0.8483510613441467 0.3973570168018341 0.0
0.8458818197250366 0.4036184251308441 0.0
0.846219539642334 0.3988855183124542 0.0
0.8458489775657654 0.39910510182380676 0.0
0.8461635708808899 0.39891868829727173 0.0
0.8422978520393372 0.4058375656604767 0.0
0.8436771035194397 0.40448644757270813 0.0
0.8354319930076599 0.4075721204280853 0.0
0.8379800915718079 0.4065956771373749 0.0
0.8323676586151123 0.40831348299980164 0.0
0.8282590508460999 0.40780675411224365 0.0
0.8191559314727783 0.4061003625392914 0.0
0.8123664855957031 0.40270742774009705 0.0
0.8164342641830444 0.4036739766597748 0.0
0.8187174201011658 0.40486136078834534 0.0
0.8142397999763489 0.40243443846702576 0.0
0.812644898891449 0.40213504433631897 0.0
0.8139334917068481 0.40228867530822754 0.0
0.8155719041824341 0.4024840295314789 0.0
0.8132902979850769 0.402211993932724 0.0
0.8982213735580444 0.2113787829875946 0.0
0.8977769017219543 0.21100090444087982 0.0
0.897419273853302 0.2108083814382553 0.0
0.8990419507026672 0.21177536249160767 0.0
0.8986822366714478 0.21151413023471832 0.0
0.899341881275177 0.2120032012462616 0.0
0.8970003724098206 0.21093547344207764 0.0
0.8967647552490234 0.2111198455095291 0.0
0.8966820240020752 0.21150076389312744 0.0
0.9006751179695129 0.21329693496227264 0.0
0.9010573625564575 0.2137387990951538 0.0
0.8962691426277161 0.21148811280727386 0.0
0.901296079158783 0.21425721049308777 0.0
0.8964741230010986 0.21186937391757965 0.0
0.896316647529602 0.21216416358947754 0.0
0.9017590880393982 0.2149464339017868 0.0
0.8964693546295166 0.21265782415866852 0.0
0.9024878144264221 0.21657641232013702 0.0
0.8964783549308777 0.2136482298374176 0.0
0.9027762413024902 0.2171957790851593 0.0
0.9029787182807922 0.2176806479692459 0.0
0.8963609337806702 0.2146661877632141 0.0
0.9029747843742371 0.21830402314662933 0.0
0.8968103528022766 0.21542394161224365 0.0
0.8977002501487732 0.217081218957901 0.0
0.8983923196792603 0.21794164180755615 0.0
0.9036072492599487 0.22202713787555695 0.0
0.9002249240875244 0.2198183238506317 0.0
0.8989683389663696 0.2187042534351349 0.0
0.9041669368743896 0.22433215379714966 0.0
0.903242290019989 0.22325247526168823 0.0
0.9007968306541443 0.22060199081897736 0.0
0.9036552309989929 0.22513453662395477 0.0
0.9022446274757385 0.22372972965240479 0.0
0.9022508859634399 0.22212156653404236 0.0
0.901201605796814 0.22188906371593475 0.0
0.9085566401481628 0.23082613945007324 0.0
0.9040711522102356 0.22728267312049866 0.0
0.9057807922363281 0.22914960980415344 0.0
0.9089455008506775 0.2323477417230606 0.0
0.9074665307998657 0.2309708595275879 0.0
0.9028462767601013 0.22578294575214386 0.0
0.909294605255127 0.2337738275527954 0.0
0.9079998135566711 0.23289988934993744 0.0
0.9060433506965637 0.23157109320163727 0.0
0.904205858707428 0.229405015707016 0.0
0.9088050723075867 0.2347300946712494 0.0
0.9025046229362488 0.22744280099868774 0.0
0.9097546935081482 0.2366616427898407 0.0
0.9071645736694336 0.2339353859424591 0.0
0.902795135974884 0.2295304238796234 0.0
0.910765528678894 0.23884941637516022 0.0
0.9080840945243835 0.235940620303154 0.0
0.905344545841217 0.23315685987472534 0.0
0.9040695428848267 0.23122797906398773 0.0
0.9089356064796448 0.23795248568058014 0.0
0.9062687754631042 0.23516789078712463 0.0
0.9037513136863708 0.232548326253891 0.0
0.9021638631820679 0.23092472553253174 0.0
0.9071225523948669 0.23716284334659576 0.0
0.9043903350830078 0.23421822488307953 0.0
0.9097018837928772 0.24018672108650208 0.0
0.9108752012252808 0.24206355214118958 0.0
0.9049580097198486 0.23631510138511658 0.0
0.9092745780944824 0.24200594425201416 0.0
0.9081801176071167 0.24054130911827087 0.0
0.9041360020637512 0.2377793788909912 0.0
0.9031616449356079 0.23629751801490784 0.0
0.9110417366027832 0.24561172723770142 0.0
0.90892094373703 0.24411360919475555 0.0
0.7326709032058716 0.506981611251831 0.0
0.7460746765136719 0.5101390480995178 0.0
0.9116330742835999 0.2473171055316925 0.0
0.9069413542747498 0.24170294404029846 0.0
0.9022488594055176 0.23715421557426453 0.0
0.9031611084938049 0.2385880947113037 0.0
0.7236533164978027 0.5 0.0
0.9096834659576416 0.24682727456092834 0.0
0.9066142439842224 0.24381548166275024 0.0
0.9057713747024536 0.24241790175437927 0.0
0.9015082716941833 0.23831984400749207 0.0
0.6644992232322693 0.49484506249427795 0.0
0.673220157623291 0.4954497814178467 0.0
0.7365293502807617 0.5 0.0
0.7516250610351562 0.5 0.0
0.904707133769989 0.24137736856937408 0.0
0.9029878973960876 0.23991407454013824 0.0
0.6566295027732849 0.4924229383468628 0.0
0.6925084590911865 0.4961138665676117 0.0
0.7144104242324829 0.49785706400871277 0.0
0.7250742316246033 0.49823564291000366 0.0
0.910090982913971 0.24907295405864716 0.0
0.9048271775245667 0.24289453029632568 0.0
0.9053215980529785 0.24432699382305145 0.0
0.9028055667877197 0.24180778861045837 0.0
0.9009847640991211 0.23978587985038757 0.0
0.6706924438476562 0.49331989884376526 0.0
0.6818137168884277 0.4947054088115692 0.0
0.7191665172576904 0.49619805812835693 0.0
0.7317186594009399 0.4972195625305176 0.0
0.7567996382713318 0.4989224374294281 0.0
0.6910594701766968 0.4939897358417511 0.0
0.7044121026992798 0.495095431804657 0.0
0.7655488848686218 0.49895137548446655 0.0
0.9083219766616821 0.24790328741073608 0.0
0.9066101908683777 0.2459983080625534 0.0
0.9048389792442322 0.24524113535881042 0.0
0.9038629531860352 0.24381960928440094 0.0
0.6433716416358948 0.48807162046432495 0.0
0.652826726436615 0.48924508690834045 0.0
0.6672044992446899 0.49029847979545593 0.0
0.714015543460846 0.4942008852958679 0.0
0.7723457217216492 0.4984317421913147 0.0
0.7994723916053772 0.5 0.0
0.9068310260772705 0.24788878858089447 0.0
0.9050805568695068 0.2469264566898346 0.0
0.9034897089004517 0.2452368587255478 0.0
0.6384800672531128 0.48617106676101685 0.0
0.8153961300849915 0.5085852742195129 0.0
0.8282822370529175 0.5156291723251343 0.0
0.8667429685592651 0.531196117401123 0.0
0.8565664291381836 0.5239718556404114 0.0
0.874739408493042 0.5332637429237366 0.0
0.8814634680747986 0.5404710173606873 0.0
0.8853365182876587 0.5385310053825378 0.0
0.6312659382820129 0.48415231704711914 0.0
0.6491407155990601 0.48678117990493774 0.0
0.8368830680847168 0.5152263641357422 0.0
0.9052764773368835 0.5458389520645142 0.0
0.6445791721343994 0.4840657711029053 0.0
0.9064115881919861 0.5409424304962158 0.0
0.9152832627296448 0.5471907258033752 0.0
0.9197072386741638 0.5471015572547913 0.0
0.9238357543945312 0.5461429357528687 0.0
0.634427547454834 0.4821075201034546 0.0
0.6186691522598267 0.4790247082710266 0.0
0.6300633549690247 0.47986769676208496 0.0
0.9328051805496216 0.5488128066062927 0.0
0.9458685517311096 0.5539613962173462 0.0
0.9497964978218079 0.5551203489303589 0.0
0.624578595161438 0.47735750675201416 0.0
0.9538943767547607 0.5558282732963562 0.0
0.6192516684532166 0.47477954626083374 0.0
0.9569799900054932 0.5554163455963135 0.0
0.9593198299407959 0.5541704893112183 0.0
0.6247836351394653 0.47340846061706543 0.0
0.6251682043075562 0.47122183442115784 0.0
0.9628996253013611 0.5546687841415405 0.0
0.9678801894187927 0.5565810203552246 0.0
0.6250453591346741 0.46884453296661377 0.0
0.630863606929779 0.46672266721725464 0.0
0.9726476669311523 0.5564204454421997 0.0
0.97639000415802 0.5559897422790527 0.0
0.6368346810340881 0.4610019326210022 0.0
0.6373977065086365 0.46405062079429626 0.0
0.9802355170249939 0.5571470260620117 0.0
0.6464318037033081 0.4622512757778168 0.0
0.6418693661689758 0.459015429019928 0.0
0.6516296863555908 0.45959147810935974 0.0
0.9822104573249817 0.5556783080101013 0.0
0.6470533609390259 0.45719680190086365 0.0
0.6472532153129578 0.45457300543785095 0.0
0.6550800204277039 0.4568665325641632 0.0
0.989547610282898 0.554672360420227 0.0
0.656838595867157 0.45337986946105957 0.0
0.6625796556472778 0.450857013463974 0.0
0.6768658757209778 0.450081467628479 0.0
0.6719106435775757 0.4519398510456085 0.0
0.9794448018074036 0.44681236147880554 0.0
1.0 0.5485143661499023 0.0
0.6837838292121887 0.4486701488494873 0.0
0.963847279548645 0.453451544046402 0.0
0.9452606439590454 0.44911205768585205 0.0
0.7004702091217041 0.44825729727745056 0.0
0.7077860832214355 0.4477205276489258 0.0
0.9285080432891846 0.4528888165950775 0.0
0.9072057604789734 0.44843578338623047 0.0
0.7208621501922607 0.44638869166374207 0.0
0.7268934845924377 0.445262610912323 0.0
0.7323929071426392 0.44370564818382263 0.0
0.7410117983818054 0.4458152651786804 0.0
0.884052038192749 0.4504437744617462 0.0
0.86844801902771 0.44906914234161377 0.0
0.7514930367469788 0.4437808692455292 0.0
0.76424640417099 0.44655656814575195 0.0
0.8471647500991821 0.44825083017349243 0.0
0.7703667283058167 0.4442208707332611 0.0
0.7850065231323242 0.44584688544273376 0.0
0.7955816984176636 0.44397348165512085 0.0
0.8194934129714966 0.4480355978012085 0.0
0.809132993221283 0.4467955231666565 0.0
0.8157840967178345 0.44437897205352783 0.0
0.8259692192077637 0.4464872181415558 0.0
0.8298543095588684 0.4428083002567291 0.0
0.8453626036643982 0.40136194229125977 0.0
0.8425224423408508 0.403557687997818 0.0
0.8447062969207764 0.40070128440856934 0.0
0.8447635769844055 0.3997904360294342 0.0
0.8460066318511963 0.39901167154312134 0.0
0.8401649594306946 0.4046080708503723 0.0
0.8330631852149963 0.40602049231529236 0.0
0.8371648788452148 0.4054127633571625 0.0
0.8302853107452393 0.4069841206073761 0.0
0.8244872093200684 0.40631791949272156 0.0
0.8279160261154175 0.4057188034057617 0.0
0.8235731720924377 0.40507715940475464 0.0
0.8203771114349365 0.404278427362442 0.0
0.8167084455490112 0.4030815064907074 0.0
0.8177124857902527 0.40279942750930786 0.0
0.8163549900054932 0.4025571942329407 0.0
0.8190069198608398 0.40280503034591675 0.0
0.816182017326355 0.40254104137420654 0.0
0.8158776164054871 0.4025126099586487 0.0
0.8978713750839233 0.2114221304655075 0.0
0.8975540399551392 0.2111530601978302 0.0
0.8973448276519775 0.21125976741313934 0.0
0.8972916007041931 0.21095114946365356 0.0
0.8998075127601624 0.21267856657505035 0.0
0.8994129300117493 0.21241995692253113 0.0
0.8970811367034912 0.21138662099838257 0.0
0.900223433971405 0.2129756659269333 0.0
0.8972152471542358 0.2119012027978897 0.0
0.9002959132194519 0.21347467601299286 0.0
0.896881639957428 0.21201272308826447 0.0
0.9006636738777161 0.21380776166915894 0.0
0.9009433388710022 0.21410734951496124 0.0
0.9014562368392944 0.21473848819732666 0.0
0.9010619521141052 0.21448370814323425 0.0
0.896822988986969 0.21243612468242645 0.0
0.8970222473144531 0.21304599940776825 0.0
0.9016567468643188 0.2153134047985077 0.0
0.8967275619506836 0.2132789045572281 0.0
0.9019756317138672 0.21604704856872559 0.0
0.9022963047027588 0.21585817635059357 0.0
0.9024277329444885 0.2170306146144867 0.0
0.8965855240821838 0.21423110365867615 0.0
0.9025525450706482 0.2175477296113968 0.0
0.8970140218734741 0.21474555134773254 0.0
0.8970275521278381 0.21518740057945251 0.0
0.8975483179092407 0.2158912569284439 0.0
0.9031863212585449 0.21911124885082245 0.0
0.8977515697479248 0.21661828458309174 0.0
0.8984376192092896 0.2173929065465927 0.0
0.8990989923477173 0.2184000164270401 0.0
0.8998314142227173 0.21893909573554993 0.0
0.9024640917778015 0.2210700511932373 0.0
0.9014474153518677 0.22092026472091675 0.0
0.9078794121742249 0.23902176320552826 0.0
0.9060673117637634 0.23835347592830658 0.0
0.9068729281425476 0.23987455666065216 0.0
0.9050024151802063 0.23967334628105164 0.0
0.7452496290206909 0.4982272684574127 0.0
0.681122899055481 0.49228739738464355 0.0
0.7394234538078308 0.49597036838531494 0.0
0.7557547688484192 0.4971317946910858 0.0
0.694281280040741 0.4918932020664215 0.0
0.7062649130821228 0.49275943636894226 0.0
0.7253115177154541 0.49459198117256165 0.0
0.6591880321502686 0.48785853385925293 0.0
0.6812045574188232 0.48960548639297485 0.0
0.7147673964500427 0.49228206276893616 0.0
0.7339594960212708 0.49390342831611633 0.0
0.782452404499054 0.49805063009262085 0.0
0.6580736637115479 0.4856521785259247 0.0
0.6696437001228333 0.4874509274959564 0.0
0.6917227506637573 0.4891602694988251 0.0
0.7034487128257751 0.4901999235153198 0.0
0.7934437394142151 0.4984539747238159 0.0
0.8039427995681763 0.5 0.0
0.8246431350708008 0.5076509118080139 0.0
0.8465375900268555 0.5171255469322205 0.0
0.864284873008728 0.5222331285476685 0.0
0.8754547834396362 0.5265594720840454 0.0
0.8858831524848938 0.5302324295043945 0.0
0.8969087600708008 0.5364486575126648 0.0
0.8122634887695312 0.5 0.0
0.8309049010276794 0.5062183737754822 0.0
0.8394824266433716 0.5085235834121704 0.0
0.8510929942131042 0.512919008731842 0.0
0.911366879940033 0.5400926470756531 0.0
0.915334165096283 0.538944661617279 0.0
0.6689011454582214 0.4847864508628845 0.0
0.8223457336425781 0.5 0.0
0.9264439344406128 0.5440686941146851 0.0
0.6438040137290955 0.48090001940727234 0.0
0.6568062901496887 0.48300841450691223 0.0
0.936103343963623 0.5488040447235107 0.0
0.9398459196090698 0.5491426587104797 0.0
0.6561010479927063 0.48036399483680725 0.0
0.9437029957771301 0.5499846339225769 0.0
0.94767826795578 0.5508499145507812 0.0
0.6362947225570679 0.47817322611808777 0.0
0.6466351747512817 0.47875022888183594 0.0
0.9513067007064819 0.5511515140533447 0.0
0.630184531211853 0.47564229369163513 0.0
0.6417343020439148 0.4764791429042816 0.0
0.9543113112449646 0.5513584613800049 0.0
0.9549166560173035 0.5494315028190613 0.0
0.6350032687187195 0.47351089119911194 0.0
0.959345281124115 0.551320493221283 0.0
0.6339472532272339 0.47027984261512756 0.0
0.6425774693489075 0.47240275144577026 0.0
0.9632560014724731 0.5529008507728577 0.0
0.9607493877410889 0.549848735332489 0.0
0.643795371055603 0.47035884857177734 0.0
0.6376708149909973 0.46872395277023315 0.0
0.9664546251296997 0.5524129867553711 0.0
0.6435962915420532 0.46754661202430725 0.0
0.9719898700714111 0.5530062317848206 0.0
0.6473695039749146 0.4651848375797272 0.0
0.6541940569877625 0.46455255150794983 0.0
0.9771122932434082 0.5531747341156006 0.0
0.6573230624198914 0.46240708231925964 0.0
0.6624292135238647 0.4598481059074402 0.0
0.6658440232276917 0.46277090907096863 0.0
0.9804278016090393 0.5509278774261475 0.0
0.6645532250404358 0.4566584527492523 0.0
0.6703230142593384 0.45897457003593445 0.0
0.9850007891654968 0.5504853129386902 0.0
0.6736648082733154 0.4568844735622406 0.0
0.9888129830360413 0.5501483082771301 0.0
0.6677849292755127 0.454048752784729 0.0
0.992479145526886 0.5492963194847107 0.0
0.6757814288139343 0.4546484649181366 0.0
0.680756151676178 0.453296959400177 0.0
0.995245099067688 0.5474350452423096 0.0
0.6854629516601562 0.451553076505661 0.0
0.9804098606109619 0.45327815413475037 0.0
0.696115255355835 0.45132264494895935 0.0
0.7082231640815735 0.45074591040611267 0.0
0.7188515663146973 0.4499027132987976 0.0
0.9551100134849548 0.45933401584625244 0.0
0.7289372682571411 0.4491826891899109 0.0
0.7377623319625854 0.44845059514045715 0.0
0.9148744344711304 0.45554712414741516 0.0
0.9000274538993835 0.453097403049469 0.0
0.7473371624946594 0.4457886219024658 0.0
0.8802147507667542 0.4549884498119354 0.0
0.7571408748626709 0.44823795557022095 0.0
0.7782851457595825 0.4491554796695709 0.0
0.8580403327941895 0.4520774483680725 0.0
0.8375518321990967 0.44772854447364807 0.0
0.8004980683326721 0.44949308037757874 0.0
0.8201085329055786 0.45196154713630676 0.0
0.8429017663002014 0.4024604260921478 0.0
0.8439988493919373 0.40039941668510437 0.0
0.8431064486503601 0.40170392394065857 0.0
0.842059850692749 0.40144428610801697 0.0
0.8439238667488098 0.40009447932243347 0.0
0.8437649011611938 0.40016239881515503 0.0
0.8437402248382568 0.4001729488372803 0.0
0.8437525629997253 0.40016767382621765 0.0
0.8390490412712097 0.40391042828559875 0.0
0.8396934866905212 0.40317440032958984 0.0
0.840571403503418 0.4023515582084656 0.0
0.8365963697433472 0.4044308066368103 0.0
0.8334258794784546 0.40488576889038086 0.0
0.8366516828536987 0.40367788076400757 0.0
0.8298446536064148 0.4050421714782715 0.0
0.8263598084449768 0.40481647849082947 0.0
0.823434591293335 0.40445053577423096 0.0
0.8212528228759766 0.40384116768836975 0.0
0.8206383585929871 0.40329697728157043 0.0
0.8213785886764526 0.40305107831954956 0.0
0.8205438852310181 0.4028830826282501 0.0
0.8236903548240662 0.40304291248321533 0.0
0.8196409344673157 0.40283721685409546 0.0
0.8193531036376953 0.4028226137161255 0.0
0.8988292217254639 0.21190649271011353 0.0
0.8985307216644287 0.21184107661247253 0.0
0.89817214012146 0.2117801308631897 0.0
0.8990823030471802 0.2121553122997284 0.0
0.8978932499885559 0.21171815693378448 0.0
0.8976446390151978 0.2115013301372528 0.0
0.897744357585907 0.21181121468544006 0.0
0.8999014496803284 0.21316179633140564 0.0
0.8995102643966675 0.21287907660007477 0.0
0.8974526524543762 0.21165630221366882 0.0
0.897303581237793 0.21241973340511322 0.0
0.900712251663208 0.21424540877342224 0.0
0.8974054455757141 0.2129458785057068 0.0
0.897448718547821 0.21335552632808685 0.0
0.9012243747711182 0.21488270163536072 0.0
0.8973217606544495 0.21365608274936676 0.0
0.8970239758491516 0.21383045613765717 0.0
0.9021090865135193 0.21663619577884674 0.0
0.8970407247543335 0.21427302062511444 0.0
0.902083158493042 0.2170422226190567 0.0
0.897420346736908 0.21524843573570251 0.0
0.9023501873016357 0.21805037558078766 0.0
0.9027453064918518 0.21872761845588684 0.0
0.8981258869171143 0.21665151417255402 0.0
0.9028846621513367 0.21956908702850342 0.0
0.8992600440979004 0.21795527637004852 0.0
0.9027198553085327 0.22037197649478912 0.0
0.900399923324585 0.21957659721374512 0.0
0.9019103050231934 0.22104571759700775 0.0
0.9015074968338013 0.22009441256523132 0.0
0.900874674320221 0.2197994440793991 0.0
0.7456687092781067 0.4945095181465149 0.0
0.7250517010688782 0.49209064245224 0.0
0.7665820121765137 0.4963851869106293 0.0
0.6829561591148376 0.48642024397850037 0.0
0.7356393933296204 0.4921722114086151 0.0
0.7557783126831055 0.4955342411994934 0.0
0.775250256061554 0.49646061658859253 0.0
0.7829746603965759 0.49640414118766785 0.0
0.696384847164154 0.48745715618133545 0.0
0.7149634957313538 0.48956918716430664 0.0
0.7452207803726196 0.4925048351287842 0.0
0.7563932538032532 0.4940759837627411 0.0
0.7696912288665771 0.4950298070907593 0.0
0.7976211905479431 0.4976164400577545 0.0
0.8589673042297363 0.5128822326660156 0.0
0.8676057457923889 0.5162856578826904 0.0
0.8762189149856567 0.5203226208686829 0.0
0.8901084661483765 0.5274943113327026 0.0
0.897304117679596 0.5306845903396606 0.0
0.9039852619171143 0.5337474346160889 0.0
0.7054888606071472 0.48800328373908997 0.0
0.8055608868598938 0.49734506011009216 0.0
0.8143476843833923 0.49843546748161316 0.0
0.8521814346313477 0.5065463781356812 0.0
0.8410463333129883 0.5 0.0
0.9072269201278687 0.532258927822113 0.0
0.9190484881401062 0.5378251671791077 0.0
0.9287624359130859 0.5424522757530212 0.0
0.9320544600486755 0.5415636301040649 0.0
0.6674662828445435 0.4821729063987732 0.0
0.6768201589584351 0.48374050855636597 0.0
0.8305515646934509 0.5 0.0
0.9384509921073914 0.545560359954834 0.0
0.9418961405754089 0.5463085770606995 0.0
0.8198629021644592 0.4979478716850281 0.0
0.8294848799705505 0.4984561800956726 0.0
0.945776641368866 0.5470478534698486 0.0
0.6655587553977966 0.4794308841228485 0.0
0.9491219520568848 0.5466558933258057 0.0
0.6535965204238892 0.4777253568172455 0.0
0.6479961276054382 0.47489532828330994 0.0
0.6617148518562317 0.47621846199035645 0.0
0.9515392780303955 0.5455067753791809 0.0
0.9558184742927551 0.5472795367240906 0.0
0.653261661529541 0.47289833426475525 0.0
0.664737343788147 0.47390052676200867 0.0
0.6537476778030396 0.4703151285648346 0.0
0.6595189571380615 0.47213539481163025 0.0
0.66727614402771 0.471440851688385 0.0
0.9622327089309692 0.548313558101654 0.0
0.9581286907196045 0.5467236638069153 0.0
0.6569141745567322 0.46756041049957275 0.0
0.6700232625007629 0.4685472249984741 0.0
0.9670206308364868 0.5495663285255432 0.0
0.6643585562705994 0.4653422236442566 0.0
0.6740720868110657 0.4668690860271454 0.0
0.971550464630127 0.5496640801429749 0.0
0.6735002994537354 0.4644995331764221 0.0
0.6837250590324402 0.4668857157230377 0.0
0.9752106666564941 0.5491703152656555 0.0
0.6719968914985657 0.4615759253501892 0.0
0.681378185749054 0.4632817208766937 0.0
0.692977249622345 0.4652082324028015 0.0
0.9753100275993347 0.5460485219955444 0.0
0.6783168911933899 0.45989754796028137 0.0
0.6876519918441772 0.46138790249824524 0.0
0.9794973731040955 0.545717179775238 0.0
0.6844067573547363 0.4572688043117523 0.0
0.6930916905403137 0.460059255361557 0.0
0.983634889125824 0.5453214049339294 0.0
0.9874078631401062 0.5453968048095703 0.0
0.6904633045196533 0.4544646143913269 0.0
0.6957687139511108 0.4578770399093628 0.0
0.9896949529647827 0.5425352454185486 0.0
0.7010975480079651 0.45570722222328186 0.0
0.9950721263885498 0.5428413152694702 0.0
1.0 0.5383335947990417 0.0
0.7087931036949158 0.4541330337524414 0.0
0.7161452174186707 0.4530346393585205 0.0
0.7191533446311951 0.4560258388519287 0.0
0.724938690662384 0.4541536569595337 0.0
0.9765825271606445 0.4602776765823364 0.0
0.7294971346855164 0.45235520601272583 0.0
0.941221296787262 0.46268951892852783 0.0
0.7375354170799255 0.4524829387664795 0.0
0.749552845954895 0.44960203766822815 0.0
0.7467162013053894 0.4528103768825531 0.0
0.7566772699356079 0.4540165066719055 0.0
0.9266054630279541 0.46197670698165894 0.0
0.7603074908256531 0.45181429386138916 0.0
0.9097740054130554 0.46190038323402405 0.0
0.7706348896026611 0.4517393708229065 0.0
0.8928945660591125 0.45778629183769226 0.0
0.8844431042671204 0.46127817034721375 0.0
0.8712391257286072 0.4568265974521637 0.0
0.7930139303207397 0.4518781304359436 0.0
0.8475508093833923 0.4544094502925873 0.0
0.8349302411079407 0.45247432589530945 0.0
0.812669575214386 0.4529106616973877 0.0
0.8263068795204163 0.4510999023914337 0.0
0.8423399329185486 0.4009595811367035 0.0
0.8431706428527832 0.4004814624786377 0.0
0.8436771631240845 0.40019989013671875 0.0
0.8437086939811707 0.4001864194869995 0.0
0.8407347798347473 0.40151914954185486 0.0
0.8433350324630737 0.4003460705280304 0.0
0.8436067700386047 0.40022996068000793 0.0
0.8434712290763855 0.4002878963947296 0.0
0.8389044404029846 0.40218019485473633 0.0
0.8409415483474731 0.4012583792209625 0.0
0.8410150408744812 0.4011549651622772 0.0
0.837175726890564 0.4029445946216583 0.0
0.833746612071991 0.4041021168231964 0.0
0.8307745456695557 0.4043735861778259 0.0
0.8254298567771912 0.40415850281715393 0.0
0.8235114216804504 0.40369555354118347 0.0
0.8238105177879333 0.403371125459671 0.0
0.8247427940368652 0.40304839611053467 0.0
0.824889063835144 0.40304917097091675 0.0
0.8250353336334229 0.40304994583129883 0.0
0.8987953662872314 0.21220763027668 0.0
0.8984767198562622 0.21222379803657532 0.0
0.8991022109985352 0.2125968486070633 0.0
0.8980541825294495 0.21208466589450836 0.0
0.8996447324752808 0.21333761513233185 0.0
0.8976821303367615 0.2121126502752304 0.0
0.9000080823898315 0.21363987028598785 0.0
0.9003688097000122 0.21395529806613922 0.0
0.8974891304969788 0.21226505935192108 0.0
0.8978149890899658 0.212642103433609 0.0
0.89781254529953 0.2134557068347931 0.0
0.8978754281997681 0.21311649680137634 0.0
0.9008694291114807 0.21470008790493011 0.0
0.901154637336731 0.2152026891708374 0.0
0.8976988792419434 0.21369634568691254 0.0
0.9014968872070312 0.21576263010501862 0.0
0.8978385925292969 0.21411170065402985 0.0
0.9017406702041626 0.21627488732337952 0.0
0.8975321054458618 0.21431131660938263 0.0
0.8975670337677002 0.21487891674041748 0.0
0.8979765772819519 0.215635746717453 0.0
0.9021481871604919 0.217477485537529 0.0
0.9022684693336487 0.21865685284137726 0.0
0.8982637524604797 0.21634812653064728 0.0
0.8986815810203552 0.21706952154636383 0.0
0.9021314978599548 0.21925806999206543 0.0
0.9019020199775696 0.2197643220424652 0.0
0.9002336859703064 0.21875298023223877 0.0
0.7269147038459778 0.4897708594799042 0.0
0.8821614980697632 0.5201006531715393 0.0
0.6921581029891968 0.4851981997489929 0.0
0.710575520992279 0.48710229992866516 0.0
0.7391002178192139 0.4900050163269043 0.0
0.7513957619667053 0.49161210656166077 0.0
0.7630710005760193 0.4929013252258301 0.0
0.7753834128379822 0.49404028058052063 0.0
0.7874917984008789 0.4952024221420288 0.0
0.8601436018943787 0.5071467161178589 0.0
0.8712431192398071 0.5100882053375244 0.0
0.88966304063797 0.5216619968414307 0.0
0.8983109593391418 0.5251732468605042 0.0
0.9037198424339294 0.5254850387573242 0.0
0.9110012650489807 0.5302452445030212 0.0
0.9220813512802124 0.536669909954071 0.0
0.9250568151473999 0.5366267561912537 0.0
0.6851316690444946 0.4836379885673523 0.0
0.7019898891448975 0.4855097830295563 0.0
0.718916118144989 0.48729315400123596 0.0
0.7584184408187866 0.49078431725502014 0.0
0.79669588804245 0.4959457516670227 0.0
0.850056529045105 0.5 0.0
0.9360672235488892 0.5417647957801819 0.0
0.9402428269386292 0.5429812669754028 0.0
0.6777269840240479 0.48140770196914673 0.0
0.7114736437797546 0.48503729701042175 0.0
0.7290418148040771 0.48732632398605347 0.0
0.7485307455062866 0.48927322030067444 0.0
0.7689657807350159 0.49186116456985474 0.0
0.7811329960823059 0.49286019802093506 0.0
0.7914116382598877 0.4943724572658539 0.0
0.8010315299034119 0.4952346086502075 0.0
0.8104355335235596 0.49692338705062866 0.0
0.8354233503341675 0.497959166765213 0.0
0.9435856342315674 0.5437291860580444 0.0
0.6858566403388977 0.4820249378681183 0.0
0.6932865977287292 0.48284217715263367 0.0
0.7205955982208252 0.48487618565559387 0.0
0.7391104698181152 0.4872109889984131 0.0
0.7639029026031494 0.4901338815689087 0.0
0.8209426403045654 0.4962589144706726 0.0
0.6859610080718994 0.48012441396713257 0.0
0.7301633954048157 0.4847199320793152 0.0
0.748421847820282 0.4870736598968506 0.0
0.7563589811325073 0.4888719916343689 0.0
0.7729492783546448 0.49047935009002686 0.0
0.7814902663230896 0.49145933985710144 0.0
0.7905994057655334 0.49272221326828003 0.0
0.8014394640922546 0.4938187301158905 0.0
0.8104628920555115 0.49567553400993347 0.0
0.947324275970459 0.5428819060325623 0.0
0.674249529838562 0.47843173146247864 0.0
0.6715969443321228 0.4760832190513611 0.0
0.6755309104919434 0.4746347665786743 0.0
0.6800273060798645 0.4732709527015686 0.0
0.9584218859672546 0.5445717573165894 0.0
0.6793197989463806 0.471021831035614 0.0
0.9631279706954956 0.5466814637184143 0.0
0.679352343082428 0.4688272178173065 0.0
0.6899688243865967 0.4704868495464325 0.0
0.9665063619613647 0.5466355681419373 0.0
0.6947915554046631 0.4684976041316986 0.0
0.970491349697113 0.5458467602729797 0.0
0.7033782601356506 0.46827399730682373 0.0
0.6959268450737 0.4626401960849762 0.0
0.7039375305175781 0.4652288854122162 0.0
0.7025604844093323 0.46146872639656067 0.0
0.7144963145256042 0.46495747566223145 0.0
0.7121266722679138 0.4611957371234894 0.0
0.9780282974243164 0.5408220291137695 0.0
0.7044511437416077 0.45876631140708923 0.0
0.982548177242279 0.5400269031524658 0.0
0.7123886346817017 0.457955926656723 0.0
0.9912479519844055 0.5371199250221252 0.0
0.9926583766937256 0.5312255620956421 0.0
0.7292565703392029 0.45747634768486023 0.0
0.7355889081954956 0.45571568608283997 0.0
0.9864017963409424 0.46731507778167725 0.0
0.74508136510849 0.4558321237564087 0.0
0.9718485474586487 0.4666162133216858 0.0
0.7529103755950928 0.45606544613838196 0.0
0.9566154479980469 0.4715881645679474 0.0
0.9378352761268616 0.4683585464954376 0.0
0.7679328322410583 0.45541638135910034 0.0
0.924431562423706 0.4705052077770233 0.0
0.7862508893013 0.4542243480682373 0.0
0.7807455658912659 0.45674026012420654 0.0
0.8979918956756592 0.4650668799877167 0.0
0.8065587878227234 0.45498397946357727 0.0
0.8004150986671448 0.4570644199848175 0.0
0.8616244792938232 0.4595384895801544 0.0
0.8756571412086487 0.46431273221969604 0.0
0.8214806318283081 0.4562200903892517 0.0
0.8306001424789429 0.4568195641040802 0.0
0.8415509462356567 0.45843178033828735 0.0
0.8387165069580078 0.40176358819007874 0.0
0.8398685455322266 0.4014585316181183 0.0
0.8390054106712341 0.4018511474132538 0.0
0.8388374447822571 0.4017385244369507 0.0
0.8380119204521179 0.40191003680229187 0.0
0.8371864557266235 0.40208151936531067 0.0
0.8341913819313049 0.4034690260887146 0.0
0.8363854885101318 0.4026385545730591 0.0
0.8383470177650452 0.4018404185771942 0.0
0.8381830453872681 0.40187448263168335 0.0
0.83150315284729 0.4037860333919525 0.0
0.8281642198562622 0.4044809341430664 0.0
0.8286302089691162 0.4039546549320221 0.0
0.8263024687767029 0.4036499261856079 0.0
0.824648380279541 0.4031602442264557 0.0
0.826434314250946 0.40305230021476746 0.0
0.8267567753791809 0.4030490815639496 0.0
0.82611083984375 0.4030555486679077 0.0
0.8255730271339417 0.40305274724960327 0.0
0.8987816572189331 0.21250931918621063 0.0
0.8992994427680969 0.21309642493724823 0.0
0.8989393711090088 0.21290642023086548 0.0
0.8986404538154602 0.21260832250118256 0.0
0.8983628153800964 0.21250949800014496 0.0
0.8980429172515869 0.21243345737457275 0.0
0.8983013033866882 0.21280966699123383 0.0
0.9005028009414673 0.2144542783498764 0.0
0.9001511335372925 0.21414971351623535 0.0
0.8982682228088379 0.2131587564945221 0.0
0.8983529210090637 0.21366941928863525 0.0
0.898080587387085 0.21391375362873077 0.0
0.898474931716919 0.21415573358535767 0.0
0.8983131051063538 0.21440847218036652 0.0
0.9014017581939697 0.216049924492836 0.0
0.8981010913848877 0.21470855176448822 0.0
0.9018324017524719 0.21662180125713348 0.0
0.8978379368782043 0.21477481722831726 0.0
0.8981644511222839 0.21523620188236237 0.0
0.8985002040863037 0.21584950387477875 0.0
0.9018499851226807 0.21717603504657745 0.0
0.9018593430519104 0.21753166615962982 0.0
0.8984822630882263 0.21618056297302246 0.0
0.9018285274505615 0.21798966825008392 0.0
0.8988000154495239 0.21672919392585754 0.0
0.9017025232315063 0.21843497455120087 0.0
0.9014317989349365 0.2187787890434265 0.0
0.8992187976837158 0.21738243103027344 0.0
0.8995978832244873 0.2175002098083496 0.0
0.8996977806091309 0.21801158785820007 0.0
0.9013212323188782 0.2192314863204956 0.0
0.9008385539054871 0.2189825475215912 0.0
0.9003838896751404 0.218340203166008 0.0
0.9000043272972107 0.2179814875125885 0.0
0.9187051057815552 0.529320478439331 0.0
0.9163265228271484 0.5315595865249634 0.0
0.9111372232437134 0.5243785977363586 0.0
0.9253417253494263 0.5343352556228638 0.0
0.8815829753875732 0.5131235122680664 0.0
0.889873743057251 0.515369176864624 0.0
0.897705078125 0.5183010697364807 0.0
0.9296878576278687 0.5361590385437012 0.0
0.9346061944961548 0.5383175015449524 0.0
0.860901415348053 0.5 0.0
0.9389723539352417 0.5400598049163818 0.0
0.9427276253700256 0.540922224521637 0.0
0.7036928534507751 0.4828771650791168 0.0
0.6967877745628357 0.48056280612945557 0.0
0.7124062776565552 0.4826672077178955 0.0
0.7401406764984131 0.48476648330688477 0.0
0.7636911869049072 0.4886583983898163 0.0
0.8085594773292542 0.4939500093460083 0.0
0.8272455930709839 0.49569493532180786 0.0
0.9487146139144897 0.541599452495575 0.0
0.690777063369751 0.4784197211265564 0.0
0.7051755785942078 0.4809143841266632 0.0
0.7208945155143738 0.4823104739189148 0.0
0.7563014626502991 0.48724275827407837 0.0
0.7705621123313904 0.4886006712913513 0.0
0.781443178653717 0.48986974358558655 0.0
0.7962698340415955 0.49166542291641235 0.0
0.8160075545310974 0.4940973222255707 0.0
0.681236743927002 0.4772437512874603 0.0
0.7006875872612 0.4785226881504059 0.0
0.7114343047142029 0.48031502962112427 0.0
0.7507075071334839 0.48496705293655396 0.0
0.7414292693138123 0.4827304482460022 0.0
0.7626460194587708 0.4865700304508209 0.0
0.6885513663291931 0.4758586883544922 0.0
0.7188825607299805 0.4796978533267975 0.0
0.7306793928146362 0.48183247447013855 0.0
0.701712429523468 0.47577333450317383 0.0
0.7095521688461304 0.47822877764701843 0.0
0.9536696672439575 0.5434733629226685 0.0
0.7143606543540955 0.47709640860557556 0.0
0.725255012512207 0.4786623418331146 0.0
0.7366266250610352 0.47997578978538513 0.0
0.689784586429596 0.47330155968666077 0.0
0.6989894509315491 0.4730921983718872 0.0
0.9615253210067749 0.5439308285713196 0.0
0.7034748792648315 0.47117361426353455 0.0
0.9649066925048828 0.543364405632019 0.0
0.7098040580749512 0.47030210494995117 0.0
0.7148456573486328 0.46886423230171204 0.0
0.9675520062446594 0.5420295596122742 0.0
0.9714139699935913 0.5432401299476624 0.0
0.7208064198493958 0.46774232387542725 0.0
0.7273408770561218 0.470363974571228 0.0
0.7272432446479797 0.4670354723930359 0.0
0.973640501499176 0.54142826795578 0.0
0.7217140197753906 0.46353399753570557 0.0
0.7301844954490662 0.46501684188842773 0.0
0.7194213271141052 0.4608455300331116 0.0
0.7291154861450195 0.46249181032180786 0.0
0.7237011790275574 0.459230899810791 0.0
0.9845447540283203 0.5357244610786438 0.0
0.7343087792396545 0.46053647994995117 0.0
0.7379056215286255 0.45879852771759033 0.0
0.9864212274551392 0.5313780307769775 0.0
0.7437265515327454 0.4582946300506592 0.0
0.7531741261482239 0.4591844081878662 0.0
1.0 0.5259587168693542 0.0
0.7627049088478088 0.4583004117012024 0.0
0.9827739000320435 0.4749481976032257 0.0
0.9397227168083191 0.4746132791042328 0.0
0.7940254211425781 0.4588344395160675 0.0
0.8068193793296814 0.4617936909198761 0.0
0.9096502065658569 0.46909990906715393 0.0
0.8165757060050964 0.4573594331741333 0.0
0.8142220973968506 0.4604295790195465 0.0
0.8664993047714233 0.46709343791007996 0.0
0.8898724317550659 0.4684108793735504 0.0
0.8526294827461243 0.46251943707466125 0.0
0.8368967175483704 0.40233737230300903 0.0
0.8372414112091064 0.4021221995353699 0.0
0.8345708847045898 0.4029867649078369 0.0
0.838019609451294 0.40190842747688293 0.0
0.837975263595581 0.40191763639450073 0.0
0.8375808596611023 0.4019995629787445 0.0
0.8349841833114624 0.4026758372783661 0.0
0.8373908400535583 0.402039110660553 0.0
0.8372753262519836 0.40206339955329895 0.0
0.8299336433410645 0.403524249792099 0.0
0.8366226553916931 0.40218064188957214 0.0
0.8370746970176697 0.4021013081073761 0.0
0.8289499878883362 0.40326589345932007 0.0
0.8302448987960815 0.40329569578170776 0.0
0.8268746137619019 0.4033096730709076 0.0
0.8273963332176208 0.40304267406463623 0.0
0.8296917080879211 0.40295594930648804 0.0
0.826941192150116 0.40308621525764465 0.0
0.8302875757217407 0.4029204249382019 0.0
0.830654501914978 0.4028985798358917 0.0
0.8302506804466248 0.4029226303100586 0.0
0.8299717307090759 0.4029392600059509 0.0
0.8986425995826721 0.21288594603538513 0.0
0.8994847536087036 0.21348512172698975 0.0
0.8997897505760193 0.2137950360774994 0.0
0.8986305594444275 0.21320544183254242 0.0
0.8986113667488098 0.2134893536567688 0.0
0.8987988829612732 0.2138090282678604 0.0
0.90074223279953 0.2149926722049713 0.0
0.89886075258255 0.21420523524284363 0.0
0.9010612368583679 0.21557942032814026 0.0
0.8992273211479187 0.21474133431911469 0.0
0.8987632393836975 0.21458645164966583 0.0
0.8990426063537598 0.2150270789861679 0.0
0.8986415863037109 0.21500271558761597 0.0
0.9015899896621704 0.21638891100883484 0.0
0.9015845060348511 0.21669411659240723 0.0
0.8988227844238281 0.21570546925067902 0.0
0.9015321135520935 0.21708256006240845 0.0
0.9014636278152466 0.2174496203660965 0.0
0.8989415168762207 0.21645337343215942 0.0
0.8992195129394531 0.21701796352863312 0.0
0.9012643098831177 0.21816673874855042 0.0
0.9010148048400879 0.2186654508113861 0.0
0.900913417339325 0.21813741326332092 0.0
0.9133092164993286 0.5228895545005798 0.0
0.9226489663124084 0.5289721488952637 0.0
0.9286214113235474 0.532647430896759 0.0
0.8820120692253113 0.506870687007904 0.0
0.9046957492828369 0.5217671990394592 0.0
0.9337210655212402 0.5355684757232666 0.0
0.8664005398750305 0.5 0.0
0.8747983574867249 0.5058273673057556 0.0
0.9374892115592957 0.537333607673645 0.0
0.8562865853309631 0.4992640018463135 0.0
0.8446202874183655 0.4980129897594452 0.0
0.9434077739715576 0.5388906598091125 0.0
0.7722734212875366 0.48746106028556824 0.0
0.7793676853179932 0.48747652769088745 0.0
0.7883476614952087 0.4893297851085663 0.0
0.8063186407089233 0.49219340085983276 0.0
0.8202865123748779 0.49383634328842163 0.0
0.949632465839386 0.5403268933296204 0.0
0.7573147416114807 0.48420917987823486 0.0
0.7971029281616211 0.49001559615135193 0.0
0.9515255093574524 0.5405235886573792 0.0
0.7481034994125366 0.4820372462272644 0.0
0.9542363286018372 0.5416573286056519 0.0
0.74298495054245 0.47978928685188293 0.0
0.7094952464103699 0.47434231638908386 0.0
0.7205275893211365 0.47595635056495667 0.0
0.7293848991394043 0.4774457812309265 0.0
0.7370315194129944 0.4772288203239441 0.0
0.7493120431900024 0.479792982339859 0.0
0.956234872341156 0.5408895015716553 0.0
0.7267500162124634 0.47538939118385315 0.0
0.7171238660812378 0.47266000509262085 0.0
0.7441731691360474 0.4765589237213135 0.0
0.9600470662117004 0.5408763289451599 0.0
0.7292973399162292 0.4736468493938446 0.0
0.737047016620636 0.4751969277858734 0.0
0.7378007769584656 0.473554402589798 0.0
0.7495494484901428 0.475152850151062 0.0
0.7401180863380432 0.4708242416381836 0.0
0.7531604170799255 0.47305163741111755 0.0
0.9694271087646484 0.5406039953231812 0.0
0.7380367517471313 0.4673117995262146 0.0
0.7490164041519165 0.4698341190814972 0.0
0.736526370048523 0.4649461507797241 0.0
0.7463895678520203 0.46657902002334595 0.0
0.9724427461624146 0.5365334749221802 0.0
0.7401427626609802 0.4634683132171631 0.0
0.9767463803291321 0.5368316173553467 0.0
0.7486984729766846 0.4646039307117462 0.0
0.978247880935669 0.5341671109199524 0.0
0.7465460896492004 0.461596816778183 0.0
0.7546838521957397 0.4645399749279022 0.0
0.9788660407066345 0.5290610194206238 0.0
0.7598490715026855 0.4631216824054718 0.0
0.9839389324188232 0.5225796699523926 0.0
0.7704377770423889 0.4628317356109619 0.0
0.7770400047302246 0.46005162596702576 0.0
0.7826064825057983 0.4643750488758087 0.0
1.0 0.5161464810371399 0.0
0.9899280071258545 0.5137739181518555 0.0
0.7872873544692993 0.4629196524620056 0.0
0.7889333367347717 0.4607070982456207 0.0
0.7947803735733032 0.4638414978981018 0.0
0.8003432750701904 0.4629937410354614 0.0
0.9720467329025269 0.48522740602493286 0.0
0.9319919943809509 0.4804283380508423 0.0
0.9488459229469299 0.48040300607681274 0.0
0.901854395866394 0.47101256251335144 0.0
0.9139513373374939 0.4762535095214844 0.0
0.8261654376983643 0.46145057678222656 0.0
0.8821714520454407 0.4725911319255829 0.0
0.8421807885169983 0.465300053358078 0.0
0.8354625701904297 0.4024531841278076 0.0
0.832099199295044 0.4032862186431885 0.0
0.8331431746482849 0.40291979908943176 0.0
0.8360342979431152 0.40228402614593506 0.0
0.8311936259269714 0.40310290455818176 0.0
0.8339104652404785 0.40270334482192993 0.0
0.8342254757881165 0.4025825262069702 0.0
0.8363285660743713 0.4022323191165924 0.0
0.8352806568145752 0.40240076184272766 0.0
0.835657000541687 0.4023424983024597 0.0
0.8350240588188171 0.40243834257125854 0.0
0.8343763947486877 0.4025331735610962 0.0
0.8351510763168335 0.4024197459220886 0.0
0.8302881717681885 0.4030502140522003 0.0
0.8341557383537292 0.40256547927856445 0.0
0.8341710567474365 0.4025632441043854 0.0
0.8341816663742065 0.4025616943836212 0.0
0.8291038274765015 0.4030422568321228 0.0
0.8309523463249207 0.40289542078971863 0.0
0.8315982818603516 0.4028289020061493 0.0
0.8323473334312439 0.40275174379348755 0.0
0.8332491517066956 0.4026588499546051 0.0
0.831972062587738 0.4027903974056244 0.0
0.8992331624031067 0.2133747786283493 0.0
0.8989443778991699 0.213271826505661 0.0
0.8992366194725037 0.21365398168563843 0.0
0.8999666571617126 0.21431590616703033 0.0
0.8995501399040222 0.2138449102640152 0.0
0.8989576101303101 0.21361763775348663 0.0
0.8991548418998718 0.21407558023929596 0.0
0.8994932770729065 0.21453116834163666 0.0
0.8991987109184265 0.2143881916999817 0.0
0.9003739356994629 0.21477513015270233 0.0
0.9006984829902649 0.21529518067836761 0.0
0.89991295337677 0.21494095027446747 0.0
0.8996772766113281 0.21507038176059723 0.0
0.9008777141571045 0.2157367318868637 0.0
0.900521457195282 0.21535086631774902 0.0
0.89999920129776 0.21533678472042084 0.0
0.9011639356613159 0.21598060429096222 0.0
0.8998614549636841 0.21549738943576813 0.0
0.9013727903366089 0.21626970171928406 0.0
0.9011294841766357 0.21624872088432312 0.0
0.9006994366645813 0.21591344475746155 0.0
0.9001622796058655 0.21572136878967285 0.0
0.89947509765625 0.21537280082702637 0.0
0.8999382257461548 0.21599632501602173 0.0
0.899096667766571 0.21545714139938354 0.0
0.9012677073478699 0.21668678522109985 0.0
0.8994615077972412 0.2158598005771637 0.0
0.899232029914856 0.2164122462272644 0.0
0.8995167016983032 0.21703213453292847 0.0
0.9013710618019104 0.21784009039402008 0.0
0.899865984916687 0.2175474464893341 0.0
0.9002195000648499 0.21782171726226807 0.0
0.9006334543228149 0.21826878190040588 0.0
0.9051441550254822 0.5178787708282471 0.0
0.908254086971283 0.516855001449585 0.0
0.9148228168487549 0.5208793878555298 0.0
0.9226514101028442 0.5258622765541077 0.0
0.9286029934883118 0.5305094122886658 0.0
0.8907678127288818 0.5085645318031311 0.0
0.8992612361907959 0.5141658782958984 0.0
0.9332501888275146 0.533397912979126 0.0
0.872496485710144 0.5 0.0
0.9376313090324402 0.5355737209320068 0.0
0.8531574010848999 0.49837663769721985 0.0
0.8617541193962097 0.4991605877876282 0.0
0.9389313459396362 0.5349389910697937 0.0
0.9418822526931763 0.5362108945846558 0.0
0.836191713809967 0.4962728023529053 0.0
0.8462475538253784 0.4970555305480957 0.0
0.9452964663505554 0.537486732006073 0.0
0.8134012222290039 0.49264591932296753 0.0
0.8276548981666565 0.4944588541984558 0.0
0.9485153555870056 0.5383381843566895 0.0
0.7674837112426758 0.48483678698539734 0.0
0.7880268096923828 0.4878498911857605 0.0
0.8068851232528687 0.4908751845359802 0.0
0.8181195259094238 0.49229782819747925 0.0
0.7567734718322754 0.4825335741043091 0.0
0.7791438102722168 0.4856812059879303 0.0
0.7974364757537842 0.488383024930954 0.0
0.9514672160148621 0.5389245748519897 0.0
0.787523627281189 0.48646849393844604 0.0
0.7606691122055054 0.4815737009048462 0.0
0.7712361216545105 0.4831145107746124 0.0
0.7544326782226562 0.4785470962524414 0.0
0.764290988445282 0.48028966784477234 0.0
0.7587625980377197 0.4777642488479614 0.0
0.7667306065559387 0.4788243770599365 0.0
0.7595333456993103 0.47603675723075867 0.0
0.9631507396697998 0.5402523875236511 0.0
0.7682738900184631 0.4770630896091461 0.0
0.7618033289909363 0.4746183454990387 0.0
0.9654732346534729 0.5385378003120422 0.0
0.7597050666809082 0.47224748134613037 0.0
0.7570680975914001 0.46933966875076294 0.0
0.768248975276947 0.4719950258731842 0.0
0.9688944220542908 0.5376861095428467 0.0
0.7555044293403625 0.4667327105998993 0.0
0.7629500031471252 0.4688350558280945 0.0
0.7624538540840149 0.4665570855140686 0.0
0.770706057548523 0.46959519386291504 0.0
0.9732174277305603 0.5331745147705078 0.0
0.7705485820770264 0.4665558338165283 0.0
0.9739959239959717 0.5303160548210144 0.0
0.7800896763801575 0.46707484126091003 0.0
0.788340151309967 0.46779072284698486 0.0
0.7942165732383728 0.46665483713150024 0.0
0.9779935479164124 0.5116546154022217 0.0
0.8038763403892517 0.46688544750213623 0.0
0.8131645321846008 0.4667062759399414 0.0
1.0 0.5 0.0
0.9632787704467773 0.49477243423461914 0.0
0.8168854117393494 0.4645565450191498 0.0
0.9470220804214478 0.4877016544342041 0.0
0.8233808875083923 0.4647494852542877 0.0
0.9218285083770752 0.48264363408088684 0.0
0.9297244548797607 0.49065619707107544 0.0
0.8328749537467957 0.46779194474220276 0.0
0.857787013053894 0.4696348011493683 0.0
0.8712146282196045 0.4739284813404083 0.0
0.8985752463340759 0.47564634680747986 0.0
0.8323317170143127 0.40283507108688354 0.0
0.899725079536438 0.2143704742193222 0.0
0.9002895951271057 0.21544063091278076 0.0
0.9004436135292053 0.21589529514312744 0.0
0.900933563709259 0.2164573073387146 0.0
0.900635302066803 0.21623031795024872 0.0
0.9003713130950928 0.21617121994495392 0.0
0.9011594653129578 0.2169543355703354 0.0
0.9006937742233276 0.2167249470949173 0.0
0.9002974629402161 0.21646296977996826 0.0
0.9000870585441589 0.21652467548847198 0.0
0.8997647166252136 0.21637696027755737 0.0
0.8993642330169678 0.21617846190929413 0.0
0.9010594487190247 0.2173324078321457 0.0
0.9003672003746033 0.2168775200843811 0.0
0.899713933467865 0.21679723262786865 0.0
0.9006928205490112 0.21728810667991638 0.0
0.9009904265403748 0.2177356481552124 0.0
0.90068519115448 0.21765686571598053 0.0
0.900065541267395 0.21719133853912354 0.0
0.89994215965271 0.21733827888965607 0.0
0.9004973769187927 0.21778438985347748 0.0
0.9002168774604797 0.21750295162200928 0.0
0.9015693068504333 0.511650800704956 0.0
0.9025189280509949 0.5078524351119995 0.0
0.9245588779449463 0.5259599685668945 0.0
0.9286304712295532 0.5288782119750977 0.0
0.8950161337852478 0.5065687894821167 0.0
0.9325068593025208 0.5313860177993774 0.0
0.8823997974395752 0.5 0.0
0.9340388774871826 0.5312688946723938 0.0
0.8565841913223267 0.4982014000415802 0.0
0.8643842935562134 0.49896347522735596 0.0
0.9408277869224548 0.5344246029853821 0.0
0.8366472125053406 0.4952658414840698 0.0
0.945360004901886 0.5361140966415405 0.0
0.9473891258239746 0.5363897681236267 0.0
0.8287314176559448 0.49339938163757324 0.0
0.8094276189804077 0.48980069160461426 0.0
0.9496740698814392 0.5364997982978821 0.0
0.7921294569969177 0.4860672950744629 0.0
0.9528883695602417 0.5381983518600464 0.0
0.7816561460494995 0.4844140410423279 0.0
0.8017545938491821 0.48772531747817993 0.0
0.7742940783500671 0.48170205950737 0.0
0.79892498254776 0.4859358072280884 0.0
0.9555050730705261 0.5380654335021973 0.0
0.7863253355026245 0.48332419991493225 0.0
0.776308000087738 0.4800315499305725 0.0
0.7958614826202393 0.48373427987098694 0.0
0.9591964483261108 0.5383270382881165 0.0
0.7860009074211121 0.48107028007507324 0.0
0.7773351669311523 0.47802993655204773 0.0
0.9615492820739746 0.5376615524291992 0.0
0.7688955664634705 0.47494515776634216 0.0
0.7869992852210999 0.47918376326560974 0.0
0.9622505307197571 0.5356913208961487 0.0
0.9600495100021362 0.5358182787895203 0.0
0.7782726883888245 0.47579044103622437 0.0
0.964999258518219 0.5351468920707703 0.0
0.7794959545135498 0.47327637672424316 0.0
0.788780152797699 0.4771921634674072 0.0
0.9675226211547852 0.5339706540107727 0.0
0.7908244132995605 0.4746949076652527 0.0
0.9637345671653748 0.5318365693092346 0.0
0.7801490426063538 0.4703540503978729 0.0
0.9695202112197876 0.5325732231140137 0.0
0.7898973226547241 0.4710645079612732 0.0
0.7970807552337646 0.4744478464126587 0.0
0.9689424633979797 0.5290778875350952 0.0
0.9657890796661377 0.5304127335548401 0.0
0.7983160018920898 0.47305968403816223 0.0
0.7967002391815186 0.470478892326355 0.0
0.8039329051971436 0.4734914004802704 0.0
0.9713320732116699 0.5262385606765747 0.0
0.9730390906333923 0.5220502018928528 0.0
0.8078441619873047 0.471670925617218 0.0
0.8135440945625305 0.4701496362686157 0.0
0.9714339971542358 0.5152810215950012 0.0
0.976465106010437 0.5 0.0
0.8247224688529968 0.46837106347084045 0.0
0.9673682451248169 0.5 0.0
0.946112871170044 0.49482759833335876 0.0
0.9506609439849854 0.5 0.0
0.8435969948768616 0.4720347821712494 0.0
0.8519418835639954 0.47209787368774414 0.0
0.8632245063781738 0.4765376150608063 0.0
0.8810752034187317 0.47718068957328796 0.0
0.8933669328689575 0.48192042112350464 0.0
0.9114946722984314 0.4836287498474121 0.0
0.9000627398490906 0.21686670184135437 0.0
0.9003676772117615 0.21732717752456665 0.0
0.9078640937805176 0.5113201141357422 0.0
0.9119578003883362 0.5138436555862427 0.0
0.9170107841491699 0.5198962092399597 0.0
0.9190880060195923 0.5201116800308228 0.0
0.8885802030563354 0.5 0.0
0.8912896513938904 0.5 0.0
0.8976712226867676 0.5053327679634094 0.0
0.8766919374465942 0.4996488094329834 0.0
0.8828825950622559 0.49977630376815796 0.0
0.869625449180603 0.4991464912891388 0.0
0.9371146559715271 0.5324109792709351 0.0
0.8609374761581421 0.498198539018631 0.0
0.8525394201278687 0.4972429573535919 0.0
0.9419602751731873 0.5342153310775757 0.0
0.8446256518363953 0.4959723949432373 0.0
0.9434914588928223 0.5341089963912964 0.0
0.837591826915741 0.494453489780426 0.0
0.9458819627761841 0.5344146490097046 0.0
0.8213514089584351 0.4911722242832184 0.0
0.8317534923553467 0.49285367131233215 0.0
0.8110401630401611 0.48840636014938354 0.0
0.9518463015556335 0.5366036891937256 0.0
0.9487940669059753 0.5346498489379883 0.0
0.8063674569129944 0.4860765039920807 0.0
0.9561600685119629 0.5360541343688965 0.0
0.7940422296524048 0.48182809352874756 0.0
0.8035845160484314 0.48390263319015503 0.0
0.9589674472808838 0.5366470217704773 0.0
0.9578531980514526 0.5349973440170288 0.0
0.7979863882064819 0.4809921979904175 0.0
0.7993876934051514 0.4789813458919525 0.0
0.9617096185684204 0.5329581499099731 0.0
0.8019824028015137 0.47745367884635925 0.0
0.9603279232978821 0.5299842953681946 0.0
0.8056027293205261 0.47626161575317383 0.0
0.9617477059364319 0.5285516381263733 0.0
0.9632487297058105 0.526481032371521 0.0
0.812911868095398 0.47643977403640747 0.0
0.8203905820846558 0.47662657499313354 0.0
0.9675735235214233 0.5223082304000854 0.0
0.9660025238990784 0.5247368216514587 0.0
0.8187218904495239 0.4734732210636139 0.0
0.9643296003341675 0.5176657438278198 0.0
0.8243691325187683 0.47230198979377747 0.0
0.8280000686645508 0.47686469554901123 0.0
0.8357866406440735 0.47705236077308655 0.0
0.8357887268066406 0.4731874465942383 0.0
0.9645023941993713 0.5078038573265076 0.0
0.9589551687240601 0.5029755234718323 0.0
0.845469057559967 0.4760272204875946 0.0
0.8528509140014648 0.47642982006073 0.0
0.9390632510185242 0.5 0.0
0.8781156539916992 0.4806792736053467 0.0
0.9066206812858582 0.48847320675849915 0.0
0.9160350561141968 0.490910142660141 0.0
0.907174825668335 0.5060264468193054 0.0
0.9143784642219543 0.5152903199195862 0.0
0.9242373704910278 0.5244889259338379 0.0
0.9017056226730347 0.5 0.0
0.9286170601844788 0.5274814367294312 0.0
0.8967442512512207 0.5 0.0
0.9298557043075562 0.5273221731185913 0.0
0.8751219511032104 0.49936312437057495 0.0
0.9334744811058044 0.5298995971679688 0.0
0.8677132725715637 0.4987115263938904 0.0
0.9377527832984924 0.5317344665527344 0.0
0.8444251418113708 0.4953686594963074 0.0
0.8513362407684326 0.4965905249118805 0.0
0.8279477953910828 0.49155211448669434 0.0
0.8222405910491943 0.4899817705154419 0.0
0.9526003003120422 0.5355531573295593 0.0
0.8163065314292908 0.4879598617553711 0.0
0.8116884231567383 0.48613065481185913 0.0
0.8182611465454102 0.48734331130981445 0.0
0.9556543231010437 0.5343168377876282 0.0
0.8127927780151367 0.48506924510002136 0.0
0.8055903911590576 0.48313599824905396 0.0
0.8074573874473572 0.48237159848213196 0.0
0.9593504071235657 0.5336751341819763 0.0
0.8094383478164673 0.4810011386871338 0.0
0.9589554071426392 0.531157910823822 0.0
0.8102942109107971 0.47946518659591675 0.0
0.8162501454353333 0.479937344789505 0.0
0.9595428109169006 0.5258488059043884 0.0
0.9619011282920837 0.5233603715896606 0.0
0.9627131223678589 0.5211231708526611 0.0
0.9618455767631531 0.5126456022262573 0.0
0.8428630828857422 0.47757694125175476 0.0
0.8516681790351868 0.480223149061203 0.0
0.9511483311653137 0.5060005187988281 0.0
0.9531702399253845 0.5096136331558228 0.0
0.8613906502723694 0.4810250997543335 0.0
0.9370163679122925 0.5015273094177246 0.0
0.9450386166572571 0.5033292770385742 0.0
0.8702133893966675 0.48203203082084656 0.0
0.8892942667007446 0.4877372682094574 0.0
0.8998748064041138 0.48993635177612305 0.0
0.9211799502372742 0.4956261217594147 0.0
0.9292384386062622 0.5 0.0
0.9104093909263611 0.4956152141094208 0.0
0.9105622172355652 0.5092640519142151 0.0
0.9136928915977478 0.5135360956192017 0.0
0.9167584776878357 0.5168003439903259 0.0
0.9207517504692078 0.5208907723426819 0.0
0.9239623546600342 0.5233094692230225 0.0
0.9269802570343018 0.5255115628242493 0.0
0.8913137912750244 0.49994081258773804 0.0
0.8943505883216858 0.4999847412109375 0.0
0.8855345845222473 0.49979761242866516 0.0
0.9329367876052856 0.5287566184997559 0.0
0.8795511722564697 0.49955281615257263 0.0
0.9348337650299072 0.5291681289672852 0.0
0.8738791942596436 0.4991961419582367 0.0
0.9392309784889221 0.531724750995636 0.0
0.8596838116645813 0.49771547317504883 0.0
0.9412978887557983 0.5318867564201355 0.0
0.9446769952774048 0.5328201055526733 0.0
0.8403661847114563 0.494155615568161 0.0
0.9466798305511475 0.5327991843223572 0.0
0.8339895009994507 0.4925187826156616 0.0
0.8291837573051453 0.49117419123649597 0.0
0.9501326084136963 0.5336892008781433 0.0
0.8263145089149475 0.48968154191970825 0.0
0.9533045887947083 0.5341779589653015 0.0
0.8227503299713135 0.48757004737854004 0.0
0.9563712477684021 0.5329211354255676 0.0
0.8185993432998657 0.4848831295967102 0.0
0.9575492143630981 0.5317440629005432 0.0
0.8185086250305176 0.48277559876441956 0.0
0.9568007588386536 0.5299761295318604 0.0
0.826031506061554 0.4839313328266144 0.0
0.9574597477912903 0.5286734104156494 0.0
0.9579498767852783 0.5268439054489136 0.0
0.8246808052062988 0.48093855381011963 0.0
0.9589409828186035 0.5235865712165833 0.0
0.8339327573776245 0.48376792669296265 0.0
0.8309365510940552 0.48065969347953796 0.0
0.9582597017288208 0.5208941698074341 0.0
0.9578467607498169 0.5178775787353516 0.0
0.8382713198661804 0.4809994399547577 0.0
0.8451064229011536 0.480943888425827 0.0
0.9556142091751099 0.5137448906898499 0.0
0.9469628930091858 0.5074567198753357 0.0
0.8609261512756348 0.4850196838378906 0.0
0.9403983354568481 0.5056562423706055 0.0
0.8696825504302979 0.4858068525791168 0.0
0.8785836696624756 0.48640337586402893 0.0
0.8862291574478149 0.4918960928916931 0.0
0.9259986281394958 0.5016933679580688 0.0
0.9349228739738464 0.5033192038536072 0.0
0.8976982831954956 0.4955911636352539 0.0
0.9203393459320068 0.5 0.0
0.9127799868583679 0.5125666260719299 0.0
0.9095285534858704 0.5079473257064819 0.0
0.9035804867744446 0.5 0.0
0.9067006707191467 0.5 0.0
0.9201697707176208 0.5200068354606628 0.0
0.9217890501022339 0.5211517810821533 0.0
0.8978437185287476 0.5 0.0
0.9255968332290649 0.5240734219551086 0.0
0.9276151061058044 0.5249760746955872 0.0
0.8877386450767517 0.49990376830101013 0.0
0.8801620006561279 0.49962499737739563 0.0
0.873412549495697 0.4992203116416931 0.0
0.867264986038208 0.49859824776649475 0.0
0.9365918040275574 0.5295231342315674 0.0
0.8544749021530151 0.496854692697525 0.0
0.8489323258399963 0.495817095041275 0.0
0.9416059851646423 0.5312001705169678 0.0
0.9436538219451904 0.5317051410675049 0.0
0.8396499156951904 0.49342265725135803 0.0
0.9447034597396851 0.5315566062927246 0.0
0.8339423537254333 0.4918854534626007 0.0
0.9479882717132568 0.5324050188064575 0.0
0.8384892344474792 0.4927278757095337 0.0
0.8342312574386597 0.49140575528144836 0.0
0.9512922167778015 0.5325886607170105 0.0
0.8313003778457642 0.4899978041648865 0.0
0.9541988372802734 0.5331754088401794 0.0
0.9541032910346985 0.5318018198013306 0.0
0.8278523683547974 0.4880985617637634 0.0
0.8356378674507141 0.4905734956264496 0.0
0.9559035897254944 0.5310391187667847 0.0
0.8301729559898376 0.48739174008369446 0.0
0.9555240869522095 0.5296108722686768 0.0
0.8333136439323425 0.48534518480300903 0.0
0.9556576013565063 0.526465892791748 0.0
0.9558910727500916 0.5237898826599121 0.0
0.8403163552284241 0.4870935380458832 0.0
0.8412025570869446 0.4850466251373291 0.0
0.9547726511955261 0.5211447477340698 0.0
0.9531065821647644 0.5181007385253906 0.0
0.8490487933158875 0.48543551564216614 0.0
0.952954888343811 0.5155478119850159 0.0
0.8533512949943542 0.4841221868991852 0.0
0.9480078816413879 0.5125888586044312 0.0
0.9501838684082031 0.51112961769104 0.0
0.9439532160758972 0.5088817477226257 0.0
0.8775442242622375 0.4906235635280609 0.0
0.8837271928787231 0.49481573700904846 0.0
0.8898522853851318 0.4964905381202698 0.0
0.9143877625465393 0.5 0.0
0.910697340965271 0.510924220085144 0.0
0.9138662815093994 0.5142850875854492 0.0
0.9180318713188171 0.5180495977401733 0.0
0.9034134149551392 0.5017659068107605 0.0
0.8992183208465576 0.5 0.0
0.9234360456466675 0.5221471786499023 0.0
0.8937905430793762 0.5 0.0
0.8908296823501587 0.5 0.0
0.8865085244178772 0.5 0.0
0.9306010007858276 0.5264652371406555 0.0
0.884048342704773 0.49984610080718994 0.0
0.9327398538589478 0.5273496508598328 0.0
0.8759464025497437 0.4995618760585785 0.0
0.8701903223991394 0.49905210733413696 0.0
0.9342665076255798 0.5278041958808899 0.0
0.9380110502243042 0.5295592546463013 0.0
0.8589535355567932 0.497526079416275 0.0
0.864484429359436 0.4983747899532318 0.0
0.8543033599853516 0.49675169587135315 0.0
0.8570533990859985 0.49726736545562744 0.0
0.9404933452606201 0.5301234722137451 0.0
0.8462217450141907 0.49498337507247925 0.0
0.8439405560493469 0.4941740036010742 0.0
0.9462984800338745 0.5316345691680908 0.0
0.9485306143760681 0.5320123434066772 0.0
0.8395214080810547 0.4925508499145508 0.0
0.9521013498306274 0.5318012237548828 0.0
0.9540551900863647 0.5308085680007935 0.0
0.9548883438110352 0.5304009914398193 0.0
0.9550265073776245 0.5290043354034424 0.0
0.9555312395095825 0.5280723571777344 0.0
0.8339823484420776 0.48716041445732117 0.0
0.8411718606948853 0.4892309606075287 0.0
0.9552527070045471 0.5249046683311462 0.0
0.8474072217941284 0.4891743063926697 0.0
0.8497655391693115 0.4883776903152466 0.0
0.9531248211860657 0.5229871869087219 0.0
0.9519944190979004 0.521133303642273 0.0
0.9503725171089172 0.5189388990402222 0.0
0.8561757206916809 0.4901755452156067 0.0
0.9492285251617432 0.5152272582054138 0.0
0.947907567024231 0.5164341330528259 0.0
0.8601176142692566 0.4888192415237427 0.0
0.8692419528961182 0.4899841248989105 0.0
0.9353964924812317 0.5066207647323608 0.0
0.9366031885147095 0.5081700682640076 0.0
0.927978515625 0.5042106509208679 0.0
0.8948343992233276 0.5 0.0
0.9033617973327637 0.5 0.0
0.9111865758895874 0.5015116930007935 0.0
0.9192521572113037 0.5021579265594482 0.0
0.9054884314537048 0.504734218120575 0.0
0.9073675870895386 0.5083858966827393 0.0
0.9103938937187195 0.5117147564888 0.0
0.916219174861908 0.5166929364204407 0.0
0.901686429977417 0.5036589503288269 0.0
0.9198015332221985 0.5194850564002991 0.0
0.9213311672210693 0.5205085873603821 0.0
0.8979822993278503 0.5026266574859619 0.0
0.9245411157608032 0.5226889848709106 0.0
0.9266523122787476 0.5238134860992432 0.0
0.9295788407325745 0.5253602862358093 0.0
0.8814244866371155 0.49984073638916016 0.0
0.9316226243972778 0.5263656973838806 0.0
0.9325448274612427 0.526648223400116 0.0
0.935085654258728 0.527847170829773 0.0
0.8617732524871826 0.49813851714134216 0.0
0.8526781797409058 0.4963933229446411 0.0
0.8581331372261047 0.4976619482040405 0.0
0.8513965010643005 0.4961104989051819 0.0
0.9473695158958435 0.5316742062568665 0.0
0.8474918603897095 0.49494653940200806 0.0
0.9499415159225464 0.5319086313247681 0.0
0.844502866268158 0.4936107099056244 0.0
0.9512599110603333 0.5318045020103455 0.0
0.8403505086898804 0.4914660155773163 0.0
0.9547568559646606 0.5295052528381348 0.0
0.8396036624908447 0.49009379744529724 0.0
0.9548755288124084 0.5272602438926697 0.0
0.9546599388122559 0.5262086987495422 0.0
0.8460502028465271 0.4901280701160431 0.0
0.953994870185852 0.5246365666389465 0.0
0.9468808174133301 0.517299473285675 0.0
0.9427642226219177 0.5131784081459045 0.0
0.8696526885032654 0.49466729164123535 0.0
0.862606406211853 0.4926675260066986 0.0
0.9405918121337891 0.5103554725646973 0.0
0.8776353001594543 0.4950217306613922 0.0
0.9345317482948303 0.5087330341339111 0.0
0.9286245107650757 0.5064757466316223 0.0
0.8870309591293335 0.5 0.0
0.9172405004501343 0.5032291412353516 0.0
0.9042263031005859 0.5059999823570251 0.0
0.9130934476852417 0.5142517685890198 0.0
0.9180588126182556 0.518218457698822 0.0
0.9236384630203247 0.5219468474388123 0.0
0.8946933150291443 0.5013682246208191 0.0
0.8901478052139282 0.5 0.0
0.8834106922149658 0.5 0.0
0.9298403859138489 0.5251568555831909 0.0
0.8779687881469727 0.5 0.0
0.8732882738113403 0.499599814414978 0.0
0.867496132850647 0.4990420937538147 0.0
0.8652284145355225 0.4991337060928345 0.0
0.8567840456962585 0.4975724518299103 0.0
0.9429280757904053 0.5306249856948853 0.0
0.8537289500236511 0.4967948794364929 0.0
0.9477776288986206 0.5317067503929138 0.0
0.9481846690177917 0.5317391157150269 0.0
0.949053943157196 0.5318083763122559 0.0
0.8513543605804443 0.49606946110725403 0.0
0.9491004347801208 0.5318098068237305 0.0
0.9491466283798218 0.5318112373352051 0.0
0.9502991437911987 0.5318464636802673 0.0
0.9493377804756165 0.5318170785903931 0.0
0.9506082534790039 0.5318329334259033 0.0
0.9502940773963928 0.5318439602851868 0.0
0.9502947926521301 0.5318442583084106 0.0
0.8512162566184998 0.495929479598999 0.0
0.8456277251243591 0.49359554052352905 0.0
0.846667468547821 0.4934823215007782 0.0
0.954893171787262 0.5292519927024841 0.0
0.8455694913864136 0.4920344054698944 0.0
0.9548938870429993 0.5292506217956543 0.0
0.9548940658569336 0.5292503237724304 0.0
0.8511760234832764 0.49466824531555176 0.0
0.9549680352210999 0.5283285975456238 0.0
0.9549928307533264 0.5286151170730591 0.0
0.9549962878227234 0.5286553502082825 0.0
0.9550113677978516 0.5288295149803162 0.0
0.8496956825256348 0.4927787184715271 0.0
0.9544270038604736 0.5260418653488159 0.0
0.9540058374404907 0.5252352356910706 0.0
0.8520992398262024 0.4923833906650543 0.0
0.952086865901947 0.522641658782959 0.0
0.8552743196487427 0.4920879602432251 0.0
0.9503246545791626 0.5208636522293091 0.0
0.9479864239692688 0.5187948346138 0.0
0.860674262046814 0.4934941232204437 0.0
0.9436095952987671 0.5152938961982727 0.0
0.9394695162773132 0.513290286064148 0.0
0.8663328289985657 0.49621209502220154 0.0
0.9349488019943237 0.5110459923744202 0.0
0.9366796612739563 0.5103411674499512 0.0
0.8784956932067871 0.5 0.0
0.8965979814529419 0.5007291436195374 0.0
0.904141366481781 0.501235842704773 0.0
0.9084872007369995 0.5022878646850586 0.0
0.9190855026245117 0.5046729445457458 0.0
0.9124948382377625 0.5033835172653198 0.0
0.9044671058654785 0.5075054168701172 0.0
0.9072950482368469 0.5099447965621948 0.0
0.9105251431465149 0.5128282308578491 0.0
0.9148269891738892 0.5159714818000793 0.0
0.9181874394416809 0.5184066891670227 0.0
0.9021970629692078 0.5057257413864136 0.0
0.9214298725128174 0.5204919576644897 0.0
0.8992499113082886 0.5045377016067505 0.0
0.9239953756332397 0.5220191478729248 0.0
0.8951218128204346 0.5032100081443787 0.0
0.9266976714134216 0.5235181450843811 0.0
0.8917773962020874 0.5017526745796204 0.0
0.8875125646591187 0.5015403032302856 0.0
0.932700514793396 0.5264947414398193 0.0
0.87762850522995 0.5 0.0
0.9363895058631897 0.528191328048706 0.0
0.8709632754325867 0.5 0.0
0.9411519169807434 0.5299656987190247 0.0
0.9411510825157166 0.5299662351608276 0.0
0.9411516785621643 0.529965877532959 0.0
0.9411518573760986 0.5299656987190247 0.0
0.8613247871398926 0.49879705905914307 0.0
0.8586079478263855 0.4982934296131134 0.0
0.8558228611946106 0.4975137710571289 0.0
0.855153501033783 0.4974058270454407 0.0
0.8533576726913452 0.4965614378452301 0.0
0.8551627397537231 0.49570557475090027 0.0
0.9548435807228088 0.5271733999252319 0.0
0.9548117518424988 0.5270869135856628 0.0
0.9546873569488525 0.5267491936683655 0.0
0.9547767043113708 0.5269917249679565 0.0
0.9548047780990601 0.5270679593086243 0.0
0.8566441535949707 0.4952947497367859 0.0
0.9541299939155579 0.5254729986190796 0.0
0.9540680050849915 0.5253543853759766 0.0
0.9542005658149719 0.525608241558075 0.0
0.9543386101722717 0.5258726477622986 0.0
0.9543451070785522 0.5258850455284119 0.0
0.9543859362602234 0.525963306427002 0.0
0.8580522537231445 0.4948056638240814 0.0
0.8629463315010071 0.49637165665626526 0.0
0.9491472840309143 0.5200663208961487 0.0
0.9490877389907837 0.5200204253196716 0.0
0.949207067489624 0.5201123356819153 0.0
0.948063850402832 0.5192327499389648 0.0
0.8696405291557312 0.5 0.0
0.945265531539917 0.5173687934875488 0.0
0.9441086649894714 0.5164188742637634 0.0
0.8730836510658264 0.5 0.0
0.9398485422134399 0.5142098665237427 0.0
0.9294016361236572 0.5084102749824524 0.0
0.8849824070930481 0.5005601048469543 0.0
0.8907552361488342 0.5007553696632385 0.0
0.9224212765693665 0.5062368512153625 0.0
0.895159900188446 0.5012486577033997 0.0
0.9011833667755127 0.5016769170761108 0.0
0.9125059843063354 0.5040594339370728 0.0
0.9169727563858032 0.5050961971282959 0.0
0.9046047925949097 0.5086432099342346 0.0
0.906679093837738 0.5104841589927673 0.0
0.9152860045433044 0.51654052734375 0.0
0.9014433026313782 0.5067354440689087 0.0
0.9167891144752502 0.5175878405570984 0.0
0.9192482233047485 0.519122838973999 0.0
0.9216938018798828 0.5205962657928467 0.0
0.8973775506019592 0.5051554441452026 0.0
0.9234307408332825 0.5215465426445007 0.0
0.8913190960884094 0.502838671207428 0.0
0.9266447424888611 0.5232943892478943 0.0
0.9297481775283813 0.5248966217041016 0.0
0.8823975920677185 0.5009598731994629 0.0
0.8788761496543884 0.5007101893424988 0.0
0.9333091974258423 0.5266374349594116 0.0
0.8756937980651855 0.5 0.0
0.9369314312934875 0.528301477432251 0.0
0.934863269329071 0.5273513793945312 0.0
0.8713763952255249 0.5 0.0
0.9411514401435852 0.5299659967422485 0.0
0.9385877251625061 0.5289549827575684 0.0
0.9377396106719971 0.5286203026771545 0.0
0.8655380606651306 0.5 0.0
0.8596401214599609 0.4987865090370178 0.0
0.8574571013450623 0.49843066930770874 0.0
0.8561068177223206 0.4981595575809479 0.0
0.8569183349609375 0.4975264072418213 0.0
0.8612046837806702 0.4980483949184418 0.0
0.8633185625076294 0.49782347679138184 0.0
0.949087381362915 0.5200201869010925 0.0
0.8676279783248901 0.5 0.0
0.9490936994552612 0.5200250148773193 0.0
0.9489828944206238 0.5199397802352905 0.0
0.8726211786270142 0.5002963542938232 0.0
0.9468865394592285 0.5184485912322998 0.0
0.947474479675293 0.5188401937484741 0.0
0.8754478096961975 0.5003670454025269 0.0
0.8793227672576904 0.5004253387451172 0.0
0.9353790879249573 0.5125837326049805 0.0
0.9352908730506897 0.5121581554412842 0.0
0.9407920837402344 0.5149531364440918 0.0
0.9311681985855103 0.5105199813842773 0.0
0.8905990123748779 0.501235842704773 0.0
0.8844870328903198 0.5009468793869019 0.0
0.9283599257469177 0.5092127919197083 0.0
0.8973532915115356 0.5018826127052307 0.0
0.9226160049438477 0.5071301460266113 0.0
0.9052963256835938 0.5028337240219116 0.0
0.9129417538642883 0.5047804713249207 0.0
0.9089993238449097 0.5124711394309998 0.0
0.9124834537506104 0.5146980285644531 0.0
0.9032878875732422 0.5086564421653748 0.0
0.9054948687553406 0.5104485750198364 0.0
0.9199098944664001 0.519522488117218 0.0
0.8938233256340027 0.5041689872741699 0.0
0.8912639617919922 0.5036574602127075 0.0
0.926673173904419 0.523231029510498 0.0
0.8886661529541016 0.502848744392395 0.0
0.9296694397926331 0.5248077511787415 0.0
0.8851065039634705 0.5020343661308289 0.0
0.8818141222000122 0.5014337301254272 0.0
0.9309545159339905 0.5254538059234619 0.0
0.9345120191574097 0.5271900296211243 0.0
0.9346875548362732 0.5272706747055054 0.0
0.9339112043380737 0.5269140005111694 0.0
0.8762638568878174 0.5005462765693665 0.0
0.9358967542648315 0.5278261303901672 0.0
0.8635749816894531 0.5 0.0
0.8692383766174316 0.5 0.0
0.8620463013648987 0.5 0.0
0.8603698015213013 0.5 0.0
0.8581663966178894 0.5 0.0
0.8625285029411316 0.5 0.0
0.8666187524795532 0.5 0.0
0.8697994947433472 0.5 0.0
0.9434618949890137 0.516394853591919 0.0
0.9443372488021851 0.5168675184249878 0.0
0.8801769614219666 0.5007417798042297 0.0
0.9380304217338562 0.5137460827827454 0.0
0.8838683366775513 0.5012465715408325 0.0
0.888877272605896 0.5015392899513245 0.0
0.930532693862915 0.5107113122940063 0.0
0.8935778141021729 0.5018575191497803 0.0
0.9262418746948242 0.5092151761054993 0.0
0.9223518967628479 0.5077610611915588 0.0
0.8987436890602112 0.5026529431343079 0.0
0.903962254524231 0.5031946301460266 0.0
0.9078984260559082 0.50380539894104 0.0
0.9177815318107605 0.5058441758155823 0.0
0.910915732383728 0.5140044689178467 0.0
0.9141438603401184 0.5160112380981445 0.0
0.9169672727584839 0.5177859663963318 0.0
0.907741367816925 0.5121764540672302 0.0
0.8993274569511414 0.5069888234138489 0.0
0.9023367762565613 0.50881028175354 0.0
0.9208839535713196 0.520061731338501 0.0
0.8957388997077942 0.5054112076759338 0.0
0.9233875274658203 0.5214503407478333 0.0
0.9224416017532349 0.5209166407585144 0.0
0.8927571177482605 0.5046843886375427 0.0
0.8899582624435425 0.5037345886230469 0.0
0.9288187623023987 0.5243601202964783 0.0
0.9289584755897522 0.5244336128234863 0.0
0.9288774728775024 0.5243909955024719 0.0
0.8831895589828491 0.5021200180053711 0.0
0.8869848847389221 0.5031004548072815 0.0
0.9303122162818909 0.5251308679580688 0.0
0.8793574571609497 0.5012996792793274 0.0
0.8755253553390503 0.500808596611023 0.0
0.8725005388259888 0.5004994869232178 0.0
0.8674429059028625 0.5002456307411194 0.0
0.8645154237747192 0.5 0.0
0.8646535873413086 0.5001972913742065 0.0
0.8641772866249084 0.5 0.0
0.8673368692398071 0.5 0.0
0.8702309727668762 0.5003818869590759 0.0
0.8726522922515869 0.5005225539207458 0.0
0.8751980662345886 0.5006409883499146 0.0
0.8782488107681274 0.5007866024971008 0.0
0.8785414099693298 0.5009646415710449 0.0
0.9357218742370605 0.5127487182617188 0.0
0.9353271126747131 0.5125892162322998 0.0
0.9364346265792847 0.5130510330200195 0.0
0.9394111633300781 0.5143495798110962 0.0
0.9250755906105042 0.5091707706451416 0.0
0.9298691749572754 0.510615885257721 0.0
0.9350634813308716 0.5124868750572205 0.0
0.8927827477455139 0.5020951628684998 0.0
0.9199533462524414 0.5077071189880371 0.0
0.9037461280822754 0.5035369396209717 0.0
0.9183123111724854 0.5065100789070129 0.0
0.9084905982017517 0.504451334476471 0.0
0.913669764995575 0.5055139064788818 0.0
0.9117366671562195 0.514727771282196 0.0
0.91440749168396 0.5163148641586304 0.0
0.903872549533844 0.5100265741348267 0.0
0.9185678958892822 0.518752932548523 0.0
0.8999518156051636 0.508118748664856 0.0
0.9200320243835449 0.5195785164833069 0.0
0.8959333896636963 0.5062071084976196 0.0
0.9245570302009583 0.5220736265182495 0.0
0.9288544654846191 0.5243788957595825 0.0
0.8841961026191711 0.5027852058410645 0.0
0.8812718987464905 0.501986026763916 0.0
0.8783282041549683 0.5014954805374146 0.0
0.8750205039978027 0.501046895980835 0.0
0.8713281154632568 0.5006482601165771 0.0
0.8749175667762756 0.5012598037719727 0.0
0.8723698258399963 0.5009800791740417 0.0
0.8684662580490112 0.500489354133606 0.0
0.8655381798744202 0.5002413392066956 0.0
0.867933452129364 0.5004985928535461 0.0
0.8677424192428589 0.5004358291625977 0.0
0.8672791719436646 0.5002987384796143 0.0
0.8707470297813416 0.5005700588226318 0.0
0.8757727742195129 0.5008248686790466 0.0
0.8787392377853394 0.5011306405067444 0.0
0.8819754123687744 0.5013157725334167 0.0
0.8887490630149841 0.5018881559371948 0.0
0.8944779634475708 0.5026242136955261 0.0
0.9272497892379761 0.5098262429237366 0.0
0.9285587668418884 0.5102208256721497 0.0
0.9331419467926025 0.5117862224578857 0.0
0.9343388676643372 0.5122178196907043 0.0
0.9348065257072449 0.5123899579048157 0.0
0.8997094631195068 0.5032187104225159 0.0
0.903450071811676 0.5039807558059692 0.0
0.9090686440467834 0.505095899105072 0.0
0.9154129028320312 0.5063915848731995 0.0
0.9129441380500793 0.5155662298202515 0.0
0.9160180687904358 0.5173048973083496 0.0
0.9089411497116089 0.5131449103355408 0.0
0.9054832458496094 0.5112585425376892 0.0
0.9173160791397095 0.5180655717849731 0.0
0.9022222757339478 0.5095161199569702 0.0
0.9209660887718201 0.5200971961021423 0.0
0.9217033982276917 0.5205066800117493 0.0
0.8929727077484131 0.5052939057350159 0.0
0.8943412899971008 0.5060986876487732 0.0
0.8970325589179993 0.5071443319320679 0.0
0.8901329040527344 0.504326343536377 0.0
0.8873570561408997 0.5036579370498657 0.0
0.8809283971786499 0.5021694302558899 0.0
0.8778458833694458 0.5016558170318604 0.0
0.8706128001213074 0.5007928013801575 0.0
0.8708800077438354 0.5008141398429871 0.0
0.8715007305145264 0.5008005499839783 0.0
0.8748094439506531 0.5010759830474854 0.0
0.873611569404602 0.5007928609848022 0.0
0.8763058185577393 0.5009937286376953 0.0
0.8766327500343323 0.5011653304100037 0.0
0.8798245191574097 0.5014675855636597 0.0
0.8830916285514832 0.501671314239502 0.0
0.8860897421836853 0.5018359422683716 0.0
0.8851398229598999 0.5015693306922913 0.0
0.8901224732398987 0.5023291707038879 0.0
0.9212284088134766 0.5082115530967712 0.0
0.9173820614814758 0.5072525143623352 0.0
0.92646723985672 0.5095903277397156 0.0
0.9257725477218628 0.5093808770179749 0.0
0.8981592059135437 0.5033315420150757 0.0
0.9134213924407959 0.5063377618789673 0.0
0.9102972745895386 0.514063835144043 0.0
0.9137465953826904 0.5160856246948242 0.0
0.9076118469238281 0.5125942230224609 0.0
0.9151455760002136 0.5168708562850952 0.0
0.9180963039398193 0.5185025334358215 0.0
0.9025471806526184 0.5099590420722961 0.0
0.9050186276435852 0.511264979839325 0.0
0.9190087914466858 0.5190097093582153 0.0
0.9197331070899963 0.5194122791290283 0.0
0.9185729622840881 0.5187674760818481 0.0
0.8993920087814331 0.5083940625190735 0.0
0.9202281832695007 0.5196873545646667 0.0
0.8918229341506958 0.5051798820495605 0.0
0.8859984278678894 0.5034774541854858 0.0
0.8890151977539062 0.5044457912445068 0.0
0.8833562135696411 0.502859890460968 0.0
0.8804407119750977 0.5022615790367126 0.0
0.8777963519096375 0.5017992854118347 0.0
0.8758525252342224 0.5015205144882202 0.0
0.8736616373062134 0.501194953918457 0.0
0.8764522075653076 0.501613438129425 0.0
0.8740322589874268 0.5011807084083557 0.0
0.874975860118866 0.5012157559394836 0.0
0.8774471879005432 0.50147545337677 0.0
0.8782690763473511 0.5014504194259644 0.0
0.8936288952827454 0.5028581023216248 0.0
0.9136184453964233 0.5064501762390137 0.0
0.9158696532249451 0.5069300532341003 0.0
0.9167069792747498 0.5071085691452026 0.0
0.9169846177101135 0.5071678161621094 0.0
0.9008723497390747 0.5038743615150452 0.0
0.9043534398078918 0.5044435262680054 0.0
0.9094312787055969 0.5056495070457458 0.0
0.9068660140037537 0.5050772428512573 0.0
0.9109371304512024 0.5145267248153687 0.0
0.9088124632835388 0.5133498907089233 0.0
0.9166210889816284 0.5176867842674255 0.0
0.9028788208961487 0.5103655457496643 0.0
0.9063251614570618 0.5120688080787659 0.0
0.9183350801467896 0.5186352729797363 0.0
0.900406002998352 0.5091108679771423 0.0
0.8981730937957764 0.5081434845924377 0.0
0.8958685994148254 0.5070352554321289 0.0
0.8925719857215881 0.5057136416435242 0.0
0.8856173157691956 0.5035527348518372 0.0
0.8827663660049438 0.5028671622276306 0.0
0.8802005052566528 0.502312183380127 0.0
0.8783403038978577 0.5019561648368835 0.0
0.8785221576690674 0.5019885897636414 0.0
0.8783710598945618 0.5018999576568604 0.0
0.8764050006866455 0.5015496611595154 0.0
0.8769616484642029 0.5015290379524231 0.0
0.8796034455299377 0.5017005801200867 0.0
0.8811390399932861 0.501787006855011 0.0
0.884153425693512 0.5020167231559753 0.0
0.8875911831855774 0.5022344589233398 0.0
0.8877007365226746 0.5024280548095703 0.0
0.8915692567825317 0.5028277635574341 0.0
0.8970286250114441 0.5034641623497009 0.0
0.9016441106796265 0.5041729807853699 0.0
0.903161883354187 0.5045817494392395 0.0
0.9122473001480103 0.5061879754066467 0.0
0.9129324555397034 0.506318986415863 0.0
0.9109829068183899 0.5146057605743408 0.0
0.9128124713897705 0.5155985355377197 0.0
0.908255934715271 0.5131533741950989 0.0
0.8993034958839417 0.5088116526603699 0.0
0.8934860229492188 0.5063014030456543 0.0
0.896122932434082 0.5074469447135925 0.0
0.8906797170639038 0.5052464604377747 0.0
0.8876736164093018 0.5042732357978821 0.0
0.8848662376403809 0.5034675598144531 0.0
0.8823197484016418 0.502827525138855 0.0
0.8799762725830078 0.5022904276847839 0.0
0.879207968711853 0.501923143863678 0.0
0.8798012733459473 0.5018471479415894 0.0
0.8813775181770325 0.5019391775131226 0.0
0.8835484981536865 0.50213623046875 0.0
0.8863788843154907 0.5024075508117676 0.0
0.8893190622329712 0.5027260780334473 0.0
0.8948937058448792 0.5033395886421204 0.0
0.8923205137252808 0.503095805644989 0.0
0.8988027572631836 0.5038906931877136 0.0
0.9080410003662109 0.5054126977920532 0.0
0.9082453846931458 0.505447506904602 0.0
0.9088374972343445 0.5055484175682068 0.0
0.9088521003723145 0.5134979486465454 0.0
0.9110251069068909 0.5146393179893494 0.0
0.9135598540306091 0.5160061120986938 0.0
0.9132612347602844 0.5158432722091675 0.0
0.913037121295929 0.5157210826873779 0.0
0.9065850377082825 0.5123434662818909 0.0
0.8935534358024597 0.5064862370491028 0.0
0.8916937708854675 0.5057349801063538 0.0
0.88919997215271 0.5048759579658508 0.0
0.8865246772766113 0.5040015578269958 0.0
0.8844360113143921 0.5033842325210571 0.0
0.8834455013275146 0.5030887126922607 0.0
0.8810348510742188 0.5025023818016052 0.0
0.8801968097686768 0.5022644400596619 0.0
0.8820599913597107 0.5026676654815674 0.0
0.8813153505325317 0.502425491809845 0.0
0.880125105381012 0.5021686553955078 0.0
0.8816907405853271 0.502356767654419 0.0
0.8811686038970947 0.5021337866783142 0.0
0.8829736709594727 0.5022463798522949 0.0
0.885608434677124 0.5024604201316833 0.0
0.8879970908164978 0.5026886463165283 0.0
0.8903339505195618 0.5029457211494446 0.0
0.8951488733291626 0.5034694671630859 0.0
0.8926153779029846 0.5032081604003906 0.0
0.8948276042938232 0.5034719109535217 0.0
0.9081434011459351 0.5054301619529724 0.0
0.9116325378417969 0.5149653553962708 0.0
0.9112653136253357 0.5147684216499329 0.0
0.9073649644851685 0.5127407312393188 0.0
0.9100292921066284 0.5141163468360901 0.0
0.909277081489563 0.5137214064598083 0.0
0.9107981324195862 0.5145201683044434 0.0
0.91103595495224 0.5146458148956299 0.0
0.8970896601676941 0.5079535841941833 0.0
0.8991082310676575 0.5088300704956055 0.0
0.8952735066413879 0.50721675157547 0.0
0.8970757126808167 0.5079641342163086 0.0
0.8909744024276733 0.5055580735206604 0.0
0.8931601047515869 0.5063948035240173 0.0
0.8883729577064514 0.5046385526657104 0.0
0.8852112293243408 0.5036052465438843 0.0
0.8866288065910339 0.5040449500083923 0.0
0.8826363682746887 0.5026770234107971 0.0
0.8825917840003967 0.5023508667945862 0.0
0.8832778930664062 0.5025424957275391 0.0
0.8841332793235779 0.502522885799408 0.0
0.8854616284370422 0.5025708675384521 0.0
0.8872497081756592 0.5027074813842773 0.0
0.8865797519683838 0.502712607383728 0.0
0.8877472281455994 0.5027995109558105 0.0
0.8889108896255493 0.5028513669967651 0.0
0.8907308578491211 0.50303715467453 0.0
0.8924627304077148 0.5032110214233398 0.0
0.8945363759994507 0.5034406185150146 0.0
0.8944424390792847 0.5034301280975342 0.0
0.8946329951286316 0.5034515857696533 0.0
0.894801914691925 0.5034710168838501 0.0
0.896081268787384 0.5036274194717407 0.0
0.8982236981391907 0.5038930177688599 0.0
0.8951756358146667 0.5035157203674316 0.0
0.8982245922088623 0.5038947463035583 0.0
0.8982247710227966 0.5038949847221375 0.0
0.9111126065254211 0.5146867036819458 0.0
0.9111652374267578 0.5147148370742798 0.0
0.9078117609024048 0.5129682421684265 0.0
0.908301591873169 0.5132178664207458 0.0
0.9085724949836731 0.5133561491966248 0.0
0.9087560176849365 0.5134502053260803 0.0
0.9089460968971252 0.5135484933853149 0.0
0.906792938709259 0.5124493837356567 0.0
0.9075878858566284 0.512854278087616 0.0
0.9030821323394775 0.5106343626976013 0.0
0.9048334956169128 0.5114889144897461 0.0
0.9058750867843628 0.5119971036911011 0.0
0.9062232971191406 0.5121669769287109 0.0
0.9030822515487671 0.5106345415115356 0.0
0.9030823111534119 0.5106346011161804 0.0
0.9030824899673462 0.5106347799301147 0.0
0.9030823111534119 0.5106346011161804 0.0
0.8991225361824036 0.5088415741920471 0.0
0.8985089063644409 0.5085762143135071 0.0
0.9006094336509705 0.5095119476318359 0.0
0.9018600583076477 0.5100796222686768 0.0
0.9024707674980164 0.5103569030761719 0.0
0.8961747288703918 0.5075953006744385 0.0
0.8963057398796082 0.5076489448547363 0.0
0.896174967288971 0.507595419883728 0.0
0.8979160785675049 0.5083225965499878 0.0
0.8982315063476562 0.5084574222564697 0.0
0.895697295665741 0.507400393486023 0.0
0.8961263298988342 0.5075755715370178 0.0
0.8961465358734131 0.5075838565826416 0.0
0.8898861408233643 0.5051851868629456 0.0
0.8851794004440308 0.5035445094108582 0.0
0.8866501450538635 0.504030704498291 0.0
0.8837350606918335 0.5030518174171448 0.0
0.8835732340812683 0.5027509927749634 0.0
0.8844678401947021 0.5026980638504028 0.0
0.8855132460594177 0.5026753544807434 0.0
0.89202880859375 0.503167450428009 0.0
0.8942649364471436 0.503410279750824 0.0
0.8937950134277344 0.5033581852912903 0.0
0.8920482397079468 0.5031694173812866 0.0
0.8959537148475647 0.5075050592422485 0.0
0.8959113359451294 0.5074877738952637 0.0
0.896091639995575 0.5075613856315613 0.0
0.8958045244216919 0.5074442028999329 0.0
0.8895571827888489 0.5050663948059082 0.0
0.8894389271736145 0.5050236582756042 0.0
0.8894803524017334 0.5050386786460876 0.0
0.8854281306266785 0.5035558342933655 0.0
0.886695384979248 0.5040295720100403 0.0
0.8843448162078857 0.5028643012046814 0.0
0.8843348026275635 0.50309157371521 0.0
0.8847513198852539 0.5027833580970764 0.0
0.885391891002655 0.5027238726615906 0.0
0.8864367008209229 0.5027367472648621 0.0
0.8871409893035889 0.5027704834938049 0.0
0.8874706029891968 0.5027862191200256 0.0
0.8875815868377686 0.5027915239334106 0.0
0.8892389535903931 0.5029183030128479 0.0
0.8920385241508484 0.5031684637069702 0.0
0.8894880414009094 0.5050414204597473 0.0
0.8889598250389099 0.5048507452011108 0.0
0.8886653780937195 0.5047444105148315 0.0
0.8887771368026733 0.5047847628593445 0.0
0.8887739181518555 0.5047836303710938 0.0
0.8887565732002258 0.5047773718833923 0.0
0.8887384533882141 0.504770815372467 0.0
0.8857197761535645 0.503655195236206 0.0
0.8854533433914185 0.5035418272018433 0.0
0.8848857283592224 0.5032855868339539 0.0
0.8845165967941284 0.503013551235199 0.0
0.8845173120498657 0.5028786659240723 0.0
0.8845171332359314 0.5029106140136719 0.0
0.8845171332359314 0.5029056668281555 0.0
0.8846771121025085 0.5028135776519775 0.0
0.8847124576568604 0.5027992129325867 0.0
0.8849156498908997 0.5027680993080139 0.0
0.8850609660148621 0.5027546286582947 0.0
0.8852263689041138 0.5027392506599426 0.0
0.8863092064857483 0.5027352571487427 0.0
0.8862103819847107 0.5027340054512024 0.0
0.886296808719635 0.5027350783348083 0.0
0.886366605758667 0.5027359127998352 0.0
0.8887678980827332 0.5047814249992371 0.0
0.8887708783149719 0.504782497882843 0.0
0.8862074613571167 0.5038423538208008 0.0
0.8855028748512268 0.503562867641449 0.0
0.8854915499687195 0.5035580396652222 0.0
0.8854934573173523 0.5035588145256042 0.0
0.8854734301567078 0.5035503506660461 0.0
0.8851696252822876 0.503413736820221 0.0
0.884570300579071 0.5030530691146851 0.0
0.8846450448036194 0.5031082034111023 0.0
0.884546160697937 0.503035306930542 0.0
0.8845171332359314 0.5029081702232361 0.0
0.8742182850837708 0.19392502307891846 0.0
0.9048396348953247 0.5114384293556213 0.0
0.23344659805297852 0.42066317796707153 0.0
0.36968994140625 0.45058223605155945 0.0
0.9017854332923889 0.5099908709526062 0.0
0.6123234629631042 0.3011930584907532 0.0
0.7177931666374207 0.22379420697689056 0.0
0.865125298500061 0.31357917189598083 0.0
0.5729480385780334 0.0030789822340011597 0.0
0.7305659651756287 0.2886587679386139 0.0
0.7614496946334839 0.4608266353607178 0.0
0.9374033212661743 0.5288810133934021 0.0
0.8991761803627014 0.21580292284488678 0.0
0.627400815486908 0.29699140787124634 0.0
0.8781505823135376 0.2078256458044052 0.0
0.906289279460907 0.5 0.0
0.4590047001838684 0.35450664162635803 0.0
0.5244640111923218 0.9020659327507019 0.0
0.6694482564926147 0.4405372738838196 0.0
0.742890477180481 0.23362484574317932 0.0
0.8624314665794373 0.49803170561790466 0.0
0.06578373908996582 0.39537981152534485 0.0
0.21187669038772583 0.5038796663284302 0.0
0.6910149455070496 0.35752159357070923 0.0
0.4430553913116455 0.4549862742424011 0.0
0.25764191150665283 0.066154845058918 0.0
0.18497061729431152 0.02793845534324646 0.0
0.7999948859214783 0.13148465752601624 0.0
0.8638787269592285 0.300572007894516 0.0
0.8560349941253662 0.49743595719337463 0.0
0.6030736565589905 0.6262021064758301 0.0
0.32810813188552856 0.6563205122947693 0.0
0.3862122893333435 0.42431849241256714 0.0
0.6354094743728638 0.008458755910396576 0.0
0.9883689284324646 0.25563058257102966 0.0
0.8992577791213989 0.21387958526611328 0.0
0.4841386675834656 0.07603271305561066 0.0
0.8957716822624207 0.20875240862369537 0.0
0.9001522660255432 0.21487651765346527 0.0
0.9036675095558167 0.22005541622638702 0.0
0.6938474774360657 0.3007746636867523 0.0
0.8337864279747009 0.4305908977985382 0.0
0.8205001950263977 0.4274705648422241 0.0
0.8745713829994202 0.19609016180038452 0.0
0.874650776386261 0.1965775042772293 0.0
0.9642759561538696 0.25326135754585266 0.0
0.8763504028320312 0.19554245471954346 0.0
0.8949164152145386 0.2089441567659378 0.0
0.8950371742248535 0.20853234827518463 0.0
0.8953810334205627 0.20818106830120087 0.0
0.8057402968406677 0.3583771586418152 0.0
0.8984218239784241 0.21516239643096924 0.0
0.9555619955062866 0.2823822796344757 0.0
0.9121729731559753 0.21733251214027405 0.0
0.8916041254997253 0.9866670966148376 0.0
0.19565200805664062 0.5888344049453735 0.0
0.569706916809082 0.08465322107076645 0.0
0.8051224946975708 0.35821518301963806 0.0
0.7746832370758057 0.007856618613004684 0.0
0.24539333581924438 0.1624731868505478 0.0
0.9692385792732239 0.24949732422828674 0.0
0.1613459587097168 0.004851695615798235 0.0
0.8985515236854553 0.31088966131210327 0.0
0.9070824384689331 0.21986204385757446 0.0
0.8994433283805847 0.21396484971046448 0.0
0.9333699941635132 0.3073904514312744 0.0
0.9066975712776184 0.21548683941364288 0.0
0.8959326148033142 0.2083394080400467 0.0
0.8904714584350586 0.2055937498807907 0.0
0.7061137557029724 0.30299314856529236 0.0
0.8999021649360657 0.2894299328327179 0.0
0.8685457706451416 0.29037508368492126 0.0
0.8948105573654175 0.20709584653377533 0.0
0.8755559921264648 0.1951330006122589 0.0
0.8994300961494446 0.2141515463590622 0.0
0.8957801461219788 0.20922161638736725 0.0
0.8943688869476318 0.20812712609767914 0.0
0.8977937698364258 0.5038257241249084 0.0
0.8678117394447327 0.17687401175498962 0.0
0.9264415502548218 0.30108997225761414 0.0
0.5369337201118469 0.27207979559898376 0.0
0.8846896290779114 0.5033174753189087 0.0
0.8958574533462524 0.40167567133903503 0.0
0.4825010299682617 0.16669809818267822 0.0
0.3664860725402832 0.027683252468705177 0.0
0.9412297010421753 0.3033202886581421 0.0
0.7169119119644165 0.29889851808547974 0.0
0.878829300403595 0.32237565517425537 0.0
0.8755220174789429 0.40016645193099976 0.0
0.9083876609802246 0.2219662368297577 0.0
0.39538687467575073 0.0020023800898343325 0.0
0.8945422768592834 0.20796263217926025 0.0
0.8748924136161804 0.19645774364471436 0.0
0.8619206547737122 0.1864621937274933 0.0
0.9105145931243896 0.212166890501976 0.0
0.8046857118606567 0.42391812801361084 0.0
0.8751317858695984 0.19496263563632965 0.0
0.9034647941589355 0.2207702398300171 0.0
0.9058826565742493 0.2200613021850586 0.0
0.8334581851959229 0.3000580966472626 0.0
0.9047117233276367 0.2210371047258377 0.0
0.5914258360862732 0.08638736605644226 0.0
0.7471629977226257 0.30898088216781616 0.0
0.9165986180305481 0.21573124825954437 0.0
0.9185028672218323 0.3100338578224182 0.0
0.8105106353759766 0.4180757403373718 0.0
0.9445928335189819 0.3126063644886017 0.0
0.8710234761238098 0.19519497454166412 0.0
0.9108887910842896 0.22022759914398193 0.0
0.012430787086486816 0.9944371581077576 0.0
0.8575096130371094 0.18044419586658478 0.0
0.8741182684898376 0.19814637303352356 0.0
0.8332463502883911 0.36929967999458313 0.0
0.8762460947036743 0.19604463875293732 0.0
0.9059096574783325 0.22030028700828552 0.0
0.8511238694190979 0.2009841799736023 0.0
0.9208177924156189 0.413690984249115 0.0
0.903537392616272 0.40922120213508606 0.0
0.8251326680183411 0.4324494004249573 0.0
0.8753452301025391 0.19598765671253204 0.0
0.8737767338752747 0.1947137713432312 0.0
0.5231568813323975 0.08252938836812973 0.0
0.901535153388977 0.42890113592147827 0.0
0.21406227350234985 0.33070796728134155 0.0
0.6383848786354065 0.019179902970790863 0.0
0.888346254825592 0.20576323568820953 0.0
0.6780345439910889 0.026537731289863586 0.0
0.46849697828292847 0.008881676010787487 0.0
0.9684293270111084 0.27898597717285156 0.0
0.5255377292633057 0.08129588514566422 0.0
0.9110676050186157 0.21520648896694183 0.0
0.8529378175735474 0.19785618782043457 0.0
0.8862660527229309 0.20014779269695282 0.0
0.331479549407959 0.0 0.0
0.33827048540115356 0.0012579073663800955 0.0
0.8532879948616028 0.17803066968917847 0.0
0.32895195484161377 0.0024280718062072992 0.0
0.8881691098213196 0.3103652596473694 0.0
0.14935767650604248 0.3315141201019287 0.0
0.8867933750152588 0.20073194801807404 0.0
0.7537218332290649 0.3707747459411621 0.0
0.8731238842010498 0.19388774037361145 0.0
0.8381279706954956 0.1861177384853363 0.0
0.9068697690963745 0.42195558547973633 0.0
0.8138665556907654 0.4157193899154663 0.0
0.9683980941772461 0.2410762459039688 0.0
0.822719156742096 0.4148431718349457 0.0
0.9133312702178955 0.2109319269657135 0.0
0.8316405415534973 0.19168570637702942 0.0
0.8865935206413269 0.20349660515785217 0.0
0.8387953639030457 0.4017815887928009 0.0
0.8063458800315857 0.4204240143299103 0.0
0.9321485161781311 0.40740033984184265 0.0
0.341048002243042 0.0 0.0
0.8873763680458069 0.4037793278694153 0.0
0.8865625262260437 0.20124030113220215 0.0
0.8740911483764648 0.19593916833400726 0.0
0.8387696743011475 0.18063178658485413 0.0
0.4687873125076294 0.41503867506980896 0.0
0.09606987237930298 0.37122026085853577 0.0
0.9277002215385437 0.2715649902820587 0.0
0.4015030860900879 0.8223238587379456 0.0
0.8585202097892761 0.18007726967334747 0.0
0.5917584300041199 0.09108893573284149 0.0
0.585532009601593 0.0906483456492424 0.0
0.8868449926376343 0.2020229995250702 0.0
0.8371152877807617 0.19433127343654633 0.0
0.7898030281066895 0.30836164951324463 0.0
0.8921101689338684 0.4184776842594147 0.0
0.5139895677566528 0.08075641095638275 0.0
0.9088142514228821 0.21084551513195038 0.0
0.9722509384155273 0.2773628830909729 0.0
0.9243139028549194 0.42187607288360596 0.0
0.9322119951248169 0.4179229438304901 0.0
0.8464208841323853 0.4315401017665863 0.0
0.8318160772323608 0.19939376413822174 0.0
0.9342827796936035 0.41336095333099365 0.0
0.8742921352386475 0.19446998834609985 0.0
0.12476426362991333 0.3397689461708069 0.0
0.570236325263977 0.08943139016628265 0.0
0.9181623458862305 0.14973054826259613 0.0
0.8972389698028564 0.2193843126296997 0.0
0.8582760095596313 0.19088171422481537 0.0
0.5190393924713135 0.08096415549516678 0.0
0.5164431929588318 0.08221954107284546 0.0
0.8478240966796875 0.42335012555122375 0.0
0.8507145047187805 0.427767276763916 0.0
0.8442391753196716 0.17099431157112122 0.0
0.8162854313850403 0.42384713888168335 0.0
0.9433093070983887 0.4194604754447937 0.0
0.8283072710037231 0.40357401967048645 0.0
0.9072211384773254 0.20796199142932892 0.0
0.9684615135192871 0.2552759647369385 0.0
0.9730996489524841 0.2581675052642822 0.0
0.9395155906677246 0.5294115543365479 0.0
0.874681293964386 0.19479452073574066 0.0
0.8740220665931702 0.19458091259002686 0.0
0.817918598651886 0.4215950667858124 0.0
0.9095177054405212 0.20457173883914948 0.0
0.5928453207015991 0.09168092161417007 0.0
0.5925492644309998 0.09122393280267715 0.0
0.8278511762619019 0.4031609296798706 0.0
0.8608923554420471 0.20003964006900787 0.0
0.8628599643707275 0.19979169964790344 0.0
0.9023102521896362 0.41538578271865845 0.0
0.90882807970047 0.20764248073101044 0.0
0.9344661831855774 0.30508190393447876 0.0
0.8371173143386841 0.17611201107501984 0.0
0.5364941358566284 0.0939515084028244 0.0
0.8398812413215637 0.17108188569545746 0.0
0.860236406326294 0.19213970005512238 0.0
0.8276673555374146 0.4034635126590729 0.0
0.8474408984184265 0.203039288520813 0.0
0.7945899367332458 0.31471285223960876 0.0
0.8649823665618896 0.20125499367713928 0.0
0.8597897887229919 0.1900177299976349 0.0
0.9131213426589966 0.21293383836746216 0.0
0.5632317662239075 0.08508206903934479 0.0
0.5197492837905884 0.08327976614236832 0.0
0.8979272246360779 0.21918976306915283 0.0
0.9118955731391907 0.21174967288970947 0.0
0.9384969472885132 0.42423972487449646 0.0
0.863032877445221 0.1785157471895218 0.0
0.18891799449920654 0.32709017395973206 0.0
0.7570334672927856 0.9780187010765076 0.0
0.8712512850761414 0.189435213804245 0.0
0.502071738243103 0.6974350214004517 0.0
0.6239685416221619 0.3036491274833679 0.0
0.4405949115753174 0.38243046402931213 0.0
0.5122965574264526 0.0751262977719307 0.0
0.17409855127334595 0.5882447361946106 0.0
0.907968282699585 0.24542416632175446 0.0
0.2665223479270935 0.5807821750640869 0.0
0.3648420572280884 0.5414543151855469 0.0
0.014849841594696045 0.19130562245845795 0.0
0.8025996685028076 0.19413632154464722 0.0
0.6725813746452332 0.512841522693634 0.0
0.8920910358428955 0.21021750569343567 0.0
0.9852175712585449 0.36961597204208374 0.0
0.7882871031761169 0.39654073119163513 0.0
0.4864732623100281 0.10871957987546921 0.0
0.1632714867591858 0.24850034713745117 0.0
0.3341939449310303 0.10024987906217575 0.0
0.19406461715698242 0.5049827694892883 0.0
0.09527367353439331 0.38313180208206177 0.0
0.174496591091156 0.40502816438674927 0.0
0.1827247142791748 0.3257814347743988 0.0
0.7437137365341187 0.3047884702682495 0.0
0.7366265058517456 0.29814985394477844 0.0
0.7522651553153992 0.3000442087650299 0.0
0.9192152619361877 0.5238515734672546 0.0
0.7896295189857483 0.12351951003074646 0.0
0.7745324373245239 0.13230815529823303 0.0
0.919234573841095 0.5191347002983093 0.0
0.09214913845062256 0.26558250188827515 0.0
0.04425781965255737 0.1530103087425232 0.0
0.5169126391410828 0.1708882749080658 0.0
0.7839462757110596 0.406170129776001 0.0
0.9006708860397339 0.19823941588401794 0.0
0.41369956731796265 0.03901711478829384 0.0
0.9681516885757446 0.2266661822795868 0.0
0.8877229690551758 0.5044023990631104 0.0
0.756340503692627 0.37903615832328796 0.0
0.23758220672607422 0.462691068649292 0.0
0.8134268522262573 0.40253132581710815 0.0
0.7771287560462952 0.3922260105609894 0.0
0.5943686366081238 0.5658077001571655 0.0
0.2038058042526245 0.16361945867538452 0.0
0.03773689270019531 0.23462994396686554 0.0
0.9024785757064819 0.21562010049819946 0.0
0.5542799830436707 0.3599646985530853 0.0
0.9511361122131348 0.3023737072944641 0.0
0.04510897397994995 0.16312526166439056 0.0
0.6299078464508057 0.46404778957366943 0.0
0.21580421924591064 0.09229958057403564 0.0
0.7326644659042358 0.2705897092819214 0.0
0.9525250792503357 0.5445613861083984 0.0
0.19977009296417236 0.40244415402412415 0.0
0.43261241912841797 0.010249647311866283 0.0
0.8357051014900208 0.497007817029953 0.0
0.11691564321517944 0.6168220639228821 0.0
0.6655048131942749 0.12342143058776855 0.0
0.781181812286377 0.1935199499130249 0.0
0.13142091035842896 0.5477632284164429 0.0
0.6884156465530396 0.42182716727256775 0.0
0.877043604850769 0.18723183870315552 0.0
0.3587172031402588 0.37812983989715576 0.0
0.4082445502281189 0.5343064665794373 0.0
0.9450082778930664 0.5386809706687927 0.0
0.5659704804420471 0.09550796449184418 0.0
0.23325037956237793 0.5946224927902222 0.0
0.3490291237831116 0.6561452746391296 0.0
0.8690246939659119 0.18970243632793427 0.0
0.8958532810211182 0.21904247999191284 0.0
0.8186774253845215 0.40371981263160706 0.0
0.4197390079498291 0.7186811566352844 0.0
0.4870852828025818 0.014381066896021366 0.0
0.5460284352302551 0.0962771475315094 0.0
0.22849291563034058 0.5092345476150513 0.0
0.8997752666473389 0.21843256056308746 0.0
0.5686780214309692 0.5698716044425964 0.0
0.8763266801834106 0.19626930356025696 0.0
0.4057726263999939 0.17274072766304016 0.0
0.9025619626045227 0.5044244527816772 0.0
0.9111791849136353 0.5057311654090881 0.0
0.9179059267044067 0.5183666944503784 0.0
0.2998940348625183 0.37438929080963135 0.0
1.0 0.6191267371177673 0.0
0.8578643202781677 0.6366854310035706 0.0
0.25916028022766113 0.8093446493148804 0.0
0.19375914335250854 0.8069352507591248 0.0
0.4050271511077881 0.6204413175582886 0.0
0.8706240653991699 0.18724986910820007 0.0
0.3334459662437439 0.3919204771518707 0.0
0.3182758092880249 0.31813979148864746 0.0
0.7201495170593262 0.04601636528968811 0.0
0.9099404215812683 0.513577938079834 0.0
0.1703578233718872 0.08729737251996994 0.0
0.6592749357223511 0.21763910353183746 0.0
0.8012559413909912 0.4425241947174072 0.0
0.8829253315925598 0.21487660706043243 0.0
0.42645782232284546 0.33011773228645325 0.0
0.07495242357254028 0.28144070506095886 0.0
0.8873668313026428 0.20554973185062408 0.0
0.41580504179000854 0.3416665494441986 0.0
0.15053832530975342 0.0 0.0
0.42702794075012207 0.1873181164264679 0.0
0.9081113338470459 0.24651238322257996 0.0
0.9071707725524902 0.20645323395729065 0.0
0.5672011971473694 0.08678078651428223 0.0
0.48917484283447266 0.07716982811689377 0.0
0.8876091241836548 0.5043656229972839 0.0
0.9159881472587585 0.41799697279930115 0.0
0.9436329007148743 0.530767560005188 0.0
0.4186179041862488 0.013954891823232174 0.0
0.16379040479660034 0.9818399548530579 0.0
0.5965169668197632 0.0867738425731659 0.0
0.5852224230766296 0.0914740040898323 0.0
0.7605448961257935 0.3064732551574707 0.0
0.92568439245224 0.5081260204315186 0.0
0.7517732381820679 0.36453303694725037 0.0
0.8785313367843628 0.19959069788455963 0.0
0.1456892490386963 0.33225539326667786 0.0
0.476717472076416 0.5318055748939514 0.0
0.3879117965698242 0.5 0.0
0.7221366167068481 0.4713550806045532 0.0
0.39916718006134033 0.22725386917591095 0.0
0.9610797166824341 0.4183668792247772 0.0
0.5155359506607056 0.0793926939368248 0.0
0.7773566246032715 0.30408763885498047 0.0
0.22595113515853882 0.992376983165741 0.0
0.5181502103805542 0.07874010503292084 0.0
0.8501989841461182 0.18734697997570038 0.0
0.8827069997787476 0.3981178104877472 0.0
0.923183023929596 0.5046390295028687 0.0
0.8628771901130676 0.19834668934345245 0.0
0.8894655108451843 0.5050293803215027 0.0
0.5898278951644897 0.09428851306438446 0.0
0.8835706114768982 0.5028970241546631 0.0
0.8098699450492859 0.4026316702365875 0.0
0.9048987030982971 0.20521728694438934 0.0
0.6366854310035706 0.0736522302031517 0.0
0.8727120757102966 0.08449123799800873 0.0
0.6113478541374207 0.14250296354293823 0.0
0.733047366142273 0.930545449256897 0.0
0.8541362881660461 0.18755416572093964 0.0
0.8949708938598633 0.21926213800907135 0.0
0.859366238117218 0.43225905299186707 0.0
0.9709503054618835 0.2686966061592102 0.0
0.9745594263076782 0.24922379851341248 0.0
0.889998733997345 0.29869315028190613 0.0
0.974472165107727 0.2710939049720764 0.0
0.9086031317710876 0.2092064470052719 0.0
0.5927914977073669 0.09134647995233536 0.0
0.8621112108230591 0.17709565162658691 0.0
0.7555060386657715 0.2957945168018341 0.0
0.7268248796463013 0.29905062913894653 0.0
0.7343167066574097 0.29363349080085754 0.0
0.5784084796905518 0.0865059345960617 0.0
0.10186642408370972 0.0038783748168498278 0.0
0.7323766946792603 0.3130985498428345 0.0
0.5226519703865051 0.08118189126253128 0.0
0.8906653523445129 0.5025568008422852 0.0
0.7722386717796326 0.31128638982772827 0.0
0.7754467725753784 0.31016305088996887 0.0
0.7827868461608887 0.39529865980148315 0.0
0.22631323337554932 0.3343333899974823 0.0
0.8505069017410278 0.39622169733047485 0.0
0.8749546408653259 0.1959291696548462 0.0
0.33489012718200684 0.5098369717597961 0.0
0.41739118099212646 0.05668696016073227 0.0
0.6367301344871521 0.43702244758605957 0.0
0.8661312460899353 0.1952783614397049 0.0
0.24922728538513184 0.008854485116899014 0.0
0.3388957977294922 0.5093573927879333 0.0
0.8628876805305481 0.428984135389328 0.0
0.5072125792503357 0.07924910634756088 0.0
0.8746097087860107 0.1956714689731598 0.0
0.32018882036209106 0.00393720343708992 0.0
0.5093256831169128 0.07967793941497803 0.0
0.5965431332588196 0.09729059040546417 0.0
0.9775385856628418 0.25309741497039795 0.0
0.8473137021064758 0.18777140974998474 0.0
0.9096856713294983 0.21681518852710724 0.0
0.5060244798660278 0.07995328307151794 0.0
0.5782586336135864 0.09078938513994217 0.0
0.2602952718734741 0.3682677149772644 0.0
0.7531814575195312 0.02071862854063511 0.0
0.8975932598114014 0.21278207004070282 0.0
0.14933854341506958 0.3315086364746094 0.0
0.03833705186843872 0.7825537919998169 0.0
0.6917241811752319 0.06938313692808151 0.0
0.3226526379585266 0.1232222318649292 0.0
0.00920778512954712 0.33500614762306213 0.0
0.6308664679527283 0.1167793944478035 0.0
0.5820727944374084 0.08987582474946976 0.0
0.7344209551811218 0.3041197955608368 0.0
0.5796826481819153 0.08935384452342987 0.0
0.7692787051200867 0.30740880966186523 0.0
0.847205638885498 0.19635926187038422 0.0
0.9217622876167297 0.41120994091033936 0.0
0.8429857492446899 0.4004852771759033 0.0
0.8324944376945496 0.40275174379348755 0.0
0.7853496670722961 0.3126339018344879 0.0
0.7345196008682251 0.30664142966270447 0.0
0.6000965237617493 0.08946501463651657 0.0
0.8965694308280945 0.42495134472846985 0.0
0.318443238735199 0.001956214429810643 0.0
0.9740134477615356 0.23602941632270813 0.0
0.7326222062110901 0.3013542592525482 0.0
0.8853878378868103 0.43459200859069824 0.0
0.8675410151481628 0.4314407706260681 0.0
0.9116626381874084 0.21304389834403992 0.0
0.7648757696151733 0.30307066440582275 0.0
0.1315394639968872 0.5436525940895081 0.0
0.2642606496810913 0.3630726635456085 0.0
0.26045429706573486 0.357915461063385 0.0
0.5653766393661499 0.09034333378076553 0.0
0.7248159050941467 0.9689711928367615 0.0
0.8827701210975647 0.5025745630264282 0.0
0.24274325370788574 0.5874049067497253 0.0
0.9019955992698669 0.215596005320549 0.0
0.8456286191940308 0.03504151105880737 0.0
0.8467175960540771 0.019715124741196632 0.0
0.32489287853240967 0.007912013679742813 0.0
0.8988671898841858 0.21608580648899078 0.0
0.24929237365722656 0.3430609703063965 0.0
0.5007281303405762 0.07352295517921448 0.0
0.2551841139793396 0.34984147548675537 0.0
0.8266667723655701 0.4031701683998108 0.0
0.9646112322807312 0.26675015687942505 0.0
0.7707346081733704 0.5242204070091248 0.0
0.72955721616745 0.30541133880615234 0.0
0.5763354301452637 0.08728649467229843 0.0
0.7292861938476562 0.30193090438842773 0.0
0.845008134841919 0.19771891832351685 0.0
0.5767377018928528 0.08964478224515915 0.0
0.7816594243049622 0.3142356276512146 0.0
0.9276347160339355 0.4106641411781311 0.0
0.8332270383834839 0.4026893377304077 0.0
0.7704436779022217 0.30555886030197144 0.0
0.8426299691200256 0.4005986154079437 0.0
0.8432249426841736 0.4003920257091522 0.0
0.8493339419364929 0.19772596657276154 0.0
0.6004722118377686 0.0920126810669899 0.0
0.9706149697303772 0.23766610026359558 0.0
0.9783026576042175 0.23818247020244598 0.0
0.13090437650680542 0.5448962450027466 0.0
0.8891468644142151 0.422646701335907 0.0
