17707
0.31283265352249146 0.0 0.0
0.3170861005783081 0.0 0.0
0.3180990219116211 0.0 0.0
0.3193053603172302 0.0 0.0
0.3169296383857727 0.0023181673604995012 0.0
0.3220524787902832 0.0021159604657441378 0.0
0.3180595636367798 0.006132368464022875 0.0
0.32292330265045166 0.0 0.0
0.32507896423339844 0.006387682165950537 0.0
0.32967233657836914 0.0 0.0
0.3364536762237549 0.0 0.0
0.3394458293914795 0.0 0.0
0.33287525177001953 0.0064709787257015705 0.0
0.3379983901977539 0.0021891496144235134 0.0
0.33937346935272217 0.006755558308213949 0.0
0.34352928400039673 0.0 0.0
0.34833574295043945 0.0 0.0
0.34420400857925415 0.00435254629701376 0.0
0.3476511836051941 0.001961811212822795 0.0
0.3507106900215149 0.0 0.0
0.35148191452026367 0.0011698092566803098 0.0
0.35305482149124146 0.0 0.0
0.35241156816482544 0.005964177660644054 0.0
0.36138802766799927 0.0 0.0
0.37043243646621704 0.0 0.0
0.2987797260284424 0.0 0.0
0.2987797260284424 0.0 0.0
0.2987797260284424 0.0 0.0
0.30258452892303467 0.0 0.0
0.30519628524780273 0.0 0.0
0.3051968812942505 0.0 0.0
0.3045809864997864 0.0035895034670829773 0.0
0.3051965832710266 0.0 0.0
0.2993813157081604 0.007270704954862595 0.0
0.3060115575790405 0.00884284358471632 0.0
0.30062544345855713 0.013165357522666454 0.0
0.3117572069168091 0.005143946036696434 0.0
0.3077743649482727 0.013028355315327644 0.0
0.3126220107078552 0.009949075989425182 0.0
0.3133507966995239 0.014482110738754272 0.0
0.3194050192832947 0.011026478372514248 0.0
0.3198331594467163 0.01575751230120659 0.0
0.3275720477104187 0.012289339676499367 0.0
0.32544368505477905 0.017358066514134407 0.0
0.33683884143829346 0.011273913085460663 0.0
0.3330172300338745 0.016461744904518127 0.0
0.3445936441421509 0.009447474963963032 0.0
0.34292060136795044 0.015290215611457825 0.0
0.37618958950042725 0.0 0.0
0.3374253511428833 0.020229345187544823 0.0
0.35121220350265503 0.012248394079506397 0.0
0.3785030245780945 0.0 0.0
0.3450877070426941 0.019543182104825974 0.0
0.35132408142089844 0.017065279185771942 0.0
0.35626500844955444 0.010512377135455608 0.0
0.3620668649673462 0.008841761387884617 0.0
0.366702139377594 0.005711154546588659 0.0
0.3728768229484558 0.004163948819041252 0.0
0.3806194067001343 0.0 0.0
0.3588651418685913 0.014393950812518597 0.0
0.3789744973182678 0.002182096941396594 0.0
0.36743617057800293 0.014285729266703129 0.0
0.37037163972854614 0.009621766395866871 0.0
0.38362568616867065 0.002387256594374776 0.0
0.38817858695983887 0.0 0.0
0.3777885437011719 0.010082626715302467 0.0
0.38130855560302734 0.005961098242551088 0.0
0.39504969120025635 0.0 0.0
0.38911086320877075 0.005986136384308338 0.0
0.29264891147613525 0.0 0.0
0.2858576774597168 0.0 0.0
0.29358744621276855 0.0 0.0
0.2949672341346741 0.0 0.0
0.29377639293670654 0.003815586445853114 0.0
0.28781479597091675 0.005779927130788565 0.0
0.2877899408340454 0.014154343865811825 0.0
0.28591257333755493 0.009627955965697765 0.0
0.29268598556518555 0.009968610480427742 0.0
0.29390424489974976 0.015321685932576656 0.0
0.2986205220222473 0.018847810104489326 0.0
0.3070615530014038 0.017613127827644348 0.0
0.3042339086532593 0.022638358175754547 0.0
0.31197839975357056 0.021589739248156548 0.0
0.31416618824005127 0.01808958873152733 0.0
0.3099052309989929 0.02599272131919861 0.0
0.3181365728378296 0.024335723370313644 0.0
0.3193885087966919 0.019932841882109642 0.0
0.3159143924713135 0.029714714735746384 0.0
0.3273686170578003 0.021482747048139572 0.0
0.3249138593673706 0.02674970030784607 0.0
0.3333072066307068 0.024724973365664482 0.0
0.33056217432022095 0.028535546734929085 0.0
0.3423014283180237 0.023830732330679893 0.0
0.337336003780365 0.02777733840048313 0.0
0.3507019877433777 0.02159109152853489 0.0
0.34274208545684814 0.027166832238435745 0.0
0.3489959239959717 0.026669060811400414 0.0
0.35812121629714966 0.019354835152626038 0.0
0.3645375370979309 0.017893027514219284 0.0
0.3422878384590149 0.03094927966594696 0.0
0.357404887676239 0.023971721529960632 0.0
0.36467933654785156 0.021840637549757957 0.0
0.375191330909729 0.014547056518495083 0.0
0.39602792263031006 0.0029416305478662252 0.0
0.40033411979675293 0.0 0.0
0.3502292037010193 0.03131536766886711 0.0
0.3568331003189087 0.028930295258760452 0.0
0.3725532293319702 0.01976117305457592 0.0
0.38119447231292725 0.014308718033134937 0.0
0.385711133480072 0.011564385145902634 0.0
0.40268784761428833 0.0 0.0
0.36418062448501587 0.026497850194573402 0.0
0.37018465995788574 0.024363918229937553 0.0
0.38099175691604614 0.01856866292655468 0.0
0.3856901526451111 0.016227057203650475 0.0
0.3932378888130188 0.011716685257852077 0.0
0.3960855007171631 0.007915732450783253 0.0
0.4043908715248108 0.0 0.0
0.37731707096099854 0.025004835799336433 0.0
0.37869328260421753 0.021584104746580124 0.0
0.39133691787719727 0.016084985807538033 0.0
0.4026966094970703 0.006552098318934441 0.0
0.4078640937805176 0.0 0.0
0.38390570878982544 0.022993022575974464 0.0
0.3886564373970032 0.019956214353442192 0.0
0.3972591757774353 0.01568557135760784 0.0
0.40000587701797485 0.012073969468474388 0.0
0.4122554063796997 0.007966268807649612 0.0
0.3970876932144165 0.020238030701875687 0.0
0.40654629468917847 0.011947193183004856 0.0
0.40458065271377563 0.01704547367990017 0.0
0.2812694311141968 0.0 0.0
0.27774369716644287 0.0 0.0
0.28081250190734863 0.005599068012088537 0.0
0.28033125400543213 0.012146543711423874 0.0
0.2837361693382263 0.017168501392006874 0.0
0.2902526259422302 0.01953057013452053 0.0
0.29639726877212524 0.02371714822947979 0.0
0.28868138790130615 0.024832116439938545 0.0
0.2945350408554077 0.02848958969116211 0.0
0.30226290225982666 0.027243608608841896 0.0
0.3010062575340271 0.03237490728497505 0.0
0.30764585733413696 0.029878482222557068 0.0
0.30938196182250977 0.033821672201156616 0.0
0.31754058599472046 0.035282835364341736 0.0
0.3246956467628479 0.03157837688922882 0.0
0.327134370803833 0.037034835666418076 0.0
0.333048939704895 0.03199004754424095 0.0
0.3370746374130249 0.03611407056450844 0.0
0.333249568939209 0.04008721187710762 0.0
0.3406792879104614 0.04035929962992668 0.0
0.346998929977417 0.03603029251098633 0.0
0.35030072927474976 0.04130340740084648 0.0
0.3529309034347534 0.037651073187589645 0.0
0.35607999563217163 0.034282419830560684 0.0
0.36373472213745117 0.0314495675265789 0.0
0.3715856671333313 0.029091553762555122 0.0
0.4226360321044922 0.0 0.0
0.42814385890960693 0.0 0.0
0.35854285955429077 0.03871689364314079 0.0
0.363386869430542 0.0356912687420845 0.0
0.42162764072418213 0.0066343205980956554 0.0
0.37014681100845337 0.03422190248966217 0.0
0.37885433435440063 0.02951357327401638 0.0
0.38485080003738403 0.027651596814393997 0.0
0.36840683221817017 0.03945840895175934 0.0
0.3763962984085083 0.03257086127996445 0.0
0.39237719774246216 0.024845685809850693 0.0
0.41366297006607056 0.014618915505707264 0.0
0.41741812229156494 0.010827074758708477 0.0
0.3841114640235901 0.032966114580631256 0.0
0.392442524433136 0.030246108770370483 0.0
0.39983630180358887 0.024354996159672737 0.0
0.40513861179351807 0.022402673959732056 0.0
0.41244131326675415 0.020459018647670746 0.0
0.4225202798843384 0.01318620890378952 0.0
0.3995268940925598 0.02789340727031231 0.0
0.40469080209732056 0.02591221034526825 0.0
0.4117301106452942 0.025499064475297928 0.0
0.42006224393844604 0.018725721165537834 0.0
0.4189479351043701 0.023232288658618927 0.0
0.2743569612503052 0.0 0.0
0.2723885178565979 0.0 0.0
0.2800176739692688 0.0 0.0
0.27543288469314575 0.022243227809667587 0.0
0.27094393968582153 0.018280640244483948 0.0
0.2773439884185791 0.01742268167436123 0.0
0.2705157399177551 0.011646565049886703 0.0
0.2828524112701416 0.02138352394104004 0.0
0.2809983491897583 0.02589228004217148 0.0
0.2864179015159607 0.02940564788877964 0.0
0.2918635606765747 0.033178653568029404 0.0
0.2891753911972046 0.03755100816488266 0.0
0.2969744801521301 0.03718720003962517 0.0
0.3040834069252014 0.036757420748472214 0.0
0.31052887439727783 0.03867625817656517 0.0
0.30276572704315186 0.041754283010959625 0.0
0.3116382956504822 0.043762799352407455 0.0
0.3185957670211792 0.04058310389518738 0.0
0.31888890266418457 0.04524718597531319 0.0
0.32709771394729614 0.04334692284464836 0.0
0.32405906915664673 0.049091123044490814 0.0
0.33403104543685913 0.048018764704465866 0.0
0.3352610468864441 0.04336732253432274 0.0
0.3421344757080078 0.044955309480428696 0.0
0.42838913202285767 0.0 0.0
0.4296727180480957 0.0 0.0
0.35104697942733765 0.04754426330327988 0.0
0.3601986765861511 0.043508581817150116 0.0
0.4377155303955078 0.0 0.0
0.4311102628707886 0.0055361646227538586 0.0
0.3704105615615845 0.04524814710021019 0.0
0.3772880434989929 0.036650754511356354 0.0
0.37853187322616577 0.041845787316560745 0.0
0.385917603969574 0.038407102227211 0.0
0.3929210901260376 0.03522823378443718 0.0
0.43639492988586426 0.00922259222716093 0.0
0.4308583736419678 0.012494645081460476 0.0
0.4006844162940979 0.03266507014632225 0.0
0.40676629543304443 0.029203789308667183 0.0
0.427337110042572 0.01780185103416443 0.0
0.3947058320045471 0.040226295590400696 0.0
0.39919668436050415 0.036748602986335754 0.0
0.4187896251678467 0.026976265013217926 0.0
0.42472368478775024 0.02162451110780239 0.0
0.4334144592285156 0.017302248626947403 0.0
0.40443503856658936 0.03614569827914238 0.0
0.40894609689712524 0.033469799906015396 0.0
0.41444826126098633 0.030032601207494736 0.0
0.42488229274749756 0.025452548637986183 0.0
0.4313744306564331 0.022103922441601753 0.0
0.26665985584259033 0.0 0.0
0.2723730802536011 0.004087958484888077 0.0
0.2599976658821106 0.010121537372469902 0.0
0.26384586095809937 0.016621557995676994 0.0
0.26723915338516235 0.022171499207615852 0.0
0.27216607332229614 0.02712445706129074 0.0
0.2729911804199219 0.0322146862745285 0.0
0.2791416049003601 0.029783746227622032 0.0
0.28214091062545776 0.034348465502262115 0.0
0.28172600269317627 0.04177456721663475 0.0
0.2928820848464966 0.04188154637813568 0.0
0.29785794019699097 0.04746560752391815 0.0
0.30619531869888306 0.04680747166275978 0.0
0.3140944838523865 0.049567822366952896 0.0
0.32078438997268677 0.05440811812877655 0.0
0.33032602071762085 0.05421191826462746 0.0
0.3381630778312683 0.05230747535824776 0.0
0.3421209454536438 0.0490679107606411 0.0
0.4410954713821411 0.0 0.0
0.3456408977508545 0.0526081919670105 0.0
0.4432179927825928 0.0 0.0
0.35480958223342896 0.05270642414689064 0.0
0.36212706565856934 0.048703838139772415 0.0
0.43842262029647827 0.005176567006856203 0.0
0.4434444308280945 0.002880363492295146 0.0
0.3641657829284668 0.053393758833408356 0.0
0.3711780905723572 0.050296686589717865 0.0
0.3811348080635071 0.04804418981075287 0.0
0.4379079341888428 0.013852776028215885 0.0
0.4428989887237549 0.00876659993082285 0.0
0.3874362111091614 0.04330560937523842 0.0
0.38981151580810547 0.046969495713710785 0.0
0.4026458263397217 0.039652131497859955 0.0
0.43856388330459595 0.01919865421950817 0.0
0.44422024488449097 0.015158305875957012 0.0
0.39380210638046265 0.044424280524253845 0.0
0.4000867009162903 0.04374316707253456 0.0
0.4102075695991516 0.038562774658203125 0.0
0.4166882634162903 0.03475146368145943 0.0
0.42319244146347046 0.03069274313747883 0.0
0.44539719820022583 0.02123831957578659 0.0
0.4064532518386841 0.042655736207962036 0.0
0.4312446117401123 0.027797222137451172 0.0
0.4381738305091858 0.024602314457297325 0.0
0.4130927324295044 0.043742891401052475 0.0
0.41878825426101685 0.03989485651254654 0.0
0.42441731691360474 0.036316879093647 0.0
0.43146592378616333 0.033800847828388214 0.0
0.42960691452026367 0.03771655261516571 0.0
0.24779051542282104 0.0 0.0
0.2536577582359314 0.0 0.0
0.2505384087562561 0.009678076021373272 0.0
0.25613266229629517 0.015207557007670403 0.0
0.25808101892471313 0.020874733105301857 0.0
0.2619701027870178 0.0265248641371727 0.0
0.26594412326812744 0.03046870045363903 0.0
0.2651991844177246 0.034616224467754364 0.0
0.27279359102249146 0.03732308745384216 0.0
0.2706720232963562 0.04248829185962677 0.0
0.27515506744384766 0.04635607823729515 0.0
0.2825746536254883 0.04936617985367775 0.0
0.28912031650543213 0.046152401715517044 0.0
0.2911997437477112 0.05096368491649628 0.0
0.29837411642074585 0.0535990409553051 0.0
0.30552494525909424 0.05166918784379959 0.0
0.3046191930770874 0.05645941197872162 0.0
0.3126276135444641 0.05621125176548958 0.0
0.31884288787841797 0.05806438997387886 0.0
0.32498985528945923 0.05942922830581665 0.0
0.3392067551612854 0.05776306986808777 0.0
0.3322199583053589 0.06297516822814941 0.0
0.4481958746910095 0.0 0.0
0.34025388956069946 0.06390810012817383 0.0
0.3475227355957031 0.06080228090286255 0.0
0.3487456440925598 0.05636567994952202 0.0
0.35676270723342896 0.057915206998586655 0.0
0.4492849111557007 0.004610666539520025 0.0
0.4553571939468384 0.0 0.0
0.36824536323547363 0.0580102764070034 0.0
0.37049412727355957 0.05364402011036873 0.0
0.4495972990989685 0.010692348703742027 0.0
0.4550873637199402 0.00651900190860033 0.0
0.37707871198654175 0.05370422080159187 0.0
0.4504309296607971 0.016421722248196602 0.0
0.4553520083427429 0.012457910925149918 0.0
0.38991397619247437 0.05130790174007416 0.0
0.396476686000824 0.04775289446115494 0.0
0.4526708722114563 0.02104059047996998 0.0
0.4556328058242798 0.01712452434003353 0.0
0.4616052508354187 0.014742076396942139 0.0
0.39930373430252075 0.05222032964229584 0.0
0.4058282971382141 0.04755166172981262 0.0
0.4379965662956238 0.030000673606991768 0.0
0.4441448450088501 0.026887759566307068 0.0
0.44951504468917847 0.024744555354118347 0.0
0.4094434976577759 0.05361852049827576 0.0
0.4271656274795532 0.041167739778757095 0.0
0.4384646415710449 0.03455575555562973 0.0
0.4562947750091553 0.02600671350955963 0.0
0.4158415198326111 0.04880908876657486 0.0
0.42138755321502686 0.04484647884964943 0.0
0.4358324408531189 0.03947260230779648 0.0
0.44485628604888916 0.03222808986902237 0.0
0.44939088821411133 0.028343217447400093 0.0
0.4280494451522827 0.045556019991636276 0.0
0.43272632360458374 0.043933890759944916 0.0
0.24439316987991333 0.0 0.0
0.24779051542282104 0.0 0.0
0.24779051542282104 0.0 0.0
0.2427436113357544 0.0038322964683175087 0.0
0.24282020330429077 0.011007963679730892 0.0
0.24802231788635254 0.01755528710782528 0.0
0.2505302429199219 0.02593703381717205 0.0
0.257018506526947 0.0319884829223156 0.0
0.25853174924850464 0.03693756088614464 0.0
0.2643977999687195 0.03930540755391121 0.0
0.26337891817092896 0.04367448762059212 0.0
0.26765018701553345 0.04747899994254112 0.0
0.2739589214324951 0.051549460738897324 0.0
0.2807198166847229 0.055649347603321075 0.0
0.2870979309082031 0.05420989915728569 0.0
0.2885422110557556 0.059881363064050674 0.0
0.292760968208313 0.055618252605199814 0.0
0.2986629605293274 0.05961865559220314 0.0
0.2950668931007385 0.0654589906334877 0.0
0.3028038740158081 0.06478726118803024 0.0
0.3077302575111389 0.061072345823049545 0.0
0.31002241373062134 0.06664072722196579 0.0
0.3167235851287842 0.06215932220220566 0.0
0.31767523288726807 0.0677894800901413 0.0
0.32434749603271484 0.06536819040775299 0.0
0.330192506313324 0.0678911879658699 0.0
0.33554285764694214 0.06713547557592392 0.0
0.34080153703689575 0.06818406283855438 0.0
0.3473474979400635 0.06579221785068512 0.0
0.35350507497787476 0.06270858645439148 0.0
0.45976686477661133 0.0033505335450172424 0.0
0.35632216930389404 0.06715932488441467 0.0
0.35998600721359253 0.061842694878578186 0.0
0.36493349075317383 0.06396705657243729 0.0
0.46078187227249146 0.008506905287504196 0.0
0.36284905672073364 0.06760185211896896 0.0
0.3732367157936096 0.06266135722398758 0.0
0.3776099681854248 0.058498553931713104 0.0
0.3830832242965698 0.06272490322589874 0.0
0.38547635078430176 0.05625781789422035 0.0
0.4683993458747864 0.01021367497742176 0.0
0.3929048776626587 0.06015705689787865 0.0
0.3936384320259094 0.05548287183046341 0.0
0.4593205451965332 0.020214371383190155 0.0
0.4663282632827759 0.01853128708899021 0.0
0.4009278416633606 0.05728142708539963 0.0
0.4090345501899719 0.05925561487674713 0.0
0.41961532831192017 0.053352050483226776 0.0
0.44278448820114136 0.0370400995016098 0.0
0.44948500394821167 0.03665102645754814 0.0
0.45266538858413696 0.031715277582407 0.0
0.4644942879676819 0.023426856845617294 0.0
0.46316856145858765 0.027421364560723305 0.0
0.4157140254974365 0.05690886825323105 0.0
0.4256211519241333 0.049507591873407364 0.0
0.433546781539917 0.047807108610868454 0.0
0.4393399953842163 0.04508427530527115 0.0
0.44593626260757446 0.0417860671877861 0.0
0.459794819355011 0.030959634110331535 0.0
0.4236817955970764 0.05772252008318901 0.0
0.4270514249801636 0.05374874919652939 0.0
0.4569053649902344 0.03572840243577957 0.0
0.43352437019348145 0.05211291089653969 0.0
0.4418576955795288 0.05014309659600258 0.0
0.4461868405342102 0.04664349928498268 0.0
0.2402362823486328 0.0 0.0
0.23399734497070312 0.0 0.0
0.2416384220123291 0.0 0.0
0.23517441749572754 0.00800761952996254 0.0
0.23760384321212769 0.015794597566127777 0.0
0.24023479223251343 0.022811811417341232 0.0
0.24079197645187378 0.029127592220902443 0.0
0.2474832534790039 0.03201432153582573 0.0
0.2500276565551758 0.0376448854804039 0.0
0.24948930740356445 0.04450395330786705 0.0
0.2570995092391968 0.041609495878219604 0.0
0.25828468799591064 0.048120249062776566 0.0
0.25665992498397827 0.05539177730679512 0.0
0.2655181288719177 0.05349082127213478 0.0
0.26421481370925903 0.06113400682806969 0.0
0.2727879285812378 0.057710979133844376 0.0
0.2727397084236145 0.06314697861671448 0.0
0.279636025428772 0.061595525592565536 0.0
0.2773255705833435 0.06620880961418152 0.0
0.28542912006378174 0.06679430603981018 0.0
0.29239434003829956 0.07036411762237549 0.0
0.3015003204345703 0.07044563442468643 0.0
0.3124954104423523 0.07290169596672058 0.0
0.3241686224937439 0.07140232622623444 0.0
0.320329487323761 0.07795488089323044 0.0
0.3286970257759094 0.0755559653043747 0.0
0.33516770601272583 0.07199175655841827 0.0
0.46229803562164307 0.0 0.0
0.3343557119369507 0.07693203538656235 0.0
0.34170103073120117 0.07675585150718689 0.0
0.3467077612876892 0.0714040994644165 0.0
0.4651426076889038 0.003721567103639245 0.0
0.35414618253707886 0.07205077260732651 0.0
0.36157530546188354 0.0721827819943428 0.0
0.4720318913459778 0.0032095240894705057 0.0
0.3686995506286621 0.06769731640815735 0.0
0.37634438276290894 0.06650235503911972 0.0
0.36826634407043457 0.07157403975725174 0.0
0.373863160610199 0.07094229757785797 0.0
0.38304752111434937 0.06965923309326172 0.0
0.47244101762771606 0.015726564452052116 0.0
0.3928186893463135 0.06639077514410019 0.0
0.47299641370773315 0.02162458747625351 0.0
0.4016774296760559 0.06299173086881638 0.0
0.46909278631210327 0.026411674916744232 0.0
0.4663604497909546 0.030193382874131203 0.0
0.4760249853134155 0.0262879841029644 0.0
0.4098660349845886 0.0641598030924797 0.0
0.41662418842315674 0.06105645000934601 0.0
0.45455706119537354 0.04063156247138977 0.0
0.46398836374282837 0.03447958081960678 0.0
0.4717830419540405 0.029174750670790672 0.0
0.461769163608551 0.039233334362506866 0.0
0.4708443880081177 0.03284972161054611 0.0
0.4231637716293335 0.062364544719457626 0.0
0.43053996562957764 0.0612114779651165 0.0
0.4322137236595154 0.05636728182435036 0.0
0.4497705101966858 0.049658194184303284 0.0
0.45382142066955566 0.04596579074859619 0.0
0.4600387215614319 0.043410949409008026 0.0
0.4372968077659607 0.05901452153921127 0.0
0.44013291597366333 0.055222153663635254 0.0
0.44977498054504395 0.05427105724811554 0.0
0.2286650538444519 0.0 0.0
0.2286650538444519 0.0 0.0
0.2307908535003662 0.0 0.0
0.22603631019592285 0.004612763412296772 0.0
0.22813332080841064 0.013470187783241272 0.0
0.2312082052230835 0.020857810974121094 0.0
0.23306208848953247 0.026876553893089294 0.0
0.23407584428787231 0.03167782351374626 0.0
0.239607036113739 0.03559812158346176 0.0
0.24231809377670288 0.04141140729188919 0.0
0.24090951681137085 0.0474296472966671 0.0
0.24917542934417725 0.051172658801078796 0.0
0.24049758911132812 0.05504528433084488 0.0
0.2490411400794983 0.05692078173160553 0.0
0.2536047101020813 0.061771225184202194 0.0
0.2446761131286621 0.061526719480752945 0.0
0.2586204409599304 0.06745123863220215 0.0
0.26136958599090576 0.0722413957118988 0.0
0.2695130705833435 0.06899847090244293 0.0
0.2664390206336975 0.07597536593675613 0.0
0.2762531638145447 0.07495344430208206 0.0
0.27887845039367676 0.0701305940747261 0.0
0.2853052020072937 0.07307666540145874 0.0
0.2843362092971802 0.08012279123067856 0.0
0.2936769723892212 0.07521849125623703 0.0
0.2948310971260071 0.07986216992139816 0.0
0.3024901747703552 0.07676289975643158 0.0
0.3012976050376892 0.08297122269868851 0.0
0.31005823612213135 0.07889653742313385 0.0
0.31282949447631836 0.08413299918174744 0.0
0.3237866759300232 0.0836578980088234 0.0
0.32938152551651 0.07969475537538528 0.0
0.4668641686439514 0.0 0.0
0.3315919041633606 0.08390162140130997 0.0
0.33687663078308105 0.0808689296245575 0.0
0.34504014253616333 0.08181296288967133 0.0
0.35222941637039185 0.07732106745243073 0.0
0.3611525297164917 0.07846280932426453 0.0
0.3692108988761902 0.07607526332139969 0.0
0.4793534278869629 0.009601815603673458 0.0
0.4790791869163513 0.017379455268383026 0.0
0.37822771072387695 0.07522530853748322 0.0
0.3859907388687134 0.07509028166532516 0.0
0.3918323516845703 0.07173624634742737 0.0
0.3965325951576233 0.06996592879295349 0.0
0.4009230136871338 0.06805920600891113 0.0
0.4052801728248596 0.06607988476753235 0.0
0.4083993434906006 0.0693589299917221 0.0
0.47709041833877563 0.030375700443983078 0.0
0.41780614852905273 0.06672488152980804 0.0
0.46912455558776855 0.037669725716114044 0.0
0.47757530212402344 0.03554128110408783 0.0
0.42652779817581177 0.06585969030857086 0.0
0.45668697357177734 0.0510091595351696 0.0
0.466927170753479 0.04271988570690155 0.0
0.4323134422302246 0.06521397083997726 0.0
0.4375949501991272 0.06308630108833313 0.0
0.4579792618751526 0.054952528327703476 0.0
0.46357202529907227 0.04776293784379959 0.0
0.44518744945526123 0.06004364788532257 0.0
0.4557252526283264 0.05930101126432419 0.0
0.2141796350479126 0.0 0.0
0.22168296575546265 0.0 0.0
0.2286650538444519 0.0 0.0
0.21832787990570068 0.0037280472461134195 0.0
0.21714621782302856 0.010852542705833912 0.0
0.22195059061050415 0.01985064148902893 0.0
0.22601032257080078 0.025297949090600014 0.0
0.22582143545150757 0.03141442686319351 0.0
0.23112261295318604 0.035763587802648544 0.0
0.23208624124526978 0.04230464994907379 0.0
0.23178398609161377 0.05052642896771431 0.0
0.23583650588989258 0.061513207852840424 0.0
0.2310926914215088 0.056813426315784454 0.0
0.24039554595947266 0.06580590456724167 0.0
0.2480120062828064 0.06842587888240814 0.0
0.23976504802703857 0.07017377763986588 0.0
0.2428370714187622 0.07357469946146011 0.0
0.24947237968444824 0.07500811666250229 0.0
0.2549222707748413 0.07198213040828705 0.0
0.2574220895767212 0.07639888674020767 0.0
0.2511538863182068 0.08048081398010254 0.0
0.26140332221984863 0.0820733904838562 0.0
0.272422194480896 0.08061952143907547 0.0
0.2688857913017273 0.08526085317134857 0.0
0.27628564834594727 0.08481071889400482 0.0
0.2831078767776489 0.08774744719266891 0.0
0.2915228009223938 0.08395671099424362 0.0
0.2933503985404968 0.0889163613319397 0.0
0.302983820438385 0.08856716752052307 0.0
0.31098878383636475 0.09016231447458267 0.0
0.3190612196922302 0.08776033669710159 0.0
0.47051626443862915 0.0 0.0
0.3283981680870056 0.08946768939495087 0.0
0.33871597051620483 0.08650785684585571 0.0
0.47992241382598877 0.0 0.0
0.34940534830093384 0.0868673026561737 0.0
0.3508800268173218 0.0823456346988678 0.0
0.3565376400947571 0.08295415341854095 0.0
0.366161584854126 0.08343669772148132 0.0
0.3757408857345581 0.08095777779817581 0.0
0.4864749312400818 0.015474637039005756 0.0
0.3824992775917053 0.07906336337327957 0.0
0.38897907733917236 0.0793682336807251 0.0
0.3926105499267578 0.07576227933168411 0.0
0.483165979385376 0.022289790213108063 0.0
0.4006945490837097 0.07384581118822098 0.0
0.4824635982513428 0.027459755539894104 0.0
0.3963084816932678 0.07883713394403458 0.0
0.4084460735321045 0.07376165688037872 0.0
0.48444288969039917 0.03147389739751816 0.0
0.41494220495224 0.07311833649873734 0.0
0.4863949418067932 0.03627525642514229 0.0
0.42443323135375977 0.07165443152189255 0.0
0.4746982455253601 0.04104483127593994 0.0
0.48142147064208984 0.03960733115673065 0.0
0.43039101362228394 0.06857343763113022 0.0
0.4731931686401367 0.04669288918375969 0.0
0.4362607002258301 0.0678677037358284 0.0
0.44349437952041626 0.06602038443088531 0.0
0.46452659368515015 0.05329972878098488 0.0
0.46987801790237427 0.050707317888736725 0.0
0.4514550566673279 0.06435678899288177 0.0
0.4582628607749939 0.06374607980251312 0.0
0.4623243808746338 0.05716843530535698 0.0
0.20240575075149536 0.0 0.0
0.20893007516860962 0.0 0.0
0.2047252655029297 0.012210330925881863 0.0
0.21125191450119019 0.020218880847096443 0.0
0.21758723258972168 0.0269684549421072 0.0
0.21419858932495117 0.03524370491504669 0.0
0.22388875484466553 0.03838833048939705 0.0
0.2154066562652588 0.043355464935302734 0.0
0.22290891408920288 0.04745238274335861 0.0
0.2223319411277771 0.05470544099807739 0.0
0.2240716814994812 0.06296397745609283 0.0
0.2185571789741516 0.06839227676391602 0.0
0.2254272699356079 0.07082980871200562 0.0
0.23339420557022095 0.06770990043878555 0.0
0.2239353060722351 0.07774181663990021 0.0
0.21732211112976074 0.07352979481220245 0.0
0.23437941074371338 0.07543493807315826 0.0
0.22964197397232056 0.0819752961397171 0.0
0.2371947169303894 0.0827873945236206 0.0
0.23093408346176147 0.08883927762508392 0.0
0.24313724040985107 0.0785566195845604 0.0
0.2412601113319397 0.08790812641382217 0.0
0.24466651678085327 0.08341244608163834 0.0
0.2513483166694641 0.08671906590461731 0.0
0.24597793817520142 0.09151338040828705 0.0
0.2536417245864868 0.09260055422782898 0.0
0.26171737909317017 0.0884951502084732 0.0
0.2626097798347473 0.09403017908334732 0.0
0.2717016339302063 0.08995544165372849 0.0
0.27002865076065063 0.09533108025789261 0.0
0.2778674364089966 0.09363100677728653 0.0
0.285614013671875 0.09244990348815918 0.0
0.28227949142456055 0.0964764654636383 0.0
0.29113125801086426 0.09516506642103195 0.0
0.3016875982284546 0.09419604390859604 0.0
0.30420875549316406 0.0985596552491188 0.0
0.3103880286216736 0.09507369995117188 0.0
0.3183189034461975 0.09231071174144745 0.0
0.31639498472213745 0.09655601531267166 0.0
0.3239908218383789 0.09600402414798737 0.0
0.4866805672645569 0.003108320524916053 0.0
0.48817843198776245 0.0 0.0
0.33445578813552856 0.09581580758094788 0.0
0.34273624420166016 0.09203209728002548 0.0
0.35244280099868774 0.09325962513685226 0.0
0.359042763710022 0.08849797397851944 0.0
0.4884767532348633 0.009360937401652336 0.0
0.36692142486572266 0.08931610733270645 0.0
0.37441521883010864 0.08702677488327026 0.0
0.3845593333244324 0.08468545973300934 0.0
0.3930433392524719 0.08277582377195358 0.0
0.4012311100959778 0.08277968317270279 0.0
0.4092821478843689 0.07866561412811279 0.0
0.4207650423049927 0.07840707153081894 0.0
0.48098224401474 0.0440736785531044 0.0
0.4882628321647644 0.041428737342357635 0.0
0.4282262921333313 0.07627018541097641 0.0
0.4325307011604309 0.07237391173839569 0.0
0.48106950521469116 0.04888026788830757 0.0
0.48822641372680664 0.046797364950180054 0.0
0.4415439963340759 0.07221872359514236 0.0
0.4719478487968445 0.05423235520720482 0.0
0.47594505548477173 0.051405422389507294 0.0
0.44897139072418213 0.06910187751054764 0.0
0.45689642429351807 0.06854747235774994 0.0
0.46417081356048584 0.061271969228982925 0.0
0.46836143732070923 0.05735314264893532 0.0
0.4742004871368408 0.057471055537462234 0.0
0.48143482208251953 0.05257311463356018 0.0
0.4781215190887451 0.05519188567996025 0.0
0.4627602696418762 0.06567644327878952 0.0
0.2002292275428772 0.0 0.0
0.2010398507118225 0.0 0.0
0.1976037621498108 0.0 0.0
0.20132684707641602 0.0 0.0
0.20118331909179688 0.0 0.0
0.1978856325149536 0.005464307498186827 0.0
0.19991225004196167 0.020921658724546432 0.0
0.20537656545639038 0.028960049152374268 0.0
0.20558494329452515 0.04126838222146034 0.0
0.20414596796035767 0.03611258044838905 0.0
0.2051662802696228 0.046901885420084 0.0
0.21101659536361694 0.0516718365252018 0.0
0.21200615167617798 0.059482771903276443 0.0
0.21246939897537231 0.07017916440963745 0.0
0.20777106285095215 0.07515040040016174 0.0
0.2123570442199707 0.06563485413789749 0.0
0.21406060457229614 0.08028881996870041 0.0
0.21928846836090088 0.09341565519571304 0.0
0.21237879991531372 0.08770449459552765 0.0
0.22185981273651123 0.08496058732271194 0.0
0.22941690683364868 0.09680676460266113 0.0
0.23838627338409424 0.0936392992734909 0.0
0.22950297594070435 0.10344629734754562 0.0
0.2378351092338562 0.09991951286792755 0.0
0.2459236979484558 0.09637753665447235 0.0
0.24617868661880493 0.10206370055675507 0.0
0.25438112020492554 0.0982060581445694 0.0
0.25469887256622314 0.10456102341413498 0.0
0.26356083154678345 0.09935362637042999 0.0
0.26580333709716797 0.10436813533306122 0.0
0.27377891540527344 0.09933146089315414 0.0
0.27398306131362915 0.10425484925508499 0.0
0.2829832434654236 0.10140964388847351 0.0
0.29508519172668457 0.1010151281952858 0.0
0.30378687381744385 0.10345011949539185 0.0
0.31082189083099365 0.09973154217004776 0.0
0.31238484382629395 0.10518559068441391 0.0
0.31853342056274414 0.10062438994646072 0.0
0.4884316921234131 0.0 0.0
0.49076205492019653 0.0 0.0
0.48830533027648926 0.0 0.0
0.320321261882782 0.10515657812356949 0.0
0.3277975916862488 0.10216542333364487 0.0
0.49506479501724243 0.005311694927513599 0.0
0.33708345890045166 0.10177948325872421 0.0
0.34532618522644043 0.09866218268871307 0.0
0.4947441816329956 0.01263001561164856 0.0
0.35594815015792847 0.09855423867702484 0.0
0.3625994920730591 0.0942797064781189 0.0
0.49340009689331055 0.0194779634475708 0.0
0.3722498416900635 0.09261656552553177 0.0
0.3808627724647522 0.09051460027694702 0.0
0.49197208881378174 0.026915263384580612 0.0
0.38699227571487427 0.08925588428974152 0.0
0.3946616053581238 0.08823250234127045 0.0
0.49140965938568115 0.032722264528274536 0.0
0.40393614768981934 0.08753791451454163 0.0
0.40951675176620483 0.0850255936384201 0.0
0.4163786768913269 0.0836019515991211 0.0
0.4234347939491272 0.08376513421535492 0.0
0.42909735441207886 0.08097849041223526 0.0
0.43518829345703125 0.07720824331045151 0.0
0.4375230669975281 0.08239121735095978 0.0
0.4435638189315796 0.07815610617399216 0.0
0.4517592191696167 0.07459846884012222 0.0
0.47205275297164917 0.0609084814786911 0.0
0.48721176385879517 0.05153060704469681 0.0
0.4849492311477661 0.05568503588438034 0.0
0.4491695165634155 0.07899004966020584 0.0
0.45977407693862915 0.07281345129013062 0.0
0.46536409854888916 0.06987601518630981 0.0
0.46894603967666626 0.0651753693819046 0.0
0.4799194931983948 0.059758178889751434 0.0
0.4761504530906677 0.06455814838409424 0.0
0.1891966462135315 0.003688497468829155 0.0
0.19952279329299927 0.0 0.0
0.1985642910003662 0.0 0.0
0.1998758316040039 0.0 0.0
0.19068419933319092 0.007941118441522121 0.0
0.19195008277893066 0.014256978407502174 0.0
0.19207751750946045 0.021252326667308807 0.0
0.1926274299621582 0.027500340715050697 0.0
0.19622427225112915 0.03466552495956421 0.0
0.19811475276947021 0.03985261917114258 0.0
0.19531208276748657 0.045757804065942764 0.0
0.1979486346244812 0.05203619971871376 0.0
0.20050382614135742 0.05795455724000931 0.0
0.20092803239822388 0.06476198136806488 0.0
0.20494627952575684 0.06958471238613129 0.0
0.19890904426574707 0.08042077720165253 0.0
0.19731783866882324 0.07382451742887497 0.0
0.20702528953552246 0.0798274576663971 0.0
0.20574861764907837 0.08411697298288345 0.0
0.20404547452926636 0.0895359218120575 0.0
0.20756131410598755 0.09419453889131546 0.0
0.21106046438217163 0.10011669248342514 0.0
0.22102314233779907 0.10106474161148071 0.0
0.22230976819992065 0.10620275139808655 0.0
0.2280372977256775 0.10940688848495483 0.0
0.23855161666870117 0.10668579488992691 0.0
0.24656623601913452 0.10627225786447525 0.0
0.24739611148834229 0.1115378588438034 0.0
0.2598392367362976 0.10988175868988037 0.0
0.26967793703079224 0.10866730660200119 0.0
0.2665697932243347 0.11470717191696167 0.0
0.2746924161911011 0.11164839565753937 0.0
0.278509259223938 0.10733769088983536 0.0
0.28409624099731445 0.11207889765501022 0.0
0.28710103034973145 0.10606779158115387 0.0
0.2960192561149597 0.10859770327806473 0.0
0.30536550283432007 0.1083076223731041 0.0
0.3113400340080261 0.11097227036952972 0.0
0.5004931092262268 0.0 0.0
0.3175467848777771 0.10907518118619919 0.0
0.3258914351463318 0.10942800343036652 0.0
0.33505213260650635 0.10701677948236465 0.0
0.5009730458259583 0.009372325614094734 0.0
0.34366196393966675 0.10523786395788193 0.0
0.503994345664978 0.015767307952046394 0.0
0.35228586196899414 0.10350018739700317 0.0
0.36188340187072754 0.10247750580310822 0.0
0.36235034465789795 0.0985071137547493 0.0
0.49996376037597656 0.022555343806743622 0.0
0.36958950757980347 0.09829044342041016 0.0
0.37892353534698486 0.09561038017272949 0.0
0.38784587383270264 0.09349621832370758 0.0
0.5022875666618347 0.027452953159809113 0.0
0.49824488162994385 0.031885333359241486 0.0
0.37811511754989624 0.10036701709032059 0.0
0.3844206929206848 0.09801878035068512 0.0
0.3913736343383789 0.09844689071178436 0.0
0.3970528244972229 0.09432639926671982 0.0
0.4026082158088684 0.0911896601319313 0.0
0.4957128167152405 0.037451304495334625 0.0
0.4115513563156128 0.09068094193935394 0.0
0.41458189487457275 0.08694465458393097 0.0
0.42087864875793457 0.08837837725877762 0.0
0.49740684032440186 0.04445847496390343 0.0
0.4949952960014343 0.050105586647987366 0.0
0.4307568669319153 0.08672523498535156 0.0
0.4405912756919861 0.08732635527849197 0.0
0.4471033215522766 0.08295932412147522 0.0
0.4928932785987854 0.05477822199463844 0.0
0.45445114374160767 0.0800245925784111 0.0
0.4600646495819092 0.07683930546045303 0.0
0.4647798538208008 0.07426949590444565 0.0
0.47301024198532104 0.06888122111558914 0.0
0.4835684299468994 0.06443517655134201 0.0
0.4901009202003479 0.06010037660598755 0.0
0.4714752435684204 0.07384444773197174 0.0
0.47947752475738525 0.06821239739656448 0.0
0.490963876247406 0.06584490090608597 0.0
0.46712660789489746 0.07799345999956131 0.0
0.47703152894973755 0.07160035520792007 0.0
0.485188364982605 0.06823603063821793 0.0
0.18283218145370483 0.008786112070083618 0.0
0.182917058467865 0.021925808861851692 0.0
0.18296808004379272 0.029966074973344803 0.0
0.18751293420791626 0.034074392169713974 0.0
0.18860864639282227 0.04067647084593773 0.0
0.18693441152572632 0.0462990328669548 0.0
0.18501174449920654 0.05195624753832817 0.0
0.1908186674118042 0.057007431983947754 0.0
0.19036686420440674 0.06250029057264328 0.0
0.18812429904937744 0.06988514214754105 0.0
0.19581389427185059 0.08756723999977112 0.0
0.1973874568939209 0.09418834000825882 0.0
0.20008307695388794 0.10006923973560333 0.0
0.20351672172546387 0.10571017116308212 0.0
0.21410775184631348 0.10588233172893524 0.0
0.20751142501831055 0.11102918535470963 0.0
0.21198827028274536 0.1168784648180008 0.0
0.21822088956832886 0.11081408709287643 0.0
0.22403347492218018 0.11534566432237625 0.0
0.2194111943244934 0.12111297249794006 0.0
0.230271577835083 0.12035852670669556 0.0
0.23492705821990967 0.11359239369630814 0.0
0.24075961112976074 0.11807703971862793 0.0
0.23737049102783203 0.12286096811294556 0.0
0.2456672191619873 0.12263493984937668 0.0
0.24852925539016724 0.11754995584487915 0.0
0.25306153297424316 0.12007098644971848 0.0
0.2558768391609192 0.11557375639677048 0.0
0.26053905487060547 0.1200348362326622 0.0
0.2708584666252136 0.12190067023038864 0.0
0.2758522629737854 0.11587651818990707 0.0
0.283962607383728 0.11963183432817459 0.0
0.2939879298210144 0.11587533354759216 0.0
0.304077684879303 0.11376985907554626 0.0
0.30142271518707275 0.11887689679861069 0.0
0.5093593001365662 0.0 0.0
0.5041012167930603 0.004347179085016251 0.0
0.3108973503112793 0.11474477499723434 0.0
0.3182451128959656 0.11512522399425507 0.0
0.5072218179702759 0.009036524221301079 0.0
0.32874929904937744 0.11582406610250473 0.0
0.3339937925338745 0.11207454651594162 0.0
0.3427366614341736 0.1114533469080925 0.0
0.3509223461151123 0.1086965799331665 0.0
0.5077349543571472 0.022768160328269005 0.0
0.35769176483154297 0.10682310909032822 0.0
0.3592131733894348 0.11150681972503662 0.0
0.3654499650001526 0.10746872425079346 0.0
0.3713376522064209 0.1035609021782875 0.0
0.5105812549591064 0.028949785977602005 0.0
0.3745567798614502 0.10800044983625412 0.0
0.504643440246582 0.03169388696551323 0.0
0.37885040044784546 0.10437294095754623 0.0
0.3852394223213196 0.10207069665193558 0.0
0.502659022808075 0.035247091203927994 0.0
0.3997153043746948 0.099418044090271 0.0
0.5053277015686035 0.040159981697797775 0.0
0.50887531042099 0.03484909608960152 0.0
0.40562164783477783 0.09545352309942245 0.0
0.41408729553222656 0.09691707044839859 0.0
0.5060220956802368 0.045398060232400894 0.0
0.4210355877876282 0.09413858503103256 0.0
0.42888909578323364 0.09215842187404633 0.0
0.4360353350639343 0.09085534512996674 0.0
0.5009936690330505 0.053344741463661194 0.0
0.5033217072486877 0.049130603671073914 0.0
0.44847941398620605 0.08787645399570465 0.0
0.49914228916168213 0.05762772262096405 0.0
0.45608967542648315 0.0852876827120781 0.0
0.4620741009712219 0.08135579526424408 0.0
0.4993922710418701 0.06272415071725845 0.0
0.4792254567146301 0.07545597106218338 0.0
0.48259735107421875 0.07154738157987595 0.0
0.4637330174446106 0.08514834195375443 0.0
0.4697835445404053 0.08295171707868576 0.0
0.47409605979919434 0.07874993979930878 0.0
0.48997271060943604 0.07118524610996246 0.0
0.49816787242889404 0.06858894228935242 0.0
0.47970885038375854 0.07949871569871902 0.0
0.48557454347610474 0.07459396868944168 0.0
0.18100368976593018 0.0 0.0
0.17394983768463135 0.015116371214389801 0.0
0.17234253883361816 0.00654215645045042 0.0
0.179670512676239 0.0 0.0
0.1718844771385193 0.02310403250157833 0.0
0.17486339807510376 0.029085710644721985 0.0
0.1768038272857666 0.03703944757580757 0.0
0.17956101894378662 0.04570901766419411 0.0
0.18082815408706665 0.05946908891201019 0.0
0.1813707947731018 0.06523679196834564 0.0
0.18548071384429932 0.07959852367639542 0.0
0.1914096474647522 0.08373094350099564 0.0
0.18512672185897827 0.08746051043272018 0.0
0.18711352348327637 0.09370951354503632 0.0
0.18944388628005981 0.099754698574543 0.0
0.19155830144882202 0.1060352474451065 0.0
0.19650816917419434 0.11081763356924057 0.0
0.18811315298080444 0.11518611758947372 0.0
0.18909096717834473 0.11066564172506332 0.0
0.19978344440460205 0.1160503402352333 0.0
0.1918683648109436 0.12092657387256622 0.0
0.20246636867523193 0.12164808809757233 0.0
0.19468826055526733 0.1262919157743454 0.0
0.20493978261947632 0.12751741707324982 0.0
0.1962045431137085 0.13176774978637695 0.0
0.20419275760650635 0.1337500512599945 0.0
0.21089500188827515 0.12260375171899796 0.0
0.2108607292175293 0.13078349828720093 0.0
0.21469122171401978 0.12628787755966187 0.0
0.21232175827026367 0.13596667349338531 0.0
0.21816104650497437 0.1305166631937027 0.0
0.22323930263519287 0.12562665343284607 0.0
0.22281157970428467 0.1347978264093399 0.0
0.2252722978591919 0.1296331286430359 0.0
0.23106348514556885 0.1261191964149475 0.0
0.231259286403656 0.13110849261283875 0.0
0.23856830596923828 0.12727177143096924 0.0
0.23062944412231445 0.13570837676525116 0.0
0.23962092399597168 0.13307468593120575 0.0
0.24618589878082275 0.12799648940563202 0.0
0.2519890069961548 0.13226230442523956 0.0
0.25483518838882446 0.12492796033620834 0.0
0.26247888803482056 0.12368497997522354 0.0
0.2637365460395813 0.1283096969127655 0.0
0.27317559719085693 0.12809309363365173 0.0
0.28097736835479736 0.12572874128818512 0.0
0.2875533699989319 0.12407450377941132 0.0
0.2947254776954651 0.12254751473665237 0.0
0.30412328243255615 0.12301988154649734 0.0
0.30989402532577515 0.11910392343997955 0.0
0.5124801993370056 0.004817429929971695 0.0
0.31733715534210205 0.12125837057828903 0.0
0.5148014426231384 0.011479312554001808 0.0
0.32423222064971924 0.12046844512224197 0.0
0.3322966694831848 0.12094690650701523 0.0
0.33777040243148804 0.11658643186092377 0.0
0.5129187703132629 0.018179498612880707 0.0
0.5160620808601379 0.023466872051358223 0.0
0.347228467464447 0.11703843623399734 0.0
0.35128772258758545 0.11313346028327942 0.0
0.3566526770591736 0.11654293537139893 0.0
0.5181300640106201 0.028553573414683342 0.0
0.3642461895942688 0.11527957767248154 0.0
0.36889100074768066 0.1119605153799057 0.0
0.37802886962890625 0.11264041066169739 0.0
0.38480043411254883 0.10770107060670853 0.0
0.39318621158599854 0.10348667204380035 0.0
0.40211617946624756 0.1046038568019867 0.0
0.4082704782485962 0.10056550055742264 0.0
0.41574782133102417 0.10146079212427139 0.0
0.5113005638122559 0.048398323357105255 0.0
0.5125243067741394 0.043907321989536285 0.0
0.42198967933654785 0.09933721274137497 0.0
0.428896427154541 0.09699025005102158 0.0
0.43621617555618286 0.09497807919979095 0.0
0.5088915824890137 0.05226408690214157 0.0
0.44412654638290405 0.09218888729810715 0.0
0.5064938068389893 0.055849071592092514 0.0
0.45401835441589355 0.09114093333482742 0.0
0.505061686038971 0.05924012139439583 0.0
0.5116754174232483 0.05814331769943237 0.0
0.461311936378479 0.08840925991535187 0.0
0.46789997816085815 0.08793642371892929 0.0
0.5040340423583984 0.06593702733516693 0.0
0.5088441371917725 0.06255093961954117 0.0
0.47498011589050293 0.08694034814834595 0.0
0.47729700803756714 0.08274425566196442 0.0
0.48483705520629883 0.07825986295938492 0.0
0.49182140827178955 0.07646533101797104 0.0
0.4963826537132263 0.07304291427135468 0.0
0.5097112655639648 0.06734556704759598 0.0
0.48148590326309204 0.08615171909332275 0.0
0.4834147095680237 0.08221451938152313 0.0
0.504684567451477 0.06919166445732117 0.0
0.4897618293762207 0.08121437579393387 0.0
0.4997016191482544 0.07635857909917831 0.0
0.5024654269218445 0.07250768691301346 0.0
0.48769599199295044 0.0853804498910904 0.0
0.4968166947364807 0.08035092055797577 0.0
0.16340529918670654 0.0 0.0
0.1812536120414734 0.0 0.0
0.1629287600517273 0.011110136285424232 0.0
0.16372042894363403 0.02044222690165043 0.0
0.16513490676879883 0.029040101915597916 0.0
0.1700054407119751 0.03326292335987091 0.0
0.16806411743164062 0.04506500065326691 0.0
0.1635482907295227 0.037466440349817276 0.0
0.1732947826385498 0.05170508846640587 0.0
0.16933691501617432 0.05823700129985809 0.0
0.17277193069458008 0.0642203539609909 0.0
0.17511522769927979 0.06947504729032516 0.0
0.17690759897232056 0.07476925104856491 0.0
0.1712823510169983 0.08065091818571091 0.0
0.174860417842865 0.08666213601827621 0.0
0.17654728889465332 0.0933774784207344 0.0
0.17931604385375977 0.09956833720207214 0.0
0.18262028694152832 0.10439856350421906 0.0
0.18132948875427246 0.11029274016618729 0.0
0.18274074792861938 0.12042821943759918 0.0
0.17712825536727905 0.11672234535217285 0.0
0.18390750885009766 0.12592165172100067 0.0
0.1886712908744812 0.13028576970100403 0.0
0.1876475214958191 0.13581055402755737 0.0
0.1968725323677063 0.13731606304645538 0.0
0.19073086977005005 0.1416618824005127 0.0
0.19810479879379272 0.14178211987018585 0.0
0.20402872562408447 0.13917677104473114 0.0
0.20340049266815186 0.1442323923110962 0.0
0.2096337080001831 0.1414872407913208 0.0
0.21162313222885132 0.14646190404891968 0.0
0.21752572059631348 0.14075498282909393 0.0
0.22573864459991455 0.13942326605319977 0.0
0.22432982921600342 0.14540472626686096 0.0
0.23454225063323975 0.13984961807727814 0.0
0.24437803030014038 0.13729260861873627 0.0
0.2348874807357788 0.14541539549827576 0.0
0.24316918849945068 0.1421368420124054 0.0
0.2524719834327698 0.13902907073497772 0.0
0.2621302008628845 0.1353292316198349 0.0
0.2702045440673828 0.13234490156173706 0.0
0.2796989679336548 0.13240379095077515 0.0
0.2902412414550781 0.12866175174713135 0.0
0.5172972083091736 0.0 0.0
0.5180376768112183 0.00079132872633636 0.0
0.5151200890541077 0.0 0.0
0.30119121074676514 0.12782105803489685 0.0
0.5212417244911194 0.00533676752820611 0.0
0.3127426505088806 0.12651358544826508 0.0
0.5235596895217896 0.010488877072930336 0.0
0.3212823271751404 0.12450861930847168 0.0
0.32730644941329956 0.1243639811873436 0.0
0.5218515992164612 0.017116321250796318 0.0
0.33405977487564087 0.12593938410282135 0.0
0.3414628505706787 0.12176238000392914 0.0
0.5252338647842407 0.024764999747276306 0.0
0.3531808853149414 0.1222681850194931 0.0
0.36421799659729004 0.11957761645317078 0.0
0.5159276723861694 0.033485524356365204 0.0
0.37173497676849365 0.11642998456954956 0.0
0.3795710802078247 0.1171398013830185 0.0
0.38799619674682617 0.11440571397542953 0.0
0.5138746500015259 0.038864150643348694 0.0
0.39513492584228516 0.10892928391695023 0.0
0.5196377038955688 0.042385246604681015 0.0
0.3982310891151428 0.11394771933555603 0.0
0.4040149450302124 0.10972493886947632 0.0
0.41180920600891113 0.10591637343168259 0.0
0.5188679695129395 0.04699379578232765 0.0
0.42213505506515503 0.10467758029699326 0.0
0.42962032556533813 0.10156777501106262 0.0
0.5178132653236389 0.0517653189599514 0.0
0.43542659282684326 0.09901824593544006 0.0
0.4437454342842102 0.0976637527346611 0.0
0.5130020976066589 0.054853279143571854 0.0
0.4491903781890869 0.09451799839735031 0.0
0.45403480529785156 0.0967368558049202 0.0
0.519896388053894 0.05660506337881088 0.0
0.4631577730178833 0.09273266047239304 0.0
0.5169981718063354 0.06088622286915779 0.0
0.5157517194747925 0.06514124572277069 0.0
0.47266632318496704 0.09194622933864594 0.0
0.5162985920906067 0.07006167620420456 0.0
0.4796918034553528 0.09024065732955933 0.0
0.509369969367981 0.07193335890769958 0.0
0.5220210552215576 0.06748338043689728 0.0
0.4856509566307068 0.08946143835783005 0.0
0.4942933917045593 0.0845104306936264 0.0
0.5064592957496643 0.07585304975509644 0.0
0.5146186947822571 0.07354198396205902 0.0
0.4919307827949524 0.08871974796056747 0.0
0.5039749145507812 0.07972463965415955 0.0
0.5116201639175415 0.07536521553993225 0.0
0.5196292996406555 0.07400817424058914 0.0
0.5233113765716553 0.07160009443759918 0.0
0.49864131212234497 0.08776011317968369 0.0
0.5011542439460754 0.08367563039064407 0.0
0.5113507509231567 0.07900562882423401 0.0
0.5161356925964355 0.07641755789518356 0.0
0.5261808037757874 0.07548488676548004 0.0
0.5209947228431702 0.0769609659910202 0.0
0.5279949307441711 0.07272481173276901 0.0
0.5185366272926331 0.07983747124671936 0.0
0.5307437777519226 0.07430863380432129 0.0
0.5244372487068176 0.07929929345846176 0.0
0.14684903621673584 0.0 0.0
0.15271908044815063 0.0074464259669184685 0.0
0.1531742811203003 0.018156569451093674 0.0
0.15697091817855835 0.026004333049058914 0.0
0.15610313415527344 0.03304770216345787 0.0
0.1555216908454895 0.03849399462342262 0.0
0.15427166223526 0.04496766999363899 0.0
0.16221225261688232 0.05227108299732208 0.0
0.1566590666770935 0.059198711067438126 0.0
0.16332542896270752 0.06402404606342316 0.0
0.16697871685028076 0.06825754046440125 0.0
0.1649017333984375 0.07455851882696152 0.0
0.15982329845428467 0.0825386568903923 0.0
0.16610944271087646 0.08625449240207672 0.0
0.1654961109161377 0.09274032711982727 0.0
0.1689150333404541 0.09983721375465393 0.0
0.17357945442199707 0.1057606190443039 0.0
0.17013633251190186 0.11247400939464569 0.0
0.16876262426376343 0.11818017810583115 0.0
0.1738542914390564 0.12296877056360245 0.0
0.1752326488494873 0.12858368456363678 0.0
0.18083184957504272 0.13185866177082062 0.0
0.17837542295455933 0.13676440715789795 0.0
0.18123388290405273 0.14144620299339294 0.0
0.1846047043800354 0.1474149376153946 0.0
0.19524472951889038 0.1462017297744751 0.0
0.1920965313911438 0.15220636129379272 0.0
0.20046639442443848 0.15386520326137543 0.0
0.1942538619041443 0.15794618427753448 0.0
0.2019418478012085 0.14936518669128418 0.0
0.20492786169052124 0.1568552702665329 0.0
0.2009434700012207 0.16145581007003784 0.0
0.208523690700531 0.15224222838878632 0.0
0.2151739001274109 0.15541952848434448 0.0
0.21686416864395142 0.1504024863243103 0.0
0.20957422256469727 0.15971705317497253 0.0
0.22517812252044678 0.15165521204471588 0.0
0.2176564335823059 0.16015994548797607 0.0
0.2233535647392273 0.15641243755817413 0.0
0.22991305589675903 0.1482306569814682 0.0
0.23147624731063843 0.15518072247505188 0.0
0.23591887950897217 0.1501612812280655 0.0
0.24217575788497925 0.14638958871364594 0.0
0.22722554206848145 0.15978820621967316 0.0
0.24191880226135254 0.1548428237438202 0.0
0.25050950050354004 0.14466117322444916 0.0
0.2463812232017517 0.14952509105205536 0.0
0.2618950605392456 0.14227761328220367 0.0
0.2562674880027771 0.1484815925359726 0.0
0.2715223431587219 0.13751938939094543 0.0
0.26683419942855835 0.1477108597755432 0.0
0.2722777724266052 0.1427725851535797 0.0
0.5181207656860352 0.0 0.0
0.5186313390731812 0.0 0.0
0.5193145275115967 0.0 0.0
0.28175902366638184 0.13965150713920593 0.0
0.2888396382331848 0.13484832644462585 0.0
0.521421492099762 0.0 0.0
0.5270164012908936 0.0 0.0
0.29393506050109863 0.14018841087818146 0.0
0.2974969744682312 0.1334812194108963 0.0
0.30676740407943726 0.1326306313276291 0.0
0.5304242372512817 0.005911229178309441 0.0
0.3027041554450989 0.13699308037757874 0.0
0.30942463874816895 0.1371786892414093 0.0
0.3160637617111206 0.13384898006916046 0.0
0.32466232776641846 0.12915579974651337 0.0
0.5289139151573181 0.012657866813242435 0.0
0.334899365901947 0.13147464394569397 0.0
0.5313762426376343 0.018093761056661606 0.0
0.3438003659248352 0.12724566459655762 0.0
0.5232855677604675 0.031671538949012756 0.0
0.3637118339538574 0.12498775124549866 0.0
0.5313916802406311 0.029736556112766266 0.0
0.5212728977203369 0.037302166223526 0.0
0.5290248394012451 0.03558892756700516 0.0
0.37437355518341064 0.12173399329185486 0.0
0.384814977645874 0.12041342258453369 0.0
0.526949942111969 0.0410015769302845 0.0
0.39485782384872437 0.12008294463157654 0.0
0.5248125195503235 0.04514056816697121 0.0
0.4022747874259949 0.11699377000331879 0.0
0.40512585639953613 0.11378253251314163 0.0
0.4114559292793274 0.11156612634658813 0.0
0.41830724477767944 0.10915593057870865 0.0
0.5268733501434326 0.04948176071047783 0.0
0.430401086807251 0.10560179501771927 0.0
0.43807071447372437 0.10316900163888931 0.0
0.5253744721412659 0.053691595792770386 0.0
0.5291510224342346 0.057256314903497696 0.0
0.4615757465362549 0.09744424372911453 0.0
0.5250361561775208 0.06077779456973076 0.0
0.468126118183136 0.09624752402305603 0.0
0.5214868187904358 0.06371880322694778 0.0
0.4739813804626465 0.0960668995976448 0.0
0.5281671285629272 0.06550092250108719 0.0
0.47887730598449707 0.09442336857318878 0.0
0.5276678800582886 0.0697888657450676 0.0
0.48370128870010376 0.09289805591106415 0.0
0.532669186592102 0.0691784992814064 0.0
0.4896358847618103 0.09339217096567154 0.0
0.5317345857620239 0.07215645909309387 0.0
0.4963339567184448 0.09188082814216614 0.0
0.5051888227462769 0.08678321540355682 0.0
0.5079146027565002 0.08301708847284317 0.0
0.5033759474754333 0.09114407747983932 0.0
0.5112943053245544 0.08617454767227173 0.0
0.514380931854248 0.08287845551967621 0.0
0.5346029996871948 0.07422910630702972 0.0
0.5201061964035034 0.08325599879026413 0.0
0.522218644618988 0.08135957270860672 0.0
0.5288430452346802 0.07821287214756012 0.0
0.5325456261634827 0.07653746753931046 0.0
0.528584361076355 0.08040288090705872 0.0
0.13972944021224976 0.0 0.0
0.14328724145889282 0.0 0.0
0.14614474773406982 0.012701082043349743 0.0
0.14314985275268555 0.005348030477762222 0.0
0.1425839066505432 0.0200198944658041 0.0
0.1473955512046814 0.0283830389380455 0.0
0.1488950252532959 0.037419356405735016 0.0
0.15262019634246826 0.05318782851099968 0.0
0.1553061604499817 0.0649954155087471 0.0
0.15897828340530396 0.06916040927171707 0.0
0.15503454208374023 0.09435964375734329 0.0
0.1595115065574646 0.08887806534767151 0.0
0.1587810516357422 0.09984613209962845 0.0
0.16192829608917236 0.10729260742664337 0.0
0.1604861617088318 0.11581543833017349 0.0
0.16359537839889526 0.12223207950592041 0.0
0.16678249835968018 0.12803268432617188 0.0
0.1709449291229248 0.13395348191261292 0.0
0.17074579000473022 0.14102675020694733 0.0
0.1746218204498291 0.14626553654670715 0.0
0.1761341691017151 0.15056459605693817 0.0
0.18138372898101807 0.15336807072162628 0.0
0.18590384721755981 0.15658867359161377 0.0
0.17749470472335815 0.15822352468967438 0.0
0.1840047836303711 0.16083075106143951 0.0
0.19081085920333862 0.16336078941822052 0.0
0.18768644332885742 0.1681341677904129 0.0
0.18121635913848877 0.1656329184770584 0.0
0.19700908660888672 0.16622571647167206 0.0
0.19320178031921387 0.17011460661888123 0.0
0.20137536525726318 0.16996318101882935 0.0
0.2086077332496643 0.1646287739276886 0.0
0.21191942691802979 0.17004680633544922 0.0
0.22137200832366943 0.16528020799160004 0.0
0.2353675365447998 0.1586805284023285 0.0
0.23354345560073853 0.16368794441223145 0.0
0.24229192733764648 0.16057127714157104 0.0
0.25112980604171753 0.15281158685684204 0.0
0.25061267614364624 0.15762877464294434 0.0
0.2600693702697754 0.1538287252187729 0.0
0.2785140872001648 0.1463843286037445 0.0
0.29011452198028564 0.14752314984798431 0.0
0.297889769077301 0.14445671439170837 0.0
0.3048573136329651 0.14190025627613068 0.0
0.5369575619697571 0.011200020089745522 0.0
0.3160238265991211 0.1408250629901886 0.0
0.32658809423446655 0.13662739098072052 0.0
0.5402532815933228 0.01759563572704792 0.0
0.5353990793228149 0.02379220351576805 0.0
0.3359740972518921 0.13625599443912506 0.0
0.3450648784637451 0.13337667286396027 0.0
0.35400110483169556 0.12846887111663818 0.0
0.3548368215560913 0.13300462067127228 0.0
0.3627459406852722 0.13034984469413757 0.0
0.5369601249694824 0.03378577530384064 0.0
0.37226438522338867 0.12780559062957764 0.0
0.5360958576202393 0.039929717779159546 0.0
0.3826485872268677 0.12583495676517487 0.0
0.4036714434623718 0.1203046441078186 0.0
0.5318824648857117 0.0452411025762558 0.0
0.4098377227783203 0.11691122502088547 0.0
0.4194846749305725 0.11415838450193405 0.0
0.4261385202407837 0.10952141135931015 0.0
0.5361499786376953 0.049826014786958694 0.0
0.4351246953010559 0.1086774542927742 0.0
0.5326581597328186 0.05362751707434654 0.0
0.44288164377212524 0.10673488676548004 0.0
0.4479042887687683 0.10222845524549484 0.0
0.4566553235054016 0.1015675961971283 0.0
0.5368624329566956 0.057593826204538345 0.0
0.46440863609313965 0.10067073255777359 0.0
0.5343727469444275 0.06198304519057274 0.0
0.4713466763496399 0.09986446052789688 0.0
0.4675642251968384 0.10457587242126465 0.0
0.5342893600463867 0.06629902124404907 0.0
0.4778267741203308 0.09883087128400803 0.0
0.5384217500686646 0.0658281221985817 0.0
0.4845835566520691 0.09720616042613983 0.0
0.5374852418899536 0.06898704171180725 0.0
0.4907689690589905 0.09768856316804886 0.0
0.5359601974487305 0.07186740636825562 0.0
0.4953283667564392 0.09592929482460022 0.0
0.4998916983604431 0.09437402337789536 0.0
0.5088977217674255 0.08920073509216309 0.0
0.5382028818130493 0.07379081100225449 0.0
0.5047054886817932 0.0952429547905922 0.0
0.5104964971542358 0.09287051111459732 0.0
0.5170846581459045 0.08612838387489319 0.0
0.5375667214393616 0.07573540508747101 0.0
0.5419632196426392 0.07441797107458115 0.0
0.514205276966095 0.08925468474626541 0.0
0.5225051045417786 0.08626571297645569 0.0
0.5259490609169006 0.08314944058656693 0.0
0.5322798490524292 0.07936607301235199 0.0
0.53652423620224 0.07813262939453125 0.0
0.5409328937530518 0.07700098305940628 0.0
0.5315438508987427 0.08221005648374557 0.0
0.5399284958839417 0.0794445127248764 0.0
0.5436418652534485 0.07839424163103104 0.0
0.5460119247436523 0.07617709785699844 0.0
0.13532674312591553 0.0 0.0
0.1345893144607544 0.004471790511161089 0.0
0.13752907514572144 0.0 0.0
0.1378185749053955 0.012746530584990978 0.0
0.1340896487236023 0.027149751782417297 0.0
0.14051669836044312 0.03489666432142258 0.0
0.14064645767211914 0.04299895837903023 0.0
0.14428651332855225 0.05094730108976364 0.0
0.14628827571868896 0.05754870921373367 0.0
0.1477365493774414 0.06358642131090164 0.0
0.149708092212677 0.06932201236486435 0.0
0.1536462903022766 0.07453742623329163 0.0
0.14898186922073364 0.08157060295343399 0.0
0.15129899978637695 0.08879844844341278 0.0
0.15173804759979248 0.10506350547075272 0.0
0.15095752477645874 0.09968499839305878 0.0
0.15215569734573364 0.1117267906665802 0.0
0.15219223499298096 0.11723487824201584 0.0
0.15599721670150757 0.1208818256855011 0.0
0.1561218500137329 0.12695279717445374 0.0
0.16078972816467285 0.13318076729774475 0.0
0.16335606575012207 0.13825388252735138 0.0
0.15975862741470337 0.14428657293319702 0.0
0.16662698984146118 0.14648118615150452 0.0
0.16824370622634888 0.1507437527179718 0.0
0.1718447208404541 0.15489378571510315 0.0
0.17448967695236206 0.16308751702308655 0.0
0.16435211896896362 0.16608892381191254 0.0
0.167525053024292 0.16018961369991302 0.0
0.17294079065322876 0.16741463541984558 0.0
0.1781051754951477 0.1711304783821106 0.0
0.18679118156433105 0.1726565957069397 0.0
0.18818193674087524 0.1765088140964508 0.0
0.1943686604499817 0.17381837964057922 0.0
0.1947038769721985 0.1785215437412262 0.0
0.20398414134979248 0.17514118552207947 0.0
0.21517270803451538 0.1750621795654297 0.0
0.2085113525390625 0.17785415053367615 0.0
0.2206220030784607 0.1704443097114563 0.0
0.22878730297088623 0.16895799338817596 0.0
0.2247072458267212 0.17319917678833008 0.0
0.23677581548690796 0.16822589933872223 0.0
0.2416408658027649 0.165247842669487 0.0
0.23390662670135498 0.1734883040189743 0.0
0.2500925064086914 0.1639942079782486 0.0
0.25791382789611816 0.16006125509738922 0.0
0.5292158722877502 0.0 0.0
0.531409740447998 0.0 0.0
0.5353236794471741 0.0 0.0
0.26617759466171265 0.157842755317688 0.0
0.27126985788345337 0.15229129791259766 0.0
0.25791460275650024 0.16464518010616302 0.0
0.2629668116569519 0.16231891512870789 0.0
0.2804519534111023 0.15145191550254822 0.0
0.538198709487915 0.0041816276498138905 0.0
0.27561891078948975 0.15660181641578674 0.0
0.28684163093566895 0.15482361614704132 0.0
0.2943791151046753 0.15164722502231598 0.0
0.30197906494140625 0.14881879091262817 0.0
0.3107726573944092 0.14572808146476746 0.0
0.3177250027656555 0.14658409357070923 0.0
0.32621991634368896 0.14434663951396942 0.0
0.33318424224853516 0.14040495455265045 0.0
0.34128761291503906 0.13949476182460785 0.0
0.5403106808662415 0.028506871312856674 0.0
0.3514750599861145 0.1381235122680664 0.0
0.36088407039642334 0.13545815646648407 0.0
0.36996614933013916 0.13328029215335846 0.0
0.5424119830131531 0.036809321492910385 0.0
0.37905144691467285 0.13125327229499817 0.0
0.3865101933479309 0.13002200424671173 0.0
0.3922482132911682 0.1264900416135788 0.0
0.5407001376152039 0.045949093997478485 0.0
0.40128159523010254 0.12468113005161285 0.0
0.41058242321014404 0.12267233431339264 0.0
0.4165453314781189 0.11892686784267426 0.0
0.42310672998428345 0.11836399883031845 0.0
0.430488646030426 0.11464519053697586 0.0
0.4416985511779785 0.11201611161231995 0.0
0.5405759811401367 0.054160475730895996 0.0
0.4506796598434448 0.10735711455345154 0.0
0.5441819429397583 0.05866294726729393 0.0
0.45987802743911743 0.10564028471708298 0.0
0.5395915508270264 0.06032656505703926 0.0
0.5425845384597778 0.06329712271690369 0.0
0.47527796030044556 0.10417914390563965 0.0
0.48247307538986206 0.10235308110713959 0.0
0.5426895618438721 0.06839030981063843 0.0
0.4890437126159668 0.10139690339565277 0.0
0.5402126312255859 0.0717620700597763 0.0
0.5444526672363281 0.07186152040958405 0.0
0.4959244132041931 0.10041151195764542 0.0
0.5004740953445435 0.0975612923502922 0.0
0.5460674166679382 0.07386336475610733 0.0
0.5026950240135193 0.10083632916212082 0.0
0.5050407648086548 0.09828107804059982 0.0
0.5198788046836853 0.08908946067094803 0.0
0.5095171928405762 0.09709551930427551 0.0
0.5153030753135681 0.0959620326757431 0.0
0.5174504518508911 0.09231622517108917 0.0
0.531130313873291 0.0854099914431572 0.0
0.5359430313110352 0.08091654628515244 0.0
0.5231676697731018 0.09173975884914398 0.0
0.5244077444076538 0.08896972984075546 0.0
0.5273372530937195 0.08711148053407669 0.0
0.5357369780540466 0.08418910205364227 0.0
0.5428385734558105 0.08039502799510956 0.0
0.12776577472686768 0.0 0.0
0.1315479874610901 0.0 0.0
0.12892752885818481 0.016975635662674904 0.0
0.12449383735656738 0.0077225808054208755 0.0
0.1324683427810669 0.03735192120075226 0.0
0.13835746049880981 0.055688951164484024 0.0
0.13443464040756226 0.049974534660577774 0.0
0.13826686143875122 0.06182821840047836 0.0
0.13996601104736328 0.06868091970682144 0.0
0.14234119653701782 0.07581211626529694 0.0
0.13883978128433228 0.0828770324587822 0.0
0.139784574508667 0.0895792543888092 0.0
0.14463412761688232 0.09654346108436584 0.0
0.14525222778320312 0.10276554524898529 0.0
0.13708680868148804 0.10353149473667145 0.0
0.14262300729751587 0.10916908085346222 0.0
0.1450517773628235 0.1156957671046257 0.0
0.14756178855895996 0.12197507917881012 0.0
0.1541208028793335 0.1389930546283722 0.0
0.15249019861221313 0.13295778632164001 0.0
0.16022062301635742 0.1501227468252182 0.0
0.16086804866790771 0.15594227612018585 0.0
0.15720665454864502 0.16239431500434875 0.0
0.16731303930282593 0.17127668857574463 0.0
0.17111468315124512 0.17681337893009186 0.0
0.1810033917427063 0.17642545700073242 0.0
0.17752909660339355 0.18048202991485596 0.0
0.1858992576599121 0.18100903928279877 0.0
0.19472622871398926 0.1837250143289566 0.0
0.20305943489074707 0.18048734962940216 0.0
0.20543432235717773 0.18666303157806396 0.0
0.2122725248336792 0.18045485019683838 0.0
0.21797603368759155 0.18402235209941864 0.0
0.22370058298110962 0.17831279337406158 0.0
0.537967324256897 0.0 0.0
0.5416427850723267 0.0 0.0
0.5366480946540833 0.0 0.0
0.2266981601715088 0.18264414370059967 0.0
0.23388677835464478 0.17950667440891266 0.0
0.2427656650543213 0.17641593515872955 0.0
0.24463039636611938 0.17018312215805054 0.0
0.2554047107696533 0.1696447730064392 0.0
0.25062549114227295 0.17429718375205994 0.0
0.26387476921081543 0.16682931780815125 0.0
0.2698785066604614 0.1618994027376175 0.0
0.5455449223518372 0.006739259697496891 0.0
0.27216118574142456 0.16602523624897003 0.0
0.27987372875213623 0.16156333684921265 0.0
0.289466917514801 0.15973059833049774 0.0
0.2984009385108948 0.1560027003288269 0.0
0.3058509826660156 0.15331894159317017 0.0
0.312444806098938 0.15107601881027222 0.0
0.5450741052627563 0.0228266641497612 0.0
0.322559654712677 0.1512618064880371 0.0
0.5501227974891663 0.02797759510576725 0.0
0.3308200240135193 0.1494493931531906 0.0
0.33692729473114014 0.14538493752479553 0.0
0.5451551675796509 0.03266536444425583 0.0
0.346424400806427 0.14374284446239471 0.0
0.353845477104187 0.14282812178134918 0.0
0.5494933128356934 0.03687376156449318 0.0
0.35883474349975586 0.1399054378271103 0.0
0.36746853590011597 0.13933046162128448 0.0
0.37708979845046997 0.1366434097290039 0.0
0.5465497970581055 0.0417800210416317 0.0
0.3857598900794983 0.13460157811641693 0.0
0.3931817412376404 0.13200876116752625 0.0
0.3991144895553589 0.12921033799648285 0.0
0.4079187512397766 0.12883812189102173 0.0
0.5434529781341553 0.0506710410118103 0.0
0.4155886173248291 0.12625311315059662 0.0
0.41965359449386597 0.12242815643548965 0.0
0.42908143997192383 0.1215725764632225 0.0
0.4380795359611511 0.11799228191375732 0.0
0.44493067264556885 0.11592015624046326 0.0
0.44894593954086304 0.11259748786687851 0.0
0.5489984750747681 0.05488411709666252 0.0
0.45573484897613525 0.11103852093219757 0.0
0.46346431970596313 0.109610415995121 0.0
0.4705977439880371 0.10879363864660263 0.0
0.4811924695968628 0.10722355544567108 0.0
0.5483093857765198 0.06622850894927979 0.0
0.48744112253189087 0.10593464225530624 0.0
0.5471906065940857 0.06967402994632721 0.0
0.5521793961524963 0.0693531408905983 0.0
0.49380791187286377 0.10488337278366089 0.0
0.548494815826416 0.0720432847738266 0.0
0.500302791595459 0.10435821861028671 0.0
0.5495515465736389 0.07448332011699677 0.0
0.5081623196601868 0.10038168728351593 0.0
0.5136104822158813 0.09965057671070099 0.0
0.521199643611908 0.09510503709316254 0.0
0.5286153554916382 0.09064961969852448 0.0
0.5311772227287292 0.08818095922470093 0.0
0.535112202167511 0.0875188484787941 0.0
0.5403690934181213 0.08250957727432251 0.0
0.545845091342926 0.07988084107637405 0.0
0.5467905402183533 0.07818108052015305 0.0
0.5193597674369812 0.09869509190320969 0.0
0.5333850979804993 0.09016597270965576 0.0
0.5247550010681152 0.09757515788078308 0.0
0.5267813205718994 0.09431616216897964 0.0
0.11896669864654541 0.0013501235516741872 0.0
0.12193465232849121 0.0 0.0
0.12008792161941528 0.0 0.0
0.12407565116882324 0.03369875252246857 0.0
0.12142270803451538 0.02504747547209263 0.0
0.12551891803741455 0.04066791757941246 0.0
0.12412893772125244 0.04805402085185051 0.0
0.13123416900634766 0.043916188180446625 0.0
0.12877190113067627 0.057313162833452225 0.0
0.1282517910003662 0.06766453385353088 0.0
0.13174784183502197 0.08061167597770691 0.0
0.13301092386245728 0.07408910989761353 0.0
0.13019317388534546 0.09302949905395508 0.0
0.13104236125946045 0.08739243447780609 0.0
0.1335729956626892 0.09752976149320602 0.0
0.13893669843673706 0.11946507543325424 0.0
0.13753825426101685 0.11461131274700165 0.0
0.13952100276947021 0.1242544874548912 0.0
0.14459073543548584 0.129330575466156 0.0
0.14546167850494385 0.13663040101528168 0.0
0.14582329988479614 0.1422109305858612 0.0
0.15002655982971191 0.14593790471553802 0.0
0.15367794036865234 0.14940796792507172 0.0
0.15367460250854492 0.15359169244766235 0.0
0.1494787335395813 0.15905719995498657 0.0
0.1482200026512146 0.16527311503887177 0.0
0.15488702058792114 0.1670789271593094 0.0
0.15766984224319458 0.17089350521564484 0.0
0.16083788871765137 0.1755540519952774 0.0
0.16341370344161987 0.17998240888118744 0.0
0.17049014568328857 0.1831572949886322 0.0
0.1735575795173645 0.1883378028869629 0.0
0.17967170476913452 0.18497619032859802 0.0
0.18308526277542114 0.19063815474510193 0.0
0.1872626543045044 0.18597561120986938 0.0
0.1934213638305664 0.18905070424079895 0.0
0.19115608930587769 0.19444791972637177 0.0
0.19933712482452393 0.19227178394794464 0.0
0.20822793245315552 0.1937122941017151 0.0
0.21536493301391602 0.18897603452205658 0.0
0.5505040287971497 0.0 0.0
0.224151611328125 0.1870848387479782 0.0
0.23290199041366577 0.18460723757743835 0.0
0.2417621612548828 0.1819857805967331 0.0
0.5571817755699158 0.006376239936798811 0.0
0.2503390312194824 0.17914098501205444 0.0
0.2596019506454468 0.17579346895217896 0.0
0.2689124345779419 0.17140060663223267 0.0
0.5499043464660645 0.015115906484425068 0.0
0.27977144718170166 0.16809897124767303 0.0
0.28681206703186035 0.16395437717437744 0.0
0.29588353633880615 0.16271577775478363 0.0
0.289837121963501 0.1678537279367447 0.0
0.3024464249610901 0.1599961519241333 0.0
0.3100398778915405 0.15771399438381195 0.0
0.5557315349578857 0.022297343239188194 0.0
0.32226574420928955 0.15822899341583252 0.0
0.3306688070297241 0.1545489877462387 0.0
0.3376861810684204 0.1515110433101654 0.0
0.5544120669364929 0.032928451895713806 0.0
0.34378308057785034 0.14864183962345123 0.0
0.3521276116371155 0.14814259111881256 0.0
0.36090803146362305 0.14468573033809662 0.0
0.5533163547515869 0.040511760860681534 0.0
0.3689725995063782 0.14452317357063293 0.0
0.3759992718696594 0.1423184722661972 0.0
0.5551534295082092 0.04482858628034592 0.0
0.3848196268081665 0.1401844173669815 0.0
0.5501272082328796 0.048759207129478455 0.0
0.3947368264198303 0.13796435296535492 0.0
0.40169310569763184 0.13356705009937286 0.0
0.41697829961776733 0.1305026412010193 0.0
0.42295676469802856 0.12660612165927887 0.0
0.4378854036331177 0.12338851392269135 0.0
0.4444980025291443 0.12012384086847305 0.0
0.4515988230705261 0.11660319566726685 0.0
0.5499327182769775 0.0586891770362854 0.0
0.4597854018211365 0.1147976815700531 0.0
0.5495847463607788 0.06182907149195671 0.0
0.4672570824623108 0.11362887918949127 0.0
0.47415822744369507 0.1127990260720253 0.0
0.47619491815567017 0.1088668555021286 0.0
0.480319082736969 0.11182820796966553 0.0
0.49272066354751587 0.10937494039535522 0.0
0.552524745464325 0.07248780876398087 0.0
0.553287923336029 0.07471168041229248 0.0
0.4981977939605713 0.10791416466236115 0.0
0.5522169470787048 0.07627904415130615 0.0
0.5065932869911194 0.10370442271232605 0.0
0.5115880370140076 0.10254561901092529 0.0
0.5450443029403687 0.08236801624298096 0.0
0.5490489602088928 0.07950469851493835 0.0
0.5497485995292664 0.07748007774353027 0.0
0.5177562832832336 0.10316690057516098 0.0
0.5383340716362 0.09050735831260681 0.0
0.5409130454063416 0.0865931287407875 0.0
0.5481147170066833 0.08124545216560364 0.0
0.523513674736023 0.10091107338666916 0.0
0.533463716506958 0.09391060471534729 0.0
0.5285397171974182 0.09971722960472107 0.0
0.52930748462677 0.09676393121480942 0.0
0.118274986743927 0.0 0.0
0.11905866861343384 0.0 0.0
0.11736702919006348 0.016154998913407326 0.0
0.1126282811164856 0.007823741063475609 0.0
0.11949050426483154 0.0 0.0
0.11538541316986084 0.03169378265738487 0.0
0.11652541160583496 0.04025277867913246 0.0
0.11929261684417725 0.05480670928955078 0.0
0.1186530590057373 0.06238439306616783 0.0
0.12236291170120239 0.07771898061037064 0.0
0.12397396564483643 0.09833348542451859 0.0
0.12308382987976074 0.09240248054265976 0.0
0.13105928897857666 0.11096135526895523 0.0
0.1267305612564087 0.1043793112039566 0.0
0.1312231421470642 0.11783523857593536 0.0
0.13324177265167236 0.12255625426769257 0.0
0.13276374340057373 0.12816055119037628 0.0
0.13629019260406494 0.13495241105556488 0.0
0.1374489665031433 0.14213867485523224 0.0
0.1411113739013672 0.148020938038826 0.0
0.14602446556091309 0.1530388593673706 0.0
0.14223647117614746 0.16321395337581635 0.0
0.14120399951934814 0.1590004414319992 0.0
0.14866334199905396 0.17033208906650543 0.0
0.1514788269996643 0.17500163614749908 0.0
0.1549960970878601 0.1796179860830307 0.0
0.1597682237625122 0.18506667017936707 0.0
0.16764366626739502 0.18664637207984924 0.0
0.16561681032180786 0.19022929668426514 0.0
0.17328375577926636 0.19434960186481476 0.0
0.1742987036705017 0.20015878975391388 0.0
0.18231606483459473 0.19693203270435333 0.0
0.1814272403717041 0.2014426738023758 0.0
0.1897432804107666 0.2003093957901001 0.0
0.19874000549316406 0.19705899059772491 0.0
0.5593880414962769 0.0 0.0
0.20532768964767456 0.19917912781238556 0.0
0.21257102489471436 0.19817429780960083 0.0
0.22118330001831055 0.19341595470905304 0.0
0.2303088903427124 0.18925072252750397 0.0
0.23950684070587158 0.1878565102815628 0.0
0.2334001660346985 0.19392751157283783 0.0
0.24986588954925537 0.18488352000713348 0.0
0.24076926708221436 0.1914372444152832 0.0
0.24666059017181396 0.18996895849704742 0.0
0.2567017674446106 0.18137939274311066 0.0
0.2643131613731384 0.18131709098815918 0.0
0.2697768211364746 0.17720545828342438 0.0
0.27757132053375244 0.1739504486322403 0.0
0.5627145171165466 0.015104894526302814 0.0
0.2778903841972351 0.17879746854305267 0.0
0.28499704599380493 0.17174144089221954 0.0
0.2991206645965576 0.16805975139141083 0.0
0.5653178691864014 0.02246197685599327 0.0
0.2856234312057495 0.17612451314926147 0.0
0.29303431510925293 0.17265020310878754 0.0
0.3052130937576294 0.16365522146224976 0.0
0.30751287937164307 0.16845057904720306 0.0
0.5618790984153748 0.02830720879137516 0.0
0.31572026014328003 0.16492927074432373 0.0
0.3266453146934509 0.16420121490955353 0.0
0.3323938846588135 0.15991808474063873 0.0
0.3378547430038452 0.15636445581912994 0.0
0.3461529612541199 0.1540403813123703 0.0
0.5576005578041077 0.03783698379993439 0.0
0.35484230518341064 0.15299572050571442 0.0
0.35922253131866455 0.1497761458158493 0.0
0.5591562986373901 0.04211702197790146 0.0
0.3661465644836426 0.149030864238739 0.0
0.37464773654937744 0.14806737005710602 0.0
0.3837530016899109 0.14629694819450378 0.0
0.3926073908805847 0.14408670365810394 0.0
0.5583043098449707 0.049572259187698364 0.0
0.4010569453239441 0.14289943873882294 0.0
0.4051342010498047 0.13858556747436523 0.0
0.5570350289344788 0.05397079885005951 0.0
0.41085654497146606 0.1344536542892456 0.0
0.41958087682724 0.1353919804096222 0.0
0.4251443147659302 0.13144181668758392 0.0
0.4314345717430115 0.12746106088161469 0.0
0.5626088976860046 0.05747829005122185 0.0
0.5564210414886475 0.059581756591796875 0.0
0.44441646337509155 0.12427818030118942 0.0
0.45089900493621826 0.12204163521528244 0.0
0.45706725120544434 0.11937663704156876 0.0
0.46402257680892944 0.11860577017068863 0.0
0.5555033683776855 0.06493986397981644 0.0
0.4718189835548401 0.11750207096338272 0.0
0.5586062073707581 0.06872350722551346 0.0
0.4863662123680115 0.11060722917318344 0.0
0.55594801902771 0.07116233557462692 0.0
0.4918701648712158 0.11417317390441895 0.0
0.5568030476570129 0.07564257085323334 0.0
0.49950605630874634 0.11280252784490585 0.0
0.5051126480102539 0.10828910768032074 0.0
0.5524723529815674 0.07753577828407288 0.0
0.5117592811584473 0.10590334981679916 0.0
0.5528310537338257 0.07927902787923813 0.0
0.5461327433586121 0.08536509424448013 0.0
0.5492520928382874 0.08343058824539185 0.0
0.5512427091598511 0.0815039724111557 0.0
0.5234178304672241 0.10384432971477509 0.0
0.5436322689056396 0.0921114906668663 0.0
0.5464727878570557 0.08899809420108795 0.0
0.5276430249214172 0.10291605442762375 0.0
0.5393919944763184 0.09374897927045822 0.0
0.5335918664932251 0.0982346162199974 0.0
0.5385850071907043 0.09667819738388062 0.0
0.10810297727584839 0.015483363531529903 0.0
0.11544787883758545 0.0 0.0
0.1070709228515625 0.0 0.0
0.10957962274551392 0.024379421025514603 0.0
0.10564899444580078 0.03521062806248665 0.0
0.11364775896072388 0.04914760962128639 0.0
0.10753214359283447 0.043745189905166626 0.0
0.11629438400268555 0.07107583433389664 0.0
0.10782545804977417 0.06593486666679382 0.0
0.12264382839202881 0.08601205796003342 0.0
0.11559605598449707 0.09764564037322998 0.0
0.12055253982543945 0.1110372245311737 0.0
0.11609572172164917 0.1048576608300209 0.0
0.12408578395843506 0.11622639000415802 0.0
0.1240224838256836 0.1232214942574501 0.0
0.12474924325942993 0.12891151010990143 0.0
0.1257185935974121 0.13430999219417572 0.0
0.12964534759521484 0.1399632692337036 0.0
0.12970107793807983 0.1449284702539444 0.0
0.13221359252929688 0.14932331442832947 0.0
0.13517582416534424 0.1558772325515747 0.0
0.135128915309906 0.16322289407253265 0.0
0.13935047388076782 0.16873709857463837 0.0
0.14231103658676147 0.1744823157787323 0.0
0.14578783512115479 0.17903819680213928 0.0
0.1493402123451233 0.18324875831604004 0.0
0.15077316761016846 0.18697470426559448 0.0
0.15479260683059692 0.191117525100708 0.0
0.16260457038879395 0.1960805505514145 0.0
0.16930103302001953 0.19799479842185974 0.0
0.1657043695449829 0.20141108334064484 0.0
0.17083889245986938 0.20327208936214447 0.0
0.17599427700042725 0.20561784505844116 0.0
0.18436801433563232 0.20415280759334564 0.0
0.1914048194885254 0.2058025449514389 0.0
0.1987423300743103 0.20212875306606293 0.0
0.1990223526954651 0.2056170403957367 0.0
0.5685863494873047 0.0 0.0
0.5650241374969482 0.0 0.0
0.20836186408996582 0.20468340814113617 0.0
0.21971029043197632 0.1998319923877716 0.0
0.225816547870636 0.19684265553951263 0.0
0.2290407419204712 0.20049351453781128 0.0
0.24334079027175903 0.19474124908447266 0.0
0.2539823055267334 0.18883837759494781 0.0
0.25932395458221436 0.18560341000556946 0.0
0.2521136999130249 0.1930428445339203 0.0
0.2693450450897217 0.18613044917583466 0.0
0.2718009352684021 0.18141762912273407 0.0
0.26170313358306885 0.1912415474653244 0.0
0.27850639820098877 0.18341432511806488 0.0
0.28519415855407715 0.18050473928451538 0.0
0.29577404260635376 0.17915590107440948 0.0
0.3029068112373352 0.17304907739162445 0.0
0.3139408826828003 0.17242547869682312 0.0
0.32364094257354736 0.16941723227500916 0.0
0.564221203327179 0.03464232012629509 0.0
0.33116042613983154 0.16775774955749512 0.0
0.33442407846450806 0.16429342329502106 0.0
0.34223031997680664 0.1610153764486313 0.0
0.35457760095596313 0.1585298627614975 0.0
0.5665409564971924 0.04096682742238045 0.0
0.361991822719574 0.1538274586200714 0.0
0.37110990285873413 0.153579443693161 0.0
0.5639446377754211 0.04686732962727547 0.0
0.38223177194595337 0.1533040702342987 0.0
0.39296579360961914 0.15045513212680817 0.0
0.39909571409225464 0.1470956653356552 0.0
0.5650310516357422 0.05336662754416466 0.0
0.4086490869522095 0.14286889135837555 0.0
0.41408514976501465 0.13970737159252167 0.0
0.42374056577682495 0.1408158391714096 0.0
0.4267326593399048 0.1358180046081543 0.0
0.43365752696990967 0.1332772970199585 0.0
0.44073039293289185 0.1285894811153412 0.0
0.566178023815155 0.06199174001812935 0.0
0.4429171681404114 0.13399267196655273 0.0
0.4493389129638672 0.1267174333333969 0.0
0.4597628712654114 0.12442561239004135 0.0
0.4688246250152588 0.12168571352958679 0.0
0.4791058897972107 0.1164710745215416 0.0
0.4855216145515442 0.11516764760017395 0.0
0.5602542161941528 0.07203235477209091 0.0
0.5573804378509521 0.07666437327861786 0.0
0.5121121406555176 0.11032993346452713 0.0
0.5074076056480408 0.11350201815366745 0.0
0.5552288889884949 0.07740649580955505 0.0
0.5573527216911316 0.07966681569814682 0.0
0.5170724987983704 0.107883982360363 0.0
0.5515580773353577 0.0867171362042427 0.0
0.5528277158737183 0.08377157896757126 0.0
0.555018424987793 0.08210501074790955 0.0
0.5219343304634094 0.10667363554239273 0.0
0.5482358932495117 0.09201078116893768 0.0
0.5269008278846741 0.10613669455051422 0.0
0.533690333366394 0.10227660089731216 0.0
0.5431531071662903 0.09543433785438538 0.0
0.10010731220245361 0.009484071284532547 0.0
0.10128968954086304 0.0193060003221035 0.0
0.09802126884460449 0.02736642397940159 0.0
0.11104750633239746 0.05716962367296219 0.0
0.10299873352050781 0.05163969844579697 0.0
0.10334646701812744 0.05947309732437134 0.0
0.1124756932258606 0.07801270484924316 0.0
0.10778892040252686 0.0738573893904686 0.0
0.11590319871902466 0.09165709465742111 0.0
0.11196762323379517 0.08578933775424957 0.0
0.10690128803253174 0.09584520757198334 0.0
0.10904967784881592 0.10227752476930618 0.0
0.11244040727615356 0.11169219017028809 0.0
0.11536014080047607 0.11806191504001617 0.0
0.11584019660949707 0.13873305916786194 0.0
0.11608028411865234 0.1301475614309311 0.0
0.12291985750198364 0.14005163311958313 0.0
0.12384873628616333 0.1443503499031067 0.0
0.12424081563949585 0.1496545374393463 0.0
0.12532877922058105 0.1558026373386383 0.0
0.12676435708999634 0.16235989332199097 0.0
0.12810856103897095 0.16913935542106628 0.0
0.13698995113372803 0.17879603803157806 0.0
0.13306289911270142 0.17439202964305878 0.0
0.1405189037322998 0.18296515941619873 0.0
0.14427542686462402 0.18610388040542603 0.0
0.14516681432724 0.18972378969192505 0.0
0.14650005102157593 0.19352953135967255 0.0
0.15146100521087646 0.19664190709590912 0.0
0.1557486653327942 0.20096883177757263 0.0
0.15835261344909668 0.20555415749549866 0.0
0.16675841808319092 0.20605869591236115 0.0
0.16822248697280884 0.21136683225631714 0.0
0.17814218997955322 0.2113899439573288 0.0
0.18336737155914307 0.20758821070194244 0.0
0.18730252981185913 0.21103793382644653 0.0
0.5652814507484436 0.0 0.0
0.197676420211792 0.20977678894996643 0.0
0.2060490846633911 0.21109406650066376 0.0
0.21459966897964478 0.21062694489955902 0.0
0.22116756439208984 0.20547670125961304 0.0
0.2295054793357849 0.20588521659374237 0.0
0.23717373609542847 0.19844305515289307 0.0
0.5743193030357361 0.01890992745757103 0.0
0.5720457434654236 0.010386457666754723 0.0
0.23652905225753784 0.2033267617225647 0.0
0.24380069971084595 0.20019549131393433 0.0
0.24963736534118652 0.19721582531929016 0.0
0.5721638202667236 0.02593238465487957 0.0
0.2574005722999573 0.19699625670909882 0.0
0.27135008573532104 0.1913796365261078 0.0
0.2788316607475281 0.18853017687797546 0.0
0.28846585750579834 0.1851395219564438 0.0
0.5718724727630615 0.031327925622463226 0.0
0.30728960037231445 0.17755521833896637 0.0
0.2969200611114502 0.18432676792144775 0.0
0.3061274290084839 0.18404215574264526 0.0
0.3169184923171997 0.1790706068277359 0.0
0.3226906657218933 0.17428724467754364 0.0
0.3315301537513733 0.17251551151275635 0.0
0.3398577570915222 0.1678471863269806 0.0
0.5736802220344543 0.036872852593660355 0.0
0.3505488634109497 0.1649174839258194 0.0
0.36046648025512695 0.1632605791091919 0.0
0.3656877875328064 0.15854592621326447 0.0
0.5714260339736938 0.04597879573702812 0.0
0.37564969062805176 0.1586441546678543 0.0
0.5720375180244446 0.050822287797927856 0.0
0.3920036554336548 0.15635913610458374 0.0
0.5729921460151672 0.055964693427085876 0.0
0.40248429775238037 0.15117022395133972 0.0
0.4063767194747925 0.14688032865524292 0.0
0.5680618286132812 0.05798902362585068 0.0
0.41626209020614624 0.14632171392440796 0.0
0.42550742626190186 0.14627626538276672 0.0
0.43200618028640747 0.13879525661468506 0.0
0.4384233355522156 0.137445867061615 0.0
0.4476671814918518 0.13072867691516876 0.0
0.4544028639793396 0.12951985001564026 0.0
0.4708324670791626 0.12588709592819214 0.0
0.47740495204925537 0.12176494300365448 0.0
0.5650352835655212 0.06994670629501343 0.0
0.48515784740448 0.11975085735321045 0.0
0.5654290318489075 0.07388649880886078 0.0
0.4903872013092041 0.1180846244096756 0.0
0.49713653326034546 0.11891897767782211 0.0
0.5044847726821899 0.11779800802469254 0.0
0.5135102272033691 0.11483674496412277 0.0
0.5580498576164246 0.07691881060600281 0.0
0.5177913904190063 0.11211387068033218 0.0
0.5563421249389648 0.08534776419401169 0.0
0.5212196111679077 0.10990116745233536 0.0
0.5518380999565125 0.09064056724309921 0.0
0.5516232252120972 0.09380025416612625 0.0
0.5473501086235046 0.09453058987855911 0.0
0.5312790870666504 0.10524323582649231 0.0
0.5390530228614807 0.10021286457777023 0.0
0.5435006618499756 0.09848368912935257 0.0
0.08745992183685303 0.007339580450206995 0.0
0.09777909517288208 0.0 0.0
0.09598857164382935 0.0 0.0
0.09027034044265747 0.018806960433721542 0.0
0.09343147277832031 0.036003705114126205 0.0
0.09821313619613647 0.04337473213672638 0.0
0.09894716739654541 0.0645977109670639 0.0
0.10380637645721436 0.0806572213768959 0.0
0.09832155704498291 0.07282574474811554 0.0
0.10683268308639526 0.10845983773469925 0.0
0.10519474744796753 0.116103895008564 0.0
0.10757911205291748 0.12436828762292862 0.0
0.10525524616241455 0.13203366100788116 0.0
0.10942953824996948 0.135949045419693 0.0
0.11711210012435913 0.14877007901668549 0.0
0.11831468343734741 0.143498033285141 0.0
0.11697638034820557 0.15516632795333862 0.0
0.11731725931167603 0.16219796240329742 0.0
0.12080258131027222 0.16702429950237274 0.0
0.11973446607589722 0.1712987869977951 0.0
0.12310993671417236 0.175595223903656 0.0
0.12928664684295654 0.17870178818702698 0.0
0.13149237632751465 0.18274366855621338 0.0
0.13529139757156372 0.1879933476448059 0.0
0.13843828439712524 0.1931803673505783 0.0
0.1417739987373352 0.19737587869167328 0.0
0.14609938859939575 0.20113109052181244 0.0
0.14891624450683594 0.20527802407741547 0.0
0.16061562299728394 0.20950494706630707 0.0
0.17277199029922485 0.21560947597026825 0.0
0.18197405338287354 0.21719320118427277 0.0
0.5830495953559875 0.0 0.0
0.19162321090698242 0.21442586183547974 0.0
0.1913818120956421 0.21829374134540558 0.0
0.57924485206604 0.005240834783762693 0.0
0.1999514102935791 0.2155504822731018 0.0
0.5835604667663574 0.012357644736766815 0.0
0.20900529623031616 0.21460823714733124 0.0
0.2168300747871399 0.2163909375667572 0.0
0.22540271282196045 0.21121150255203247 0.0
0.23521339893341064 0.20879100263118744 0.0
0.5810614228248596 0.02448154054582119 0.0
0.25184667110443115 0.20157593488693237 0.0
0.5784817337989807 0.028916027396917343 0.0
0.24469417333602905 0.20625212788581848 0.0
0.2609374523162842 0.20213919878005981 0.0
0.2684784531593323 0.1970246583223343 0.0
0.2784610986709595 0.19395893812179565 0.0
0.2868562340736389 0.1911442130804062 0.0
0.5804464817047119 0.033276449888944626 0.0
0.29678815603256226 0.1889430284500122 0.0
0.3163261413574219 0.18442243337631226 0.0
0.32732629776000977 0.17791473865509033 0.0
0.3404802680015564 0.17294834554195404 0.0
0.5763705372810364 0.04255008324980736 0.0
0.34978991746902466 0.17072805762290955 0.0
0.35710203647613525 0.1673130840063095 0.0
0.5784763097763062 0.04807484522461891 0.0
0.36508291959762573 0.1667238026857376 0.0
0.36986756324768066 0.1628866046667099 0.0
0.37892675399780273 0.163556769490242 0.0
0.3854125738143921 0.1597278118133545 0.0
0.3987385034561157 0.15474116802215576 0.0
0.5735856294631958 0.06035454943776131 0.0
0.4100237488746643 0.15086406469345093 0.0
0.4168105125427246 0.15312975645065308 0.0
0.43175870180130005 0.14415811002254486 0.0
0.43882447481155396 0.14211183786392212 0.0
0.446574330329895 0.1395583152770996 0.0
0.4530911445617676 0.13443931937217712 0.0
0.5742334127426147 0.06412959098815918 0.0
0.5709474682807922 0.06751452386379242 0.0
0.463834285736084 0.13080407679080963 0.0
0.479051411151886 0.12635599076747894 0.0
0.48557984828948975 0.1246367022395134 0.0
0.4918595552444458 0.12231707572937012 0.0
0.5587450861930847 0.07718163728713989 0.0
0.5601227283477783 0.07770384848117828 0.0
0.5098864436149597 0.11734361946582794 0.0
0.5594770312309265 0.08311885595321655 0.0
0.5236517190933228 0.11359844356775284 0.0
0.5572201609611511 0.08953265845775604 0.0
0.555501401424408 0.09278948605060577 0.0
0.5260558724403381 0.10985900461673737 0.0
0.5325813889503479 0.10921216756105423 0.0
0.5368102788925171 0.10628576576709747 0.0
0.540673017501831 0.10383446514606476 0.0
0.5449864864349365 0.1018853411078453 0.0
0.5467167496681213 0.09700358659029007 0.0
0.08040869235992432 0.014089524745941162 0.0
0.09544819593429565 0.0 0.0
0.09465330839157104 0.0 0.0
0.08676809072494507 0.02945088967680931 0.0
0.08271396160125732 0.03724255785346031 0.0
0.09064817428588867 0.051408980041742325 0.0
0.0875365138053894 0.043444957584142685 0.0
0.09551149606704712 0.05859478935599327 0.0
0.08958113193511963 0.06654398888349533 0.0
0.09997880458831787 0.0895952507853508 0.0
0.09199339151382446 0.0828280970454216 0.0
0.09551781415939331 0.09887811541557312 0.0
0.10114401578903198 0.10430346429347992 0.0
0.09652823209762573 0.12908627092838287 0.0
0.0994497537612915 0.12167324125766754 0.0
0.10633790493011475 0.14158864319324493 0.0
0.1032610535621643 0.13750746846199036 0.0
0.11118781566619873 0.14596453309059143 0.0
0.1079941987991333 0.1542128026485443 0.0
0.11057978868484497 0.15997126698493958 0.0
0.10918545722961426 0.16476711630821228 0.0
0.11283761262893677 0.1691245138645172 0.0
0.1141614317893982 0.17457301914691925 0.0
0.11567866802215576 0.1784859299659729 0.0
0.12162226438522339 0.18149180710315704 0.0
0.12476366758346558 0.18647946417331696 0.0
0.12617111206054688 0.190506249666214 0.0
0.13052600622177124 0.1928989589214325 0.0
0.13064265251159668 0.19810710847377777 0.0
0.13663649559020996 0.20213724672794342 0.0
0.14132624864578247 0.20474635064601898 0.0
0.14025360345840454 0.20921377837657928 0.0
0.1509319543838501 0.21053574979305267 0.0
0.15790140628814697 0.21430183947086334 0.0
0.16466015577316284 0.21745634078979492 0.0
0.17129850387573242 0.22049270570278168 0.0
0.17759031057357788 0.2232683300971985 0.0
0.5868175625801086 0.0 0.0
0.5896561145782471 0.0 0.0
0.5895093679428101 0.004283097106963396 0.0
0.18671363592147827 0.22266674041748047 0.0
0.1968480944633484 0.22119513154029846 0.0
0.5839344263076782 0.01945755071938038 0.0
0.20668840408325195 0.21909567713737488 0.0
0.21322327852249146 0.22200533747673035 0.0
0.20333045721054077 0.22439159452915192 0.0
0.22161263227462769 0.22010724246501923 0.0
0.22593116760253906 0.21660783886909485 0.0
0.23376238346099854 0.21425983309745789 0.0
0.24123692512512207 0.21148681640625 0.0
0.2550860643386841 0.20676356554031372 0.0
0.5863233208656311 0.02926001325249672 0.0
0.24949616193771362 0.21147111058235168 0.0
0.2632352113723755 0.206769198179245 0.0
0.27003806829452515 0.2035236358642578 0.0
0.2797948122024536 0.19974283874034882 0.0
0.28540754318237305 0.19561608135700226 0.0
0.5826084017753601 0.038630153983831406 0.0
0.2928130030632019 0.1943482607603073 0.0
0.30509841442108154 0.1898801326751709 0.0
0.3004053831100464 0.19319191575050354 0.0
0.31270313262939453 0.18862111866474152 0.0
0.5856835842132568 0.04446955770254135 0.0
0.32402634620666504 0.18277546763420105 0.0
0.33267706632614136 0.18179965019226074 0.0
0.3365538716316223 0.1771976798772812 0.0
0.3462701439857483 0.17630019783973694 0.0
0.5851975679397583 0.049808718264102936 0.0
0.35602134466171265 0.17481228709220886 0.0
0.3603876233100891 0.17055164277553558 0.0
0.5805861353874207 0.05371713265776634 0.0
0.36998605728149414 0.1698695868253708 0.0
0.372783899307251 0.16627267003059387 0.0
0.5791460871696472 0.05842670053243637 0.0
0.3894094228744507 0.16528385877609253 0.0
0.3935975432395935 0.1607671082019806 0.0
0.3987610340118408 0.1585075855255127 0.0
0.4070996046066284 0.15660181641578674 0.0
0.4233923554420471 0.15024758875370026 0.0
0.5818197131156921 0.06299710273742676 0.0
0.431641161441803 0.15022091567516327 0.0
0.439053475856781 0.1474115401506424 0.0
0.57923424243927 0.0677727460861206 0.0
0.44670742750167847 0.14592665433883667 0.0
0.45630693435668945 0.13982249796390533 0.0
0.4628516435623169 0.13642941415309906 0.0
0.4715026617050171 0.13456009328365326 0.0
0.47531378269195557 0.13014958798885345 0.0
0.5713835954666138 0.07245802879333496 0.0
0.4844532012939453 0.1294766068458557 0.0
0.49348026514053345 0.12823574244976044 0.0
0.49806874990463257 0.12430538982152939 0.0
0.5645614862442017 0.07716519385576248 0.0
0.5703717470169067 0.0767088457942009 0.0
0.503763735294342 0.12298925220966339 0.0
0.5096337199211121 0.12135645747184753 0.0
0.567570686340332 0.08032512664794922 0.0
0.5616975426673889 0.08037634193897247 0.0
0.5652130842208862 0.08405561745166779 0.0
0.5146944522857666 0.11933526396751404 0.0
0.5615144371986389 0.08693680167198181 0.0
0.5194472670555115 0.11673231422901154 0.0
0.5311520099639893 0.11440704017877579 0.0
0.5267330408096313 0.11899034678936005 0.0
0.5509387850761414 0.09689868986606598 0.0
0.5559907555580139 0.09607436507940292 0.0
0.5399445295333862 0.11014596372842789 0.0
0.5434622168540955 0.10737977176904678 0.0
0.5462676286697388 0.10502148419618607 0.0
0.5488507151603699 0.09976857900619507 0.0
0.07611918449401855 0.005551599897444248 0.0
0.08308351039886475 0.0 0.0
0.07736659049987793 0.023900289088487625 0.0
0.08140820264816284 0.04933419078588486 0.0
0.08712702989578247 0.059132739901542664 0.0
0.08008033037185669 0.0561056062579155 0.0
0.08816611766815186 0.07499286532402039 0.0
0.08929014205932617 0.09282159805297852 0.0
0.09876793622970581 0.11162972450256348 0.0
0.0905655026435852 0.10864949971437454 0.0
0.09222263097763062 0.11539991945028305 0.0
0.0972449779510498 0.11727204918861389 0.0
0.09085875749588013 0.12223140150308609 0.0
0.09831476211547852 0.13570304214954376 0.0
0.09662216901779175 0.14267359673976898 0.0
0.10140615701675415 0.1490298956632614 0.0
0.09701991081237793 0.15724433958530426 0.0
0.10236680507659912 0.16271483898162842 0.0
0.10379695892333984 0.16880202293395996 0.0
0.10576295852661133 0.17371134459972382 0.0
0.10792851448059082 0.1781761348247528 0.0
0.11113518476486206 0.18210433423519135 0.0
0.11488670110702515 0.18615266680717468 0.0
0.11788195371627808 0.19056002795696259 0.0
0.12131291627883911 0.19537682831287384 0.0
0.12036740779876709 0.20093964040279388 0.0
0.1249626874923706 0.2055967152118683 0.0
0.13453292846679688 0.20636393129825592 0.0
0.1418556571006775 0.2137221246957779 0.0
0.14762187004089355 0.21653003990650177 0.0
0.1543756127357483 0.2205650955438614 0.0
0.162975013256073 0.22236214578151703 0.0
0.5957679152488708 0.0 0.0
0.5984064936637878 0.0039045175071805716 0.0
0.5968917608261108 0.011140950955450535 0.0
0.5902478694915771 0.017056385055184364 0.0
0.19277292490005493 0.22664013504981995 0.0
0.5909574031829834 0.023352859541773796 0.0
0.22003024816513062 0.22451616823673248 0.0
0.23145407438278198 0.22072485089302063 0.0
0.24295324087142944 0.21635763347148895 0.0
0.5891326069831848 0.0348297543823719 0.0
0.597533106803894 0.030465489253401756 0.0
0.2523546814918518 0.21553435921669006 0.0
0.2607213854789734 0.2121458500623703 0.0
0.26979774236679077 0.20894354581832886 0.0
0.27854520082473755 0.20599675178527832 0.0
0.28901350498199463 0.19830435514450073 0.0
0.590041995048523 0.039793889969587326 0.0
0.28910499811172485 0.20291049778461456 0.0
0.2981202006340027 0.19801191985607147 0.0
0.3088110685348511 0.1939283162355423 0.0
0.31772422790527344 0.19139504432678223 0.0
0.32117706537246704 0.18739381432533264 0.0
0.3293458819389343 0.1861789971590042 0.0
0.33658331632614136 0.18526452779769897 0.0
0.34266138076782227 0.18187756836414337 0.0
0.5922624468803406 0.04856649413704872 0.0
0.35441672801971436 0.18025292456150055 0.0
0.5894691944122314 0.05331830307841301 0.0
0.3618525266647339 0.1772581934928894 0.0
0.36550837755203247 0.1738123744726181 0.0
0.37658751010894775 0.17376314103603363 0.0
0.37943798303604126 0.16833125054836273 0.0
0.5875542759895325 0.05834962800145149 0.0
0.39756911993026733 0.16950079798698425 0.0
0.40190941095352173 0.16327764093875885 0.0
0.41705185174942017 0.15915146470069885 0.0
0.4255676865577698 0.15540537238121033 0.0
0.4528157711029053 0.14346295595169067 0.0
0.46475327014923096 0.14078110456466675 0.0
0.46948856115341187 0.13819192349910736 0.0
0.47674697637557983 0.13798686861991882 0.0
0.4808422327041626 0.13397546112537384 0.0
0.5767833590507507 0.07123114913702011 0.0
0.577828586101532 0.07620031386613846 0.0
0.5740481019020081 0.07999648153781891 0.0
0.5033677816390991 0.1290055811405182 0.0
0.5729751586914062 0.08441007137298584 0.0
0.5682507157325745 0.08848793059587479 0.0
0.5676046013832092 0.09256748855113983 0.0
0.563040554523468 0.09042127430438995 0.0
0.5206443667411804 0.12157764285802841 0.0
0.5611162185668945 0.09381800889968872 0.0
0.5555197596549988 0.1005658507347107 0.0
0.5370994806289673 0.11299662292003632 0.0
0.5389219522476196 0.11724530905485153 0.0
0.5514606833457947 0.10391376167535782 0.0
0.07044953107833862 0.015543223358690739 0.0
0.07698625326156616 0.0 0.0
0.06902092695236206 0.0 0.0
0.08003425598144531 0.0 0.0
0.0778166651725769 0.03220333904027939 0.0
0.0725172758102417 0.03787822648882866 0.0
0.07671546936035156 0.0440988764166832 0.0
0.07946896553039551 0.06407696008682251 0.0
0.07968473434448242 0.07244989275932312 0.0
0.08132553100585938 0.08051780611276627 0.0
0.08238965272903442 0.08803994953632355 0.0
0.07976990938186646 0.09560119360685349 0.0
0.08475828170776367 0.10173872858285904 0.0
0.08946239948272705 0.13780727982521057 0.0
0.08428835868835449 0.13084189593791962 0.0
0.08213329315185547 0.12452381104230881 0.0
0.08775162696838379 0.14519855380058289 0.0
0.08937817811965942 0.15239349007606506 0.0
0.09253507852554321 0.1643788367509842 0.0
0.08881878852844238 0.16001775860786438 0.0
0.09648865461349487 0.16826416552066803 0.0
0.09707480669021606 0.17301452159881592 0.0
0.09931021928787231 0.17764975130558014 0.0
0.10145717859268188 0.18206533789634705 0.0
0.10451412200927734 0.18638093769550323 0.0
0.10815393924713135 0.19061057269573212 0.0
0.11067146062850952 0.1952591836452484 0.0
0.11187785863876343 0.20045575499534607 0.0
0.1296277642250061 0.2104695737361908 0.0
0.13422518968582153 0.21371982991695404 0.0
0.1357995867729187 0.2186792641878128 0.0
0.14397943019866943 0.22131763398647308 0.0
0.15645140409469604 0.22629837691783905 0.0
0.16801124811172485 0.22676874697208405 0.0
0.5957679152488708 0.0 0.0
0.5957679152488708 0.0 0.0
0.5957679152488708 0.0 0.0
0.18043076992034912 0.22876448929309845 0.0
0.6045213341712952 0.005933341104537249 0.0
0.1894463300704956 0.23225907981395721 0.0
0.5966818332672119 0.01845513842999935 0.0
0.19991827011108398 0.22969157993793488 0.0
0.19732773303985596 0.2348298877477646 0.0
0.2099878191947937 0.22713597118854523 0.0
0.20670247077941895 0.23207645118236542 0.0
0.21647489070892334 0.22966618835926056 0.0
0.227117121219635 0.22720056772232056 0.0
0.5974795818328857 0.03772081062197685 0.0
0.23771017789840698 0.2252723127603531 0.0
0.24204719066619873 0.22120891511440277 0.0
0.2499365210533142 0.2195291817188263 0.0
0.2584384083747864 0.21801075339317322 0.0
0.2691196799278259 0.21255511045455933 0.0
0.2778043746948242 0.21213336288928986 0.0
0.28564566373825073 0.20788565278053284 0.0
0.5951149463653564 0.043365754187107086 0.0
0.29906606674194336 0.20249491930007935 0.0
0.30781489610671997 0.1994127333164215 0.0
0.31903207302093506 0.19575826823711395 0.0
0.3257947564125061 0.19075016677379608 0.0
0.34301650524139404 0.18746629357337952 0.0
0.3654628396034241 0.18070463836193085 0.0
0.36915385723114014 0.17695863544940948 0.0
0.5945021510124207 0.05611149221658707 0.0
0.3878122568130493 0.17141050100326538 0.0
0.38665837049484253 0.17690297961235046 0.0
0.5916792750358582 0.06338962912559509 0.0
0.4056856632232666 0.16853196918964386 0.0
0.41281020641326904 0.16500970721244812 0.0
0.588600754737854 0.06847977638244629 0.0
0.4225428104400635 0.16299264132976532 0.0
0.42404699325561523 0.15944108366966248 0.0
0.5834954380989075 0.0728076919913292 0.0
0.4307405352592468 0.16012641787528992 0.0
0.43398743867874146 0.1554335653781891 0.0
0.4413122534751892 0.1529083102941513 0.0
0.4444540739059448 0.14951330423355103 0.0
0.4509076476097107 0.1519072949886322 0.0
0.45599687099456787 0.14781585335731506 0.0
0.4604809284210205 0.14428463578224182 0.0
0.46891891956329346 0.1446727216243744 0.0
0.4725402593612671 0.14132559299468994 0.0
0.4804086685180664 0.1418273150920868 0.0
0.4853668808937073 0.13814601302146912 0.0
0.48989391326904297 0.1337696611881256 0.0
0.5798529982566833 0.0818183422088623 0.0
0.49871814250946045 0.13417235016822815 0.0
0.5799382328987122 0.08656658232212067 0.0
0.5746840238571167 0.08851601183414459 0.0
0.51002037525177 0.12638017535209656 0.0
0.5725976228713989 0.09114552289247513 0.0
0.5154728889465332 0.12404120713472366 0.0
0.5217390060424805 0.12616340816020966 0.0
0.5735078454017639 0.09429503977298737 0.0
0.5677313208580017 0.09636185318231583 0.0
0.526061475276947 0.12366914004087448 0.0
0.5327932238578796 0.12349815666675568 0.0
0.5619876980781555 0.09867440164089203 0.0
0.5335653424263 0.11915576457977295 0.0
0.5631396770477295 0.10454513877630234 0.0
0.543201208114624 0.1140119805932045 0.0
0.5467932820320129 0.11097048968076706 0.0
0.5498428344726562 0.10783223062753677 0.0
0.06461668014526367 0.007021512370556593 0.0
0.06953597068786621 0.03127294033765793 0.0
0.06672680377960205 0.02427591383457184 0.0
0.06386470794677734 0.0 0.0
0.06080985069274902 0.0 0.0
0.062472403049468994 0.0 0.0
0.0640379786491394 0.03680473938584328 0.0
0.07036256790161133 0.05241826921701431 0.0
0.06400078535079956 0.04421592876315117 0.0
0.07037842273712158 0.061435770243406296 0.0
0.0700792670249939 0.06981349736452103 0.0
0.07008928060531616 0.07961998134851456 0.0
0.0753401517868042 0.08568333089351654 0.0
0.07528197765350342 0.0910867229104042 0.0
0.07748371362686157 0.11115400493144989 0.0
0.0743141770362854 0.10329277068376541 0.0
0.0760846734046936 0.12335480749607086 0.0
0.08346933126449585 0.11772504448890686 0.0
0.08136814832687378 0.14383728802204132 0.0
0.08055049180984497 0.13834148645401 0.0
0.08153855800628662 0.14979839324951172 0.0
0.0801321268081665 0.1551673710346222 0.0
0.08363533020019531 0.16557934880256653 0.0
0.0815461277961731 0.15994539856910706 0.0
0.08714967966079712 0.17162570357322693 0.0
0.09056180715560913 0.17736481130123138 0.0
0.0935102105140686 0.1813255101442337 0.0
0.0922461748123169 0.18704427778720856 0.0
0.09851950407028198 0.19111351668834686 0.0
0.10133641958236694 0.19530408084392548 0.0
0.10246074199676514 0.20031702518463135 0.0
0.11308830976486206 0.20576083660125732 0.0
0.10310834646224976 0.20588234066963196 0.0
0.11479109525680542 0.21005378663539886 0.0
0.12080317735671997 0.21158787608146667 0.0
0.12378418445587158 0.2164997011423111 0.0
0.1353754997253418 0.2249756008386612 0.0
0.14616137742996216 0.2256590723991394 0.0
0.14828449487686157 0.23076766729354858 0.0
0.15863806009292603 0.23160825669765472 0.0
0.6008031368255615 0.0 0.0
0.605840265750885 0.0 0.0
0.15916907787322998 0.23621121048927307 0.0
0.16908478736877441 0.23393572866916656 0.0
0.17989665269851685 0.2346956431865692 0.0
0.6086835861206055 0.01108354702591896 0.0
0.6046054363250732 0.017070086672902107 0.0
0.18695074319839478 0.2377835214138031 0.0
0.601520299911499 0.023418046534061432 0.0
0.6089374423027039 0.02858688309788704 0.0
0.20430010557174683 0.23613812029361725 0.0
0.2126481533050537 0.23441924154758453 0.0
0.6085014343261719 0.03591842204332352 0.0
0.22282624244689941 0.2324327826499939 0.0
0.2346363067626953 0.2306077480316162 0.0
0.2431938648223877 0.22787202894687653 0.0
0.24791979789733887 0.22416861355304718 0.0
0.25537484884262085 0.2219020128250122 0.0
0.2632499933242798 0.2221323549747467 0.0
0.26853126287460327 0.21671432256698608 0.0
0.2775510549545288 0.21757616102695465 0.0
0.2893475890159607 0.21105456352233887 0.0
0.2946511507034302 0.20656992495059967 0.0
0.6009384989738464 0.04747675359249115 0.0
0.30650776624679565 0.20453384518623352 0.0
0.3154735565185547 0.20064938068389893 0.0
0.5974815487861633 0.05233106389641762 0.0
0.32522404193878174 0.19921457767486572 0.0
0.3307541012763977 0.19428087770938873 0.0
0.3409571647644043 0.19269801676273346 0.0
0.35172051191329956 0.1906169056892395 0.0
0.3601886034011841 0.18578846752643585 0.0
0.37094181776046753 0.1847008615732193 0.0
0.3766937255859375 0.17976754903793335 0.0
0.5967493653297424 0.05973024293780327 0.0
0.39581555128097534 0.17493629455566406 0.0
0.5961414575576782 0.06702277064323425 0.0
0.4123382568359375 0.1712421029806137 0.0
0.42100828886032104 0.16840368509292603 0.0
0.43006348609924316 0.16577699780464172 0.0
0.591529905796051 0.07457831501960754 0.0
0.5865032076835632 0.0789419561624527 0.0
0.4387166500091553 0.16333523392677307 0.0
0.4399648904800415 0.15845979750156403 0.0
0.4485585689544678 0.15745320916175842 0.0
0.46003299951553345 0.15223346650600433 0.0
0.46621012687683105 0.1491917371749878 0.0
0.585888683795929 0.08429791033267975 0.0
0.4758718013763428 0.14444968104362488 0.0
0.48296058177948 0.1462198942899704 0.0
0.4939050078392029 0.1386677771806717 0.0
0.5070135593414307 0.1350838989019394 0.0
0.5791933536529541 0.09128144383430481 0.0
0.5115182995796204 0.13152432441711426 0.0
0.5166900157928467 0.1288241595029831 0.0
0.5739589929580688 0.09785071015357971 0.0
0.528465986251831 0.1274644136428833 0.0
0.5695247054100037 0.10073157399892807 0.0
0.5725694298744202 0.10518519580364227 0.0
0.5380686521530151 0.12126718461513519 0.0
0.5632535219192505 0.10974225401878357 0.0
0.5567657351493835 0.10794010013341904 0.0
0.5440250635147095 0.1210562139749527 0.0
0.5455321073532104 0.11747058480978012 0.0
0.5507104396820068 0.11501502990722656 0.0
0.5528184175491333 0.11114048212766647 0.0
0.057820022106170654 0.018534516915678978 0.0
0.05897879600524902 0.0 0.0
0.06002962589263916 0.030276047065854073 0.0
0.05517852306365967 0.03807545453310013 0.0
0.05886739492416382 0.051898419857025146 0.0
0.06245988607406616 0.06688359379768372 0.0
0.059394657611846924 0.059909921139478683 0.0
0.06699740886688232 0.08974974602460861 0.0
0.0705869197845459 0.09686753153800964 0.0
0.07511723041534424 0.1290750503540039 0.0
0.07376408576965332 0.1192660704255104 0.0
0.07258874177932739 0.1441044956445694 0.0
0.07437872886657715 0.13602003455162048 0.0
0.07460761070251465 0.1539163589477539 0.0
0.07364469766616821 0.15974661707878113 0.0
0.07658499479293823 0.175561785697937 0.0
0.07819437980651855 0.17049580812454224 0.0
0.08252054452896118 0.1777653992176056 0.0
0.08427560329437256 0.18282680213451385 0.0
0.09058362245559692 0.1928185373544693 0.0
0.0938757061958313 0.19542451202869415 0.0
0.09363633394241333 0.1999765783548355 0.0
0.09382915496826172 0.2055695503950119 0.0
0.09395629167556763 0.2112501561641693 0.0
0.10413658618927002 0.21211135387420654 0.0
0.11221808195114136 0.2153685837984085 0.0
0.12356001138687134 0.22354745864868164 0.0
0.13761883974075317 0.23017896711826324 0.0
0.15064769983291626 0.235760897397995 0.0
0.1537572145462036 0.24096450209617615 0.0
0.16382789611816406 0.23902101814746857 0.0
0.16306865215301514 0.24418923258781433 0.0
0.6136639714241028 0.005135055165737867 0.0
0.17420315742492676 0.2398499846458435 0.0
0.6198914051055908 0.011823121458292007 0.0
0.6131982803344727 0.016361355781555176 0.0
0.18406933546066284 0.2439534217119217 0.0
0.6113221049308777 0.022075088694691658 0.0
0.19728964567184448 0.24014748632907867 0.0
0.20833587646484375 0.23875567317008972 0.0
0.6168356537818909 0.03238009661436081 0.0
0.2183171510696411 0.23721851408481598 0.0
0.2288050651550293 0.23559273779392242 0.0
0.604261040687561 0.0421086885035038 0.0
0.23787856101989746 0.2345457375049591 0.0
0.24580228328704834 0.23167484998703003 0.0
0.249972403049469 0.22788052260875702 0.0
0.25667500495910645 0.22572821378707886 0.0
0.27303510904312134 0.22211581468582153 0.0
0.28538620471954346 0.21563342213630676 0.0
0.2945958375930786 0.21403363347053528 0.0
0.2999119162559509 0.20962782204151154 0.0
0.6062229871749878 0.05168868228793144 0.0
0.31137317419052124 0.2084016352891922 0.0
0.3185756206512451 0.20383937656879425 0.0
0.6018300652503967 0.05613378807902336 0.0
0.32986289262771606 0.2027549147605896 0.0
0.3361157178878784 0.19788403809070587 0.0
0.3467753529548645 0.19665178656578064 0.0
0.3611030578613281 0.1906924694776535 0.0
0.3670719861984253 0.18855313956737518 0.0
0.37467604875564575 0.18914352357387543 0.0
0.3806569576263428 0.18496517837047577 0.0
0.3861626386642456 0.1814776062965393 0.0
0.6003344058990479 0.06385121494531631 0.0
0.38994932174682617 0.1858055293560028 0.0
0.3951966166496277 0.18083637952804565 0.0
0.40411728620529175 0.17333075404167175 0.0
0.4022975564002991 0.1778942048549652 0.0
0.597217321395874 0.07135063409805298 0.0
0.42060160636901855 0.17435868084430695 0.0
0.4456191062927246 0.1614256352186203 0.0
0.5952495336532593 0.08010172098875046 0.0
0.590874195098877 0.08294261991977692 0.0
0.45919036865234375 0.15766111016273499 0.0
0.4677824378013611 0.15480759739875793 0.0
0.47618311643600464 0.1527031809091568 0.0
0.47512316703796387 0.1479153037071228 0.0
0.4886462092399597 0.1425016075372696 0.0
0.48137474060058594 0.14994296431541443 0.0
0.4959556460380554 0.14291349053382874 0.0
0.5859872698783875 0.08881330490112305 0.0
0.5026040077209473 0.14008133113384247 0.0
0.513598620891571 0.13578633964061737 0.0
0.5808824896812439 0.09647445380687714 0.0
0.5183826684951782 0.13353168964385986 0.0
0.5235635638237 0.13058754801750183 0.0
0.5358158946037292 0.12834180891513824 0.0
0.5695598721504211 0.10896795243024826 0.0
0.5407575964927673 0.12488529086112976 0.0
0.5506654977798462 0.1198163628578186 0.0
0.556546688079834 0.11790060251951218 0.0
0.5590870380401611 0.11350739002227783 0.0
0.053366899490356445 0.005958224646747112 0.0
0.0431598424911499 0.01669013872742653 0.0
0.053890228271484375 0.0 0.0
0.05813080072402954 0.0 0.0
0.058554887771606445 0.0 0.0
0.0571131706237793 0.0 0.0
0.05762195587158203 0.0 0.0
0.04953348636627197 0.029310349375009537 0.0
0.04983323812484741 0.04629231616854668 0.0
0.04981774091720581 0.055687177926301956 0.0
0.05354040861129761 0.06835353374481201 0.0
0.05912351608276367 0.07524541020393372 0.0
0.05869215726852417 0.0847792699933052 0.0
0.062336266040802 0.097239650785923 0.0
0.06313538551330566 0.10449010878801346 0.0
0.06817394495010376 0.10997090488672256 0.0
0.06575602293014526 0.11761518567800522 0.0
0.06512069702148438 0.1266927421092987 0.0
0.06766581535339355 0.13382472097873688 0.0
0.06513124704360962 0.140895813703537 0.0
0.06873071193695068 0.15213744342327118 0.0
0.07578766345977783 0.14868547022342682 0.0
0.07370072603225708 0.16637331247329712 0.0
0.06433331966400146 0.16470633447170258 0.0
0.07007890939712524 0.17306429147720337 0.0
0.07423317432403564 0.18171387910842896 0.0
0.06744265556335449 0.1788892298936844 0.0
0.0753098726272583 0.18714819848537445 0.0
0.08216524124145508 0.18813569843769073 0.0
0.08318489789962769 0.1925872266292572 0.0
0.08499711751937866 0.19837352633476257 0.0
0.08512628078460693 0.20496244728565216 0.0
0.11174756288528442 0.22166495025157928 0.0
0.12465351819992065 0.2304144948720932 0.0
0.13089966773986816 0.23418869078159332 0.0
0.13953185081481934 0.23580105602741241 0.0
0.13023531436920166 0.23823890089988708 0.0
0.13411468267440796 0.24275487661361694 0.0
0.13190698623657227 0.2504091262817383 0.0
0.1402362585067749 0.2521115243434906 0.0
0.134360671043396 0.25582996010780334 0.0
0.14318478107452393 0.24601343274116516 0.0
0.14422708749771118 0.2400982826948166 0.0
0.6236417293548584 0.0 0.0
0.6191468238830566 0.0 0.0
0.1405293345451355 0.2560279965400696 0.0
0.1378433108329773 0.2592659890651703 0.0
0.14688074588775635 0.2537934482097626 0.0
0.14772576093673706 0.24973644316196442 0.0
0.1429196000099182 0.26187220215797424 0.0
0.13416177034378052 0.26310995221138 0.0
0.14595884084701538 0.25817906856536865 0.0
0.1528148055076599 0.24622833728790283 0.0
0.622466504573822 0.005233218893408775 0.0
0.14919555187225342 0.26090481877326965 0.0
0.15271085500717163 0.25546586513519287 0.0
0.15719366073608398 0.2506006360054016 0.0
0.1421501636505127 0.26541221141815186 0.0
0.1492384672164917 0.2634553909301758 0.0
0.15029370784759521 0.2668691873550415 0.0
0.154241681098938 0.2586745619773865 0.0
0.1606578826904297 0.25548282265663147 0.0
0.15439778566360474 0.2614761292934418 0.0
0.16769051551818848 0.25187912583351135 0.0
0.1673598289489746 0.24796593189239502 0.0
0.17291748523712158 0.24487711489200592 0.0
0.15674710273742676 0.2637583017349243 0.0
0.1630687713623047 0.2599467933177948 0.0
0.16848081350326538 0.255727082490921 0.0
0.17559278011322021 0.2485947608947754 0.0
0.6216533780097961 0.020010368898510933 0.0
0.17593234777450562 0.25319111347198486 0.0
0.16385817527770996 0.26374271512031555 0.0
0.17410671710968018 0.25786083936691284 0.0
0.18486016988754272 0.24990448355674744 0.0
0.1963614821434021 0.24641095101833344 0.0
0.6186518669128418 0.026775218546390533 0.0
0.17131799459457397 0.26225289702415466 0.0
0.183546245098114 0.2552408277988434 0.0
0.2046491503715515 0.2426261454820633 0.0
0.20822089910507202 0.2460896521806717 0.0
0.2138810157775879 0.24182070791721344 0.0
0.22478419542312622 0.24046902358531952 0.0
0.6214026212692261 0.03859413042664528 0.0
0.6128875017166138 0.041719719767570496 0.0
0.23570656776428223 0.23871104419231415 0.0
0.6100719571113586 0.04659144580364227 0.0
0.24521923065185547 0.23652295768260956 0.0
0.2539460062980652 0.23447541892528534 0.0
0.25593775510787964 0.23014116287231445 0.0
0.26677942276000977 0.22820697724819183 0.0
0.27834564447402954 0.22676068544387817 0.0
0.2837070822715759 0.22107650339603424 0.0
0.2909740209579468 0.21782705187797546 0.0
0.299069881439209 0.21729663014411926 0.0
0.30494755506515503 0.21304266154766083 0.0
0.6108784675598145 0.05611100792884827 0.0
0.31644314527511597 0.2122163325548172 0.0
0.32315248250961304 0.2074873000383377 0.0
0.6054592728614807 0.06021538004279137 0.0
0.3344413638114929 0.20659293234348297 0.0
0.3407338261604309 0.20178242027759552 0.0
0.35107970237731934 0.20108599960803986 0.0
0.3580223321914673 0.19575761258602142 0.0
0.6090663075447083 0.06459160149097443 0.0
0.3676004409790039 0.19272290170192719 0.0
0.6036442518234253 0.06839373707771301 0.0
0.37660717964172363 0.19465364515781403 0.0
0.38373851776123047 0.18996509909629822 0.0
0.4047907590866089 0.18270239233970642 0.0
0.41111671924591064 0.17778551578521729 0.0
0.6056604385375977 0.07415876537561417 0.0
0.5984579920768738 0.07593626528978348 0.0
0.4293385148048401 0.17123906314373016 0.0
0.4390143156051636 0.1688440889120102 0.0
0.4466904401779175 0.16552521288394928 0.0
0.45320844650268555 0.16240999102592468 0.0
0.5954622030258179 0.08461609482765198 0.0
0.5915254354476929 0.08673928678035736 0.0
0.4696590304374695 0.16029709577560425 0.0
0.4751044511795044 0.15722684562206268 0.0
0.48736631870269775 0.14950856566429138 0.0
0.49197959899902344 0.14656461775302887 0.0
0.5112259984016418 0.13966870307922363 0.0
0.586907684803009 0.09338357299566269 0.0
0.519618570804596 0.13897700607776642 0.0
0.5843822956085205 0.09954562783241272 0.0
0.5791159272193909 0.10171816498041153 0.0
0.5256763100624084 0.13517412543296814 0.0
0.5308513045310974 0.13178811967372894 0.0
0.5758055448532104 0.10858054459095001 0.0
0.550212025642395 0.12537452578544617 0.0
0.5655120611190796 0.11915215104818344 0.0
0.557100236415863 0.12211662530899048 0.0
0.04227876663208008 0.0 0.0
0.04551243782043457 0.0378316193819046 0.0
0.04935872554779053 0.06277037411928177 0.0
0.05169600248336792 0.08174926042556763 0.0
0.05608785152435303 0.0934777706861496 0.0
0.054241836071014404 0.1015411838889122 0.0
0.06027054786682129 0.12270667403936386 0.0
0.055470049381256104 0.12020061910152435 0.0
0.058953940868377686 0.11311471462249756 0.0
0.05775362253189087 0.13709837198257446 0.0
0.061650633811950684 0.14964398741722107 0.0
0.05997598171234131 0.15853123366832733 0.0
0.06811320781707764 0.15789523720741272 0.0
0.06511896848678589 0.17044341564178467 0.0
0.065529465675354 0.18379390239715576 0.0
0.06823235750198364 0.1867387443780899 0.0
0.07610839605331421 0.19159987568855286 0.0
0.0730752944946289 0.1978607326745987 0.0
0.07551920413970947 0.20471742749214172 0.0
0.0850057601928711 0.21067924797534943 0.0
0.08493995666503906 0.21632477641105652 0.0
0.09382665157318115 0.21635134518146515 0.0
0.10016441345214844 0.21989543735980988 0.0
0.10206592082977295 0.22534039616584778 0.0
0.1103927493095398 0.22855433821678162 0.0
0.1124190092086792 0.23451919853687286 0.0
0.12167173624038696 0.2371797263622284 0.0
0.12423402070999146 0.24224518239498138 0.0
0.12562739849090576 0.24685101211071014 0.0
0.12146830558776855 0.251901239156723 0.0
0.12659847736358643 0.2562808394432068 0.0
0.13130289316177368 0.2593916952610016 0.0
0.1243087649345398 0.2615194618701935 0.0
0.1271093487739563 0.26549431681632996 0.0
0.6288736462593079 0.0 0.0
0.6262481808662415 0.0 0.0
0.1336570382118225 0.26792964339256287 0.0
0.14253544807434082 0.26894739270210266 0.0
0.14778244495391846 0.26965516805648804 0.0
0.1541515588760376 0.27036571502685547 0.0
0.6284294128417969 0.01592622511088848 0.0
0.1595684289932251 0.26660147309303284 0.0
0.16389751434326172 0.2692301571369171 0.0
0.6266968846321106 0.025593537837266922 0.0
0.6269592046737671 0.0316743478178978 0.0
0.1678222417831421 0.26587027311325073 0.0
0.18141090869903564 0.2606982886791229 0.0
0.19311952590942383 0.25229939818382263 0.0
0.17661577463150024 0.2652440667152405 0.0
0.1911211609840393 0.2575659155845642 0.0
0.20277857780456543 0.250317245721817 0.0
0.1829623579978943 0.2638142704963684 0.0
0.20000940561294556 0.2548811435699463 0.0
0.21209514141082764 0.2499874085187912 0.0
0.2202879786491394 0.246085524559021 0.0
0.6194202303886414 0.04549221321940422 0.0
0.23302310705184937 0.2439643293619156 0.0
0.24545598030090332 0.24179454147815704 0.0
0.6157935857772827 0.05114307254552841 0.0
0.2527889609336853 0.23835720121860504 0.0
0.2616649866104126 0.23734284937381744 0.0
0.2616598606109619 0.2328963279724121 0.0
0.2689940333366394 0.23412929475307465 0.0
0.2750953435897827 0.2313963919878006 0.0
0.2881903052330017 0.22622868418693542 0.0
0.29357653856277466 0.22143466770648956 0.0
0.6214584112167358 0.05653837323188782 0.0
0.3019891381263733 0.2209024876356125 0.0
0.30996185541152954 0.21741381287574768 0.0
0.6142784953117371 0.060704417526721954 0.0
0.3214375376701355 0.2161959856748581 0.0
0.32854247093200684 0.21174000203609467 0.0
0.33920592069625854 0.21044056117534637 0.0
0.3448765277862549 0.20586909353733063 0.0
0.3595876097679138 0.20062319934368134 0.0
0.3669700622558594 0.1977071464061737 0.0
0.6137726902961731 0.06985563039779663 0.0
0.3660085201263428 0.20269444584846497 0.0
0.3856569528579712 0.19437846541404724 0.0
0.39310330152511597 0.19164560735225677 0.0
0.39885807037353516 0.18681766092777252 0.0
0.41369831562042236 0.184440016746521 0.0
0.4211465120315552 0.18057817220687866 0.0
0.603202223777771 0.0794338807463646 0.0
0.43063271045684814 0.1772436797618866 0.0
0.43645215034484863 0.17341238260269165 0.0
0.6014490127563477 0.0842033103108406 0.0
0.44441914558410645 0.173527330160141 0.0
0.4479583501815796 0.16974930465221405 0.0
0.4546424150466919 0.16770969331264496 0.0
0.4629383087158203 0.1649545580148697 0.0
0.4826112389564514 0.15699249505996704 0.0
0.4857519865036011 0.15293508768081665 0.0
0.5926382541656494 0.0912078246474266 0.0
0.49505043029785156 0.15122923254966736 0.0
0.5013210773468018 0.14613476395606995 0.0
0.5081384778022766 0.14351961016654968 0.0
0.5934033989906311 0.09525904804468155 0.0
0.5154901146888733 0.14454923570156097 0.0
0.5895740389823914 0.09832612425088882 0.0
0.5876540541648865 0.10231360793113708 0.0
0.5285673141479492 0.13999442756175995 0.0
0.5852528214454651 0.10593072324991226 0.0
0.5333770513534546 0.1362103670835495 0.0
0.579066276550293 0.10630921274423599 0.0
0.5383315086364746 0.1327333003282547 0.0
0.54346764087677 0.12931355834007263 0.0
0.5755316615104675 0.1120833083987236 0.0
0.5679123401641846 0.11337258666753769 0.0
0.5633189678192139 0.12523214519023895 0.0
0.026946842670440674 0.0 0.0
0.03871244192123413 0.03048347495496273 0.0
0.031150460243225098 0.021034710109233856 0.0
0.03380751609802246 0.009032470174133778 0.0
0.024155080318450928 0.0 0.0
0.021367371082305908 0.0 0.0
0.03961598873138428 0.05201992765069008 0.0
0.036253154277801514 0.04166841879487038 0.0
0.048508286476135254 0.07604890316724777 0.0
0.042540669441223145 0.06956285238265991 0.0
0.040872156620025635 0.06051177904009819 0.0
0.0492020845413208 0.08900295197963715 0.0
0.04421114921569824 0.08353511989116669 0.0
0.0455012321472168 0.09822089970111847 0.0
0.046086788177490234 0.10569976270198822 0.0
0.052137792110443115 0.10912800580263138 0.0
0.05436474084854126 0.12617015838623047 0.0
0.054118454456329346 0.13168302178382874 0.0
0.05608093738555908 0.14548854529857635 0.0
0.05417287349700928 0.1512431502342224 0.0
0.0598638653755188 0.17642883956432343 0.0
0.05846327543258667 0.17112891376018524 0.0
0.05858510732650757 0.1830836683511734 0.0
0.06695955991744995 0.19253259897232056 0.0
0.06277614831924438 0.20559161901474 0.0
0.07788217067718506 0.20954760909080505 0.0
0.07456493377685547 0.21532584726810455 0.0
0.08742040395736694 0.2215474545955658 0.0
0.09209305047988892 0.2259979546070099 0.0
0.09731268882751465 0.2298426628112793 0.0
0.10154223442077637 0.23393617570400238 0.0
0.10432684421539307 0.2376374453306198 0.0
0.11116445064544678 0.2394566833972931 0.0
0.11663985252380371 0.24194727838039398 0.0
0.11621969938278198 0.24697579443454742 0.0
0.1107710599899292 0.2529808580875397 0.0
0.11364102363586426 0.2623356580734253 0.0
0.11712491512298584 0.2573919892311096 0.0
0.11916685104370117 0.26562201976776123 0.0
0.12365460395812988 0.26883918046951294 0.0
0.6408384442329407 0.0 0.0
0.6408377885818481 0.0 0.0
0.6408370733261108 0.0 0.0
0.6408370733261108 0.0 0.0
0.12835288047790527 0.2723703384399414 0.0
0.13686609268188477 0.2712532877922058 0.0
0.6309741735458374 0.009972797706723213 0.0
0.14425671100616455 0.2728276550769806 0.0
0.635852038860321 0.016254661604762077 0.0
0.63301682472229 0.021780608221888542 0.0
0.1523417830467224 0.2748319208621979 0.0
0.16087961196899414 0.27318766713142395 0.0
0.633033037185669 0.027634382247924805 0.0
0.16940265893936157 0.27155888080596924 0.0
0.1710403561592102 0.2682085931301117 0.0
0.6350648999214172 0.03837505728006363 0.0
0.17716830968856812 0.26932254433631897 0.0
0.18394911289215088 0.2665114998817444 0.0
0.1897221803665161 0.262822687625885 0.0
0.19886362552642822 0.2597269117832184 0.0
0.6293118000030518 0.0445481576025486 0.0
0.20722025632858276 0.25311338901519775 0.0
0.19120126962661743 0.2669392228126526 0.0
0.19851499795913696 0.26461663842201233 0.0
0.20711076259613037 0.2570255696773529 0.0
0.21444272994995117 0.25420933961868286 0.0
0.22036004066467285 0.25109395384788513 0.0
0.23075926303863525 0.25012341141700745 0.0
0.6256585121154785 0.05036494508385658 0.0
0.2418421506881714 0.24739931523799896 0.0
0.25237882137298584 0.24643085896968842 0.0
0.2571943402290344 0.24188178777694702 0.0
0.2699319124221802 0.2382996678352356 0.0
0.2775334119796753 0.23622648417949677 0.0
0.2830902934074402 0.23128874599933624 0.0
0.29218000173568726 0.23103439807891846 0.0
0.2987957000732422 0.22589652240276337 0.0
0.6216964721679688 0.062015753239393234 0.0
0.3093634843826294 0.2233336865901947 0.0
0.3173094391822815 0.22026358544826508 0.0
0.6169992089271545 0.06487061828374863 0.0
0.3295956254005432 0.2160501629114151 0.0
0.33542758226394653 0.21418197453022003 0.0
0.3479230999946594 0.20981836318969727 0.0
0.35576093196868896 0.20573577284812927 0.0
0.37355828285217285 0.19976548850536346 0.0
0.6136662364006042 0.07552406936883926 0.0
0.37534064054489136 0.20451940596103668 0.0
0.38284337520599365 0.19932980835437775 0.0
0.609803318977356 0.07862033694982529 0.0
0.3908923268318176 0.19667015969753265 0.0
0.4016212821006775 0.19170546531677246 0.0
0.4073410630226135 0.18852877616882324 0.0
0.6090426445007324 0.08316650986671448 0.0
0.4226086735725403 0.18644368648529053 0.0
0.42997461557388306 0.18341892957687378 0.0
0.43897539377212524 0.1815660297870636 0.0
0.4397887587547302 0.17689743638038635 0.0
0.5990648865699768 0.08908485621213913 0.0
0.45435619354248047 0.17355556786060333 0.0
0.4610295295715332 0.1704297661781311 0.0
0.4728202819824219 0.16595737636089325 0.0
0.47931939363479614 0.16189150512218475 0.0
0.5994994640350342 0.09469448029994965 0.0
0.4873691201210022 0.16070163249969482 0.0
0.4926331639289856 0.15693169832229614 0.0
0.501102864742279 0.15493729710578918 0.0
0.5052929520606995 0.1509842425584793 0.0
0.5090897083282471 0.14710916578769684 0.0
0.5242429375648499 0.14448556303977966 0.0
0.5207309126853943 0.14823706448078156 0.0
0.535462498664856 0.14036935567855835 0.0
0.5416306257247925 0.13761505484580994 0.0
0.582579493522644 0.11006681621074677 0.0
0.5448154807090759 0.13333556056022644 0.0
0.5506640672683716 0.13123685121536255 0.0
0.5749498009681702 0.11652904748916626 0.0
0.5756446719169617 0.12111157923936844 0.0
0.55829256772995 0.12912797927856445 0.0
0.5703416466712952 0.1237289234995842 0.0
0.024204492568969727 0.010556293651461601 0.0
0.01697981357574463 0.0 0.0
0.021367371082305908 0.0 0.0
0.021367371082305908 0.0 0.0
0.02838301658630371 0.04974764585494995 0.0
0.029564857482910156 0.03222036361694336 0.0
0.04087036848068237 0.0779002383351326 0.0
0.03065115213394165 0.06613287329673767 0.0
0.03245663642883301 0.05724572390317917 0.0
0.040223896503448486 0.09143394976854324 0.0
0.03590047359466553 0.08438573032617569 0.0
0.036903977394104004 0.1058957502245903 0.0
0.04848933219909668 0.11664147675037384 0.0
0.0420757532119751 0.11217238754034042 0.0
0.04492509365081787 0.12454540282487869 0.0
0.046919405460357666 0.13770698010921478 0.0
0.04604339599609375 0.13124652206897736 0.0
0.04903823137283325 0.15045708417892456 0.0
0.04830747842788696 0.1444552093744278 0.0
0.050241172313690186 0.16134057939052582 0.0
0.0492863655090332 0.15571847558021545 0.0
0.05494934320449829 0.15531212091445923 0.0
0.052848219871520996 0.16793657839298248 0.0
0.051299870014190674 0.17544147372245789 0.0
0.048849523067474365 0.18267470598220825 0.0
0.058995723724365234 0.18909227848052979 0.0
0.05511951446533203 0.19637495279312134 0.0
0.06196916103363037 0.19917386770248413 0.0
0.0689740777015686 0.21085351705551147 0.0
0.07573294639587402 0.22175057232379913 0.0
0.07906293869018555 0.22803974151611328 0.0
0.08777803182601929 0.23048247396945953 0.0
0.09073656797409058 0.23411674797534943 0.0
0.09378302097320557 0.23868833482265472 0.0
0.10183507204055786 0.24157145619392395 0.0
0.10869652032852173 0.24404564499855042 0.0
0.1046987771987915 0.2487972527742386 0.0
0.099983811378479 0.24558207392692566 0.0
0.09904730319976807 0.2539312541484833 0.0
0.10496985912322998 0.25879761576652527 0.0
0.10408270359039307 0.2643758952617645 0.0
0.11434030532836914 0.26905858516693115 0.0
0.11127316951751709 0.2660554349422455 0.0
0.11812746524810791 0.2724263668060303 0.0
0.6380812525749207 0.0 0.0
0.6435258388519287 0.0 0.0
0.6455134153366089 0.0 0.0
0.6475050449371338 0.0 0.0
0.6588238477706909 0.0 0.0
0.12118816375732422 0.27588415145874023 0.0
0.12849682569503784 0.27597129344940186 0.0
0.13503587245941162 0.2744986116886139 0.0
0.13923674821853638 0.27723389863967896 0.0
0.14598816633224487 0.27674365043640137 0.0
0.6412103176116943 0.027070721611380577 0.0
0.6369184851646423 0.03192523494362831 0.0
0.15831363201141357 0.2774457633495331 0.0
0.16740751266479492 0.2761230766773224 0.0
0.1760706901550293 0.2735441029071808 0.0
0.6378107070922852 0.04474445432424545 0.0
0.1859685182571411 0.2710036039352417 0.0
0.22486883401870728 0.2558136582374573 0.0
0.19778001308441162 0.269729882478714 0.0
0.2065424919128418 0.26673954725265503 0.0
0.20689547061920166 0.26187241077423096 0.0
0.21551698446273804 0.2591792643070221 0.0
0.23446547985076904 0.25491514801979065 0.0
0.24111109972000122 0.2523764371871948 0.0
0.24833881855010986 0.25035303831100464 0.0
0.2642662525177002 0.24642637372016907 0.0
0.26573747396469116 0.24125048518180847 0.0
0.6294131278991699 0.060693323612213135 0.0
0.27466583251953125 0.24232304096221924 0.0
0.2869759202003479 0.23576748371124268 0.0
0.3009152412414551 0.23126345872879028 0.0
0.30614060163497925 0.22778935730457306 0.0
0.6258476376533508 0.06769125908613205 0.0
0.3126256465911865 0.2274969071149826 0.0
0.31896764039993286 0.22466912865638733 0.0
0.3265652656555176 0.22051812708377838 0.0
0.3354262709617615 0.2181970179080963 0.0
0.3440028429031372 0.2149582952260971 0.0
0.6212825179100037 0.07447591423988342 0.0
0.35606926679611206 0.2123446762561798 0.0
0.3653320074081421 0.20782266557216644 0.0
0.3667757511138916 0.212588831782341 0.0
0.3847017288208008 0.20403273403644562 0.0
0.39271628856658936 0.20148442685604095 0.0
0.3994300365447998 0.19667206704616547 0.0
0.40899115800857544 0.1948768049478531 0.0
0.4163561463356018 0.1905013471841812 0.0
0.43008720874786377 0.18803223967552185 0.0
0.6074370741844177 0.0884322077035904 0.0
0.43761730194091797 0.18699313700199127 0.0
0.44887232780456543 0.17935650050640106 0.0
0.45838332176208496 0.17902590334415436 0.0
0.46349215507507324 0.17532651126384735 0.0
0.46819406747817993 0.17073847353458405 0.0
0.47608280181884766 0.17135457694530487 0.0
0.47999459505081177 0.16716620326042175 0.0
0.6065294146537781 0.09369324147701263 0.0
0.48788177967071533 0.16590867936611176 0.0
0.5023499727249146 0.1594717651605606 0.0
0.5102734565734863 0.15591880679130554 0.0
0.5144573450088501 0.15038922429084778 0.0
0.5211807489395142 0.1518145501613617 0.0
0.5982258319854736 0.09936905652284622 0.0
0.594948947429657 0.1031668409705162 0.0
0.5332379341125488 0.14536240696907043 0.0
0.5914574265480042 0.10580115020275116 0.0
0.5905169248580933 0.10950224846601486 0.0
0.5499614477157593 0.13617590069770813 0.0
0.58241206407547 0.11461887508630753 0.0
0.5884935259819031 0.11302735656499863 0.0
0.5825526118278503 0.11881599575281143 0.0
0.5573481321334839 0.1343865841627121 0.0
0.5654174089431763 0.12935912609100342 0.0
0.5706948041915894 0.12765997648239136 0.0
0.023986637592315674 0.039804667234420776 0.0
0.0193747878074646 0.025806492194533348 0.0
0.015566766262054443 0.01143465656787157 0.0
0.008273601531982422 0.006032338831573725 0.0
0.008751988410949707 0.0 0.0
0.0109938383102417 0.0 0.0
0.009674489498138428 0.0 0.0
0.009267985820770264 0.0 0.0
0.03358680009841919 0.0758986696600914 0.0
0.03055858612060547 0.09334617853164673 0.0
0.02619004249572754 0.08360223472118378 0.0
0.03665989637374878 0.0985039621591568 0.0
0.03780180215835571 0.11966462433338165 0.0
0.03867959976196289 0.13055706024169922 0.0
0.03698420524597168 0.13704220950603485 0.0
0.03761875629425049 0.14572478830814362 0.0
0.04167681932449341 0.15156665444374084 0.0
0.043228745460510254 0.16100405156612396 0.0
0.04198276996612549 0.16921110451221466 0.0
0.04506963491439819 0.17430369555950165 0.0
0.04371941089630127 0.1794300526380539 0.0
0.04743647575378418 0.19379723072052002 0.0
0.04002189636230469 0.19101808965206146 0.0
0.050831735134124756 0.18787881731987 0.0
0.04338037967681885 0.20053362846374512 0.0
0.05171024799346924 0.20324404537677765 0.0
0.049609363079071045 0.2095985859632492 0.0
0.058159708976745605 0.21271471679210663 0.0
0.0644647479057312 0.21580980718135834 0.0
0.06451106071472168 0.22078172862529755 0.0
0.0639607310295105 0.2275301218032837 0.0
0.08019989728927612 0.23394669592380524 0.0
0.08395063877105713 0.2375328242778778 0.0
0.08183610439300537 0.2419082373380661 0.0
0.0917212963104248 0.24405913054943085 0.0
0.09185558557510376 0.24951857328414917 0.0
0.09486240148544312 0.26259589195251465 0.0
0.09455132484436035 0.25822097063064575 0.0
0.10510355234146118 0.26876014471054077 0.0
0.10835480690002441 0.27250590920448303 0.0
0.11203265190124512 0.27583080530166626 0.0
0.6557092666625977 0.0 0.0
0.12457525730133057 0.2796224355697632 0.0
0.13238245248794556 0.27776551246643066 0.0
0.6430582404136658 0.01316087506711483 0.0
0.6414364576339722 0.0052565764635801315 0.0
0.1339530348777771 0.2819071412086487 0.0
0.1434159278869629 0.28032156825065613 0.0
0.6434850692749023 0.020370859652757645 0.0
0.652011513710022 0.02617248333990574 0.0
0.15080738067626953 0.27896326780319214 0.0
0.647889256477356 0.034671854227781296 0.0
0.1631467342376709 0.2805140018463135 0.0
0.6442503333091736 0.0421576052904129 0.0
0.17020899057388306 0.2794649302959442 0.0
0.1746288537979126 0.27711740136146545 0.0
0.6348638534545898 0.0495104044675827 0.0
0.182420015335083 0.2759680151939392 0.0
0.19333434104919434 0.2749558091163635 0.0
0.21499091386795044 0.26435795426368713 0.0
0.6315994262695312 0.05486304312944412 0.0
0.6389982104301453 0.05350140854716301 0.0
0.2251337170600891 0.2624306380748749 0.0
0.23404186964035034 0.2593265175819397 0.0
0.2418091893196106 0.25709789991378784 0.0
0.6380950212478638 0.058548666536808014 0.0
0.2566158175468445 0.2512207329273224 0.0
0.6370480060577393 0.0649198368191719 0.0
0.24941140413284302 0.2546234130859375 0.0
0.28303438425064087 0.23987862467765808 0.0
0.29551517963409424 0.2357587367296219 0.0
0.2760663628578186 0.2493438720703125 0.0
0.28533482551574707 0.24473057687282562 0.0
0.2905319333076477 0.24008893966674805 0.0
0.3041451573371887 0.23586814105510712 0.0
0.3093072772026062 0.23145578801631927 0.0
0.3130761981010437 0.2358589768409729 0.0
0.3194100856781006 0.23066814243793488 0.0
0.3281460404396057 0.22623427212238312 0.0
0.33412134647369385 0.22255507111549377 0.0
0.6293030381202698 0.07414180785417557 0.0
0.34204763174057007 0.22117243707180023 0.0
0.35184144973754883 0.21889972686767578 0.0
0.6172405481338501 0.08059222996234894 0.0
0.36165446043014526 0.217036634683609 0.0
0.37302494049072266 0.20934587717056274 0.0
0.38263946771621704 0.20883597433567047 0.0
0.3902320861816406 0.2060624063014984 0.0
0.40267229080200195 0.2016652375459671 0.0
0.4057685136795044 0.19860318303108215 0.0
0.6155059337615967 0.08706841617822647 0.0
0.4124012589454651 0.20103037357330322 0.0
0.4208430051803589 0.19676628708839417 0.0
0.4259636402130127 0.19165803492069244 0.0
0.43509775400161743 0.19168835878372192 0.0
0.44717442989349365 0.18596886098384857 0.0
0.613793134689331 0.09250866621732712 0.0
0.4579352140426636 0.18521340191364288 0.0
0.47154736518859863 0.17654483020305634 0.0
0.483955979347229 0.17139294743537903 0.0
0.49502527713775635 0.16236364841461182 0.0
0.49666327238082886 0.16690461337566376 0.0
0.5112908482551575 0.16194283962249756 0.0
0.5179587006568909 0.15457212924957275 0.0
0.6073093414306641 0.09970161318778992 0.0
0.5275152921676636 0.15050742030143738 0.0
0.6038588285446167 0.10536272078752518 0.0
0.5972421169281006 0.10819616168737411 0.0
0.5408246517181396 0.14331546425819397 0.0
0.5490893721580505 0.14198309183120728 0.0
0.5894153118133545 0.11686480790376663 0.0
0.5962244868278503 0.1137433797121048 0.0
0.5564988255500793 0.1392735093832016 0.0
0.5769833326339722 0.1255485713481903 0.0
0.5832470059394836 0.12301043421030045 0.0
0.5644865036010742 0.13297660648822784 0.0
0.5707659721374512 0.1316295862197876 0.0
0.5778306126594543 0.13022498786449432 0.0
0.008499205112457275 0.018275318667292595 0.0
0.0 1.0 0.0
0.004376769065856934 1.0 0.0
0.02502000331878662 0.07442745566368103 0.0
0.016580283641815186 0.06878244131803513 0.0
0.02243971824645996 0.05822993069887161 0.0
0.016365528106689453 0.04893697798252106 0.0
0.015051960945129395 0.03868706896901131 0.0
0.0075950026512146 0.03364843130111694 0.0
0.0 0.98964524269104 0.0
0.007910847663879395 1.0 0.0
0.009593307971954346 1.0 0.0
0.00875169038772583 1.0 0.0
0.022280395030975342 0.09178028255701065 0.0
0.03179037570953369 0.1142524927854538 0.0
0.02674347162246704 0.1080891564488411 0.0
0.03054898977279663 0.1016353890299797 0.0
0.03403973579406738 0.12679272890090942 0.0
0.03145742416381836 0.13300657272338867 0.0
0.044323623180389404 0.15531881153583527 0.0
0.03803759813308716 0.15873408317565918 0.0
0.03173351287841797 0.15614758431911469 0.0
0.03542262315750122 0.16614581644535065 0.0
0.036087632179260254 0.17906710505485535 0.0
0.03759181499481201 0.18538814783096313 0.0
0.035986900329589844 0.19823722541332245 0.0
0.037506818771362305 0.2079877406358719 0.0
0.04054617881774902 0.2125810980796814 0.0
0.047159016132354736 0.21516945958137512 0.0
0.0550650954246521 0.21845538914203644 0.0
0.051891326904296875 0.22504161298274994 0.0
0.053968608379364014 0.22930380702018738 0.0
0.06664198637008667 0.23429986834526062 0.0
0.07332462072372437 0.23895829916000366 0.0
0.07988059520721436 0.25180500745773315 0.0
0.08046066761016846 0.24716268479824066 0.0
0.08599251508712769 0.2557874023914337 0.0
0.08720594644546509 0.26068997383117676 0.0
0.09822642803192139 0.2726345360279083 0.0
0.09526079893112183 0.26785808801651 0.0
0.10284727811813354 0.27619901299476624 0.0
0.10705065727233887 0.2786649465560913 0.0
0.11460185050964355 0.27920782566070557 0.0
0.6616958975791931 0.0 0.0
0.6645710468292236 0.0 0.0
0.11616748571395874 0.28294214606285095 0.0
0.6517273783683777 0.009372729808092117 0.0
0.12420892715454102 0.28377074003219604 0.0
0.6556643843650818 0.017656171694397926 0.0
0.1414039134979248 0.2837095856666565 0.0
0.14908897876739502 0.283486545085907 0.0
0.15593355894088745 0.2812207043170929 0.0
0.6443138718605042 0.04882108420133591 0.0
0.17798560857772827 0.2802605628967285 0.0
0.18692916631698608 0.27858707308769226 0.0
0.20216667652130127 0.2731146812438965 0.0
0.2062997817993164 0.2705345153808594 0.0
0.21470129489898682 0.2694395184516907 0.0
0.2213849425315857 0.26672542095184326 0.0
0.22924160957336426 0.26750797033309937 0.0
0.2362554669380188 0.26427218317985535 0.0
0.24194765090942383 0.2612530589103699 0.0
0.6456469297409058 0.061938729137182236 0.0
0.24977093935012817 0.2597700357437134 0.0
0.2583416700363159 0.25679323077201843 0.0
0.2663307189941406 0.2528882622718811 0.0
0.29893481731414795 0.24035654962062836 0.0
0.6363350749015808 0.07173150032758713 0.0
0.2867245078086853 0.2503350079059601 0.0
0.2938879132270813 0.2437359243631363 0.0
0.3377978205680847 0.22655107080936432 0.0
0.6267963647842407 0.0794006809592247 0.0
0.3487839102745056 0.2257627248764038 0.0
0.3587878346443176 0.2223483920097351 0.0
0.3696877956390381 0.21629351377487183 0.0
0.3759123682975769 0.2133404016494751 0.0
0.3772159814834595 0.218815878033638 0.0
0.38686949014663696 0.21485793590545654 0.0
0.39319950342178345 0.21006491780281067 0.0
0.3982500433921814 0.20595020055770874 0.0
0.40801912546157837 0.206088125705719 0.0
0.4223744869232178 0.20211781561374664 0.0
0.4320070743560791 0.19626536965370178 0.0
0.44435346126556396 0.19144928455352783 0.0
0.6217477321624756 0.09119276702404022 0.0
0.46587830781936646 0.1813737452030182 0.0
0.6127764582633972 0.09695317596197128 0.0
0.6197178959846497 0.09641645848751068 0.0
0.4797133803367615 0.17666566371917725 0.0
0.48696368932724 0.17593073844909668 0.0
0.4934691786766052 0.17196005582809448 0.0
0.5036682486534119 0.1647726446390152 0.0
0.5184881687164307 0.15912531316280365 0.0
0.5242130756378174 0.1558016985654831 0.0
0.5362187027931213 0.15182040631771088 0.0
0.5399850010871887 0.14796049892902374 0.0
0.546230673789978 0.14737361669540405 0.0
0.5966227054595947 0.12006918340921402 0.0
0.5569075345993042 0.14406971633434296 0.0
0.588701069355011 0.12066366523504257 0.0
0.590630292892456 0.12444476038217545 0.0
0.5644418001174927 0.1379706710577011 0.0
0.5617482662200928 0.14186102151870728 0.0
0.5841982960700989 0.12737293541431427 0.0
0.5708488821983337 0.13546793162822723 0.0
0.5758159756660461 0.1337956041097641 0.0
0.008919954299926758 0.04422874376177788 0.0
0.0 0.9760977625846863 0.0
0.024807333946228027 1.0 0.0
0.017827212810516357 0.08694911003112793 0.0
0.017250418663024902 0.07916680723428726 0.0
0.0102461576461792 0.059412289410829544 0.0
0.006902098655700684 0.05189704895019531 0.0
0.044855475425720215 1.0 0.0
0.03483176231384277 1.0 0.0
0.022015392780303955 0.11546812951564789 0.0
0.02226579189300537 0.10040614008903503 0.0
0.02646857500076294 0.12247080355882645 0.0
0.025643467903137207 0.13002197444438934 0.0
0.028559207916259766 0.13811245560646057 0.0
0.028981029987335205 0.143572598695755 0.0
0.02736985683441162 0.15094955265522003 0.0
0.030845165252685547 0.16341491043567657 0.0
0.026448965072631836 0.17076504230499268 0.0
0.031116008758544922 0.17451339960098267 0.0
0.025196731090545654 0.18282651901245117 0.0
0.029197514057159424 0.19247721135616302 0.0
0.027464091777801514 0.18758803606033325 0.0
0.02988409996032715 0.19679757952690125 0.0
0.032822251319885254 0.20372268557548523 0.0
0.03275752067565918 0.2134724259376526 0.0
0.03625756502151489 0.21690157055854797 0.0
0.04287838935852051 0.2207566350698471 0.0
0.05476897954940796 0.23301361501216888 0.0
0.0545881986618042 0.23764078319072723 0.0
0.060118794441223145 0.24082528054714203 0.0
0.0676422119140625 0.24521856009960175 0.0
0.06927525997161865 0.25089937448501587 0.0
0.07120335102081299 0.2563142776489258 0.0
0.07710075378417969 0.26124992966651917 0.0
0.08349192142486572 0.26636695861816406 0.0
0.08714509010314941 0.2726547122001648 0.0
0.09240305423736572 0.2777310907840729 0.0
0.10013186931610107 0.279692143201828 0.0
0.10608738660812378 0.2822900116443634 0.0
0.6688793301582336 0.0 0.0
0.6731905937194824 0.0 0.0
0.6716026067733765 0.004473545588552952 0.0
0.10977745056152344 0.2855011820793152 0.0
0.11702859401702881 0.2872069180011749 0.0
0.6640110015869141 0.010454232804477215 0.0
0.1286981701850891 0.2871991991996765 0.0
0.6710283160209656 0.017848746851086617 0.0
0.13700562715530396 0.28582674264907837 0.0
0.6652398109436035 0.025904403999447823 0.0
0.6579347252845764 0.03118245303630829 0.0
0.14345043897628784 0.28676721453666687 0.0
0.658984363079071 0.03632238879799843 0.0
0.6553648710250854 0.04389099404215813 0.0
0.1589389443397522 0.28561848402023315 0.0
0.1690918207168579 0.28308600187301636 0.0
0.6529315114021301 0.05195526406168938 0.0
0.17749834060668945 0.2851579189300537 0.0
0.6454526782035828 0.05555959418416023 0.0
0.18623143434524536 0.2820623219013214 0.0
0.652964174747467 0.05837099626660347 0.0
0.19459158182144165 0.27945676445961 0.0
0.20269179344177246 0.27666765451431274 0.0
0.2098117470741272 0.27364856004714966 0.0
0.22315460443496704 0.2699850797653198 0.0
0.2203582525253296 0.27427640557289124 0.0
0.6465288400650024 0.06969981640577316 0.0
0.2588014006614685 0.2629174590110779 0.0
0.2683447599411011 0.259042352437973 0.0
0.27382075786590576 0.25469791889190674 0.0
0.281268835067749 0.2543608248233795 0.0
0.29285120964050293 0.2473316192626953 0.0
0.30248045921325684 0.24601003527641296 0.0
0.30791008472442627 0.24043278396129608 0.0
0.316095232963562 0.23997178673744202 0.0
0.32243335247039795 0.23663125932216644 0.0
0.33165037631988525 0.23231665790081024 0.0
0.6350118517875671 0.07804068922996521 0.0
0.3311655521392822 0.2382487654685974 0.0
0.3420095443725586 0.23083356022834778 0.0
0.3510209321975708 0.23254597187042236 0.0
0.3584436774253845 0.2277502566576004 0.0
0.3674377202987671 0.22039386630058289 0.0
0.6240874528884888 0.08541504293680191 0.0
0.63263338804245 0.08390288054943085 0.0
0.3649505376815796 0.22463642060756683 0.0
0.6301502585411072 0.08957772701978683 0.0
0.39846616983413696 0.21460779011249542 0.0
0.4031822085380554 0.210330531001091 0.0
0.4130570888519287 0.21073180437088013 0.0
0.41941606998443604 0.20670095086097717 0.0
0.42925214767456055 0.20039641857147217 0.0
0.4406331777572632 0.19557508826255798 0.0
0.4406659007072449 0.20108790695667267 0.0
0.4502602219581604 0.19705888628959656 0.0
0.45400530099868774 0.19117304682731628 0.0
0.46175676584243774 0.19094432890415192 0.0
0.6278430819511414 0.09491830319166183 0.0
0.4673261046409607 0.18787139654159546 0.0
0.4752417206764221 0.1834833025932312 0.0
0.6175251007080078 0.10149246454238892 0.0
0.4848197102546692 0.18135644495487213 0.0
0.5032870173454285 0.17003799974918365 0.0
0.512846827507019 0.16806218028068542 0.0
0.5188196897506714 0.16407297551631927 0.0
0.526629626750946 0.16221551597118378 0.0
0.6131253242492676 0.10575990378856659 0.0
0.5318902730941772 0.1568112075328827 0.0
0.6105061173439026 0.10967283695936203 0.0
0.5439506769180298 0.15244248509407043 0.0
0.60447096824646 0.11143496632575989 0.0
0.6048351526260376 0.1168040782213211 0.0
0.5526501536369324 0.14698506891727448 0.0
0.5689340233802795 0.14322499930858612 0.0
0.5717110633850098 0.1390877515077591 0.0
0.578026294708252 0.13740995526313782 0.0
0.5818865299224854 0.1339111179113388 0.0
0.5846745371818542 0.13099849224090576 0.0
0.030609428882598877 0.9832715392112732 0.0
0.008500993251800537 0.08691096305847168 0.0
0.008610785007476807 0.07670585811138153 0.0
0.0 0.929952085018158 0.0
0.0 0.9528100490570068 0.0
0.0 0.9634482264518738 0.0
0.05931776762008667 0.9934166073799133 0.0
0.056340932846069336 1.0 0.0
0.05498027801513672 1.0 0.0
0.05931919813156128 1.0 0.0
0.017816483974456787 0.10898752510547638 0.0
0.013979017734527588 0.10308602452278137 0.0
0.014290571212768555 0.09475773572921753 0.0
0.06230658292770386 1.0 0.0
0.08207070827484131 1.0 0.0
0.019185245037078857 0.128001868724823 0.0
0.016367971897125244 0.12224079668521881 0.0
0.020343542098999023 0.14182300865650177 0.0
0.024902284145355225 0.13541889190673828 0.0
0.02236229181289673 0.14829063415527344 0.0
0.023274004459381104 0.15798582136631012 0.0
0.021478116512298584 0.16625100374221802 0.0
0.020609021186828613 0.17953257262706757 0.0
0.021915137767791748 0.19850093126296997 0.0
0.01792043447494507 0.19561995565891266 0.0
0.022245347499847412 0.2038067728281021 0.0
0.024741291999816895 0.21287356317043304 0.0
0.02585744857788086 0.20814643800258636 0.0
0.02576547861099243 0.21749724447727203 0.0
0.028873980045318604 0.22254084050655365 0.0
0.037217140197753906 0.22669589519500732 0.0
0.043475568294525146 0.23165853321552277 0.0
0.043734073638916016 0.23771166801452637 0.0
0.046343326568603516 0.24243400990962982 0.0
0.051705002784729004 0.24650245904922485 0.0
0.05663585662841797 0.25064724683761597 0.0
0.05953574180603027 0.25487616658210754 0.0
0.060021936893463135 0.25881099700927734 0.0
0.06517082452774048 0.262016624212265 0.0
0.06929081678390503 0.26729920506477356 0.0
0.07447361946105957 0.27289360761642456 0.0
0.08084172010421753 0.2782714068889618 0.0
0.09317255020141602 0.2833220064640045 0.0
0.10155433416366577 0.2864662706851959 0.0
0.6806479692459106 0.0 0.0
0.6832268238067627 0.0003800907579716295 0.0
0.6769207119941711 0.0 0.0
0.6798741221427917 0.011367385275661945 0.0
0.1076650619506836 0.2884438931941986 0.0
0.12128472328186035 0.2905821204185486 0.0
0.13727045059204102 0.28931179642677307 0.0
0.6650070548057556 0.03288480266928673 0.0
0.14550554752349854 0.29031985998153687 0.0
0.6681569814682007 0.03918968886137009 0.0
0.15015047788619995 0.2874418795108795 0.0
0.153839111328125 0.2904345989227295 0.0
0.1633075475692749 0.29105374217033386 0.0
0.16822433471679688 0.28701749444007874 0.0
0.6590434908866882 0.04977288469672203 0.0
0.17357343435287476 0.2896920144557953 0.0
0.6611499190330505 0.05497127026319504 0.0
0.18631970882415771 0.28526821732521057 0.0
0.19410598278045654 0.28348129987716675 0.0
0.2031412124633789 0.2810044288635254 0.0
0.6543185710906982 0.06475315988063812 0.0
0.2117084264755249 0.2779518663883209 0.0
0.23025381565093994 0.27207762002944946 0.0
0.23946470022201538 0.26946359872817993 0.0
0.24765056371688843 0.2651974856853485 0.0
0.6431773900985718 0.0768333151936531 0.0
0.2770004868507385 0.25814756751060486 0.0
0.28549981117248535 0.25939053297042847 0.0
0.288962721824646 0.25465527176856995 0.0
0.2965514063835144 0.2518196702003479 0.0
0.31372660398483276 0.24435007572174072 0.0
0.3113929033279419 0.24870117008686066 0.0
0.324313223361969 0.24247679114341736 0.0
0.34151554107666016 0.23653577268123627 0.0
0.6404724717140198 0.08264795690774918 0.0
0.3599914312362671 0.23216082155704498 0.0
0.3675641417503357 0.2291034609079361 0.0
0.37262648344039917 0.2240046113729477 0.0
0.6382282972335815 0.08797197788953781 0.0
0.6447224020957947 0.08661194145679474 0.0
0.3816812038421631 0.22383716702461243 0.0
0.3862989544868469 0.21993935108184814 0.0
0.39452290534973145 0.2191392183303833 0.0
0.6445114612579346 0.09137600660324097 0.0
0.40865933895111084 0.21472838521003723 0.0
0.43091660737991333 0.20528554916381836 0.0
0.636239767074585 0.09316703677177429 0.0
0.4224606156349182 0.21190328896045685 0.0
0.42780977487564087 0.20939624309539795 0.0
0.460208535194397 0.19576212763786316 0.0
0.6261364817619324 0.10028227418661118 0.0
0.4830856919288635 0.18856805562973022 0.0
0.49350082874298096 0.1786525398492813 0.0
0.5024338364601135 0.17565234005451202 0.0
0.6234432458877563 0.10354026407003403 0.0
0.509861171245575 0.17307159304618835 0.0
0.6222463250160217 0.10700780153274536 0.0
0.5407508015632629 0.15840205550193787 0.0
0.6178725957870483 0.11095908284187317 0.0
0.6128731966018677 0.11470332741737366 0.0
0.5521994829177856 0.15214398503303528 0.0
0.6113407611846924 0.11886805295944214 0.0
0.5601388812065125 0.14971154928207397 0.0
0.5627161860466003 0.14521972835063934 0.0
0.5987105965614319 0.1257072389125824 0.0
0.6065402030944824 0.12218569964170456 0.0
0.5667504668235779 0.1475849598646164 0.0
0.5915371775627136 0.1295872926712036 0.0
0.5764762759208679 0.1415906548500061 0.0
0.587905764579773 0.13328440487384796 0.0
0.5872561931610107 0.13725364208221436 0.0
0.0 0.9407082200050354 0.0
0.0483708381652832 0.9697305560112 0.0
0.06583189964294434 0.9812052845954895 0.0
0.01433640718460083 0.1156323105096817 0.0
0.008619844913482666 0.11051467061042786 0.0
0.007397055625915527 0.10096894204616547 0.0
0.0076105594635009766 0.0945020318031311 0.0
0.0 0.9191597700119019 0.0
0.022862374782562256 0.9451464414596558 0.0
0.027101755142211914 0.9518428444862366 0.0
0.0901443362236023 1.0 0.0
0.08769571781158447 1.0 0.0
0.08743572235107422 1.0 0.0
0.08853673934936523 1.0 0.0
0.018772244453430176 0.13418221473693848 0.0
0.08770126104354858 1.0 0.0
0.08892029523849487 1.0 0.0
0.019303083419799805 0.1546967327594757 0.0
0.01559901237487793 0.16235145926475525 0.0
0.017836153507232666 0.17547643184661865 0.0
0.017983734607696533 0.1901770979166031 0.0
0.01686173677444458 0.1863318830728531 0.0
0.010827839374542236 0.2034955471754074 0.0
0.01481860876083374 0.21814440190792084 0.0
0.025420427322387695 0.22822052240371704 0.0
0.028953135013580322 0.23238059878349304 0.0
0.030605733394622803 0.23766104876995087 0.0
0.029962897300720215 0.24390536546707153 0.0
0.04204237461090088 0.25206607580184937 0.0
0.03638613224029541 0.2480592280626297 0.0
0.04989969730377197 0.2586388885974884 0.0
0.05275583267211914 0.26317065954208374 0.0
0.04865729808807373 0.25487691164016724 0.0
0.04968750476837158 0.26867184042930603 0.0
0.05932539701461792 0.2663600444793701 0.0
0.058543384075164795 0.27139490842819214 0.0
0.06666654348373413 0.27165210247039795 0.0
0.07090234756469727 0.2786286771297455 0.0
0.06435960531234741 0.2752736806869507 0.0
0.07544845342636108 0.28104984760284424 0.0
0.0807848572731018 0.28327932953834534 0.0
0.08525329828262329 0.28757357597351074 0.0
0.09363603591918945 0.28790727257728577 0.0
0.09892386198043823 0.2909090518951416 0.0
0.685414731502533 0.0 0.0
0.6876999735832214 0.0 0.0
0.6923722624778748 0.005778215359896421 0.0
0.11067783832550049 0.29205459356307983 0.0
0.6806879043579102 0.024067964404821396 0.0
0.1295068860054016 0.2917863726615906 0.0
0.6741004586219788 0.03204081580042839 0.0
0.1390857696533203 0.2936180531978607 0.0
0.1489214301109314 0.293649286031723 0.0
0.15620720386505127 0.2936486005783081 0.0
0.6673369407653809 0.04817821830511093 0.0
0.17186307907104492 0.2943445146083832 0.0
0.18248647451400757 0.28836551308631897 0.0
0.6596860289573669 0.06090535223484039 0.0
0.19144296646118164 0.2872648239135742 0.0
0.20191168785095215 0.28604111075401306 0.0
0.21210527420043945 0.2827528715133667 0.0
0.22080981731414795 0.27966609597206116 0.0
0.23163855075836182 0.2775324881076813 0.0
0.23780786991119385 0.2736487090587616 0.0
0.6574063897132874 0.07152489572763443 0.0
0.24455970525741577 0.2728109657764435 0.0
0.25017911195755005 0.2701514661312103 0.0
0.2561737298965454 0.2674228847026825 0.0
0.6519696116447449 0.07686268538236618 0.0
0.2626323103904724 0.2669110894203186 0.0
0.26723623275756836 0.26421403884887695 0.0
0.6481154561042786 0.08240222185850143 0.0
0.27611517906188965 0.2634390592575073 0.0
0.29542142152786255 0.2575647234916687 0.0
0.305769145488739 0.25115522742271423 0.0
0.3045441508293152 0.2556905746459961 0.0
0.32120925188064575 0.2485141009092331 0.0
0.31431013345718384 0.2535272240638733 0.0
0.32998454570770264 0.24660030007362366 0.0
0.3372102379798889 0.24300305545330048 0.0
0.34975773096084595 0.2369876652956009 0.0
0.3496718406677246 0.24118928611278534 0.0
0.3579100966453552 0.2372642159461975 0.0
0.3654853105545044 0.23395395278930664 0.0
0.37660765647888184 0.22790130972862244 0.0
0.39074575901031494 0.22373522818088531 0.0
0.3858264088630676 0.22939863801002502 0.0
0.3997505307197571 0.22346045076847076 0.0
0.4044530391693115 0.21907255053520203 0.0
0.6428788304328918 0.09664858877658844 0.0
0.4173576235771179 0.21471701562404633 0.0
0.4410099983215332 0.2066068947315216 0.0
0.4502812623977661 0.20149803161621094 0.0
0.6341995000839233 0.09803406149148941 0.0
0.4495477080345154 0.2052663415670395 0.0
0.459057092666626 0.20219631493091583 0.0
0.46738237142562866 0.1938171237707138 0.0
0.47442638874053955 0.19131137430667877 0.0
0.6332904100418091 0.10192964226007462 0.0
0.47270405292510986 0.1974436193704605 0.0
0.49163609743118286 0.1848996877670288 0.0
0.6295666694641113 0.10521715134382248 0.0
0.5027000308036804 0.1825127899646759 0.0
0.511681854724884 0.17786304652690887 0.0
0.5179911255836487 0.17347300052642822 0.0
0.5230668187141418 0.16849656403064728 0.0
0.5327953696250916 0.1684170961380005 0.0
0.5348457098007202 0.16231098771095276 0.0
0.5491535067558289 0.15737637877464294 0.0
0.622485876083374 0.11614105105400085 0.0
0.5570950508117676 0.15748295187950134 0.0
0.5580782890319824 0.15382073819637299 0.0
0.6139560341835022 0.12176871299743652 0.0
0.6064068675041199 0.12735684216022491 0.0
0.5727779269218445 0.14778892695903778 0.0
0.5758162140846252 0.14498378336429596 0.0
0.600179135799408 0.13052484393119812 0.0
0.5943722724914551 0.13411623239517212 0.0
0.5826799273490906 0.14063020050525665 0.0
0.5818434357643127 0.14432118833065033 0.0
0.0 0.9031116962432861 0.0
0.0 0.9109427332878113 0.0
0.02616816759109497 0.921966016292572 0.0
0.028441190719604492 0.9310300946235657 0.0
0.032472193241119385 0.9383120536804199 0.0
0.05215173959732056 0.9557321667671204 0.0
0.09209126234054565 0.9728209376335144 0.0
0.10304838418960571 0.9875591993331909 0.0
0.009931206703186035 0.1310320347547531 0.0
0.0080108642578125 0.12066744267940521 0.0
0.0 0.8925250172615051 0.0
0.13445013761520386 1.0 0.0
0.13445013761520386 1.0 0.0
0.13445013761520386 1.0 0.0
0.010937392711639404 0.1458319127559662 0.0
0.013106763362884521 0.138758584856987 0.0
0.015312254428863525 0.15047818422317505 0.0
0.013325810432434082 0.1743338257074356 0.0
0.014628887176513672 0.1807766556739807 0.0
0.010244190692901611 0.18666045367717743 0.0
0.0105552077293396 0.19597797095775604 0.0
0.009386062622070312 0.19256845116615295 0.0
0.007647335529327393 0.20053893327713013 0.0
0.008795022964477539 0.20890723168849945 0.0
0.01337200403213501 0.21241717040538788 0.0
0.018548667430877686 0.22174137830734253 0.0
0.008307456970214844 0.22426998615264893 0.0
0.015936195850372314 0.22677643597126007 0.0
0.014500558376312256 0.23322241008281708 0.0
0.014561057090759277 0.243130624294281 0.0
0.02378106117248535 0.2538628578186035 0.0
0.03368103504180908 0.25873565673828125 0.0
0.04200458526611328 0.262291818857193 0.0
0.05428266525268555 0.27687868475914 0.0
0.04561614990234375 0.2743372917175293 0.0
0.03974747657775879 0.27085644006729126 0.0
0.04094284772872925 0.2665419578552246 0.0
0.06129544973373413 0.2802690267562866 0.0
0.06994873285293579 0.28345781564712524 0.0
0.07531160116195679 0.28749096393585205 0.0
0.08938628435134888 0.29068464040756226 0.0
0.6877391934394836 0.0 0.0
0.09997308254241943 0.29592573642730713 0.0
0.10952234268188477 0.296702116727829 0.0
0.6931889057159424 0.0167967788875103 0.0
0.12022298574447632 0.294871985912323 0.0
0.6864117383956909 0.033026523888111115 0.0
0.12564176321029663 0.2983770966529846 0.0
0.1301875114440918 0.2952921390533447 0.0
0.13647282123565674 0.2982140779495239 0.0
0.6784331202507019 0.03757965937256813 0.0
0.14524143934249878 0.2965139150619507 0.0
0.6777248382568359 0.04358328878879547 0.0
0.15312856435775757 0.29657235741615295 0.0
0.6789992451667786 0.05049235373735428 0.0
0.6716226935386658 0.055418312549591064 0.0
0.16173696517944336 0.2957407534122467 0.0
0.6664637327194214 0.060019876807928085 0.0
0.17943626642227173 0.2917484641075134 0.0
0.18755710124969482 0.29093894362449646 0.0
0.6650108695030212 0.06628527492284775 0.0
0.1957329511642456 0.28967204689979553 0.0
0.21191227436065674 0.287690669298172 0.0
0.221727192401886 0.28463125228881836 0.0
0.22673559188842773 0.2812291383743286 0.0
0.24309581518173218 0.27620407938957214 0.0
0.24146652221679688 0.28020837903022766 0.0
0.6607166528701782 0.07801166921854019 0.0
0.2518004775047302 0.2742026746273041 0.0
0.2603055238723755 0.2709485590457916 0.0
0.26928621530532837 0.26811376214027405 0.0
0.6561680436134338 0.0829760953783989 0.0
0.2865961790084839 0.2654430866241455 0.0
0.2937161326408386 0.2622595727443695 0.0
0.6519435048103333 0.08843337744474411 0.0
0.3301524519920349 0.25035303831100464 0.0
0.3381674289703369 0.24891410768032074 0.0
0.35727566480636597 0.24148832261562347 0.0
0.36739009618759155 0.23746031522750854 0.0
0.37473076581954956 0.23356346786022186 0.0
0.39527785778045654 0.22751587629318237 0.0
0.4032672047615051 0.22839976847171783 0.0
0.40919727087020874 0.223968967795372 0.0
0.41575831174850464 0.21940520405769348 0.0
0.42727869749069214 0.21710646152496338 0.0
0.4305223822593689 0.21272653341293335 0.0
0.4361026883125305 0.21005679666996002 0.0
0.44686007499694824 0.21088182926177979 0.0
0.46612465381622314 0.1984839290380478 0.0
0.6402988433837891 0.10116352140903473 0.0
0.4694300889968872 0.20252299308776855 0.0
0.480843722820282 0.19587932527065277 0.0
0.4867064952850342 0.1930307000875473 0.0
0.4901106357574463 0.18980135023593903 0.0
0.6380563378334045 0.10511492937803268 0.0
0.49770259857177734 0.18866173923015594 0.0
0.5084973573684692 0.1885388195514679 0.0
0.6297979950904846 0.10949432104825974 0.0
0.5271148085594177 0.17378196120262146 0.0
0.5410997271537781 0.16554680466651917 0.0
0.5406073927879333 0.1717088669538498 0.0
0.6265019178390503 0.11247525364160538 0.0
0.5481471419334412 0.16292458772659302 0.0
0.5540584921836853 0.16121269762516022 0.0
0.5640107989311218 0.15577955543994904 0.0
0.6180983781814575 0.11940451711416245 0.0
0.620090663433075 0.12380185723304749 0.0
0.6133281588554382 0.12534555792808533 0.0
0.5699759721755981 0.15196816623210907 0.0
0.6127541661262512 0.129530668258667 0.0
0.5792326331138611 0.14791792631149292 0.0
0.6068695783615112 0.13118107616901398 0.0
0.6033663749694824 0.13502390682697296 0.0
0.5901201367378235 0.14262183010578156 0.0
0.5964110493659973 0.13851869106292725 0.0
0.025095820426940918 0.9132401347160339 0.0
0.05248337984085083 0.9435024261474609 0.0
0.08664506673812866 0.9603976011276245 0.0
0.0 0.8725210428237915 0.0
0.0 0.8829070925712585 0.0
0.023684442043304443 0.8943473100662231 0.0
0.028600215911865234 0.9037950038909912 0.0
0.055541276931762695 0.9232603907585144 0.0
0.05637139081954956 0.9326746463775635 0.0
0.09466719627380371 0.9469616413116455 0.0
0.12792271375656128 0.9761912822723389 0.0
0.15503287315368652 0.9875560998916626 0.0
0.0060422420501708984 0.14088217914104462 0.0
0.1710268259048462 1.0 0.0
0.1710268259048462 1.0 0.0
0.1710268259048462 1.0 0.0
0.1710268259048462 1.0 0.0
0.011488199234008789 0.1581304669380188 0.0
0.007631838321685791 0.1537379026412964 0.0
0.006693720817565918 0.16632525622844696 0.0
0.011319458484649658 0.17029854655265808 0.0
0.0062631964683532715 0.17796045541763306 0.0
0.009016096591949463 0.18162667751312256 0.0
0.0 0.7995913624763489 0.0
0.0 0.7904144525527954 0.0
0.0 0.7937447428703308 0.0
0.0 0.7856414318084717 0.0
0.0 0.7796452641487122 0.0
0.0 0.768794596195221 0.0
0.019824683666229248 0.23720583319664001 0.0
0.013274013996124268 0.24870580434799194 0.0
0.02313321828842163 0.24947211146354675 0.0
0.011673271656036377 0.2525223195552826 0.0
0.0307999849319458 0.26490503549575806 0.0
0.028868913650512695 0.2699965834617615 0.0
0.048921287059783936 0.2820213735103607 0.0
0.04664885997772217 0.2782287299633026 0.0
0.05908721685409546 0.2852800786495209 0.0
0.06674331426620483 0.28748682141304016 0.0
0.058973848819732666 0.2905541956424713 0.0
0.07936137914657593 0.2919863760471344 0.0
0.692962110042572 0.0 0.0
0.6981655359268188 0.0 0.0
0.6991250514984131 0.0 0.0
0.7035855650901794 0.0 0.0
0.08935058116912842 0.2946109473705292 0.0
0.7050356864929199 0.0083007188513875 0.0
0.10221540927886963 0.3011353611946106 0.0
0.11510878801345825 0.30008578300476074 0.0
0.692140519618988 0.026106175035238266 0.0
0.12278711795806885 0.3016422688961029 0.0
0.1296926736831665 0.301126629114151 0.0
0.6853565573692322 0.040052689611911774 0.0
0.14806276559829712 0.3002127408981323 0.0
0.15799778699874878 0.2989312708377838 0.0
0.1679958701133728 0.29906269907951355 0.0
0.6761823296546936 0.06241031363606453 0.0
0.18254470825195312 0.2951600253582001 0.0
0.1937394142150879 0.29344919323921204 0.0
0.20315778255462646 0.29091963171958923 0.0
0.6669203639030457 0.07387033104896545 0.0
0.23281031847000122 0.283345490694046 0.0
0.25125962495803833 0.27880382537841797 0.0
0.2606286406517029 0.27582940459251404 0.0
0.2698809504508972 0.27297264337539673 0.0
0.2784944176673889 0.2693817913532257 0.0
0.2976464629173279 0.26724740862846375 0.0
0.30385392904281616 0.2615826725959778 0.0
0.31162577867507935 0.2584104835987091 0.0
0.32029634714126587 0.25840798020362854 0.0
0.32545894384384155 0.253902405500412 0.0
0.6602529883384705 0.08843844383955002 0.0
0.33663225173950195 0.25428909063339233 0.0
0.34773820638656616 0.24689191579818726 0.0
0.656975507736206 0.09160337597131729 0.0
0.3583264946937561 0.24541954696178436 0.0
0.364101767539978 0.24149514734745026 0.0
0.6530499458312988 0.0952598974108696 0.0
0.37491923570632935 0.24054357409477234 0.0
0.38472914695739746 0.23650820553302765 0.0
0.39566898345947266 0.23338694870471954 0.0
0.4188348650932312 0.2252320796251297 0.0
0.4245375990867615 0.22194905579090118 0.0
0.43906664848327637 0.21501052379608154 0.0
0.43713611364364624 0.219608336687088 0.0
0.45714789628982544 0.20881387591362 0.0
0.6450825333595276 0.10459171235561371 0.0
0.6495968103408813 0.101012222468853 0.0
0.4555814266204834 0.21487495303153992 0.0
0.46585845947265625 0.20746177434921265 0.0
0.6450210809707642 0.10880404710769653 0.0
0.63676917552948 0.10929127782583237 0.0
0.48798131942749023 0.19696290791034698 0.0
0.49402666091918945 0.19396327435970306 0.0
0.5019959807395935 0.19235464930534363 0.0
0.5147767663002014 0.18329684436321259 0.0
0.5216441750526428 0.1786520630121231 0.0
0.5310491323471069 0.17844299972057343 0.0
0.5343611836433411 0.17403283715248108 0.0
0.6353187561035156 0.11363720148801804 0.0
0.5490673780441284 0.16965970396995544 0.0
0.5557364225387573 0.16601985692977905 0.0
0.6321167349815369 0.11786216497421265 0.0
0.5616053938865662 0.1626780778169632 0.0
0.6273161172866821 0.1219174861907959 0.0
0.5628230571746826 0.15926794707775116 0.0
0.5720759630203247 0.15667158365249634 0.0
0.6197812557220459 0.1282251626253128 0.0
0.5764173269271851 0.15075813233852386 0.0
0.5784695148468018 0.15447397530078888 0.0
0.5815219283103943 0.151028573513031 0.0
0.6118150949478149 0.13359932601451874 0.0
0.5869255065917969 0.14825446903705597 0.0
0.6039015650749207 0.13934119045734406 0.0
0.01772671937942505 0.8780504465103149 0.0
0.020557522773742676 0.8853501081466675 0.0
0.04796868562698364 0.9074834585189819 0.0
0.05251592397689819 0.9142290353775024 0.0
0.08040845394134521 0.9362700581550598 0.0
0.11032462120056152 0.955195963382721 0.0
0.1255970597267151 0.9632404446601868 0.0
0.0 0.863854706287384 0.0
0.04406452178955078 0.8859795928001404 0.0
0.049201130867004395 0.8944469690322876 0.0
0.055608153343200684 0.9010279774665833 0.0
0.08908647298812866 0.9257116913795471 0.0
0.1111639142036438 0.934202253818512 0.0
0.16800063848495483 0.9706853628158569 0.0
0.19579201936721802 0.993066668510437 0.0
0.19880908727645874 1.0 0.0
0.18776226043701172 1.0 0.0
0.19328290224075317 1.0 0.0
0.004109561443328857 0.1491548717021942 0.0
0.004943788051605225 0.16038021445274353 0.0
0.0047643184661865234 0.17393547296524048 0.0
0.0 0.8144255876541138 0.0
0.0 0.804603636264801 0.0
0.010772883892059326 0.7975925207138062 0.0
0.012595772743225098 0.7915408611297607 0.0
0.008883535861968994 0.7863252758979797 0.0
0.008852481842041016 0.7798885703086853 0.0
0.0 0.7724858522415161 0.0
0.007987797260284424 0.7748384475708008 0.0
0.0 0.7625490427017212 0.0
0.0 0.7578977942466736 0.0
0.008386433124542236 0.23972250521183014 0.0
0.0 0.7547727227210999 0.0
0.0 0.7432101368904114 0.0
0.014475047588348389 0.25932568311691284 0.0
0.022386133670806885 0.26750749349594116 0.0
0.01605910062789917 0.2644905745983124 0.0
0.03251075744628906 0.2750324010848999 0.0
0.03722429275512695 0.27991190552711487 0.0
0.06965351104736328 0.29052725434303284 0.0
0.06683683395385742 0.29511702060699463 0.0
0.7128415703773499 0.0 0.0
0.7220811247825623 0.0 0.0
0.7159676551818848 0.0 0.0
0.08929198980331421 0.3004223704338074 0.0
0.07858222723007202 0.29761970043182373 0.0
0.7052907347679138 0.016946304589509964 0.0
0.7014244198799133 0.024760106578469276 0.0
0.10903757810592651 0.3049394190311432 0.0
0.11772364377975464 0.3041897714138031 0.0
0.696900486946106 0.0316007025539875 0.0
0.12676602602005005 0.3054350018501282 0.0
0.6959675550460815 0.03962424769997597 0.0
0.137348473072052 0.30279356241226196 0.0
0.6879181265830994 0.04609370231628418 0.0
0.689142107963562 0.05344492197036743 0.0
0.6806498765945435 0.056417565792798996 0.0
0.158685564994812 0.302521288394928 0.0
0.14714568853378296 0.3056490123271942 0.0
0.1793980598449707 0.3000117838382721 0.0
0.6757840514183044 0.07056144624948502 0.0
0.1906549334526062 0.2980080842971802 0.0
0.20211535692214966 0.29608896374702454 0.0
0.21227049827575684 0.2929503917694092 0.0
0.2191150188446045 0.28931328654289246 0.0
0.22817480564117432 0.28896620869636536 0.0
0.6680291891098022 0.07932119071483612 0.0
0.23738610744476318 0.28720763325691223 0.0
0.24310851097106934 0.28404566645622253 0.0
0.2473742961883545 0.2816604673862457 0.0
0.6645547747612 0.08364769071340561 0.0
0.2539982795715332 0.2838814854621887 0.0
0.2604254484176636 0.2798255383968353 0.0
0.26950758695602417 0.27795329689979553 0.0
0.2805114984512329 0.27514633536338806 0.0
0.2885162830352783 0.2707829475402832 0.0
0.30919861793518066 0.2669336795806885 0.0
0.31491076946258545 0.26271212100982666 0.0
0.3302774429321289 0.25873494148254395 0.0
0.6628261804580688 0.09423943608999252 0.0
0.3247385621070862 0.26315852999687195 0.0
0.3485835790634155 0.2526714503765106 0.0
0.35604214668273926 0.24987471103668213 0.0
0.369564950466156 0.24584777653217316 0.0
0.37955421209335327 0.24598778784275055 0.0
0.38422518968582153 0.24197818338871002 0.0
0.39217609167099 0.240083247423172 0.0
0.406069815158844 0.2337995022535324 0.0
0.41239839792251587 0.22940874099731445 0.0
0.6552428603172302 0.09961845725774765 0.0
0.6576464176177979 0.10310594737529755 0.0
0.4292854070663452 0.226751446723938 0.0
0.4316646456718445 0.22193719446659088 0.0
0.44024741649627686 0.22474472224712372 0.0
0.44746387004852295 0.2150869369506836 0.0
0.447288453578949 0.21941617131233215 0.0
0.46321284770965576 0.211909219622612 0.0
0.47006678581237793 0.2120087742805481 0.0
0.47382718324661255 0.20720767974853516 0.0
0.4773182272911072 0.201980859041214 0.0
0.48180311918258667 0.20712243020534515 0.0
0.48551082611083984 0.20160238444805145 0.0
0.49519336223602295 0.200424924492836 0.0
0.5182350277900696 0.18752670288085938 0.0
0.5262021422386169 0.18402206897735596 0.0
0.5391427874565125 0.17705991864204407 0.0
0.5464947819709778 0.17537322640419006 0.0
0.5697215795516968 0.16082748770713806 0.0
0.5786632895469666 0.15933342278003693 0.0
0.6272141337394714 0.12699756026268005 0.0
0.5860186815261841 0.1532454788684845 0.0
0.6180844902992249 0.1319471001625061 0.0
0.6106387376785278 0.13783250749111176 0.0
0.5958389043807983 0.14697909355163574 0.0
0.5998926758766174 0.14271791279315948 0.0
0.0 0.8554548025131226 0.0
0.023970842361450195 0.8629091382026672 0.0
0.029841303825378418 0.8714545369148254 0.0
0.03764420747756958 0.8782402873039246 0.0
0.07381826639175415 0.8947087526321411 0.0
0.07941198348999023 0.9041375517845154 0.0
0.08313292264938354 0.9149301648139954 0.0
0.13007980585098267 0.9410542845726013 0.0
0.13613158464431763 0.9507659673690796 0.0
0.16161561012268066 0.9581644535064697 0.0
0.19239336252212524 0.9819006323814392 0.0
0.21834057569503784 1.0 0.0
0.0 0.8422572016716003 0.0
0.0 0.8479766249656677 0.0
0.10705810785293579 0.9077043533325195 0.0
0.12297213077545166 0.9250963926315308 0.0
0.23101216554641724 0.9867168068885803 0.0
0.22136980295181274 1.0 0.0
0.22104394435882568 1.0 0.0
0.22375363111495972 1.0 0.0
0.22093290090560913 1.0 0.0
0.22234052419662476 1.0 0.0
0.0 0.8350942134857178 0.0
0.0 0.8271589875221252 0.0
0.0 0.8187382221221924 0.0
0.0 0.8096341490745544 0.0
0.0169600248336792 0.8006078600883484 0.0
0.015713930130004883 0.8069279789924622 0.0
0.012869060039520264 0.7686854004859924 0.0
0.006119251251220703 0.7674162983894348 0.0
0.006805539131164551 0.7633054852485657 0.0
0.0 0.7506395578384399 0.0
0.00679469108581543 0.7492989897727966 0.0
0.005165576934814453 0.7452107071876526 0.0
0.0 0.7465009689331055 0.0
0.003323078155517578 0.7413365244865417 0.0
0.0 0.7372310161590576 0.0
0.0 0.7323562502861023 0.0
0.013663172721862793 0.2705387473106384 0.0
0.02150660753250122 0.2746354639530182 0.0
0.022070705890655518 0.2804894745349884 0.0
0.029288291931152344 0.2832697629928589 0.0
0.04789215326309204 0.28799617290496826 0.0
0.03524887561798096 0.28611230850219727 0.0
0.05375075340270996 0.2954283654689789 0.0
0.04778999090194702 0.29240214824676514 0.0
0.7233226895332336 0.0 0.0
0.7254209518432617 0.0 0.0
0.7226650714874268 0.0 0.0
0.7135207653045654 0.012270892970263958 0.0
0.093616783618927 0.3047316074371338 0.0
0.7107276320457458 0.022572224959731102 0.0
0.7080880999565125 0.03339117020368576 0.0
0.11617577075958252 0.30974239110946655 0.0
0.12457442283630371 0.30907419323921204 0.0
0.13072139024734497 0.3093414902687073 0.0
0.13623952865600586 0.3065798878669739 0.0
0.13974076509475708 0.3099024295806885 0.0
0.1504717469215393 0.31045931577682495 0.0
0.6877762675285339 0.060373228043317795 0.0
0.1598132848739624 0.3069654107093811 0.0
0.17085403203964233 0.30385738611221313 0.0
0.6869601011276245 0.06782511621713638 0.0
0.17976707220077515 0.30337151885032654 0.0
0.18814128637313843 0.30277103185653687 0.0
0.6846224665641785 0.07528597116470337 0.0
0.19739097356796265 0.30035439133644104 0.0
0.6752814650535583 0.07758176326751709 0.0
0.20684689283370972 0.3003193140029907 0.0
0.20983785390853882 0.2967279553413391 0.0
0.22113972902297974 0.29263007640838623 0.0
0.6730630993843079 0.08351141959428787 0.0
0.22829926013946533 0.2944476902484894 0.0
0.23710733652114868 0.29152730107307434 0.0
0.24634617567062378 0.2884809076786041 0.0
0.6696682572364807 0.089615598320961 0.0
0.26670563220977783 0.282854288816452 0.0
0.29157066345214844 0.27522027492523193 0.0
0.2871538996696472 0.27850350737571716 0.0
0.29682648181915283 0.2721148133277893 0.0
0.6710033416748047 0.0953206792473793 0.0
0.3052370548248291 0.2713810205459595 0.0
0.31922638416290283 0.2674403190612793 0.0
0.3277219533920288 0.2675132155418396 0.0
0.3388848900794983 0.2590572237968445 0.0
0.6689136028289795 0.10008882731199265 0.0
0.3453480005264282 0.2570698857307434 0.0
0.3610691428184509 0.253871887922287 0.0
0.36537718772888184 0.2500925362110138 0.0
0.6603797078132629 0.0992676243185997 0.0
0.37560611963272095 0.25026246905326843 0.0
0.38942599296569824 0.2461201697587967 0.0
0.4009345769882202 0.23874343931674957 0.0
0.3973384499549866 0.24353346228599548 0.0
0.40846335887908936 0.23857329785823822 0.0
0.41459208726882935 0.2352340668439865 0.0
0.42157191038131714 0.23102936148643494 0.0
0.6531241536140442 0.10712971538305283 0.0
0.43063586950302124 0.23321914672851562 0.0
0.4375306963920593 0.23009450733661652 0.0
0.4593361020088196 0.22144371271133423 0.0
0.6535976529121399 0.11312149465084076 0.0
0.4652174115180969 0.2163258045911789 0.0
0.47754669189453125 0.21223220229148865 0.0
0.5023213624954224 0.19669696688652039 0.0
0.5098724365234375 0.1938701570034027 0.0
0.5164503455162048 0.1911783516407013 0.0
0.644260823726654 0.11371506750583649 0.0
0.5112863183021545 0.19868847727775574 0.0
0.5259894728660583 0.19001780450344086 0.0
0.5366709232330322 0.1820996254682541 0.0
0.5447430610656738 0.18031100928783417 0.0
0.5530872941017151 0.17476718127727509 0.0
0.5589311718940735 0.17219102382659912 0.0
0.6430781483650208 0.11931336671113968 0.0
0.5642329454421997 0.1683572381734848 0.0
0.6376810669898987 0.12414561957120895 0.0
0.5698647499084473 0.16574427485466003 0.0
0.6323246359825134 0.12580302357673645 0.0
0.5842588543891907 0.15697462856769562 0.0
0.6263156533241272 0.13237179815769196 0.0
0.619277834892273 0.13631947338581085 0.0
0.5932132601737976 0.15179723501205444 0.0
0.5907315015792847 0.1564287692308426 0.0
0.6007974147796631 0.1507641226053238 0.0
0.6161679029464722 0.14011317491531372 0.0
0.6097254157066345 0.1429353803396225 0.0
0.6037241220474243 0.14655143022537231 0.0
0.05004096031188965 0.8720546960830688 0.0
0.06435662508010864 0.8774296641349792 0.0
0.06913679838180542 0.8865735530853271 0.0
0.15662240982055664 0.9422177672386169 0.0
0.02210921049118042 0.8485371470451355 0.0
0.02909022569656372 0.8545709848403931 0.0
0.049760520458221436 0.8654675483703613 0.0
0.09643900394439697 0.8947449326515198 0.0
0.11857545375823975 0.9156984090805054 0.0
0.1538677215576172 0.9313318133354187 0.0
0.17665129899978638 0.9489771127700806 0.0
0.2024638056755066 0.9582598805427551 0.0
0.21382355690002441 0.9717185497283936 0.0
0.252383291721344 0.9730303883552551 0.0
0.26450395584106445 1.0 0.0
0.0253065824508667 0.833916962146759 0.0
0.017636418342590332 0.8427683711051941 0.0
0.04647707939147949 0.8486620783805847 0.0
0.014785468578338623 0.8115050792694092 0.0
0.03034985065460205 0.8060077428817749 0.0
0.03273683786392212 0.800033688545227 0.0
0.024615168571472168 0.792201042175293 0.0
0.02048403024673462 0.7844556570053101 0.0
0.02434784173965454 0.7875087261199951 0.0
0.0181196928024292 0.7797352075576782 0.0
0.017750918865203857 0.7736314535140991 0.0
0.012544631958007812 0.7639357447624207 0.0
0.007618069648742676 0.7582926154136658 0.0
0.015012204647064209 0.7590182423591614 0.0
0.007555186748504639 0.7536891102790833 0.0
0.008180439472198486 0.7403166890144348 0.0
0.006273031234741211 0.7353876829147339 0.0
0.002574145793914795 0.7322343587875366 0.0
0.0 0.7277024388313293 0.0
0.010821521282196045 0.2766534388065338 0.0
0.022753655910491943 0.2863672971725464 0.0
0.03683549165725708 0.2920653522014618 0.0
0.041235268115997314 0.29653123021125793 0.0
0.05845487117767334 0.29881492257118225 0.0
0.06726747751235962 0.30124714970588684 0.0
0.7334352135658264 0.0 0.0
0.7337746620178223 0.0 0.0
0.7330951690673828 0.0 0.0
0.0780189037322998 0.3024669587612152 0.0
0.723712146282196 0.006864927243441343 0.0
0.08322405815124512 0.3068983256816864 0.0
0.7201377749443054 0.018568048253655434 0.0
0.09378588199615479 0.30981749296188354 0.0
0.1003527045249939 0.3058890104293823 0.0
0.7166532278060913 0.027400970458984375 0.0
0.10444843769073486 0.3094494342803955 0.0
0.7192284464836121 0.03370670974254608 0.0
0.7069040536880493 0.04275727644562721 0.0
0.12505191564559937 0.3119499683380127 0.0
0.7002753615379333 0.0491810142993927 0.0
0.13272762298583984 0.31316348910331726 0.0
0.6992753744125366 0.05832785367965698 0.0
0.6947211623191833 0.0640513151884079 0.0
0.16205590963363647 0.31102532148361206 0.0
0.16965830326080322 0.3079729378223419 0.0
0.18023085594177246 0.30649909377098083 0.0
0.19006109237670898 0.3063001334667206 0.0
0.1986503005027771 0.3044271469116211 0.0
0.6831071972846985 0.08277627825737 0.0
0.21783214807510376 0.2976326048374176 0.0
0.6780090928077698 0.08794987946748734 0.0
0.2543412446975708 0.2921347916126251 0.0
0.25440138578414917 0.2881355285644531 0.0
0.2629196047782898 0.2880452275276184 0.0
0.6785768270492554 0.09394032508134842 0.0
0.27886152267456055 0.28115954995155334 0.0
0.6753690838813782 0.0985298752784729 0.0
0.2898094654083252 0.28221315145492554 0.0
0.2954663634300232 0.279015451669693 0.0
0.3015463352203369 0.275902658700943 0.0
0.3121281862258911 0.27501770853996277 0.0
0.31404566764831543 0.2708234190940857 0.0
0.335288941860199 0.2638457417488098 0.0
0.32405412197113037 0.27287420630455017 0.0
0.34669286012649536 0.26181113719940186 0.0
0.35601139068603516 0.25814536213874817 0.0
0.35682862997055054 0.26311200857162476 0.0
0.3684145212173462 0.25803762674331665 0.0
0.3722829222679138 0.2542336881160736 0.0
0.6643247604370117 0.10350248962640762 0.0
0.3836238384246826 0.24980850517749786 0.0
0.3901139497756958 0.2512074410915375 0.0
0.40503573417663574 0.24340875446796417 0.0
0.6627731919288635 0.10845990478992462 0.0
0.41501307487487793 0.24211232364177704 0.0
0.4232598543167114 0.23731966316699982 0.0
0.45096004009246826 0.22502830624580383 0.0
0.6582233905792236 0.11091292649507523 0.0
0.4729769825935364 0.21700680255889893 0.0
0.48562484979629517 0.21257086098194122 0.0
0.4918811321258545 0.20740553736686707 0.0
0.5042522549629211 0.2008855938911438 0.0
0.49286723136901855 0.2131192535161972 0.0
0.5033604502677917 0.20573903620243073 0.0
0.5209754109382629 0.1954878270626068 0.0
0.5347175002098083 0.1871611475944519 0.0
0.5433348417282104 0.18515892326831818 0.0
0.5499909520149231 0.18321220576763153 0.0
0.5520114302635193 0.17923936247825623 0.0
0.5592823028564453 0.17827977240085602 0.0
0.6521079540252686 0.1183118224143982 0.0
0.5660038590431213 0.17688106000423431 0.0
0.5667273998260498 0.17275822162628174 0.0
0.5745434165000916 0.17143549025058746 0.0
0.5806610584259033 0.1652955412864685 0.0
0.6359758377075195 0.13040482997894287 0.0
0.586815357208252 0.1605265736579895 0.0
0.6294353604316711 0.13828815519809723 0.0
0.598175585269928 0.15549713373184204 0.0
0.5950168967247009 0.1601140946149826 0.0
0.6191563606262207 0.14357417821884155 0.0
0.6223001480102539 0.14033143222332 0.0
0.6066429018974304 0.14985863864421844 0.0
0.6069247126579285 0.15500891208648682 0.0
0.6095419526100159 0.1472691297531128 0.0
0.05288976430892944 0.8567758202552795 0.0
0.07337045669555664 0.8614322543144226 0.0
0.06948888301849365 0.8687055706977844 0.0
0.09004843235015869 0.8801326751708984 0.0
0.09274768829345703 0.8878225088119507 0.0
0.11918812990188599 0.8984245657920837 0.0
0.13691288232803345 0.9060986638069153 0.0
0.1477617621421814 0.9197216629981995 0.0
0.18797969818115234 0.9388816952705383 0.0
0.2677316665649414 0.9852582216262817 0.0
0.2824539542198181 1.0 0.0
0.30038660764694214 1.0 0.0
0.03949671983718872 0.8412384390830994 0.0
0.11569803953170776 0.8891807198524475 0.0
0.14817845821380615 0.9122185707092285 0.0
0.18015724420547485 0.9209782481193542 0.0
0.21457988023757935 0.9459923505783081 0.0
0.23671478033065796 0.9625567197799683 0.0
0.29836827516555786 0.9921373128890991 0.0
0.31646502017974854 1.0 0.0
0.3118230104446411 1.0 0.0
0.31413888931274414 1.0 0.0
0.029631972312927246 0.8251655697822571 0.0
0.027986645698547363 0.8119621872901917 0.0
0.02671295404434204 0.8188824653625488 0.0
0.040536463260650635 0.7878785729408264 0.0
0.03557002544403076 0.7938283085823059 0.0
0.03325992822647095 0.7864388227462769 0.0
0.032150208950042725 0.78258216381073 0.0
0.028653442859649658 0.7785849571228027 0.0
0.025454461574554443 0.7750172019004822 0.0
0.029467403888702393 0.7694922089576721 0.0
0.02326256036758423 0.7670836448669434 0.0
0.02258896827697754 0.7613005042076111 0.0
0.01511073112487793 0.7483158707618713 0.0
0.012895762920379639 0.7428434491157532 0.0
0.005541622638702393 0.7287470102310181 0.0
0.010560750961303711 0.731230616569519 0.0
0.0 0.7206833958625793 0.0
0.010137557983398438 0.2816343307495117 0.0
0.013199031352996826 0.2856302559375763 0.0
0.024040520191192627 0.29159262776374817 0.0
0.04806661605834961 0.29988986253738403 0.0
0.05503922700881958 0.30302566289901733 0.0
0.07077646255493164 0.30652353167533875 0.0
0.06105691194534302 0.3059719502925873 0.0
0.7339417934417725 0.0 0.0
0.734109103679657 0.0 0.0
0.7369645237922668 0.0 0.0
0.7312034964561462 0.014463702216744423 0.0
0.7271108627319336 0.026881158351898193 0.0
0.10063457489013672 0.31440016627311707 0.0
0.72819983959198 0.03728129342198372 0.0
0.7181465029716492 0.04181930795311928 0.0
0.11133444309234619 0.316206157207489 0.0
0.12008655071258545 0.3146210014820099 0.0
0.712666928768158 0.048769254237413406 0.0
0.12648391723632812 0.3154813349246979 0.0
0.709966778755188 0.055054936558008194 0.0
0.14185982942581177 0.31403663754463196 0.0
0.7101661562919617 0.06187045946717262 0.0
0.7024899125099182 0.06510383635759354 0.0
0.15264731645584106 0.3148816227912903 0.0
0.6967416405677795 0.06898274272680283 0.0
0.17494726181030273 0.3112981617450714 0.0
0.69243985414505 0.07316712290048599 0.0
0.6933210492134094 0.0794333964586258 0.0
0.1872653365135193 0.3095654249191284 0.0
0.19537192583084106 0.3080373704433441 0.0
0.20778465270996094 0.3044567108154297 0.0
0.21399396657943726 0.3023815155029297 0.0
0.21501731872558594 0.3064435124397278 0.0
0.2226266860961914 0.3028128147125244 0.0
0.2277030348777771 0.29877254366874695 0.0
0.6856337189674377 0.08960187435150146 0.0
0.23822349309921265 0.2972700595855713 0.0
0.24480575323104858 0.29304349422454834 0.0
0.26633918285369873 0.29348093271255493 0.0
0.27470898628234863 0.2867462635040283 0.0
0.2700572609901428 0.2898746132850647 0.0
0.2839850187301636 0.2851267158985138 0.0
0.30131757259368896 0.28321874141693115 0.0
0.3016294240951538 0.2793285846710205 0.0
0.30808770656585693 0.27931973338127136 0.0
0.33467739820480347 0.2696809768676758 0.0
0.34333914518356323 0.2669070065021515 0.0
0.3505764603614807 0.26538923382759094 0.0
0.3647940158843994 0.2613985538482666 0.0
0.6715231537818909 0.10682123154401779 0.0
0.3797241449356079 0.2582046687602997 0.0
0.383439302444458 0.2541130781173706 0.0
0.39874643087387085 0.24894428253173828 0.0
0.4092259407043457 0.24834111332893372 0.0
0.4322509765625 0.2393227368593216 0.0
0.4398537278175354 0.23542051017284393 0.0
0.44769448041915894 0.23073908686637878 0.0
0.6633205413818359 0.11475507915019989 0.0
0.4596700668334961 0.22869490087032318 0.0
0.4668845534324646 0.22483286261558533 0.0
0.4681164026260376 0.2205996960401535 0.0
0.6591953635215759 0.11806488037109375 0.0
0.4751589894294739 0.2231632024049759 0.0
0.48092448711395264 0.2177257537841797 0.0
0.490286648273468 0.21817097067832947 0.0
0.501107394695282 0.2116711288690567 0.0
0.5107740759849548 0.20298832654953003 0.0
0.5213442444801331 0.20211876928806305 0.0
0.5322421789169312 0.19364461302757263 0.0
0.5399960875511169 0.19631682336330414 0.0
0.5420769453048706 0.1908842772245407 0.0
0.5509523153305054 0.18754659593105316 0.0
0.6519427299499512 0.12261456251144409 0.0
0.5713320970535278 0.1756281554698944 0.0
0.6475323438644409 0.12535400688648224 0.0
0.5842487215995789 0.17091630399227142 0.0
0.6438999176025391 0.12874282896518707 0.0
0.591032862663269 0.16396845877170563 0.0
0.5914224982261658 0.1683972030878067 0.0
0.6395502090454102 0.1371968388557434 0.0
0.633030891418457 0.13459835946559906 0.0
0.601751446723938 0.15911662578582764 0.0
0.6241288781166077 0.1478995680809021 0.0
0.6157211661338806 0.14721599221229553 0.0
0.6275653839111328 0.1436334103345871 0.0
0.6124098896980286 0.15091776847839355 0.0
0.09053164720535278 0.872052788734436 0.0
0.0655854344367981 0.8412379622459412 0.0
0.0713648796081543 0.8489417433738708 0.0
0.07863801717758179 0.8549507856369019 0.0
0.08997100591659546 0.8651689887046814 0.0
0.11291122436523438 0.8758112192153931 0.0
0.10953545570373535 0.8827256560325623 0.0
0.13921105861663818 0.8904069066047668 0.0
0.16912823915481567 0.914112389087677 0.0
0.20021116733551025 0.9288343787193298 0.0
0.22685092687606812 0.9359177947044373 0.0
0.2427889108657837 0.9523014426231384 0.0
0.29344016313552856 0.973829448223114 0.0
0.3305389881134033 0.9941399693489075 0.0
0.3250792622566223 1.0 0.0
0.33369243144989014 1.0 0.0
0.04725378751754761 0.8264763951301575 0.0
0.060413360595703125 0.8321316242218018 0.0
0.1582232117652893 0.8969408869743347 0.0
0.17147094011306763 0.9061945676803589 0.0
0.3578382730484009 1.0 0.0
0.3405553698539734 1.0 0.0
0.33712637424468994 1.0 0.0
0.0503842830657959 0.7933058738708496 0.0
0.048207640647888184 0.7892783284187317 0.0
0.047558486461639404 0.8000748157501221 0.0
0.04383993148803711 0.8060606718063354 0.0
0.05317431688308716 0.8106633424758911 0.0
0.048963189125061035 0.8196259140968323 0.0
0.05575507879257202 0.7839167714118958 0.0
0.045561909675598145 0.7815911173820496 0.0
0.04290205240249634 0.7758338451385498 0.0
0.03571963310241699 0.7724776268005371 0.0
0.04167205095291138 0.7658663392066956 0.0
0.03535574674606323 0.7617337107658386 0.0
0.03555905818939209 0.7544680833816528 0.0
0.025039613246917725 0.7538596987724304 0.0
0.01599639654159546 0.7534502744674683 0.0
0.012641429901123047 0.736239492893219 0.0
0.010414540767669678 0.7254994511604309 0.0
0.00580143928527832 0.2848844528198242 0.0
0.012996315956115723 0.2905135452747345 0.0
0.7512772083282471 0.0 0.0
0.7520862221717834 0.00704589020460844 0.0
0.06046861410140991 0.3113657832145691 0.0
0.07321077585220337 0.31194746494293213 0.0
0.7417306303977966 0.011935263872146606 0.0
0.08383369445800781 0.31311848759651184 0.0
0.7394329905509949 0.022089630365371704 0.0
0.09159475564956665 0.31472787261009216 0.0
0.7380689382553101 0.03256770595908165 0.0
0.12156027555465698 0.3193434774875641 0.0
0.13319677114486694 0.31778180599212646 0.0
0.14297908544540405 0.31751251220703125 0.0
0.14895159006118774 0.31919193267822266 0.0
0.7033331394195557 0.06998089700937271 0.0
0.15766406059265137 0.31726524233818054 0.0
0.16444295644760132 0.31454721093177795 0.0
0.6995031833648682 0.0741582065820694 0.0
0.1645100712776184 0.3175020217895508 0.0
0.1735329031944275 0.3158082962036133 0.0
0.1860458254814148 0.3139687478542328 0.0
0.6910504102706909 0.08560658246278763 0.0
0.1959431767463684 0.3113187253475189 0.0
0.20441502332687378 0.30841419100761414 0.0
0.22230899333953857 0.306355744600296 0.0
0.23183470964431763 0.301672101020813 0.0
0.6886772513389587 0.0961410403251648 0.0
0.24087989330291748 0.3032654821872711 0.0
0.24727916717529297 0.29954200983047485 0.0
0.2483767867088318 0.2960289716720581 0.0
0.6819603443145752 0.10003656148910522 0.0
0.25744640827178955 0.2983076870441437 0.0
0.2760787606239319 0.29159870743751526 0.0
0.28426307439804077 0.2892282009124756 0.0
0.29225099086761475 0.28666988015174866 0.0
0.6836737394332886 0.10547388345003128 0.0
0.6767092347145081 0.10310367494821548 0.0
0.31944572925567627 0.279446542263031 0.0
0.3341514468193054 0.2740347385406494 0.0
0.33031266927719116 0.2778753638267517 0.0
0.3429739475250244 0.2721802592277527 0.0
0.34926068782806396 0.26859089732170105 0.0
0.3561469316482544 0.2672482132911682 0.0
0.6788401007652283 0.10766571760177612 0.0
0.3658449649810791 0.2660270035266876 0.0
0.3759777545928955 0.26275351643562317 0.0
0.6707862019538879 0.11293083429336548 0.0
0.38727086782455444 0.25769779086112976 0.0
0.39528971910476685 0.2558240592479706 0.0
0.40457993745803833 0.25297194719314575 0.0
0.4188302755355835 0.24845311045646667 0.0
0.42510682344436646 0.24346879124641418 0.0
0.4329419732093811 0.2445123791694641 0.0
0.4494069814682007 0.23723584413528442 0.0
0.4560508728027344 0.23398350179195404 0.0
0.4714513421058655 0.22986367344856262 0.0
0.4848130941390991 0.22334326803684235 0.0
0.497342050075531 0.21606332063674927 0.0
0.5075503587722778 0.20950759947299957 0.0
0.5147063732147217 0.2076333910226822 0.0
0.5310956239700317 0.19852428138256073 0.0
0.5390622019767761 0.20028939843177795 0.0
0.660273551940918 0.12320998311042786 0.0
0.548995852470398 0.19539308547973633 0.0
0.5519652962684631 0.19179899990558624 0.0
0.5590924620628357 0.19055235385894775 0.0
0.5581493973731995 0.18437908589839935 0.0
0.6561093926429749 0.12719696760177612 0.0
0.5679200887680054 0.1832972764968872 0.0
0.5730243921279907 0.17998577654361725 0.0
0.5775365233421326 0.17745378613471985 0.0
0.5838086009025574 0.1754409819841385 0.0
0.651386559009552 0.13044282793998718 0.0
0.6457325220108032 0.13342195749282837 0.0
0.6011984348297119 0.16462934017181396 0.0
0.6375170350074768 0.14353060722351074 0.0
0.607130229473114 0.16031911969184875 0.0
0.6331686973571777 0.14840038120746613 0.0
0.6158157587051392 0.1554991602897644 0.0
0.6201645731925964 0.15180565416812897 0.0
0.1009376049041748 0.8578925132751465 0.0
0.1165623664855957 0.8665906190872192 0.0
0.13435423374176025 0.8817398548126221 0.0
0.2472112774848938 0.9426855444908142 0.0
0.2695571780204773 0.9603022933006287 0.0
0.32307177782058716 0.9827303886413574 0.0
0.06635653972625732 0.7937777042388916 0.0
0.061123549938201904 0.8017417192459106 0.0
0.08694374561309814 0.8339651823043823 0.0
0.09039300680160522 0.84186190366745 0.0
0.09622800350189209 0.8493731021881104 0.0
0.13546621799468994 0.8730112314224243 0.0
0.16612201929092407 0.8858271241188049 0.0
0.20089995861053467 0.9119225740432739 0.0
0.21205085515975952 0.9203304052352905 0.0
0.2413824200630188 0.9254381656646729 0.0
0.2665252089500427 0.9340083003044128 0.0
0.28066468238830566 0.9463521838188171 0.0
0.30806535482406616 0.9571444392204285 0.0
0.3575505018234253 0.9841262698173523 0.0
0.38185232877731323 0.9923309087753296 0.0
0.3689868450164795 1.0 0.0
0.3715425133705139 1.0 0.0
0.37026405334472656 1.0 0.0
0.05745333433151245 0.7878820896148682 0.0
0.07772839069366455 0.8081207871437073 0.0
0.06754475831985474 0.8146176934242249 0.0
0.07182061672210693 0.8214077949523926 0.0
0.0870370864868164 0.8263167142868042 0.0
0.18651843070983887 0.8988324999809265 0.0
0.20161187648773193 0.9032082557678223 0.0
0.05610775947570801 0.7749698162078857 0.0
0.05907022953033447 0.7785595059394836 0.0
0.048201680183410645 0.7687487602233887 0.0
0.0551152229309082 0.7705568075180054 0.0
0.04930269718170166 0.7591560482978821 0.0
0.052545011043548584 0.762959897518158 0.0
0.02521294355392456 0.7473989129066467 0.0
0.021873652935028076 0.7425678372383118 0.0
0.019917309284210205 0.7367739677429199 0.0
0.017326772212982178 0.7297999858856201 0.0
0.0 0.712199330329895 0.0
0.007837414741516113 0.7162566781044006 0.0
0.009988367557525635 0.7203174233436584 0.0
0.006130814552307129 0.28875696659088135 0.0
0.011964261531829834 0.2960340678691864 0.0
0.0 0.7061148285865784 0.0
0.025103211402893066 0.2983168363571167 0.0
0.010683834552764893 0.30104467272758484 0.0
0.03191953897476196 0.3064168393611908 0.0
0.025197625160217285 0.30375391244888306 0.0
0.035738587379455566 0.3015868663787842 0.0
0.03917282819747925 0.3086501359939575 0.0
0.04346144199371338 0.3046186566352844 0.0
0.05006968975067139 0.30840638279914856 0.0
0.754650354385376 0.0 0.0
0.7600289583206177 0.0 0.0
0.7529659867286682 0.0 0.0
0.7499591708183289 0.017632653936743736 0.0
0.0646476149559021 0.3169826865196228 0.0
0.0757284164428711 0.31747567653656006 0.0
0.08591288328170776 0.31831714510917664 0.0
0.09432810544967651 0.31814685463905334 0.0
0.10191762447357178 0.3200637400150299 0.0
0.7387498021125793 0.04150724038481712 0.0
0.11131042242050171 0.32247886061668396 0.0
0.7303130626678467 0.04563364386558533 0.0
0.7231281995773315 0.04989074543118477 0.0
0.7182230353355408 0.053740620613098145 0.0
0.11971050500869751 0.324969083070755 0.0
0.1287304162979126 0.3227594792842865 0.0
0.7189119458198547 0.059182822704315186 0.0
0.13385963439941406 0.32552483677864075 0.0
0.13864487409591675 0.32119661569595337 0.0
0.7196658253669739 0.06658926606178284 0.0
0.14491784572601318 0.323676198720932 0.0
0.7098314166069031 0.06825247406959534 0.0
0.7071046233177185 0.07392290234565735 0.0
0.15692389011383057 0.32049691677093506 0.0
0.1528347134590149 0.32399848103523254 0.0
0.15999430418014526 0.3229224383831024 0.0
0.702754020690918 0.07944643497467041 0.0
0.16851311922073364 0.3200951814651489 0.0
0.6983397006988525 0.08514026552438736 0.0
0.1808328628540039 0.3182917833328247 0.0
0.19170814752578735 0.31755101680755615 0.0
0.19629967212677002 0.31464681029319763 0.0
0.6938785910606384 0.09053400903940201 0.0
0.205469012260437 0.3133610486984253 0.0
0.21248430013656616 0.31040719151496887 0.0
0.22171032428741455 0.30976852774620056 0.0
0.22998762130737305 0.30617696046829224 0.0
0.1570541262626648 0.33775845170021057 0.0
0.15772736072540283 0.33758172392845154 0.0
0.15807580947875977 0.3374902307987213 0.0
0.15790152549743652 0.3375360071659088 0.0
0.15888386964797974 0.33727800846099854 0.0
0.15838950872421265 0.3373866081237793 0.0
0.2516888380050659 0.3028740882873535 0.0
0.6892679333686829 0.10249089449644089 0.0
0.15874886512756348 0.33731383085250854 0.0
0.15895849466323853 0.3372606933116913 0.0
0.1602572202682495 0.3369447588920593 0.0
0.15944194793701172 0.3371427059173584 0.0
0.1612512469291687 0.33664563298225403 0.0
0.2675734758377075 0.2982703149318695 0.0
0.2755451798439026 0.29643750190734863 0.0
0.15905213356018066 0.33723771572113037 0.0
0.15914857387542725 0.3372141122817993 0.0
0.1598493456840515 0.33704379200935364 0.0
0.16401785612106323 0.336163729429245 0.0
0.16336935758590698 0.33604365587234497 0.0
0.16545969247817993 0.3358529210090637 0.0
0.16693460941314697 0.3354150354862213 0.0
0.2849663496017456 0.2941398322582245 0.0
0.2930418848991394 0.2914235293865204 0.0
0.30063068866729736 0.2890738844871521 0.0
0.1621376872062683 0.33655422925949097 0.0
0.1672229766845703 0.33565643429756165 0.0
0.1693183183670044 0.33533918857574463 0.0
0.3100714087486267 0.2874520421028137 0.0
0.3120690584182739 0.2829834818840027 0.0
0.1662490963935852 0.3358105719089508 0.0
0.16669142246246338 0.3357405662536621 0.0
0.32096534967422485 0.28548184037208557 0.0
0.32800745964050293 0.2820388078689575 0.0
0.33854615688323975 0.2766735255718231 0.0
0.3527839183807373 0.2715801000595093 0.0
0.1669619083404541 0.3356977701187134 0.0
0.1667017936706543 0.3357389271259308 0.0
0.3606760501861572 0.26997506618499756 0.0
0.6778005957603455 0.1119990423321724 0.0
0.3684293031692505 0.27137672901153564 0.0
0.3765139579772949 0.2682205140590668 0.0
0.38472872972488403 0.2664933502674103 0.0
0.39025425910949707 0.26205071806907654 0.0
0.4066268801689148 0.257396399974823 0.0
0.4129723906517029 0.2533924877643585 0.0
0.6719681024551392 0.11845628172159195 0.0
0.4009283185005188 0.26067444682121277 0.0
0.42817723751068115 0.24890482425689697 0.0
0.44169801473617554 0.24216380715370178 0.0
0.4587286114692688 0.23852160573005676 0.0
0.6665220260620117 0.12072500586509705 0.0
0.4646151065826416 0.23447205126285553 0.0
0.4808613061904907 0.2284436821937561 0.0
0.49383097887039185 0.22412467002868652 0.0
0.4993631839752197 0.2204771488904953 0.0
0.5051956176757812 0.21700610220432281 0.0
0.5118340849876404 0.2131723314523697 0.0
0.5280190706253052 0.20827388763427734 0.0
0.5335965752601624 0.2033725082874298 0.0
0.5209651589393616 0.21190525591373444 0.0
0.5465778708457947 0.19953493773937225 0.0
0.5578769445419312 0.19531403481960297 0.0
0.5670644640922546 0.1894570142030716 0.0
0.5770103335380554 0.18496821820735931 0.0
0.579150915145874 0.18168005347251892 0.0
0.65948885679245 0.13237909972667694 0.0
0.5916475057601929 0.17354699969291687 0.0
0.6001799702644348 0.1711530238389969 0.0
0.6544284224510193 0.1356525421142578 0.0
0.6480006575584412 0.13782215118408203 0.0
0.6130606532096863 0.1638701856136322 0.0
0.6461531519889832 0.14178362488746643 0.0
0.6124656200408936 0.158948615193367 0.0
0.6296184062957764 0.15341173112392426 0.0
0.6236854195594788 0.15663546323776245 0.0
0.06383323669433594 0.7890487313270569 0.0
0.07256287336349487 0.8037633895874023 0.0
0.12092190980911255 0.8502954840660095 0.0
0.13316959142684937 0.8574817776679993 0.0
0.15369141101837158 0.8656111359596252 0.0
0.15913480520248413 0.8758667707443237 0.0
0.3384034037590027 0.967943549156189 0.0
0.38750559091567993 1.0 0.0
0.4001907706260681 1.0 0.0
0.41287755966186523 1.0 0.0
0.3795190453529358 1.0 0.0
0.06806647777557373 0.7841483354568481 0.0
0.08770096302032471 0.8125520348548889 0.0
0.11215269565582275 0.8263285160064697 0.0
0.10676509141921997 0.8352554440498352 0.0
0.11735296249389648 0.8416242003440857 0.0
0.18243622779846191 0.8784173130989075 0.0
0.18558460474014282 0.8923294544219971 0.0
0.21345460414886475 0.8946449756622314 0.0
0.2343069314956665 0.903849184513092 0.0
0.23850661516189575 0.9147254228591919 0.0
0.26838481426239014 0.9262703657150269 0.0
0.3033250570297241 0.9359068274497986 0.0
0.3203878402709961 0.9446996450424194 0.0
0.3791385293006897 0.9691486954689026 0.0
0.39599788188934326 0.9815320372581482 0.0
0.4270339012145996 1.0 0.0
0.4411970376968384 1.0 0.0
0.06698328256607056 0.7739107608795166 0.0
0.07143926620483398 0.7777151465415955 0.0
0.061112284660339355 0.7641850709915161 0.0
0.06699508428573608 0.7684124112129211 0.0
0.06201106309890747 0.7566686868667603 0.0
0.05641752481460571 0.7536220550537109 0.0
0.04711735248565674 0.754224419593811 0.0
0.04731470346450806 0.7481581568717957 0.0
0.036407291889190674 0.7474499344825745 0.0
0.033570051193237305 0.743535041809082 0.0
0.02907085418701172 0.7420472502708435 0.0
0.028981924057006836 0.7366352081298828 0.0
0.02449202537536621 0.724378764629364 0.0
0.02564239501953125 0.7309466600418091 0.0
0.01678621768951416 0.7222805619239807 0.0
0.01475459337234497 0.717233419418335 0.0
0.0 0.6998374462127686 0.0
0.01595473289489746 0.3036947250366211 0.0
0.018387794494628906 0.30832991003990173 0.0
0.029467642307281494 0.31122639775276184 0.0
0.785274088382721 0.0 0.0
0.7861116528511047 0.0 0.0
0.7844735383987427 0.0 0.0
0.7852106690406799 0.0 0.0
0.7844735383987427 0.0 0.0
0.7844735383987427 0.0 0.0
0.040223002433776855 0.31243860721588135 0.0
0.7748215794563293 0.0 0.0
0.04919534921646118 0.3132536709308624 0.0
0.7681884169578552 0.0198550783097744 0.0
0.7587706446647644 0.014715838246047497 0.0
0.7653515338897705 0.008487338200211525 0.0
0.758393406867981 0.02224552072584629 0.0
0.7506232261657715 0.028942156583070755 0.0
0.0685114860534668 0.32147085666656494 0.0
0.7467417120933533 0.03769482672214508 0.0
0.09188026189804077 0.3231470286846161 0.0
0.10207432508468628 0.3255872428417206 0.0
0.7413806915283203 0.04963229224085808 0.0
0.11101800203323364 0.3279162645339966 0.0
0.7334494590759277 0.05308011919260025 0.0
0.72638338804245 0.056283969432115555 0.0
0.1259670853614807 0.3266908526420593 0.0
0.11969798803329468 0.3296613395214081 0.0
0.12841695547103882 0.3297223746776581 0.0
0.1377316117286682 0.3283226788043976 0.0
0.7152064442634583 0.07307002693414688 0.0
0.14685004949569702 0.327109158039093 0.0
0.1414991021156311 0.3308403193950653 0.0
0.14983713626861572 0.3295919895172119 0.0
0.7109310626983643 0.07900668680667877 0.0
0.15561455488204956 0.3260473608970642 0.0
0.15910941362380981 0.32846587896347046 0.0
0.15212339162826538 0.33216339349746704 0.0
0.7062370181083679 0.08475252985954285 0.0
0.1654565930366516 0.32460713386535645 0.0
0.16026544570922852 0.33098188042640686 0.0
0.15651261806488037 0.3330184519290924 0.0
0.16585659980773926 0.32695937156677246 0.0
0.17632955312728882 0.3223266005516052 0.0
0.7017621994018555 0.09029926359653473 0.0
0.15723860263824463 0.33428341150283813 0.0
0.15796500444412231 0.33544743061065674 0.0
0.15265661478042603 0.33618029952049255 0.0
0.16181319952011108 0.3325183391571045 0.0
0.16601043939590454 0.3286999762058258 0.0
0.17251735925674438 0.3261963725090027 0.0
0.1869867444038391 0.32108914852142334 0.0
0.15362334251403809 0.3372475802898407 0.0
0.1586173176765442 0.3363153040409088 0.0
0.15474486351013184 0.3378972113132477 0.0
0.1634804606437683 0.3337419033050537 0.0
0.16660797595977783 0.33066993951797485 0.0
0.1721850037574768 0.3288927674293518 0.0
0.1824449896812439 0.32455626130104065 0.0
0.19710582494735718 0.3207221031188965 0.0
0.697408139705658 0.09553367644548416 0.0
0.1528528332710266 0.339083194732666 0.0
0.155800461769104 0.338105171918869 0.0
0.1549532413482666 0.33842089772224426 0.0
0.15357846021652222 0.33871328830718994 0.0
0.15727680921554565 0.3375573754310608 0.0
0.1597709059715271 0.33667445182800293 0.0
0.16296404600143433 0.33500564098358154 0.0
0.1677047610282898 0.3320672810077667 0.0
0.1723877191543579 0.33064574003219604 0.0
0.1790338158607483 0.3275022506713867 0.0
0.19216108322143555 0.32399001717567444 0.0
0.20150721073150635 0.3173500597476959 0.0
0.21588504314422607 0.3136845529079437 0.0
0.16316330432891846 0.3356936275959015 0.0
0.1679086685180664 0.3340458273887634 0.0
0.17011278867721558 0.3329211473464966 0.0
0.17292571067810059 0.33182212710380554 0.0
0.17696070671081543 0.3294571340084076 0.0
0.23151272535324097 0.3108863830566406 0.0
0.23919004201889038 0.3083231449127197 0.0
0.6943860054016113 0.09988389909267426 0.0
0.16740310192108154 0.33485719561576843 0.0
0.17854362726211548 0.3309764266014099 0.0
0.1830020546913147 0.32919198274612427 0.0
0.24826550483703613 0.30701249837875366 0.0
0.17123013734817505 0.334300696849823 0.0
0.1731255054473877 0.3335980772972107 0.0
0.17670506238937378 0.33260783553123474 0.0
0.25928711891174316 0.3027355968952179 0.0
0.26467466354370117 0.30122309923171997 0.0
0.17204946279525757 0.3348132371902466 0.0
0.17571133375167847 0.33421561121940613 0.0
0.1824316382408142 0.33217135071754456 0.0
0.2734677195549011 0.30165567994117737 0.0
0.2840369939804077 0.29928573966026306 0.0
0.6913230419158936 0.10841841250658035 0.0
0.17785412073135376 0.3336130380630493 0.0
0.18297690153121948 0.3334232270717621 0.0
0.2958559989929199 0.2968071401119232 0.0
0.2992963194847107 0.29262733459472656 0.0
0.6843575835227966 0.11084211617708206 0.0
0.17391949892044067 0.3349660038948059 0.0
0.17857474088668823 0.3346632719039917 0.0
0.18118315935134888 0.3342461585998535 0.0
0.3069053292274475 0.29312899708747864 0.0
0.31781482696533203 0.29095739126205444 0.0
0.3376217484474182 0.28126537799835205 0.0
0.16883116960525513 0.335455983877182 0.0
0.16927921772003174 0.33540013432502747 0.0
0.16972756385803223 0.33534425497055054 0.0
1.0 1.0 0.0
1.0 1.0 0.0
1.0 1.0 0.0
0.3272159695625305 0.2897767424583435 0.0
0.33172446489334106 0.2857418358325958 0.0
0.3478166460990906 0.27724337577819824 0.0
0.35945355892181396 0.2747364044189453 0.0
0.37739646434783936 0.27322280406951904 0.0
0.6769834160804749 0.11653003841638565 0.0
0.38509106636047363 0.2710181772708893 0.0
0.4097674489021301 0.26214805245399475 0.0
0.416187047958374 0.2583230435848236 0.0
0.4223865270614624 0.25383564829826355 0.0
0.4375883936882019 0.24851208925247192 0.0
0.45255738496780396 0.24256643652915955 0.0
0.673827052116394 0.12311752885580063 0.0
0.432339608669281 0.2540920376777649 0.0
0.44763660430908203 0.24760384857654572 0.0
0.4619501233100891 0.24322694540023804 0.0
0.46779435873031616 0.23940515518188477 0.0
0.4736502170562744 0.23579365015029907 0.0
0.4789726734161377 0.23291946947574615 0.0
0.4894183278083801 0.22837866842746735 0.0
0.6702918410301208 0.12615345418453217 0.0
0.48611438274383545 0.23263457417488098 0.0
0.49949705600738525 0.22940753400325775 0.0
0.502220869064331 0.22496788203716278 0.0
0.5100421905517578 0.22241896390914917 0.0
0.5135480165481567 0.21811631321907043 0.0
0.5210058689117432 0.2163846641778946 0.0
0.5295019149780273 0.21415241062641144 0.0
0.5381490588188171 0.211824432015419 0.0
0.538156270980835 0.20732776820659637 0.0
0.5443187952041626 0.20410150289535522 0.0
0.5549293160438538 0.1992926001548767 0.0
0.6650980114936829 0.12949949502944946 0.0
0.5638285279273987 0.20009423792362213 0.0
0.5675939917564392 0.1955907940864563 0.0
0.5751520395278931 0.18941834568977356 0.0
0.5841474533081055 0.18504154682159424 0.0
0.5844583511352539 0.1804022341966629 0.0
0.5914669632911682 0.1785408854484558 0.0
0.5994133949279785 0.17638733983039856 0.0
0.6096512675285339 0.16923131048679352 0.0
0.6536040902137756 0.14059345424175262 0.0
0.6192058324813843 0.16016219556331635 0.0
0.6398639678955078 0.1534873992204666 0.0
0.6406771540641785 0.14862219989299774 0.0
0.07634282112121582 0.7866158485412598 0.0
0.08349341154098511 0.7896768450737 0.0
0.0822862982749939 0.7964052557945251 0.0
0.08716428279876709 0.8017929196357727 0.0
0.4141017198562622 0.9928508996963501 0.0
0.08461958169937134 0.7792180180549622 0.0
0.09789568185806274 0.8046419620513916 0.0
0.10385710000991821 0.8171634674072266 0.0
0.13701391220092773 0.8446646928787231 0.0
0.1432223916053772 0.8501331806182861 0.0
0.18148034811019897 0.8705556988716125 0.0
0.201218843460083 0.8843728303909302 0.0
0.27384644746780396 0.9187630414962769 0.0
0.2918035387992859 0.9268609285354614 0.0
0.3434942960739136 0.9525256156921387 0.0
0.36673980951309204 0.9583359360694885 0.0
0.12824440002441406 0.8319901823997498 0.0
0.1439688801765442 0.8371411561965942 0.0
0.20322316884994507 0.8747867941856384 0.0
0.26820528507232666 0.9084300398826599 0.0
0.06978815793991089 0.7632940411567688 0.0
0.07263040542602539 0.758089542388916 0.0
0.05765455961227417 0.7484313249588013 0.0
0.06464022397994995 0.7501136064529419 0.0
0.05904871225357056 0.7412995100021362 0.0
0.04739505052566528 0.7432312369346619 0.0
0.04176199436187744 0.7412299513816833 0.0
0.0360792875289917 0.7388706207275391 0.0
0.038868486881256104 0.7327607870101929 0.0
0.03292536735534668 0.7304264307022095 0.0
0.031163811683654785 0.7262074947357178 0.0
0.02421337366104126 0.7161575555801392 0.0
0.03287613391876221 0.720111072063446 0.0
0.014971911907196045 0.711458683013916 0.0
0.009791553020477295 0.7057631611824036 0.0
0.006841063499450684 0.7014032602310181 0.0
0.0 0.693461537361145 0.0
0.787558376789093 0.0 0.0
0.7890071272850037 0.0 0.0
0.7909283638000488 0.004134002141654491 0.0
0.03080594539642334 0.3159176707267761 0.0
0.7831853628158569 0.005122383125126362 0.0
0.7777947187423706 0.012855836190283298 0.0
0.041440606117248535 0.3169267177581787 0.0
0.05260497331619263 0.31726881861686707 0.0
0.05712622404098511 0.32293567061424255 0.0
0.07866549491882324 0.323401540517807 0.0
0.7493868470191956 0.04533220827579498 0.0
0.09452676773071289 0.3280397653579712 0.0
0.1015174388885498 0.33115583658218384 0.0
0.7435072064399719 0.057290054857730865 0.0
0.7356448173522949 0.05974971875548363 0.0
0.7282827496528625 0.06269390881061554 0.0
0.7310060262680054 0.06985951960086823 0.0
0.723002552986145 0.07273026555776596 0.0
0.1328684687614441 0.33253389596939087 0.0
0.13839775323867798 0.33435341715812683 0.0
0.719937801361084 0.07867632806301117 0.0
0.14440441131591797 0.33531033992767334 0.0
0.14506155252456665 0.33256566524505615 0.0
0.7139329314231873 0.08434072136878967 0.0
0.14692044258117676 0.3371027410030365 0.0
0.15164721012115479 0.33474087715148926 0.0
0.1484883427619934 0.3383280634880066 0.0
0.7094747424125671 0.08976951986551285 0.0
0.14931869506835938 0.3394463062286377 0.0
0.7053018808364868 0.09520557522773743 0.0
0.15183645486831665 0.339469850063324 0.0
0.15151655673980713 0.33959153294563293 0.0
0.15006691217422485 0.34014296531677246 0.0
0.1504063606262207 0.3399420380592346 0.0
0.15104728937149048 0.3394218683242798 0.0
0.15234375 0.33927685022354126 0.0
0.1871376633644104 0.3268674910068512 0.0
0.21146321296691895 0.3174991309642792 0.0
0.7009918093681335 0.10022789984941483 0.0
0.20646727085113525 0.32061025500297546 0.0
0.21952098608016968 0.3167077302932739 0.0
0.2249162197113037 0.3140348494052887 0.0
0.20288270711898804 0.32434967160224915 0.0
0.19585025310516357 0.32705968618392944 0.0
0.21250015497207642 0.32045719027519226 0.0
0.21906447410583496 0.32030215859413147 0.0
0.2266443371772766 0.3178878724575043 0.0
0.2388496994972229 0.31186866760253906 0.0
0.24576306343078613 0.31086692214012146 0.0
0.6963049173355103 0.10426001995801926 0.0
0.18646472692489624 0.33108457922935486 0.0
0.19047778844833374 0.329200804233551 0.0
0.2552051544189453 0.31056222319602966 0.0
0.25735270977020264 0.3061790466308594 0.0
0.26550453901290894 0.3046702444553375 0.0
0.19306522607803345 0.33121564984321594 0.0
0.1880488395690918 0.33284154534339905 0.0
0.19035524129867554 0.33201807737350464 0.0
0.2827138900756836 0.3041626513004303 0.0
0.18727833032608032 0.33456432819366455 0.0
0.6907269954681396 0.11446725577116013 0.0
0.31624507904052734 0.2960432469844818 0.0
0.3409649133682251 0.28610074520111084 0.0
0.3466116189956665 0.2825632095336914 0.0
0.6839641332626343 0.11677899211645126 0.0
0.18457067012786865 0.334837943315506 0.0
0.3572847247123718 0.2814474403858185 0.0
0.3696705102920532 0.27755260467529297 0.0
0.6801497340202332 0.12169545143842697 0.0
0.18320339918136597 0.334863543510437 0.0
0.39454740285873413 0.2692798376083374 0.0
0.4024219512939453 0.26537907123565674 0.0
0.18642401695251465 0.33510690927505493 0.0
0.18685460090637207 0.3351394534111023 0.0
0.1868363618850708 0.33513808250427246 0.0
0.4128662347793579 0.2672198414802551 0.0
0.41952043771743774 0.26328474283218384 0.0
0.42593955993652344 0.25901418924331665 0.0
0.4431358575820923 0.25354406237602234 0.0
0.45632314682006836 0.24672773480415344 0.0
0.4758412837982178 0.24006736278533936 0.0
0.4828891158103943 0.23740985989570618 0.0
0.4921261668205261 0.23622190952301025 0.0
0.4932340383529663 0.2322506606578827 0.0
0.5206835269927979 0.22123095393180847 0.0
0.5298661589622498 0.2194124013185501 0.0
0.5467178225517273 0.20958082377910614 0.0
0.5520104169845581 0.20256929099559784 0.0
0.5598312616348267 0.20376534759998322 0.0
0.5739493370056152 0.19365373253822327 0.0
0.5820701718330383 0.19475983083248138 0.0
0.5828817486763 0.18959634006023407 0.0
0.5911989808082581 0.18367202579975128 0.0
0.6680251359939575 0.13596495985984802 0.0
0.6608787775039673 0.13572581112384796 0.0
0.5987992286682129 0.1815374195575714 0.0
0.6609311103820801 0.13901439309120178 0.0
0.6079805493354797 0.17432548105716705 0.0
0.6067774295806885 0.17928683757781982 0.0
0.6169795393943787 0.17271029949188232 0.0
0.659846842288971 0.14444571733474731 0.0
0.6182543635368347 0.16840624809265137 0.0
0.646155059337616 0.14647844433784485 0.0
0.6519384384155273 0.1445074826478958 0.0
0.6227501034736633 0.16495996713638306 0.0
0.6267472505569458 0.16110007464885712 0.0
0.636250376701355 0.1579584777355194 0.0
0.6469537019729614 0.15113089978694916 0.0
0.6301124095916748 0.15812991559505463 0.0
0.1009870171546936 0.787909984588623 0.0
0.09219157695770264 0.783625066280365 0.0
0.10485637187957764 0.7958475947380066 0.0
0.10741686820983887 0.808732271194458 0.0
0.1256389021873474 0.8085134029388428 0.0
0.16525650024414062 0.8541439175605774 0.0
0.18524646759033203 0.8616466522216797 0.0
0.3308805823326111 0.9362683892250061 0.0
0.3508269786834717 0.9413977265357971 0.0
0.4206722378730774 0.968479335308075 0.0
0.4273918867111206 0.9814799427986145 0.0
0.4573303461074829 0.988974392414093 0.0
0.4781452417373657 1.0 0.0
0.4633944630622864 1.0 0.0
0.4706040024757385 1.0 0.0
0.0823710560798645 0.7688813209533691 0.0
0.13455915451049805 0.8154289126396179 0.0
0.13781273365020752 0.823693573474884 0.0
0.1612599492073059 0.8435454964637756 0.0
0.20496177673339844 0.8665310740470886 0.0
0.22274267673492432 0.8779903650283813 0.0
0.23371225595474243 0.885068953037262 0.0
0.24960267543792725 0.893456757068634 0.0
0.26695960760116577 0.900050699710846 0.0
0.29526108503341675 0.9115280508995056 0.0
0.3097231984138489 0.9190901517868042 0.0
0.3233303427696228 0.92817223072052 0.0
0.37498247623443604 0.9477533102035522 0.0
0.3992158770561218 0.956342339515686 0.0
0.07870304584503174 0.7620151042938232 0.0
0.2659088969230652 0.8837860226631165 0.0
0.2993125915527344 0.9019184708595276 0.0
0.07722252607345581 0.748619019985199 0.0
0.06940919160842896 0.743622899055481 0.0
0.05191493034362793 0.7379586696624756 0.0
0.045358240604400635 0.7356186509132385 0.0
0.054052889347076416 0.7328696250915527 0.0
0.04915124177932739 0.7294690608978271 0.0
0.04155528545379639 0.7245007753372192 0.0
0.025021851062774658 0.7092891931533813 0.0
0.0310174822807312 0.7106015682220459 0.0
0.03392142057418823 0.7141908407211304 0.0
0.021562635898590088 0.7040577530860901 0.0
0.014985799789428711 0.6999757289886475 0.0
0.008973419666290283 0.6957587003707886 0.0
0.8081244826316833 0.0 0.0
0.8088043332099915 0.0 0.0
0.8074449300765991 0.0 0.0
0.8074449300765991 0.0 0.0
0.8074449300765991 0.0 0.0
0.802516758441925 0.0 0.0
0.015649020671844482 0.314893901348114 0.0
0.789569616317749 0.012592507526278496 0.0
0.03305143117904663 0.31981852650642395 0.0
0.042115867137908936 0.32245802879333496 0.0
0.7779591083526611 0.022297384217381477 0.0
0.7648873329162598 0.030650535598397255 0.0
0.7743175029754639 0.027893876656889915 0.0
0.0666688084602356 0.326772540807724 0.0
0.7580647468566895 0.03953732177615166 0.0
0.07652801275253296 0.32866716384887695 0.0
0.08572745323181152 0.3279741704463959 0.0
0.7528831362724304 0.05434603616595268 0.0
0.11151552200317383 0.33288583159446716 0.0
0.7439876794815063 0.06407032907009125 0.0
0.7366741299629211 0.06541559100151062 0.0
0.12167900800704956 0.3349015414714813 0.0
0.13047641515731812 0.3366062045097351 0.0
0.728586733341217 0.07631438970565796 0.0
0.13634061813354492 0.33759990334510803 0.0
0.726621687412262 0.08119774609804153 0.0
0.7214195132255554 0.08494162559509277 0.0
0.14051812887191772 0.3385632336139679 0.0
0.14313387870788574 0.33962875604629517 0.0
0.7162556052207947 0.08893998712301254 0.0
0.144598126411438 0.34070339798927307 0.0
0.13991641998291016 0.34235402941703796 0.0
0.1451810598373413 0.3415737450122833 0.0
0.14731597900390625 0.3411369323730469 0.0
0.7142072916030884 0.09460948407649994 0.0
0.14778298139572144 0.34114566445350647 0.0
0.7091642022132874 0.10008025914430618 0.0
0.14872711896896362 0.34073254466056824 0.0
0.14939665794372559 0.3404378890991211 0.0
0.7047902941703796 0.10555689036846161 0.0
0.20461100339889526 0.3284510374069214 0.0
0.21320468187332153 0.32346656918525696 0.0
0.23441922664642334 0.31517294049263 0.0
0.19782638549804688 0.32987046241760254 0.0
0.21040219068527222 0.326645165681839 0.0
0.2337666153907776 0.3190431594848633 0.0
0.24345773458480835 0.3143005669116974 0.0
0.25006788969039917 0.3133362829685211 0.0
0.6984862089157104 0.10840203613042831 0.0
0.2648578882217407 0.30876848101615906 0.0
0.2736417055130005 0.31096985936164856 0.0
0.2737465500831604 0.3066291809082031 0.0
0.6973655819892883 0.11270113289356232 0.0
0.19402611255645752 0.3329745829105377 0.0
0.19933772087097168 0.332290917634964 0.0
0.29074448347091675 0.3018914759159088 0.0
0.2912474274635315 0.30598607659339905 0.0
0.29911720752716064 0.30259913206100464 0.0
0.307308554649353 0.29894331097602844 0.0
0.6972143054008484 0.11861830204725266 0.0
0.1926066279411316 0.3344767093658447 0.0
0.20076274871826172 0.33495473861694336 0.0
0.3248770236968994 0.29417550563812256 0.0
0.3318750262260437 0.2929619550704956 0.0
0.335842490196228 0.2898041009902954 0.0
0.6904861330986023 0.11924539506435394 0.0
0.19308406114578247 0.3356877565383911 0.0
0.34450918436050415 0.2906189560890198 0.0
0.3502964973449707 0.28664708137512207 0.0
0.6870529055595398 0.1217573806643486 0.0
0.36006778478622437 0.2876361012458801 0.0
0.36839354038238525 0.2840428948402405 0.0
0.3792628049850464 0.27734237909317017 0.0
0.38425976037979126 0.2751181721687317 0.0
0.39166736602783203 0.27490517497062683 0.0
0.6869757175445557 0.12602074444293976 0.0
0.6799089908599854 0.1277180016040802 0.0
0.18729138374328613 0.33517318964004517 0.0
0.18729138374328613 0.3351728320121765 0.0
0.18729138374328613 0.33517247438430786 0.0
0.1894017457962036 0.33541586995124817 0.0
0.19064950942993164 0.33555981516838074 0.0
0.1901046633720398 0.3354969620704651 0.0
0.40582871437072754 0.27076467871665955 0.0
0.4372095465660095 0.26025477051734924 0.0
0.45518314838409424 0.25225943326950073 0.0
0.46478360891342163 0.24823418259620667 0.0
0.4716801047325134 0.24394407868385315 0.0
0.1903337836265564 0.335523396730423 0.0
0.4283026456832886 0.26371562480926514 0.0
0.4827412962913513 0.24347549676895142 0.0
0.4905204176902771 0.24045248329639435 0.0
0.5002560615539551 0.23471173644065857 0.0
0.5095190405845642 0.23324178159236908 0.0
0.5104959607124329 0.228187695145607 0.0
0.5209746360778809 0.22630351781845093 0.0
0.5387405753135681 0.21715161204338074 0.0
0.5474296808242798 0.21493396162986755 0.0
0.5542343854904175 0.20690828561782837 0.0
0.6754764914512634 0.13223853707313538 0.0
0.569263219833374 0.2054285705089569 0.0
0.5732663869857788 0.20180703699588776 0.0
0.5776910781860352 0.19848743081092834 0.0
0.5885989665985107 0.19311320781707764 0.0
0.5903201103210449 0.1888641119003296 0.0
0.5982141494750977 0.1871052235364914 0.0
0.606019139289856 0.18450355529785156 0.0
0.6148907542228699 0.17738300561904907 0.0
0.6540107131004333 0.14898286759853363 0.0
0.6282366514205933 0.1711025834083557 0.0
0.6300021409988403 0.16506831347942352 0.0
0.6335960626602173 0.1617671400308609 0.0
0.6439074277877808 0.1592092663049698 0.0
0.6485086679458618 0.15586693584918976 0.0
0.10297536849975586 0.7767252922058105 0.0
0.10612696409225464 0.7812035083770752 0.0
0.12092763185501099 0.8005937933921814 0.0
0.45202332735061646 0.9742907285690308 0.0
0.5030739307403564 0.9904091954231262 0.0
0.4998278021812439 1.0 0.0
0.521515429019928 1.0 0.0
0.09858494997024536 0.7705038189888 0.0
0.1410018801689148 0.8080037236213684 0.0
0.1526111364364624 0.8276842832565308 0.0
0.1689472198486328 0.8331000208854675 0.0
0.18407869338989258 0.8468402624130249 0.0
0.19725066423416138 0.8533234596252441 0.0
0.208787202835083 0.8594161868095398 0.0
0.22619777917861938 0.8699597120285034 0.0
0.35187679529190063 0.9313751459121704 0.0
0.37971359491348267 0.936225175857544 0.0
0.4098016023635864 0.9429298639297485 0.0
0.44609981775283813 0.9534899592399597 0.0
0.4476945996284485 0.9649099111557007 0.0
0.48751187324523926 0.9772548079490662 0.0
0.09307241439819336 0.7594544887542725 0.0
0.1884390115737915 0.8384130001068115 0.0
0.24969714879989624 0.8747074604034424 0.0
0.28363728523254395 0.8921722173690796 0.0
0.32380568981170654 0.9099642038345337 0.0
0.3471750020980835 0.9196483492851257 0.0
0.3757898211479187 0.9261218309402466 0.0
0.0875127911567688 0.7531800270080566 0.0
0.06251782178878784 0.7334728240966797 0.0
0.07473564147949219 0.7345942854881287 0.0
0.06008124351501465 0.7278560996055603 0.0
0.05457550287246704 0.7232054471969604 0.0
0.04289579391479492 0.7152987122535706 0.0
0.05059319734573364 0.7185561060905457 0.0
0.03274202346801758 0.7045940160751343 0.0
0.03889930248260498 0.7092337012290955 0.0
0.02907717227935791 0.6995376348495483 0.0
0.02289450168609619 0.6984295845031738 0.0
0.019005894660949707 0.694882333278656 0.0
0.015113532543182373 0.6914184093475342 0.0
0.008077144622802734 0.6897948384284973 0.0
0.0 0.6871477365493774 0.0
0.8103706240653992 0.0 0.0
0.8112092018127441 0.0 0.0
0.8095330595970154 0.0 0.0
0.023981332778930664 0.31930091977119446 0.0
0.801027238368988 0.010546665638685226 0.0
0.7863923907279968 0.021482368931174278 0.0
0.05756431818008423 0.32728689908981323 0.0
0.048074424266815186 0.32843464612960815 0.0
0.7827551364898682 0.029084449633955956 0.0
0.05881690979003906 0.33100393414497375 0.0
0.7767863273620605 0.037580303847789764 0.0
0.06998521089553833 0.33273640275001526 0.0
0.08144718408584595 0.33244094252586365 0.0
0.7684791684150696 0.046445105224847794 0.0
0.7586871981620789 0.048361413180828094 0.0
0.09113502502441406 0.331893652677536 0.0
0.763695240020752 0.05511430650949478 0.0
0.09562093019485474 0.33579298853874207 0.0
0.7522144317626953 0.06233055517077446 0.0
0.1040530800819397 0.3354821503162384 0.0
0.11044573783874512 0.33768200874328613 0.0
0.7428048849105835 0.07105505466461182 0.0
0.12339067459106445 0.3397351801395416 0.0
0.11629951000213623 0.33991163969039917 0.0
0.7364331483840942 0.07550373673439026 0.0
0.12964552640914917 0.34010010957717896 0.0
0.7342084646224976 0.08094242215156555 0.0
0.13419371843338013 0.3407164216041565 0.0
0.7293508648872375 0.08600175380706787 0.0
0.13757866621017456 0.3414495587348938 0.0
0.7233214378356934 0.0911804661154747 0.0
0.14108771085739136 0.34359368681907654 0.0
0.14336919784545898 0.3432239592075348 0.0
0.14463353157043457 0.3427731394767761 0.0
0.14809834957122803 0.3410121202468872 0.0
0.14767837524414062 0.3412058353424072 0.0
0.14714652299880981 0.3414766788482666 0.0
0.14615029096603394 0.34199005365371704 0.0
0.7160887718200684 0.09968866407871246 0.0
0.7152897119522095 0.10470858961343765 0.0
0.7114925384521484 0.11000975966453552 0.0
0.2218816876411438 0.3241387605667114 0.0
0.22889524698257446 0.3220365345478058 0.0
0.24217092990875244 0.31843650341033936 0.0
0.24995529651641846 0.3164260983467102 0.0
0.7038450241088867 0.11096920073032379 0.0
0.2118014097213745 0.32918640971183777 0.0
0.21903318166732788 0.3282019793987274 0.0
0.2374730110168457 0.32181569933891296 0.0
0.25661301612854004 0.3147071599960327 0.0
0.26459378004074097 0.31296899914741516 0.0
0.20355302095413208 0.3310818672180176 0.0
0.20908093452453613 0.3312418758869171 0.0
0.28256821632385254 0.3086160719394684 0.0
0.20618820190429688 0.33354541659355164 0.0
0.30034446716308594 0.3075005114078522 0.0
0.30839234590530396 0.30403584241867065 0.0
0.3164834976196289 0.30100488662719727 0.0
0.1975473165512085 0.3359558582305908 0.0
0.32336848974227905 0.29838237166404724 0.0
0.33224761486053467 0.2975327670574188 0.0
0.33894795179367065 0.29403847455978394 0.0
0.6935185790061951 0.12404558807611465 0.0
0.34109336137771606 0.2979661524295807 0.0
0.3536030650138855 0.2916277348995209 0.0
0.3696727156639099 0.2895021140575409 0.0
0.3776336908340454 0.2816332280635834 0.0
0.38705843687057495 0.2797808349132538 0.0
0.19588518142700195 0.33643627166748047 0.0
0.3974897861480713 0.27964919805526733 0.0
0.40082740783691406 0.2748517692089081 0.0
0.40876442193984985 0.27517151832580566 0.0
0.415555477142334 0.2727496325969696 0.0
0.44958096742630005 0.2585161328315735 0.0
0.1932671070098877 0.335997998714447 0.0
0.42427176237106323 0.2688591182231903 0.0
0.4349347949028015 0.2669585645198822 0.0
0.4585872292518616 0.2572879195213318 0.0
0.4671981930732727 0.25434982776641846 0.0
0.47661709785461426 0.2492387443780899 0.0
0.5002627372741699 0.2400878369808197 0.0
0.5290802717208862 0.22393226623535156 0.0
0.5396488904953003 0.22309361398220062 0.0
0.5578375458717346 0.213190957903862 0.0
0.6836275458335876 0.13275662064552307 0.0
0.5079612731933594 0.23743844032287598 0.0
0.5176627039909363 0.23744481801986694 0.0
0.5222761034965515 0.2323189079761505 0.0
0.5336123108863831 0.22881878912448883 0.0
0.5468201637268066 0.21953251957893372 0.0
0.5554168224334717 0.2189028412103653 0.0
0.5646792054176331 0.20916347205638885 0.0
0.5840043425559998 0.20434793829917908 0.0
0.5856374502182007 0.19987286627292633 0.0
0.5908608436584473 0.19748347997665405 0.0
0.5969908237457275 0.19353045523166656 0.0
0.677028477191925 0.13691234588623047 0.0
0.6757210493087769 0.14049027860164642 0.0
0.6061655282974243 0.1904417723417282 0.0
0.6137998700141907 0.18236315250396729 0.0
0.6680587530136108 0.1418573409318924 0.0
0.6222180724143982 0.17592096328735352 0.0
0.6679471731185913 0.14682646095752716 0.0
0.6621851921081543 0.1496337652206421 0.0
0.6585449576377869 0.15340685844421387 0.0
0.6374884247779846 0.16659265756607056 0.0
0.6397466659545898 0.16207438707351685 0.0
0.6526948809623718 0.15330201387405396 0.0
0.11648285388946533 0.7763370275497437 0.0
0.11838704347610474 0.7812663912773132 0.0
0.1199309229850769 0.7873257994651794 0.0
0.12514173984527588 0.7924014329910278 0.0
0.5438832640647888 1.0 0.0
0.5662520527839661 1.0 0.0
0.1198543906211853 0.7689287662506104 0.0
0.1446324586868286 0.8011177182197571 0.0
0.4726645350456238 0.9645630717277527 0.0
0.5279340147972107 0.9783324599266052 0.0
0.5457664132118225 0.9908844828605652 0.0
0.0997995138168335 0.7634063959121704 0.0
0.15864938497543335 0.8069196343421936 0.0
0.16135960817337036 0.817148745059967 0.0
0.17600953578948975 0.8235218524932861 0.0
0.20874130725860596 0.8444737792015076 0.0
0.22471117973327637 0.862354040145874 0.0
0.41299140453338623 0.9273011684417725 0.0
0.4461238980293274 0.9371278285980225 0.0
0.10085898637771606 0.7523788809776306 0.0
0.1929863691329956 0.8286625742912292 0.0
0.231037437915802 0.8530051708221436 0.0
0.2523607611656189 0.8626025915145874 0.0
0.26703333854675293 0.8687073588371277 0.0
0.2827875018119812 0.8737388253211975 0.0
0.2988432049751282 0.8823500871658325 0.0
0.32355087995529175 0.8905332088470459 0.0
0.3339933753013611 0.9006670713424683 0.0
0.35712260007858276 0.9071298241615295 0.0
0.38603949546813965 0.9152004718780518 0.0
0.08902555704116821 0.7469292283058167 0.0
0.08208465576171875 0.73915034532547 0.0
0.09074640274047852 0.7415939569473267 0.0
0.07349997758865356 0.7262903451919556 0.0
0.06034499406814575 0.717236340045929 0.0
0.06614929437637329 0.7217420339584351 0.0
0.054196715354919434 0.7129352688789368 0.0
0.048625826835632324 0.7083836793899536 0.0
0.04411327838897705 0.7031700611114502 0.0
0.038510799407958984 0.6970393657684326 0.0
0.028583168983459473 0.6941147446632385 0.0
0.022752583026885986 0.6899527311325073 0.0
0.016270995140075684 0.6869310140609741 0.0
0.008624434471130371 0.6843206882476807 0.0
0.8112035393714905 0.0 0.0
0.8225564360618591 0.0 0.0
0.8112064003944397 0.0 0.0
0.0 0.6815687417984009 0.0
0.013280332088470459 0.3213035464286804 0.0
0.8138660192489624 0.006992703303694725 0.0
0.026726603507995605 0.323935329914093 0.0
0.013183832168579102 0.3269042670726776 0.0
0.798678457736969 0.02255130745470524 0.0
0.03573483228683472 0.3274323046207428 0.0
0.7913809418678284 0.02894839458167553 0.0
0.061071932315826416 0.3352035880088806 0.0
0.07723897695541382 0.33770865201950073 0.0
0.08701932430267334 0.3357055187225342 0.0
0.08851790428161621 0.34086859226226807 0.0
0.7596162557601929 0.060830555856227875 0.0
0.7673771381378174 0.06269726157188416 0.0
0.10074669122695923 0.339819997549057 0.0
0.7509140372276306 0.06815619021654129 0.0
0.7448795437812805 0.07997287809848785 0.0
0.12853825092315674 0.34322646260261536 0.0
0.13218039274215698 0.3438290059566498 0.0
0.7396173477172852 0.08767091482877731 0.0
0.13518142700195312 0.3444611728191376 0.0
0.7320982813835144 0.09114819020032883 0.0
0.13745951652526855 0.34495866298675537 0.0
0.7219167351722717 0.09733879566192627 0.0
0.14173966646194458 0.3445674180984497 0.0
0.14416289329528809 0.34306493401527405 0.0
0.7211513519287109 0.10173753648996353 0.0
0.7088995575904846 0.11387183517217636 0.0
0.2295544147491455 0.32685890793800354 0.0
0.23491501808166504 0.32446736097335815 0.0
0.24548274278640747 0.32258570194244385 0.0
0.2514778971672058 0.3200984597206116 0.0
0.2567088007926941 0.3179875314235687 0.0
0.2640951871871948 0.3171365261077881 0.0
0.7034359574317932 0.11565642058849335 0.0
0.2151995301246643 0.331645131111145 0.0
0.274142861366272 0.3155760169029236 0.0
0.21191829442977905 0.3334731459617615 0.0
0.2826310396194458 0.3127650022506714 0.0
0.2915220260620117 0.31045734882354736 0.0
0.704186201095581 0.12024622410535812 0.0
0.20650094747543335 0.3353951573371887 0.0
0.21131253242492676 0.3360027074813843 0.0
0.20261669158935547 0.33721843361854553 0.0
0.20697152614593506 0.33704742789268494 0.0
0.3165154457092285 0.30534473061561584 0.0
0.32654058933258057 0.3036021888256073 0.0
0.3478991985321045 0.2957131564617157 0.0
0.3628700375556946 0.2927897870540619 0.0
0.3776196837425232 0.28679606318473816 0.0
0.6926000714302063 0.12867777049541473 0.0
0.1986941695213318 0.3369101881980896 0.0
0.3846213221549988 0.2845170795917511 0.0
0.40656793117523193 0.2792167663574219 0.0
0.6882349848747253 0.13081972301006317 0.0
0.1980774998664856 0.336980938911438 0.0
0.19837534427642822 0.33705490827560425 0.0
0.41535770893096924 0.27816346287727356 0.0
0.44702184200286865 0.26574262976646423 0.0
0.45733320713043213 0.2622007429599762 0.0
0.4645006060600281 0.2594955861568451 0.0
0.47748929262161255 0.254658967256546 0.0
0.48645395040512085 0.24803321063518524 0.0
0.4941961169242859 0.24530407786369324 0.0
0.6906493306159973 0.1359788030385971 0.0
0.6830060482025146 0.13639305531978607 0.0
0.43253785371780396 0.27172282338142395 0.0
0.4409675598144531 0.2714402675628662 0.0
0.48527759313583374 0.25239381194114685 0.0
0.5042361617088318 0.24510057270526886 0.0
0.5124356746673584 0.2421926110982895 0.0
0.5459451079368591 0.22849252820014954 0.0
0.5514523386955261 0.22375378012657166 0.0
0.5655426979064941 0.2189151495695114 0.0
0.5703659057617188 0.2150111049413681 0.0
0.5767872333526611 0.21142743527889252 0.0
0.5777252316474915 0.20672819018363953 0.0
0.5860297083854675 0.21032504737377167 0.0
0.5940706729888916 0.20299363136291504 0.0
0.68166583776474 0.13965491950511932 0.0
0.606882631778717 0.19767211377620697 0.0
0.6166276335716248 0.19310246407985687 0.0
0.6126833558082581 0.18719284236431122 0.0
0.6212323904037476 0.1865028589963913 0.0
0.6750383377075195 0.145070418715477 0.0
0.6214990019798279 0.1804955154657364 0.0
0.6289557814598083 0.1783720850944519 0.0
0.6649866104125977 0.15386910736560822 0.0
0.6680363416671753 0.15076428651809692 0.0
0.6465813517570496 0.16515827178955078 0.0
0.6438779234886169 0.16968204081058502 0.0
0.6519690155982971 0.16099658608436584 0.0
0.6556044816970825 0.1571672409772873 0.0
0.1310967206954956 0.781196653842926 0.0
0.6026532649993896 1.0 0.0
0.6026532649993896 1.0 0.0
0.6026532649993896 1.0 0.0
0.6026532649993896 1.0 0.0
0.13476967811584473 0.7735386490821838 0.0
0.13828736543655396 0.785557210445404 0.0
0.14062881469726562 0.7929792404174805 0.0
0.1614401936531067 0.7918269634246826 0.0
0.5100753307342529 0.9652143716812134 0.0
0.5856938362121582 0.9914584755897522 0.0
0.6103311777114868 1.0 0.0
0.6180031299591064 1.0 0.0
0.11582130193710327 0.7613642811775208 0.0
0.1639329195022583 0.7988619208335876 0.0
0.480323851108551 0.9421712160110474 0.0
0.4916011095046997 0.9535974860191345 0.0
0.10765838623046875 0.7563946843147278 0.0
0.11364471912384033 0.7482605576515198 0.0
0.18530458211898804 0.8078716397285461 0.0
0.1843475103378296 0.815841794013977 0.0
0.1972103714942932 0.8198223114013672 0.0
0.21595627069473267 0.8337785601615906 0.0
0.2366182804107666 0.8412505984306335 0.0
0.44977259635925293 0.926615297794342 0.0
0.10131490230560303 0.7447835803031921 0.0
0.2852866053581238 0.8633327484130859 0.0
0.3088582754135132 0.8746354579925537 0.0
0.3319951891899109 0.8781501650810242 0.0
0.36671167612075806 0.8935500979423523 0.0
0.38527095317840576 0.903537929058075 0.0
0.08714979887008667 0.7324788570404053 0.0
0.08872401714324951 0.7259781956672668 0.0
0.07251381874084473 0.715436577796936 0.0
0.07616990804672241 0.7199665904045105 0.0
0.0649040937423706 0.7114816308021545 0.0
0.058852195739746094 0.707187294960022 0.0
0.05336028337478638 0.7033506035804749 0.0
0.0526164174079895 0.6972029805183411 0.0
0.03632837533950806 0.6909903883934021 0.0
0.04589271545410156 0.6905328035354614 0.0
0.03044790029525757 0.6887511610984802 0.0
0.025905847549438477 0.6840291619300842 0.0
0.016763508319854736 0.6822848320007324 0.0
0.010255634784698486 0.678308367729187 0.0
0.8269502520561218 0.0 0.0
0.8313392996788025 0.0 0.0
0.0 0.6759881377220154 0.0
0.8227716088294983 0.015920167788863182 0.0
0.8113878965377808 0.01869944855570793 0.0
0.025517046451568604 0.32972484827041626 0.0
0.7998595237731934 0.03522246330976486 0.0
0.810674786567688 0.03010537475347519 0.0
0.03683900833129883 0.33231958746910095 0.0
0.04948735237121582 0.33548223972320557 0.0
0.7887290716171265 0.03614075854420662 0.0
0.7860060930252075 0.043158672749996185 0.0
0.059023499488830566 0.33945831656455994 0.0
0.7797039747238159 0.04867713525891304 0.0
0.06732195615768433 0.33727148175239563 0.0
0.0679854154586792 0.34133318066596985 0.0
0.7733190655708313 0.05615062639117241 0.0
0.7601763010025024 0.06802670657634735 0.0
0.10842889547348022 0.3432800769805908 0.0
0.7538110613822937 0.07455802708864212 0.0
0.11781871318817139 0.3439911901950836 0.0
0.12450218200683594 0.34268367290496826 0.0
0.12295889854431152 0.3463030159473419 0.0
0.12777799367904663 0.3460361659526825 0.0
0.13022011518478394 0.34765031933784485 0.0
0.13689464330673218 0.347364217042923 0.0
0.14029210805892944 0.3452780842781067 0.0
0.729849100112915 0.09603287279605865 0.0
0.14358091354370117 0.34342578053474426 0.0
0.14398503303527832 0.3431752324104309 0.0
0.14408308267593384 0.34311443567276 0.0
0.7282103300094604 0.10131849348545074 0.0
0.7251517176628113 0.10597361624240875 0.0
0.7205686569213867 0.11028144508600235 0.0
0.7165819406509399 0.11516693979501724 0.0
0.24083739519119263 0.32461196184158325 0.0
0.7099092602729797 0.11834782361984253 0.0
0.22160935401916504 0.3328350782394409 0.0
0.2277427315711975 0.3311881124973297 0.0
0.23624110221862793 0.33116716146469116 0.0
0.23874986171722412 0.32733598351478577 0.0
0.2483486533164978 0.3272472321987152 0.0
0.2532331347465515 0.3236924409866333 0.0
0.2619016766548157 0.32185807824134827 0.0
0.27121078968048096 0.3199964463710785 0.0
0.28329557180404663 0.31613805890083313 0.0
0.2908933162689209 0.3147355318069458 0.0
0.7012049555778503 0.1240575909614563 0.0
0.21677476167678833 0.3347818851470947 0.0
0.30134761333465576 0.3128821849822998 0.0
0.3100399971008301 0.30882707238197327 0.0
0.6990030407905579 0.1288781613111496 0.0
0.3209002614021301 0.30951637029647827 0.0
0.32841646671295166 0.30811646580696106 0.0
0.3384057283401489 0.3021361529827118 0.0
0.33551663160324097 0.30726414918899536 0.0
0.6949873566627502 0.13253919780254364 0.0
0.20391857624053955 0.338506817817688 0.0
0.20768606662750244 0.3390601575374603 0.0
0.3475286364555359 0.3004869818687439 0.0
0.3569134473800659 0.2964869737625122 0.0
0.36719948053359985 0.29795384407043457 0.0
0.37117600440979004 0.29380443692207336 0.0
0.37999486923217773 0.29222923517227173 0.0
0.38721656799316406 0.28886955976486206 0.0
0.3944971561431885 0.2852480113506317 0.0
0.19836896657943726 0.3370533287525177 0.0
0.19868075847625732 0.3371307849884033 0.0
0.4043155312538147 0.283892422914505 0.0
0.41298478841781616 0.2829554080963135 0.0
0.4266883134841919 0.27634379267692566 0.0
0.4737536311149597 0.25985628366470337 0.0
0.19899380207061768 0.3372085690498352 0.0
0.4219820499420166 0.28227728605270386 0.0
0.4363405704498291 0.27512744069099426 0.0
0.45904743671417236 0.2682636082172394 0.0
0.4663773775100708 0.26410865783691406 0.0
0.4843240976333618 0.25785383582115173 0.0
0.4923970699310303 0.2501475512981415 0.0
0.501582682132721 0.25059279799461365 0.0
0.5242330431938171 0.24206721782684326 0.0
0.5293900370597839 0.23765769600868225 0.0
0.5339776277542114 0.23389507830142975 0.0
0.541496753692627 0.2325505018234253 0.0
0.5618853569030762 0.22382283210754395 0.0
0.5875778794288635 0.21508169174194336 0.0
0.5946440696716309 0.2089192420244217 0.0
0.5982117652893066 0.199015274643898 0.0
0.6025382280349731 0.20239919424057007 0.0
0.6882436275482178 0.1406364142894745 0.0
0.6831424236297607 0.14415007829666138 0.0
0.6277697682380676 0.18329094350337982 0.0
0.6363318562507629 0.18323536217212677 0.0
0.6743043065071106 0.15004125237464905 0.0
0.6371495127677917 0.17648211121559143 0.0
0.638536810874939 0.17160679399967194 0.0
0.6448666453361511 0.1742897778749466 0.0
0.6710842847824097 0.15406930446624756 0.0
0.6509343981742859 0.17097850143909454 0.0
0.6570550799369812 0.16686637699604034 0.0
0.6598339080810547 0.16175515949726105 0.0
0.662161648273468 0.15762265026569366 0.0
0.1428006887435913 0.7786447405815125 0.0
0.15258044004440308 0.786612331867218 0.0
0.5492950081825256 0.9652847051620483 0.0
0.5690276622772217 0.9789276123046875 0.0
0.6166718006134033 0.9930973052978516 0.0
0.628618061542511 1.0 0.0
0.6247125864028931 1.0 0.0
0.624150276184082 1.0 0.0
0.6263796091079712 1.0 0.0
0.1278896927833557 0.7618292570114136 0.0
0.1408095359802246 0.762442409992218 0.0
0.17609816789627075 0.7940813899040222 0.0
0.5281764268875122 0.9532317519187927 0.0
0.12002795934677124 0.7536278963088989 0.0
0.17940890789031982 0.800064206123352 0.0
0.21351313591003418 0.8239966034889221 0.0
0.41629230976104736 0.9152721166610718 0.0
0.44080787897109985 0.9180201888084412 0.0
0.47692906856536865 0.9304841160774231 0.0
0.11290216445922852 0.7428070306777954 0.0
0.2022572159767151 0.8120300769805908 0.0
0.21573281288146973 0.8162027597427368 0.0
0.23341304063796997 0.8262917995452881 0.0
0.24035990238189697 0.8332023024559021 0.0
0.26343005895614624 0.8462932705879211 0.0
0.2610018253326416 0.8362790942192078 0.0
0.2797568440437317 0.8542574048042297 0.0
0.30773502588272095 0.8675668835639954 0.0
0.3526639938354492 0.8840752840042114 0.0
0.40933382511138916 0.9065108299255371 0.0
0.09366971254348755 0.7346142530441284 0.0
0.10273462533950806 0.7363579869270325 0.0
0.40887922048568726 0.895029604434967 0.0
0.09727656841278076 0.7284054756164551 0.0
0.0861702561378479 0.7197102308273315 0.0
0.08265739679336548 0.7157869935035706 0.0
0.07441848516464233 0.709970235824585 0.0
0.06973230838775635 0.706056535243988 0.0
0.06308931112289429 0.7013749480247498 0.0
0.03803110122680664 0.685127317905426 0.0
0.021920859813690186 0.677863359451294 0.0
0.8608762621879578 0.0 0.0
0.8388038873672485 0.0 0.0
0.016342103481292725 0.6724262237548828 0.0
0.007153570652008057 0.6733455061912537 0.0
0.8261964917182922 0.00665357755497098 0.0
0.8341420888900757 0.015068006701767445 0.0
0.0 0.6706439852714539 0.0
0.01420682668685913 0.33324068784713745 0.0
0.820911169052124 0.026242874562740326 0.0
0.027017533779144287 0.33443108201026917 0.0
0.035784363746643066 0.3381248712539673 0.0
0.7942667603492737 0.04324639216065407 0.0
0.7891689538955688 0.05047721415758133 0.0
0.7828608751296997 0.05768318474292755 0.0
0.07646793127059937 0.34384098649024963 0.0
0.7762525677680969 0.06452972441911697 0.0
0.09666740894317627 0.3461907207965851 0.0
0.08423417806625366 0.3476420044898987 0.0
0.769713819026947 0.06932888925075531 0.0
0.7657646536827087 0.07636502385139465 0.0
0.10478794574737549 0.3480430841445923 0.0
0.11149436235427856 0.34775668382644653 0.0
0.7575950026512146 0.08314646780490875 0.0
0.1171526312828064 0.348161518573761 0.0
0.7497254014015198 0.08720102161169052 0.0
0.7486938834190369 0.0935085192322731 0.0
0.12508708238601685 0.3492630422115326 0.0
0.134199321269989 0.3473731577396393 0.0
0.7394300699234009 0.09578663855791092 0.0
0.13836932182312012 0.34727662801742554 0.0
0.7352462410926819 0.10046806931495667 0.0
0.14046669006347656 0.3455907106399536 0.0
0.14110231399536133 0.3450797498226166 0.0
0.7171975374221802 0.12102766335010529 0.0
0.709532618522644 0.12506282329559326 0.0
0.22749650478363037 0.3347718417644501 0.0
0.23223739862442017 0.33374902606010437 0.0
0.24337202310562134 0.3301934599876404 0.0
0.24905550479888916 0.3315431475639343 0.0
0.2591462731361389 0.32690808176994324 0.0
0.2771238684654236 0.3236252963542938 0.0
0.28008002042770386 0.3193421959877014 0.0
0.22248566150665283 0.3364291191101074 0.0
0.2887836694717407 0.31872260570526123 0.0
0.29773008823394775 0.31780433654785156 0.0
0.7039364576339722 0.1273680180311203 0.0
0.217410147190094 0.3380073010921478 0.0
0.3062590956687927 0.31717854738235474 0.0
0.31257522106170654 0.3138635754585266 0.0
0.7060661911964417 0.1313028484582901 0.0
0.21249467134475708 0.33929330110549927 0.0
0.3215556740760803 0.3149196207523346 0.0
0.3306378126144409 0.31231778860092163 0.0
0.700595498085022 0.1332373172044754 0.0
0.20913147926330566 0.3406999111175537 0.0
0.21123766899108887 0.3408036530017853 0.0
0.34707820415496826 0.30604442954063416 0.0
0.35767894983291626 0.30210646986961365 0.0
0.6984179019927979 0.13659542798995972 0.0
0.20339727401733398 0.3386959135532379 0.0
0.20662790536880493 0.339787095785141 0.0
0.3775101900100708 0.29691067337989807 0.0
0.390003502368927 0.2929352819919586 0.0
0.3981127142906189 0.2911151349544525 0.0
0.40341711044311523 0.287946879863739 0.0
0.20521479845046997 0.33930981159210205 0.0
0.20581763982772827 0.3395134210586548 0.0
0.41121041774749756 0.28725096583366394 0.0
0.43047499656677246 0.28226834535598755 0.0
0.4374404549598694 0.27971702814102173 0.0
0.4445754289627075 0.2765616476535797 0.0
0.45126479864120483 0.27255305647850037 0.0
0.48232758045196533 0.2635751962661743 0.0
0.49337083101272583 0.25496840476989746 0.0
0.5121099352836609 0.24814897775650024 0.0
0.5202282071113586 0.24609485268592834 0.0
0.5417263507843018 0.23747943341732025 0.0
0.5502554774284363 0.2334209680557251 0.0
0.5567169785499573 0.2288299947977066 0.0
0.5720934867858887 0.22384126484394073 0.0
0.5746088027954102 0.21979090571403503 0.0
0.5826419591903687 0.21835224330425262 0.0
0.5024521350860596 0.2573574185371399 0.0
0.5113344192504883 0.2541501224040985 0.0
0.5961011648178101 0.21450276672840118 0.0
0.6031702756881714 0.2071373611688614 0.0
0.6104763150215149 0.20431894063949585 0.0
0.6175809502601624 0.20063111186027527 0.0
0.6259225010871887 0.19196662306785583 0.0
0.6868945360183716 0.14963705837726593 0.0
0.6802457571029663 0.14807426929473877 0.0
0.6307691931724548 0.18810179829597473 0.0
0.681363582611084 0.15231409668922424 0.0
0.6451683044433594 0.18018119037151337 0.0
0.6748844981193542 0.15788182616233826 0.0
0.6685603260993958 0.15796750783920288 0.0
0.676490306854248 0.15422257781028748 0.0
0.6659396886825562 0.16134512424468994 0.0
0.15444082021713257 0.780109703540802 0.0
0.6141232252120972 0.9801881313323975 0.0
0.6515543460845947 0.9893719553947449 0.0
0.7568923234939575 1.0 0.0
0.7570022344589233 1.0 0.0
0.7539761662483215 1.0 0.0
0.15200191736221313 0.7668948769569397 0.0
0.15388649702072144 0.7731918096542358 0.0
0.16793596744537354 0.7825479507446289 0.0
0.18425345420837402 0.7859951853752136 0.0
0.509649932384491 0.9447088241577148 0.0
0.5682241320610046 0.9513769149780273 0.0
0.5895522236824036 0.9657591581344604 0.0
0.7564662098884583 1.0 0.0
0.12795549631118774 0.7476608753204346 0.0
0.13288360834121704 0.7549827694892883 0.0
0.19251710176467896 0.7930654883384705 0.0
0.5082804560661316 0.9347521066665649 0.0
0.5373071432113647 0.9413024187088013 0.0
0.12362891435623169 0.7409848570823669 0.0
0.1999947428703308 0.7992259860038757 0.0
0.2101263403892517 0.8045819997787476 0.0
0.221457839012146 0.809147834777832 0.0
0.2284398078918457 0.8197271823883057 0.0
0.29719817638397217 0.8568292260169983 0.0
0.3126392960548401 0.8591715693473816 0.0
0.32576674222946167 0.8705980777740479 0.0
0.433987557888031 0.9087319374084473 0.0
0.47131025791168213 0.9196548461914062 0.0
0.5035194158554077 0.922886848449707 0.0
0.1035192608833313 0.7305824756622314 0.0
0.11507630348205566 0.729830265045166 0.0
0.11343628168106079 0.7377785444259644 0.0
0.23334085941314697 0.8134068846702576 0.0
0.24847310781478882 0.8188080787658691 0.0
0.2560509443283081 0.8277525901794434 0.0
0.28664547204971313 0.8387073874473572 0.0
0.291540265083313 0.8460001945495605 0.0
0.3112732172012329 0.850559651851654 0.0
0.3328434228897095 0.8632707595825195 0.0
0.3485984802246094 0.8688842058181763 0.0
0.3664970397949219 0.8751230835914612 0.0
0.3749908208847046 0.882721483707428 0.0
0.39868879318237305 0.8840733766555786 0.0
0.42846256494522095 0.9009904861450195 0.0
0.4610845446586609 0.9100010991096497 0.0
0.11025410890579224 0.7244794368743896 0.0
0.10090124607086182 0.7172653675079346 0.0
0.10174840688705444 0.7227941751480103 0.0
0.08334606885910034 0.7108269333839417 0.0
0.08112990856170654 0.7055841088294983 0.0
0.06831443309783936 0.6940091252326965 0.0
0.05606353282928467 0.6913923025131226 0.0
0.05288189649581909 0.687580943107605 0.0
0.04734206199645996 0.6851468086242676 0.0
0.034411489963531494 0.6776264905929565 0.0
0.0460585355758667 0.6795774698257446 0.0
0.8754323124885559 0.0 0.0
0.8776929378509521 0.0 0.0
0.8720438480377197 0.0 0.0
0.02689230442047119 0.6723868250846863 0.0
0.8650715947151184 0.0 0.0
0.8675118088722229 0.0 0.0
0.8629645109176636 0.0 0.0
0.021874964237213135 0.6695091128349304 0.0
0.008025705814361572 0.6687607169151306 0.0
0.0 0.6652317643165588 0.0
0.829558789730072 0.023601768538355827 0.0
0.011320888996124268 0.3392412066459656 0.0
0.023215115070343018 0.3387269377708435 0.0
0.8206228017807007 0.035722341388463974 0.0
0.8118634819984436 0.041513603180646896 0.0
0.04721337556838989 0.3436008095741272 0.0
0.8024908304214478 0.04417373985052109 0.0
0.7983110547065735 0.05083499103784561 0.0
0.05971723794937134 0.3436480760574341 0.0
0.7929641604423523 0.05927275866270065 0.0
0.06620055437088013 0.34626448154449463 0.0
0.785146176815033 0.06581567227840424 0.0
0.7785165905952454 0.07362254709005356 0.0
0.7743300199508667 0.08144644647836685 0.0
0.1000136137008667 0.35257741808891296 0.0
0.1075248122215271 0.35106486082077026 0.0
0.7666733264923096 0.0834416076540947 0.0
0.11371201276779175 0.352119117975235 0.0
0.12000000476837158 0.3505493700504303 0.0
0.7586961388587952 0.09189900755882263 0.0
0.131439208984375 0.35079261660575867 0.0
0.7489373683929443 0.1000693291425705 0.0
0.13588404655456543 0.3498601019382477 0.0
0.7428049445152283 0.10279042273759842 0.0
0.13564074039459229 0.35056060552597046 0.0
0.7363226413726807 0.10720846056938171 0.0
0.7295325994491577 0.11137733608484268 0.0
0.7252120971679688 0.11502084136009216 0.0
0.7226837277412415 0.11856105923652649 0.0
0.7246502041816711 0.12281928956508636 0.0
0.7194837331771851 0.12688538432121277 0.0
0.23219150304794312 0.336423397064209 0.0
0.23721259832382202 0.335569828748703 0.0
0.2442789077758789 0.33412981033325195 0.0
0.25685739517211914 0.3318259119987488 0.0
0.2647145390510559 0.3303609788417816 0.0
0.26931679248809814 0.3265821039676666 0.0
0.22821557521820068 0.33821576833724976 0.0
0.2857937216758728 0.3227572441101074 0.0
0.2947438359260559 0.3223576843738556 0.0
0.7144291996955872 0.13162624835968018 0.0
0.22306030988693237 0.3398963510990143 0.0
0.3043159246444702 0.32149043679237366 0.0
0.21835947036743164 0.34132975339889526 0.0
0.3155871033668518 0.32007235288619995 0.0
0.7043681740760803 0.136256605386734 0.0
0.21475791931152344 0.34223267436027527 0.0
0.34187495708465576 0.3114917576313019 0.0
0.2131292223930359 0.34335261583328247 0.0
0.2125827670097351 0.34235602617263794 0.0
0.35090506076812744 0.31084269285202026 0.0
0.35740870237350464 0.30770212411880493 0.0
0.3695783019065857 0.303666353225708 0.0
0.3752909302711487 0.3003823459148407 0.0
0.3889040946960449 0.2970806956291199 0.0
0.7025099992752075 0.1395893394947052 0.0
0.6970260143280029 0.14134934544563293 0.0
0.39697569608688354 0.2952904999256134 0.0
0.4091775417327881 0.29128900170326233 0.0
0.4185699224472046 0.28615155816078186 0.0
0.47000253200531006 0.2695866525173187 0.0
0.4744263291358948 0.2652588188648224 0.0
0.4932976961135864 0.26199808716773987 0.0
0.4882327914237976 0.26735469698905945 0.0
0.5354593396186829 0.24250581860542297 0.0
0.5682357549667358 0.2294987440109253 0.0
0.4276648163795471 0.2874802350997925 0.0
0.4484459161758423 0.2826131582260132 0.0
0.45369231700897217 0.2778931260108948 0.0
0.46330559253692627 0.27518975734710693 0.0
0.510372519493103 0.259402334690094 0.0
0.522409975528717 0.251863569021225 0.0
0.5296431183815002 0.24702537059783936 0.0
0.5464872717857361 0.24315376579761505 0.0
0.5531625151634216 0.23863577842712402 0.0
0.5603076815605164 0.23419728875160217 0.0
0.5793087482452393 0.2284528762102127 0.0
0.5817223787307739 0.2235865443944931 0.0
0.5906967520713806 0.2235116958618164 0.0
0.5964515805244446 0.22021189332008362 0.0
0.6047701239585876 0.21272112429141998 0.0
0.6929110884666443 0.14635922014713287 0.0
0.6202813386917114 0.2074415385723114 0.0
0.626636266708374 0.19807597994804382 0.0
0.6350886821746826 0.19424448907375336 0.0
0.6387303471565247 0.189167782664299 0.0
0.6455031633377075 0.18645772337913513 0.0
0.6525035500526428 0.176798477768898 0.0
0.6813154220581055 0.15706567466259003 0.0
0.6599582433700562 0.1732500046491623 0.0
0.6633017659187317 0.16966573894023895 0.0
0.6664340496063232 0.1661977767944336 0.0
0.6732039451599121 0.16263598203659058 0.0
0.6984108686447144 1.0 0.0
0.16076093912124634 0.7595881223678589 0.0
0.16774320602416992 0.7661986351013184 0.0
0.16990965604782104 0.7740643620491028 0.0
0.18512356281280518 0.7762593030929565 0.0
0.608565092086792 0.9546535611152649 0.0
0.6273359656333923 0.9657272696495056 0.0
0.6556932330131531 0.9751796126365662 0.0
0.6864762902259827 0.9832936525344849 0.0
0.7625263333320618 1.0 0.0
0.7788001298904419 1.0 0.0
0.7706593871116638 1.0 0.0
0.14182353019714355 0.7467646598815918 0.0
0.15334844589233398 0.7521510124206543 0.0
0.20478111505508423 0.7860375046730042 0.0
0.5689361691474915 0.9376339912414551 0.0
0.5959211587905884 0.9444960355758667 0.0
0.7994350790977478 1.0 0.0
0.7984055280685425 1.0 0.0
0.7993606328964233 1.0 0.0
0.7993979454040527 1.0 0.0
0.13688957691192627 0.7362346649169922 0.0
0.1351812481880188 0.7422208786010742 0.0
0.21131128072738647 0.7921507954597473 0.0
0.5395919680595398 0.9281247854232788 0.0
0.12640714645385742 0.7328414916992188 0.0
0.22036093473434448 0.7973332405090332 0.0
0.23022383451461792 0.8023544549942017 0.0
0.23736649751663208 0.8070777058601379 0.0
0.34102022647857666 0.8533338904380798 0.0
0.45141929388046265 0.9015192985534668 0.0
0.49523115158081055 0.9101267457008362 0.0
0.2506939172744751 0.809715211391449 0.0
0.2722774147987366 0.8213000297546387 0.0
0.2832644581794739 0.8295742869377136 0.0
0.30434203147888184 0.8333491683006287 0.0
0.3153863549232483 0.8399808406829834 0.0
0.3394724726676941 0.8443834185600281 0.0
0.3604709506034851 0.8598800301551819 0.0
0.37255650758743286 0.8661856651306152 0.0
0.3900787830352783 0.8767832517623901 0.0
0.43394970893859863 0.8831696510314941 0.0
0.44217449426651 0.893383264541626 0.0
0.47576266527175903 0.9024454951286316 0.0
0.0947408676147461 0.7119818925857544 0.0
0.0757337212562561 0.700613796710968 0.0
0.06139171123504639 0.6876033544540405 0.0
0.05461728572845459 0.6833096742630005 0.0
0.8981027007102966 0.0 0.0
0.9029181003570557 0.0 0.0
0.8932784199714661 0.0 0.0
0.8899123668670654 0.0 0.0
0.8915966153144836 0.0 0.0
0.877694308757782 0.0 0.0
0.8776931166648865 0.0 0.0
0.8838062286376953 0.0 0.0
0.01636338233947754 0.6659682989120483 0.0
0.8586723804473877 0.0072333309799432755 0.0
0.007075011730194092 0.6639883518218994 0.0
0.8471344113349915 0.01710132136940956 0.0
0.8395326733589172 0.02749851532280445 0.0
0.0 0.6596494317054749 0.0
0.8295174241065979 0.03221170976758003 0.0
0.020063400268554688 0.34347647428512573 0.0
0.031187891960144043 0.34387078881263733 0.0
0.8223035931587219 0.04347633942961693 0.0
0.8077149987220764 0.050548527389764786 0.0
0.05678790807723999 0.3474193215370178 0.0
0.8117842674255371 0.05792173743247986 0.0
0.8029627203941345 0.05772292986512184 0.0
0.061662375926971436 0.35171276330947876 0.0
0.8000534772872925 0.06485223770141602 0.0
0.07305842638015747 0.3499617576599121 0.0
0.7926636338233948 0.06693995743989944 0.0
0.7883628606796265 0.07160776853561401 0.0
0.08995455503463745 0.3522328734397888 0.0
0.08018821477890015 0.353941410779953 0.0
0.7721245288848877 0.0878383070230484 0.0
0.7644850015640259 0.08799071609973907 0.0
0.12281149625778198 0.35257723927497864 0.0
0.12700319290161133 0.3522413969039917 0.0
0.757188081741333 0.09904083609580994 0.0
0.12937885522842407 0.35334885120391846 0.0
0.13387781381607056 0.3514091968536377 0.0
0.13453364372253418 0.35251373052597046 0.0
0.13520938158035278 0.3513365387916565 0.0
0.13556504249572754 0.35069677233695984 0.0
0.13555890321731567 0.35070785880088806 0.0
0.13559973239898682 0.3506343960762024 0.0
0.7472662925720215 0.10896938294172287 0.0
0.7316985130310059 0.11599891632795334 0.0
0.7288543581962585 0.11931814253330231 0.0
0.2516510486602783 0.3346748948097229 0.0
0.23536592721939087 0.34008947014808655 0.0
0.2421025037765503 0.3380979001522064 0.0
0.24895834922790527 0.33828145265579224 0.0
0.2653615474700928 0.33458179235458374 0.0
0.27188342809677124 0.33180609345436096 0.0
0.2796142101287842 0.3287911117076874 0.0
0.2904133200645447 0.3277427554130554 0.0
0.2286052107810974 0.3418631851673126 0.0
0.30132389068603516 0.3263436257839203 0.0
0.7107357978820801 0.1362350881099701 0.0
0.2236630916595459 0.3435159921646118 0.0
0.21923506259918213 0.3450546860694885 0.0
0.32844507694244385 0.31893789768218994 0.0
0.33797669410705566 0.31615859270095825 0.0
0.7079136371612549 0.14010557532310486 0.0
0.21539759635925293 0.3444710075855255 0.0
0.36679917573928833 0.30893033742904663 0.0
0.38341009616851807 0.3006991147994995 0.0
0.7047424912452698 0.14336521923542023 0.0
0.21422570943832397 0.34436243772506714 0.0
0.21532070636749268 0.3453708291053772 0.0
0.37799984216690063 0.3079306185245514 0.0
0.3786850571632385 0.3033888638019562 0.0
0.39337342977523804 0.3023301959037781 0.0
0.40202784538269043 0.2997739613056183 0.0
0.40641677379608154 0.2954556941986084 0.0
0.4185826778411865 0.2901908755302429 0.0
0.4800272583961487 0.26900342106819153 0.0
0.7011131048202515 0.14670589566230774 0.0
0.41704410314559937 0.2948499321937561 0.0
0.4268084168434143 0.29336974024772644 0.0
0.43833357095718384 0.2855615019798279 0.0
0.4615132212638855 0.28226733207702637 0.0
0.4774717092514038 0.2752435803413391 0.0
0.49775785207748413 0.26935240626335144 0.0
0.5046082735061646 0.26355162262916565 0.0
0.5191137790679932 0.258409321308136 0.0
0.5297879576683044 0.2577522397041321 0.0
0.5346961617469788 0.25252577662467957 0.0
0.5404918193817139 0.24777911603450775 0.0
0.5567775964736938 0.2439509630203247 0.0
0.5629160404205322 0.23953977227210999 0.0
0.5696274638175964 0.23549626767635345 0.0
0.5764093399047852 0.2327120006084442 0.0
0.5900397896766663 0.22814874351024628 0.0
0.6067776679992676 0.21832136809825897 0.0
0.6123549342155457 0.2101685106754303 0.0
0.6251217126846313 0.2034785896539688 0.0
0.6941396594047546 0.1521114706993103 0.0
0.6352699398994446 0.19977056980133057 0.0
0.6464214324951172 0.19285088777542114 0.0
0.6888864636421204 0.1554415225982666 0.0
0.654062807559967 0.1832103729248047 0.0
0.6594510674476624 0.17875652015209198 0.0
0.6871809363365173 0.16138571500778198 0.0
0.6795459389686584 0.1609216332435608 0.0
0.6664289236068726 0.1775495857000351 0.0
0.6697593927383423 0.17227505147457123 0.0
0.6761800646781921 0.16818256676197052 0.0
0.6567526459693909 0.9638970494270325 0.0
0.6930385828018188 0.9685280919075012 0.0
0.728358805179596 0.9828300476074219 0.0
0.7373661398887634 0.9942964315414429 0.0
0.7690764665603638 0.991499662399292 0.0
0.7931986451148987 1.0 0.0
0.7958036065101624 1.0 0.0
0.15486449003219604 0.7443721294403076 0.0
0.1699172854423523 0.7527503371238708 0.0
0.1788223385810852 0.7579995393753052 0.0
0.18908965587615967 0.7659015655517578 0.0
0.20321714878082275 0.7771586775779724 0.0
0.6386721730232239 0.9567243456840515 0.0
0.811488151550293 1.0 0.0
0.8647526502609253 1.0 0.0
0.8613182306289673 1.0 0.0
0.8578705787658691 1.0 0.0
0.14683234691619873 0.7400163412094116 0.0
0.22018349170684814 0.7861249446868896 0.0
0.5714715123176575 0.9279694557189941 0.0
0.8802614808082581 1.0 0.0
0.11982804536819458 0.7240170240402222 0.0
0.13140475749969482 0.7238083481788635 0.0
0.1398870348930359 0.7292175889015198 0.0
0.22920119762420654 0.7900623083114624 0.0
0.2393750548362732 0.7950529456138611 0.0
0.5288122296333313 0.9152266979217529 0.0
0.11214584112167358 0.7179796695709229 0.0
0.12350010871887207 0.7185261845588684 0.0
0.2514829635620117 0.8009281754493713 0.0
0.26866668462753296 0.8128374218940735 0.0
0.2669604420661926 0.8051146268844604 0.0
0.2921520471572876 0.8222693800926208 0.0
0.3547864556312561 0.8469764590263367 0.0
0.39234209060668945 0.8688552379608154 0.0
0.41652607917785645 0.87327641248703 0.0
0.47043168544769287 0.8944247364997864 0.0
0.5021682977676392 0.8973003029823303 0.0
0.11445271968841553 0.7119418382644653 0.0
0.2882664203643799 0.8154762983322144 0.0
0.3113449215888977 0.825899064540863 0.0
0.3242986798286438 0.831866443157196 0.0
0.3725625276565552 0.8494864702224731 0.0
0.3920106887817383 0.8584700226783752 0.0
0.4630688428878784 0.8859186172485352 0.0
0.10732322931289673 0.7101508975028992 0.0
0.3472326993942261 0.8346712589263916 0.0
0.09328699111938477 0.7052722573280334 0.0
0.08844608068466187 0.700194239616394 0.0
0.08226090669631958 0.6959912776947021 0.0
0.9219743013381958 0.0 0.0
0.9239994883537292 0.0 0.0
0.9210635423660278 0.0 0.0
0.07155430316925049 0.6872297525405884 0.0
0.08371299505233765 0.6897179484367371 0.0
0.9217528104782104 0.0 0.0
0.9155240654945374 0.0 0.0
0.9217894673347473 0.0 0.0
0.06516015529632568 0.6816494464874268 0.0
0.9114788770675659 0.0 0.0
0.9114788770675659 0.0 0.0
0.9114788770675659 0.0 0.0
0.055724382400512695 0.6784457564353943 0.0
0.9006226062774658 0.008699598722159863 0.0
0.039284467697143555 0.6698629260063171 0.0
0.05065637826919556 0.6731578707695007 0.0
0.027230381965637207 0.6666982173919678 0.0
0.03589749336242676 0.6622560024261475 0.0
0.8869861960411072 0.007006462197750807 0.0
0.8741605877876282 0.011091463267803192 0.0
0.8623719215393066 0.022467851638793945 0.0
0.02279752492904663 0.6596933007240295 0.0
0.010092735290527344 0.6594752669334412 0.0
0.8509079813957214 0.027867846190929413 0.0
0.8471948504447937 0.034496698528528214 0.0
0.010867893695831299 0.34529587626457214 0.0
0.8381590247154236 0.0388295017182827 0.0
0.02377694845199585 0.3502032160758972 0.0
0.828400194644928 0.03990188613533974 0.0
0.03725510835647583 0.3486820459365845 0.0
0.8189491629600525 0.05151031166315079 0.0
0.04824066162109375 0.3516826927661896 0.0
0.8073129057884216 0.06294257938861847 0.0
0.8145744204521179 0.06482064723968506 0.0
0.8075327277183533 0.06922493875026703 0.0
0.7976553440093994 0.07267354428768158 0.0
0.06890541315078735 0.35729411244392395 0.0
0.7887983918190002 0.07872787863016129 0.0
0.09315299987792969 0.3574311137199402 0.0
0.10758966207504272 0.35526010394096375 0.0
0.101462721824646 0.35872867703437805 0.0
0.782910943031311 0.08688341081142426 0.0
0.768517017364502 0.09320428967475891 0.0
0.1188090443611145 0.3547268211841583 0.0
0.12359064817428589 0.35589826107025146 0.0
0.76628577709198 0.09881609678268433 0.0
0.13127106428146362 0.3541262447834015 0.0
0.12829476594924927 0.35623908042907715 0.0
0.756685197353363 0.10495463758707047 0.0
0.13306140899658203 0.35560673475265503 0.0
0.7501372694969177 0.10522113740444183 0.0
0.1344757080078125 0.3528197705745697 0.0
0.13416588306427002 0.3537655472755432 0.0
0.1347549557685852 0.352175772190094 0.0
0.7444556355476379 0.1138165146112442 0.0
0.7370618581771851 0.11437688767910004 0.0
0.7362436652183533 0.1203235536813736 0.0
0.7310761213302612 0.12366703897714615 0.0
0.7277131676673889 0.12784835696220398 0.0
0.7232577800750732 0.13309070467948914 0.0
0.257865846157074 0.3378090560436249 0.0
0.26719212532043457 0.33937162160873413 0.0
0.2856207489967346 0.3321567475795746 0.0
0.7178094387054443 0.1370217353105545 0.0
0.2330111265182495 0.34380170702934265 0.0
0.2997879385948181 0.3312048316001892 0.0
0.22902816534042358 0.34561964869499207 0.0
0.31066232919692993 0.32548004388809204 0.0
0.7142535448074341 0.1407383680343628 0.0
0.22458279132843018 0.34751394391059875 0.0
0.22116690874099731 0.3494863510131836 0.0
0.3183421492576599 0.32528796792030334 0.0
0.32360386848449707 0.3232751190662384 0.0
0.2164156436920166 0.34637925028800964 0.0
0.2180430293083191 0.3470727503299713 0.0
0.34001433849334717 0.321773499250412 0.0
0.3306557536125183 0.32387393712997437 0.0
0.3492302894592285 0.3162477910518646 0.0
0.3589487671852112 0.3125559985637665 0.0
0.7112250328063965 0.14416523277759552 0.0
0.2153860330581665 0.34543099999427795 0.0
0.21545106172561646 0.3454909324645996 0.0
0.3669193387031555 0.3134835660457611 0.0
0.37330031394958496 0.3118959069252014 0.0
0.38651108741760254 0.3050908148288727 0.0
0.39582109451293945 0.30715233087539673 0.0
0.7087525129318237 0.14828051626682281 0.0
0.4030832052230835 0.30495086312294006 0.0
0.4149860143661499 0.29996973276138306 0.0
0.4376852512359619 0.2922147512435913 0.0
0.4710407853126526 0.27986282110214233 0.0
0.4879663586616516 0.2724301517009735 0.0
0.5148861408233643 0.2639349400997162 0.0
0.5455383658409119 0.25328755378723145 0.0
0.5511695742607117 0.2486289143562317 0.0
0.566554605960846 0.2446810007095337 0.0
0.5721638202667236 0.2405569702386856 0.0
0.5784059166908264 0.23705147206783295 0.0
0.5866777896881104 0.23364584147930145 0.0
0.6017939448356628 0.227023184299469 0.0
0.6084100008010864 0.22336404025554657 0.0
0.6146494746208191 0.2156904637813568 0.0
0.6198206543922424 0.21273787319660187 0.0
0.6269479393959045 0.21267913281917572 0.0
0.6988169550895691 0.15025582909584045 0.0
0.43297815322875977 0.29683443903923035 0.0
0.447562038898468 0.2890971004962921 0.0
0.45618629455566406 0.2870989739894867 0.0
0.5264671444892883 0.2639048993587494 0.0
0.6295686364173889 0.20803117752075195 0.0
0.6322753429412842 0.20353980362415314 0.0
0.6432555913925171 0.1988673359155655 0.0
0.6407212615013123 0.20376603305339813 0.0
0.6523962020874023 0.18876825273036957 0.0
0.6951382160186768 0.1557251214981079 0.0
0.6589685082435608 0.1875370889902115 0.0
0.6642229557037354 0.18297597765922546 0.0
0.6816734671592712 0.16490261256694794 0.0
0.17071318626403809 0.7451524138450623 0.0
0.6330621242523193 0.9460430145263672 0.0
0.6686339378356934 0.955127477645874 0.0
0.711781919002533 0.9546743631362915 0.0
0.7410737872123718 0.9666152596473694 0.0
0.7675349116325378 0.9773705005645752 0.0
0.853500485420227 0.9923045039176941 0.0
0.15187466144561768 0.732658863067627 0.0
0.16213172674179077 0.7383580803871155 0.0
0.21791589260101318 0.7806721329689026 0.0
0.6028373837471008 0.9339410662651062 0.0
0.8934050798416138 0.9899897575378418 0.0
0.8987374901771545 1.0 0.0
0.9060661196708679 0.9990620613098145 0.0
0.9029887914657593 1.0 0.0
0.9039191603660583 1.0 0.0
0.9044174551963806 1.0 0.0
0.23689872026443481 0.7806341648101807 0.0
0.5591961741447449 0.9187902212142944 0.0
0.5889426469802856 0.9218838214874268 0.0
0.9050805568695068 1.0 0.0
0.9066827297210693 1.0 0.0
0.9141431450843811 1.0 0.0
0.12191277742385864 0.7132906317710876 0.0
0.24485641717910767 0.7877944707870483 0.0
0.25839799642562866 0.7910097241401672 0.0
0.5238355398178101 0.9050881862640381 0.0
0.5515506267547607 0.9079694747924805 0.0
0.9838716387748718 0.0 0.0
0.9844975471496582 0.0 0.0
0.9832432866096497 0.0 0.0
0.1254405975341797 0.7077865600585938 0.0
0.27761757373809814 0.7958739995956421 0.0
0.28856056928634644 0.8060356974601746 0.0
0.30752426385879517 0.8180568218231201 0.0
0.36369097232818604 0.8413310050964355 0.0
0.41316473484039307 0.863781213760376 0.0
0.4480523467063904 0.8726442456245422 0.0
0.46054261922836304 0.8786063194274902 0.0
0.49007487297058105 0.8873662948608398 0.0
0.10707789659500122 0.7040266394615173 0.0
0.11752402782440186 0.7055277228355408 0.0
0.3041769862174988 0.8114743232727051 0.0
0.32610076665878296 0.8197422623634338 0.0
0.3416414260864258 0.8250232338905334 0.0
0.3882180452346802 0.8402992486953735 0.0
0.4033508896827698 0.8473420739173889 0.0
0.4253893494606018 0.8546993136405945 0.0
0.43701910972595215 0.8642722368240356 0.0
0.4823729991912842 0.8797006607055664 0.0
0.5186046957969666 0.8874362707138062 0.0
0.5409629344940186 0.8964319825172424 0.0
0.9551327228546143 0.0 0.0
0.9551390409469604 0.0 0.0
0.9551263451576233 0.0 0.0
0.10211533308029175 0.6984043121337891 0.0
0.09352642297744751 0.6944716572761536 0.0
0.9324378371238708 0.0 0.0
0.9417353868484497 0.0 0.0
0.9301977753639221 0.0 0.0
0.9287867546081543 0.0 0.0
0.9311447143554688 0.005027430597692728 0.0
0.07889872789382935 0.6821122765541077 0.0
0.921670138835907 0.0 0.0
0.07160723209381104 0.6773388981819153 0.0
0.9139043092727661 0.011379562318325043 0.0
0.06249809265136719 0.6748329401016235 0.0
0.04924589395523071 0.6683571934700012 0.0
0.8872185945510864 0.01722571812570095 0.0
0.8764399290084839 0.022893326357007027 0.0
0.01329582929611206 0.6537197232246399 0.0
0.8588730692863464 0.03538385033607483 0.0
0.0 0.6530669331550598 0.0
0.8493053317070007 0.04130500182509422 0.0
0.009795427322387695 0.35157400369644165 0.0
0.8427491188049316 0.04614926502108574 0.0
0.8321661949157715 0.048756539821624756 0.0
0.03600043058395386 0.35361796617507935 0.0
0.8278893828392029 0.05866719409823418 0.0
0.8194218873977661 0.05991130694746971 0.0
0.055785298347473145 0.35790085792541504 0.0
0.8174088597297668 0.07220976054668427 0.0
0.808639645576477 0.07772055268287659 0.0
0.7989091277122498 0.0798652321100235 0.0
0.07948178052902222 0.3608629107475281 0.0
0.08597308397293091 0.35687020421028137 0.0
0.7956265211105347 0.08672495931386948 0.0
0.10884398221969604 0.3601897656917572 0.0
0.1138182282447815 0.3572373688220978 0.0
0.7772902846336365 0.09369535744190216 0.0
0.7737863063812256 0.09837578237056732 0.0
0.12560558319091797 0.3599773049354553 0.0
0.7653915882110596 0.10506866872310638 0.0
0.1313927173614502 0.35718390345573425 0.0
0.1335354447364807 0.35822123289108276 0.0
0.13354182243347168 0.3558306097984314 0.0
0.7639604210853577 0.11064207553863525 0.0
0.7557288408279419 0.11013854295015335 0.0
0.7539138197898865 0.11588186025619507 0.0
0.7422801852226257 0.11807657778263092 0.0
0.7370656728744507 0.12828096747398376 0.0
0.7305799722671509 0.13239280879497528 0.0
0.24385547637939453 0.34245535731315613 0.0
0.2524296045303345 0.3425108790397644 0.0
0.2722434401512146 0.33603066205978394 0.0
0.27888035774230957 0.33424150943756104 0.0
0.23767292499542236 0.34425726532936096 0.0
0.23445367813110352 0.34715697169303894 0.0
0.2927094101905823 0.33350926637649536 0.0
0.7239238023757935 0.13834765553474426 0.0
0.3082868456840515 0.3301762342453003 0.0
0.7210192680358887 0.141654372215271 0.0
0.316896915435791 0.3293865919113159 0.0
0.717625081539154 0.14491230249404907 0.0
0.219160258769989 0.3499831557273865 0.0
0.21593278646469116 0.34593454003334045 0.0
0.35274559259414673 0.3227452039718628 0.0
0.36231935024261475 0.31811419129371643 0.0
0.372954785823822 0.3161669671535492 0.0
0.3887990713119507 0.3100595474243164 0.0
0.3813144564628601 0.3134239614009857 0.0
0.40453124046325684 0.30964747071266174 0.0
0.41022855043411255 0.30350789427757263 0.0
0.4250357747077942 0.298211008310318 0.0
0.48891186714172363 0.2778221666812897 0.0
0.4957249164581299 0.27498680353164673 0.0
0.5096458196640015 0.26924994587898254 0.0
0.5404220223426819 0.25815072655677795 0.0
0.5570299029350281 0.25475427508354187 0.0
0.5615952610969543 0.2492769956588745 0.0
0.5776211023330688 0.24576452374458313 0.0
0.5801032781600952 0.2412022352218628 0.0
0.5870130658149719 0.23913170397281647 0.0
0.599181592464447 0.23261608183383942 0.0
0.6185945868492126 0.22164614498615265 0.0
0.6237543821334839 0.21708865463733673 0.0
0.7039701342582703 0.15088370442390442 0.0
0.4185635447502136 0.3051099181175232 0.0
0.4242081642150879 0.302362859249115 0.0
0.4321950078010559 0.3013232350349426 0.0
0.44134068489074707 0.2986854016780853 0.0
0.4472047686576843 0.2942603826522827 0.0
0.46663999557495117 0.2886059284210205 0.0
0.4718141555786133 0.28410840034484863 0.0
0.4814373850822449 0.28195008635520935 0.0
0.5056781768798828 0.2752198278903961 0.0
0.5201870203018188 0.269072562456131 0.0
0.5358568429946899 0.2622047960758209 0.0
0.5497751832008362 0.2584979236125946 0.0
0.6354240775108337 0.21300412714481354 0.0
0.6380971670150757 0.20831118524074554 0.0
0.7010822296142578 0.1553351879119873 0.0
0.6538058519363403 0.19804717600345612 0.0
0.6573235988616943 0.1924520581960678 0.0
0.6957309246063232 0.1597967892885208 0.0
0.675431489944458 0.1779538094997406 0.0
0.6945683360099792 0.16468800604343414 0.0
0.6886903047561646 0.16607236862182617 0.0
0.680585503578186 0.17314575612545013 0.0
0.685407817363739 0.16930481791496277 0.0
0.18479913473129272 0.7496830821037292 0.0
0.19900161027908325 0.7547239065170288 0.0
0.20415037870407104 0.7605940103530884 0.0
0.20986688137054443 0.7663655877113342 0.0
0.8118940591812134 0.9813652038574219 0.0
0.16132259368896484 0.7267250418663025 0.0
0.1686331033706665 0.7316417098045349 0.0
0.22455132007598877 0.7726214528083801 0.0
0.6409340500831604 0.9354331493377686 0.0
0.6796955466270447 0.9425672292709351 0.0
0.7847519516944885 0.9655522108078003 0.0
0.8632301092147827 0.9782401919364929 0.0
0.147571861743927 0.717245876789093 0.0
0.14478343725204468 0.7236406803131104 0.0
0.1504431962966919 0.7267307043075562 0.0
0.6251015067100525 0.9240651726722717 0.0
0.9380739331245422 1.0 0.0
0.9921947121620178 0.0 0.0
0.9921947121620178 0.0 0.0
0.9921947121620178 0.0 0.0
0.9921947121620178 0.0 0.0
0.1334426999092102 0.7108048796653748 0.0
0.13595843315124512 0.7162307500839233 0.0
0.2587512731552124 0.7811212539672852 0.0
0.5761833190917969 0.9126244187355042 0.0
0.6024613380432129 0.9137170910835266 0.0
0.9921947121620178 0.0 0.0
0.9894199967384338 0.0 0.0
0.9898579120635986 0.0 0.0
0.9873257279396057 0.0 0.0
0.9848010540008545 0.0 0.0
0.2778199315071106 0.7845414280891418 0.0
0.5803785920143127 0.9012471437454224 0.0
0.9796658158302307 0.0 0.0
0.9768053293228149 0.0 0.0
0.9782371520996094 0.0 0.0
0.9713904857635498 0.0 0.0
0.9664109349250793 0.0 0.0
0.9689033031463623 0.0 0.0
0.3045637011528015 0.7963816523551941 0.0
0.31429123878479004 0.8047608137130737 0.0
0.32545673847198486 0.8123943209648132 0.0
0.46377384662628174 0.8648490905761719 0.0
0.4750233292579651 0.8723312616348267 0.0
0.5037344098091125 0.8811621069908142 0.0
0.9589929580688477 0.0 0.0
0.11121076345443726 0.6984541416168213 0.0
0.34501051902770996 0.8165060877799988 0.0
0.3656959533691406 0.8271977305412292 0.0
0.3766459822654724 0.8332991600036621 0.0
0.40930497646331787 0.8392354846000671 0.0
0.45286059379577637 0.8571221828460693 0.0
0.5007586479187012 0.874136745929718 0.0
0.09812486171722412 0.6886704564094543 0.0
0.10386413335800171 0.6926088333129883 0.0
0.09204268455505371 0.6835466623306274 0.0
0.9239286184310913 0.010530016385018826 0.0
0.0793532133102417 0.6758662462234497 0.0
0.07196938991546631 0.6716271638870239 0.0
0.05966418981552124 0.6670446395874023 0.0
0.04757893085479736 0.6640056371688843 0.0
0.045149803161621094 0.6576718688011169 0.0
0.8986567854881287 0.024089189246296883 0.0
0.033396363258361816 0.6556997895240784 0.0
0.8854929208755493 0.028862744569778442 0.0
0.0234450101852417 0.6533709764480591 0.0
0.030529797077178955 0.6496374607086182 0.0
0.8730155825614929 0.03224799036979675 0.0
0.01735144853591919 0.6477628350257874 0.0
0.006340503692626953 0.6486257910728455 0.0
0.8716853857040405 0.04296156018972397 0.0
0.8588336110115051 0.04378991201519966 0.0
0.0 0.6468494534492493 0.0
0.8520435094833374 0.04861833527684212 0.0
0.00807046890258789 0.3572176396846771 0.0
0.017172515392303467 0.3558991253376007 0.0
0.8440419435501099 0.0533689521253109 0.0
0.028247296810150146 0.3584569990634918 0.0
0.8370905518531799 0.05801684036850929 0.0
0.042620062828063965 0.3585760295391083 0.0
0.824031412601471 0.06629593670368195 0.0
0.8285868167877197 0.0745135024189949 0.0
0.07037442922592163 0.36478787660598755 0.0
0.06186002492904663 0.36262252926826477 0.0
0.8045825958251953 0.08433916419744492 0.0
0.08778327703475952 0.3608136475086212 0.0
0.08579576015472412 0.36500805616378784 0.0
0.09524303674697876 0.36434516310691833 0.0
0.7906991243362427 0.09229449927806854 0.0
0.1043996810913086 0.36332568526268005 0.0
0.7850750088691711 0.09461884200572968 0.0
0.11447423696517944 0.36139795184135437 0.0
0.1114952564239502 0.36542120575904846 0.0
0.7823138236999512 0.10070085525512695 0.0
0.1195874810218811 0.3596514165401459 0.0
0.7753742933273315 0.10473113507032394 0.0
0.13087832927703857 0.36080193519592285 0.0
0.12815171480178833 0.36377933621406555 0.0
0.13304007053375244 0.3590742349624634 0.0
0.7628638744354248 0.11589575558900833 0.0
0.1335386037826538 0.35703742504119873 0.0
0.13354021310806274 0.35643470287323 0.0
0.7554460763931274 0.12253091484308243 0.0
0.7485194206237793 0.11946393549442291 0.0
0.7437300086021423 0.12308236211538315 0.0
0.735890805721283 0.135421022772789 0.0
0.729443371295929 0.1370937079191208 0.0
0.24801933765411377 0.3459625542163849 0.0
0.260586142539978 0.3432530462741852 0.0
0.27697402238845825 0.33984479308128357 0.0
0.2414405345916748 0.34769296646118164 0.0
0.28597861528396606 0.3367157578468323 0.0
0.29442352056503296 0.3385297954082489 0.0
0.7288325428962708 0.14238768815994263 0.0
0.22989004850387573 0.3502448797225952 0.0
0.2994436025619507 0.3353182375431061 0.0
0.3064655065536499 0.3347136676311493 0.0
0.2250186800956726 0.351732462644577 0.0
0.3149990439414978 0.33403733372688293 0.0
0.3240308165550232 0.333082914352417 0.0
0.3259686231613159 0.32781460881233215 0.0
0.22049212455749512 0.35170644521713257 0.0
0.3333934545516968 0.33188536763191223 0.0
0.33602064847946167 0.32722610235214233 0.0
0.34556686878204346 0.32709959149360657 0.0
0.7147803902626038 0.1475738286972046 0.0
0.21935385465621948 0.35170820355415344 0.0
0.7162317037582397 0.15169544517993927 0.0
0.7094904184341431 0.15433549880981445 0.0
0.37196987867355347 0.32138922810554504 0.0
0.3816782236099243 0.31909430027008057 0.0
0.39761990308761597 0.3115231394767761 0.0
0.41166555881500244 0.3075477182865143 0.0
0.5706519484519958 0.24929097294807434 0.0
0.5873521566390991 0.24372418224811554 0.0
0.5943963527679443 0.24162611365318298 0.0
0.596794068813324 0.23765039443969727 0.0
0.6093593835830688 0.2318093627691269 0.0
0.6167107224464417 0.2281339019536972 0.0
0.6283122301101685 0.22110261023044586 0.0
0.6322034001350403 0.21750998497009277 0.0
0.6411815285682678 0.2181469053030014 0.0
0.4567815661430359 0.29277822375297546 0.0
0.4786115288734436 0.2874869406223297 0.0
0.492175817489624 0.2821507751941681 0.0
0.4987552762031555 0.2794138491153717 0.0
0.5161085724830627 0.2738306522369385 0.0
0.5302602648735046 0.26970574259757996 0.0
0.5357229709625244 0.26620814204216003 0.0
0.5467780232429504 0.2651659846305847 0.0
0.5637803673744202 0.25796186923980713 0.0
0.5692387223243713 0.25479647517204285 0.0
0.5801596641540527 0.2522037625312805 0.0
0.644827127456665 0.21338705718517303 0.0
0.6474610567092896 0.20834960043430328 0.0
0.6503347158432007 0.20341457426548004 0.0
0.46643882989883423 0.29387760162353516 0.0
0.4753790497779846 0.2924440801143646 0.0
0.6659249067306519 0.19656381011009216 0.0
0.6671141386032104 0.1893833875656128 0.0
0.7038372159004211 0.16159488260746002 0.0
0.6739413738250732 0.18382716178894043 0.0
0.6816423535346985 0.18142375349998474 0.0
0.7022228240966797 0.16711610555648804 0.0
0.6945133209228516 0.16962362825870514 0.0
0.699030876159668 0.16347557306289673 0.0
0.6859265565872192 0.17765457928180695 0.0
0.690226137638092 0.17354460060596466 0.0
0.18801730871200562 0.7429481148719788 0.0
0.20154350996017456 0.7455974221229553 0.0
0.21823394298553467 0.7559201717376709 0.0
0.17331629991531372 0.7262576818466187 0.0
0.1816447377204895 0.7366809248924255 0.0
0.21464592218399048 0.7485843896865845 0.0
0.23306453227996826 0.7613191604614258 0.0
0.7291742563247681 0.9431476593017578 0.0
0.7570455074310303 0.953449547290802 0.0
0.8301891088485718 0.9650197625160217 0.0
0.1561700701713562 0.7217207551002502 0.0
0.24645787477493286 0.7693488597869873 0.0
0.66664057970047 0.9292548298835754 0.0
0.7080579996109009 0.932959794998169 0.0
0.9109321236610413 0.9767636656761169 0.0
0.9424259662628174 0.989441454410553 0.0
0.14413052797317505 0.7115764617919922 0.0
0.25148630142211914 0.7758788466453552 0.0
0.2629455327987671 0.7718597054481506 0.0
0.6252989768981934 0.9154810309410095 0.0
0.6531667709350586 0.9164338707923889 0.0
1.0 1.0 0.0
0.12868601083755493 0.7014904022216797 0.0
0.1353279948234558 0.7044413089752197 0.0
0.6230126023292542 0.9063920378684998 0.0
0.9785683155059814 0.0 0.0
0.11990469694137573 0.6982795596122742 0.0
0.29835253953933716 0.7869834303855896 0.0
0.547639012336731 0.8857466578483582 0.0
0.608516275882721 0.8948681354522705 0.0
0.9628031253814697 0.0 0.0
0.11370605230331421 0.6931973099708557 0.0
0.3376328945159912 0.8047353625297546 0.0
0.3458992838859558 0.8103558421134949 0.0
0.3695773482322693 0.8186396360397339 0.0
0.4008975028991699 0.8327546119689941 0.0
0.43006765842437744 0.8432424068450928 0.0
0.4466806650161743 0.8498321175575256 0.0
0.47484683990478516 0.8584170341491699 0.0
0.4931125044822693 0.8648390173912048 0.0
0.5228350162506104 0.8693109750747681 0.0
0.5252730846405029 0.8785198330879211 0.0
0.5809195041656494 0.886634349822998 0.0
0.10978639125823975 0.6875337958335876 0.0
0.3613770008087158 0.8119710087776184 0.0
0.3910682201385498 0.8247449398040771 0.0
0.4228995442390442 0.834011971950531 0.0
0.46793830394744873 0.8513026833534241 0.0
0.9508371353149414 0.010469728149473667 0.0
0.10430306196212769 0.6824916005134583 0.0
0.9396113157272339 0.01098747830837965 0.0
0.08848333358764648 0.6775847673416138 0.0
0.931772768497467 0.016622787341475487 0.0
0.08564865589141846 0.6697472333908081 0.0
0.07307451963424683 0.6649277210235596 0.0
0.9221973419189453 0.020732449367642403 0.0
0.91170734167099 0.025392744690179825 0.0
0.056448400020599365 0.6596951484680176 0.0
0.9044125080108643 0.033743228763341904 0.0
0.05476188659667969 0.6534897089004517 0.0
0.04274249076843262 0.6513592600822449 0.0
0.8938382863998413 0.036075275391340256 0.0
0.8826741576194763 0.03778551518917084 0.0
0.0 0.6418694853782654 0.0
0.8634601831436157 0.05045127496123314 0.0
0.007176637649536133 0.36219507455825806 0.0
0.8559278845787048 0.05723230540752411 0.0
0.016488492488861084 0.3611297607421875 0.0
0.8461931943893433 0.06209540739655495 0.0
0.025435268878936768 0.365194708108902 0.0
0.03656482696533203 0.36374491453170776 0.0
0.8362239003181458 0.06702189892530441 0.0
0.050549983978271484 0.36589503288269043 0.0
0.06279295682907104 0.3677479922771454 0.0
0.8208885788917542 0.0803927481174469 0.0
0.8136779069900513 0.0861065685749054 0.0
0.07905298471450806 0.3680635392665863 0.0
0.8064113259315491 0.09226637333631516 0.0
0.7976903319358826 0.0942782387137413 0.0
0.7923950552940369 0.0994989275932312 0.0
0.10444819927215576 0.3681436777114868 0.0
0.11838799715042114 0.3646356761455536 0.0
0.7827818393707275 0.10609295964241028 0.0
0.12348288297653198 0.36372798681259155 0.0
0.7739036679267883 0.11191482841968536 0.0
0.7698197364807129 0.11586836725473404 0.0
0.1338493824005127 0.361826628446579 0.0
0.13389962911605835 0.36046576499938965 0.0
0.13361966609954834 0.3587403893470764 0.0
0.1335776448249817 0.3584813177585602 0.0
0.7622973322868347 0.12145049124956131 0.0
0.7502142190933228 0.12434478849172592 0.0
0.7471270561218262 0.1287742555141449 0.0
0.743955671787262 0.13498200476169586 0.0
0.7350108027458191 0.14038904011249542 0.0
0.2542516589164734 0.3469661474227905 0.0
0.2691701054573059 0.34437471628189087 0.0
0.24787050485610962 0.3498893678188324 0.0
0.24192339181900024 0.35251349210739136 0.0
0.2780475616455078 0.3457510769367218 0.0
0.28667932748794556 0.3422234356403351 0.0
0.2360849380493164 0.3513307571411133 0.0
0.30342358350753784 0.3392413854598999 0.0
0.724667489528656 0.1460803747177124 0.0
0.3126259446144104 0.3387860655784607 0.0
0.7209234237670898 0.14910228550434113 0.0
0.22188395261764526 0.3541122376918793 0.0
0.2199770212173462 0.35362082719802856 0.0
0.34099626541137695 0.3305922746658325 0.0
0.2194785475730896 0.3527453541755676 0.0
0.21962374448776245 0.35395243763923645 0.0
0.21941626071929932 0.3522273898124695 0.0
0.3477802276611328 0.33136624097824097 0.0
0.35594189167022705 0.3289458453655243 0.0
0.36348915100097656 0.3244226574897766 0.0
0.37997716665267944 0.3247063159942627 0.0
0.3925778269767761 0.3160207271575928 0.0
0.5976565480232239 0.24568945169448853 0.0
0.6042433381080627 0.24180684983730316 0.0
0.6098499298095703 0.23676925897598267 0.0
0.6180626749992371 0.23338602483272552 0.0
0.6295509338378906 0.23191912472248077 0.0
0.6287913918495178 0.22574502229690552 0.0
0.6363532543182373 0.22233960032463074 0.0
0.7184170484542847 0.1575009822845459 0.0
0.40571194887161255 0.3150818645954132 0.0
0.4123932719230652 0.31167811155319214 0.0
0.42019569873809814 0.30996769666671753 0.0
0.428819477558136 0.3065550923347473 0.0
0.4388701319694519 0.30451709032058716 0.0
0.4517251253128052 0.2983713746070862 0.0
0.4898258447647095 0.28636884689331055 0.0
0.5015791058540344 0.2848680317401886 0.0
0.5086406469345093 0.2808566689491272 0.0
0.5144497752189636 0.27800893783569336 0.0
0.5249161124229431 0.2732223570346832 0.0
0.5589052438735962 0.26156190037727356 0.0
0.5893025994300842 0.2489289492368698 0.0
0.6550495624542236 0.21320725977420807 0.0
0.6579869389533997 0.2080242782831192 0.0
0.6612682938575745 0.2026797980070114 0.0
0.7118536829948425 0.16032491624355316 0.0
0.4469413161277771 0.3026920557022095 0.0
0.4615122079849243 0.2979883551597595 0.0
0.4723091125488281 0.2975967228412628 0.0
0.48634499311447144 0.2913449704647064 0.0
0.5233621597290039 0.27740830183029175 0.0
0.5355277061462402 0.2753574550151825 0.0
0.5389516949653625 0.2698169946670532 0.0
0.6737160682678223 0.19295327365398407 0.0
0.6761267185211182 0.18891257047653198 0.0
0.6835956573486328 0.1862735152244568 0.0
0.6895973682403564 0.18201923370361328 0.0
0.18365627527236938 0.7290648221969604 0.0
0.1849679946899414 0.7221981883049011 0.0
0.19823265075683594 0.7314533591270447 0.0
0.20095199346542358 0.7382385730743408 0.0
0.23301571607589722 0.7472445964813232 0.0
0.23305857181549072 0.7539313435554504 0.0
0.800157368183136 0.9524769186973572 0.0
0.16521739959716797 0.7149807214736938 0.0
0.16965621709823608 0.7213837504386902 0.0
0.251400351524353 0.7598711252212524 0.0
0.7428255677223206 0.9341493844985962 0.0
0.733153223991394 0.9247288703918457 0.0
0.773928165435791 0.9404101371765137 0.0
0.8454593420028687 0.9512100219726562 0.0
0.8772435188293457 0.964373767375946 0.0
0.14712893962860107 0.7047759294509888 0.0
0.15663737058639526 0.7095442414283752 0.0
0.26422303915023804 0.7630826830863953 0.0
0.6947795748710632 0.92142653465271 0.0
0.9314160346984863 0.9635007977485657 0.0
0.9482792615890503 0.976064920425415 0.0
1.0 0.9756897687911987 0.0
0.1413925290107727 0.6980022192001343 0.0
0.27773600816726685 0.7750414609909058 0.0
0.9877414107322693 0.014391923323273659 0.0
0.13142764568328857 0.6956461071968079 0.0
0.12724417448043823 0.6902250647544861 0.0
0.2974175214767456 0.7769011855125427 0.0
0.6405597925186157 0.896081268787384 0.0
0.6561389565467834 0.9056339263916016 0.0
0.684863805770874 0.9101353287696838 0.0
0.9728498458862305 0.018015915527939796 0.0
0.1195068359375 0.6868502497673035 0.0
0.3230176568031311 0.7876312136650085 0.0
0.32899796962738037 0.797010600566864 0.0
0.5555710196495056 0.8746011257171631 0.0
0.11781299114227295 0.6806448101997375 0.0
0.35235297679901123 0.7977237701416016 0.0
0.36014246940612793 0.8052906394004822 0.0
0.39410120248794556 0.8164966106414795 0.0
0.415602445602417 0.8266407251358032 0.0
0.44529932737350464 0.8356741070747375 0.0
0.45656633377075195 0.8435346484184265 0.0
0.4954129457473755 0.8543317914009094 0.0
0.516808271408081 0.8610306978225708 0.0
0.9612698554992676 0.017212292179465294 0.0
0.09813249111175537 0.6786832213401794 0.0
0.3852638602256775 0.8083712458610535 0.0
0.41264307498931885 0.8193637728691101 0.0
0.4362407326698303 0.8281827569007874 0.0
0.4811919927597046 0.8450852036476135 0.0
0.9426233172416687 0.023858467116951942 0.0
0.09650403261184692 0.6738911867141724 0.0
0.9311386942863464 0.028395406901836395 0.0
0.0656205415725708 0.6611489653587341 0.0
0.9216446280479431 0.030829671770334244 0.0
0.06575196981430054 0.6559532284736633 0.0
0.9151999950408936 0.03883238136768341 0.0
0.9026604294776917 0.043151017278432846 0.0
0.8884621262550354 0.04682406783103943 0.0
0.017345428466796875 0.6422079205513 0.0
0.02654021978378296 0.6448479890823364 0.0
0.876102089881897 0.05340200290083885 0.0
0.8671626448631287 0.05752953514456749 0.0
0.8645684719085693 0.06449180096387863 0.0
0.01384115219116211 0.36648237705230713 0.0
0.8553544878959656 0.06533344089984894 0.0
0.8496410250663757 0.0717025101184845 0.0
0.035430073738098145 0.37048402428627014 0.0
0.8402122855186462 0.07732035964727402 0.0
0.04804879426956177 0.3736666738986969 0.0
0.8321833610534668 0.08328435570001602 0.0
0.07099348306655884 0.37262821197509766 0.0
0.8242482542991638 0.08875124156475067 0.0
0.8171989917755127 0.09395921230316162 0.0
0.08849036693572998 0.3709501028060913 0.0
0.09785699844360352 0.3709390163421631 0.0
0.8033705353736877 0.10129439830780029 0.0
0.11139583587646484 0.3704003393650055 0.0
0.7977170944213867 0.10633303225040436 0.0
0.7896479964256287 0.10720354318618774 0.0
0.11825525760650635 0.369922012090683 0.0
0.7835910320281982 0.11105305701494217 0.0
0.12360304594039917 0.3680090606212616 0.0
0.12708938121795654 0.3666331171989441 0.0
0.7820115685462952 0.116334930062294 0.0
0.13176846504211426 0.3644846975803375 0.0
0.13201791048049927 0.36761364340782166 0.0
0.13430672883987427 0.3642454147338867 0.0
0.13663822412490845 0.36510926485061646 0.0
0.7711338996887207 0.12164584547281265 0.0
0.1335873007774353 0.3585410416126251 0.0
0.13363367319107056 0.3588268458843231 0.0
0.7612993121147156 0.12609486281871796 0.0
0.7557793259620667 0.12871336936950684 0.0
0.7401838898658752 0.13908818364143372 0.0
0.7409046292304993 0.14344462752342224 0.0
0.2618468403816223 0.3482199013233185 0.0
0.7356457114219666 0.14448486268520355 0.0
0.247575044631958 0.3544449508190155 0.0
0.24193614721298218 0.3562979996204376 0.0
0.2546488642692566 0.3516846299171448 0.0
0.2703864574432373 0.3496074974536896 0.0
0.28677934408187866 0.34796592593193054 0.0
0.7331451773643494 0.14807327091693878 0.0
0.23180949687957764 0.3548226058483124 0.0
0.23705816268920898 0.35566970705986023 0.0
0.29770416021347046 0.3448472023010254 0.0
0.7275167107582092 0.15013104677200317 0.0
0.22787326574325562 0.3540647327899933 0.0
0.22474420070648193 0.3554346561431885 0.0
0.30925530195236206 0.3439607620239258 0.0
0.3218501806259155 0.33799421787261963 0.0
0.21942853927612305 0.35819360613822937 0.0
0.3313930034637451 0.33691757917404175 0.0
0.34214121103286743 0.3353075683116913 0.0
0.7259913086891174 0.15448255836963654 0.0
0.21954596042633057 0.3549129068851471 0.0
0.21945732831954956 0.35600802302360535 0.0
0.3664206862449646 0.329470157623291 0.0
0.3615404963493347 0.33277684450149536 0.0
0.37172043323516846 0.3260694742202759 0.0
0.6099873781204224 0.24680478870868683 0.0
0.6171882152557373 0.24197633564472198 0.0
0.6235747337341309 0.23717157542705536 0.0
0.6409966945648193 0.22778578102588654 0.0
0.6449198722839355 0.2227996289730072 0.0
0.6528717875480652 0.2195718139410019 0.0
0.3914948105812073 0.3232015371322632 0.0
0.40123385190963745 0.32017236948013306 0.0
0.412075936794281 0.32067933678627014 0.0
0.5701214075088501 0.26119372248649597 0.0
0.5666232109069824 0.26752081513404846 0.0
0.5827673077583313 0.259547621011734 0.0
0.5927802324295044 0.2550799250602722 0.0
0.6016145348548889 0.25106826424598694 0.0
0.6667612791061401 0.21314091980457306 0.0
0.6691414713859558 0.2072538137435913 0.0
0.6721926331520081 0.20200185477733612 0.0
0.7176095843315125 0.16111455857753754 0.0
0.4193105101585388 0.31566599011421204 0.0
0.4296114444732666 0.3122527301311493 0.0
0.43673473596572876 0.3090382516384125 0.0
0.446283221244812 0.30785903334617615 0.0
0.4562349319458008 0.3035210967063904 0.0
0.4821581244468689 0.295928955078125 0.0
0.4980406165122986 0.2904088795185089 0.0
0.5123663544654846 0.28510648012161255 0.0
0.5197173953056335 0.28222307562828064 0.0
0.5307508111000061 0.2810136079788208 0.0
0.545714259147644 0.2720407247543335 0.0
0.5565584301948547 0.27151528000831604 0.0
0.6770091652870178 0.19733670353889465 0.0
0.6826427578926086 0.19229938089847565 0.0
0.711303174495697 0.16641101241111755 0.0
0.693454384803772 0.18661127984523773 0.0
0.6953883767127991 0.18256038427352905 0.0
0.6974361538887024 0.17819295823574066 0.0
0.7090931534767151 0.17048272490501404 0.0
0.7030746340751648 0.17299361526966095 0.0
0.1962064504623413 0.7257360219955444 0.0
0.2155841588973999 0.732657253742218 0.0
0.2204689383506775 0.7403437495231628 0.0
0.2477218508720398 0.7520548105239868 0.0
0.2656158208847046 0.7541341185569763 0.0
0.179313063621521 0.7163640260696411 0.0
0.17784428596496582 0.7113831043243408 0.0
0.8136158585548401 0.9420550465583801 0.0
0.1648278832435608 0.7016012072563171 0.0
0.7679306268692017 0.928034782409668 0.0
0.8735936880111694 0.9460611343383789 0.0
0.8858255743980408 0.9544311761856079 0.0
0.15437674522399902 0.6979941129684448 0.0
0.2788366675376892 0.7662076950073242 0.0
0.7217063903808594 0.912392795085907 0.0
0.9729558229446411 0.9626550078392029 0.0
0.9916530251502991 0.030298907309770584 0.0
0.13971829414367676 0.6908137202262878 0.0
0.2918579578399658 0.7692425847053528 0.0
0.3161424994468689 0.7744381427764893 0.0
0.3129062056541443 0.7807427048683167 0.0
0.6809713840484619 0.8980538845062256 0.0
0.9823311567306519 0.030206095427274704 0.0
0.12853467464447021 0.6828073263168335 0.0
0.13782596588134766 0.6846864819526672 0.0
0.3324957489967346 0.7779294848442078 0.0
0.620140552520752 0.8840689659118652 0.0
0.9739731550216675 0.0325956791639328 0.0
0.34217673540115356 0.7840158939361572 0.0
0.3445519804954529 0.790425717830658 0.0
0.5432852506637573 0.8631532192230225 0.0
0.5749215483665466 0.8648017048835754 0.0
0.5926059484481812 0.8746557831764221 0.0
0.9653692841529846 0.029398107901215553 0.0
0.9549592733383179 0.026054922491312027 0.0
0.10924625396728516 0.6743496656417847 0.0
0.1012149453163147 0.66790372133255 0.0
0.3779370188713074 0.7975983023643494 0.0
0.4103422164916992 0.8117343187332153 0.0
0.429171621799469 0.822198748588562 0.0
0.4578494429588318 0.8292710185050964 0.0
0.46932995319366455 0.8368620872497559 0.0
0.5058640837669373 0.8462920784950256 0.0
0.5276579856872559 0.8533951640129089 0.0
0.09225267171859741 0.6639334559440613 0.0
0.4082423448562622 0.8048397898674011 0.0
0.4472454786300659 0.8223875164985657 0.0
0.9498358368873596 0.03415430709719658 0.0
0.07323122024536133 0.6592321991920471 0.0
0.08255374431610107 0.6615321636199951 0.0
0.9405401945114136 0.03639143705368042 0.0
0.07947713136672974 0.6535115242004395 0.0
0.06526917219161987 0.6496750116348267 0.0
0.928868293762207 0.038801562041044235 0.0
0.05292302370071411 0.6471225023269653 0.0
0.03895998001098633 0.6444104313850403 0.0
0.9123055338859558 0.04893495887517929 0.0
0.9021399617195129 0.053753577172756195 0.0
0.027260959148406982 0.6398739218711853 0.0
0.013797402381896973 0.6366866230964661 0.0
0.8896055817604065 0.06032910197973251 0.0
0.0 0.6331461071968079 0.0
0.8758999705314636 0.06328833848237991 0.0
0.012038350105285645 0.3721507489681244 0.0
0.8607330918312073 0.07163207978010178 0.0
0.022299468517303467 0.3700868487358093 0.0
0.02429795265197754 0.3755643665790558 0.0
0.8575581908226013 0.0775972232222557 0.0
0.8507595062255859 0.08097493648529053 0.0
0.8431127071380615 0.08601326495409012 0.0
0.05913442373275757 0.37323206663131714 0.0
0.05403316020965576 0.37999528646469116 0.0
0.8259112238883972 0.09655225276947021 0.0
0.08071404695510864 0.3740198016166687 0.0
0.812860369682312 0.10028710216283798 0.0
0.08693242073059082 0.377296507358551 0.0
0.09568959474563599 0.3765181303024292 0.0
0.106098473072052 0.37440839409828186 0.0
0.11585444211959839 0.374257892370224 0.0
0.7972103953361511 0.11356130242347717 0.0
0.7903437614440918 0.11245561391115189 0.0
0.1297258734703064 0.3702567219734192 0.0
0.7769898176193237 0.11870481073856354 0.0
0.13494712114334106 0.36665618419647217 0.0
0.13865190744400024 0.3676963150501251 0.0
0.7683172225952148 0.12707564234733582 0.0
0.13526874780654907 0.36278724670410156 0.0
0.7642417550086975 0.1310989260673523 0.0
0.7521350979804993 0.1340918093919754 0.0
0.750164270401001 0.13847315311431885 0.0
0.7459787726402283 0.1411227285861969 0.0
0.7407699823379517 0.14778763055801392 0.0
0.25466060638427734 0.35742536187171936 0.0
0.2626963257789612 0.3533754050731659 0.0
0.27865171432495117 0.35059022903442383 0.0
0.23194611072540283 0.35949283838272095 0.0
0.7337175011634827 0.1530018299818039 0.0
0.2265622615814209 0.3584176301956177 0.0
0.3049708604812622 0.34699058532714844 0.0
0.3018333315849304 0.3502517640590668 0.0
0.3192761540412903 0.3431188762187958 0.0
0.2215474247932434 0.35907846689224243 0.0
0.3283379077911377 0.34190937876701355 0.0
0.33809274435043335 0.34107354283332825 0.0
0.21950173377990723 0.3554600477218628 0.0
0.35397613048553467 0.3349892199039459 0.0
0.7260592579841614 0.15937499701976776 0.0
0.37729185819625854 0.3304879069328308 0.0
0.6303210854530334 0.24151650071144104 0.0
0.6355172991752625 0.23684810101985931 0.0
0.6411673426628113 0.2331027388572693 0.0
0.6522172093391418 0.225856751203537 0.0
0.7236050367355347 0.16293685138225555 0.0
0.5790006518363953 0.26630884408950806 0.0
0.6616516709327698 0.2171793133020401 0.0
0.6796367764472961 0.20603255927562714 0.0
0.6808944940567017 0.2015560120344162 0.0
0.7179560661315918 0.1646299809217453 0.0
0.40470147132873535 0.32587629556655884 0.0
0.4399425983428955 0.313030868768692 0.0
0.4556601047515869 0.30868926644325256 0.0
0.4663025736808777 0.3017198443412781 0.0
0.47638338804244995 0.3025365173816681 0.0
0.47917723655700684 0.29893097281455994 0.0
0.4934903383255005 0.29575487971305847 0.0
0.5106582641601562 0.2897929847240448 0.0
0.5215119123458862 0.2879827618598938 0.0
0.5284088253974915 0.2849887013435364 0.0
0.5406736135482788 0.28068292140960693 0.0
0.5495535731315613 0.27763739228248596 0.0
0.686691164970398 0.19812144339084625 0.0
0.6933784484863281 0.1931096911430359 0.0
0.4502292275428772 0.312691867351532 0.0
0.4865632653236389 0.2999327480792999 0.0
0.7009345889091492 0.18366870284080505 0.0
0.7130911350250244 0.1747594028711319 0.0
0.7149286270141602 0.17103305459022522 0.0
0.2033112645149231 0.7195501923561096 0.0
0.21118229627609253 0.7259237170219421 0.0
0.23205244541168213 0.7331209778785706 0.0
0.2443949580192566 0.7374351620674133 0.0
0.2514345049858093 0.7436781525611877 0.0
0.26613932847976685 0.7454702258110046 0.0
0.1891542673110962 0.7116566896438599 0.0
0.18579339981079102 0.7063887715339661 0.0
0.19150006771087646 0.7165306806564331 0.0
0.28055471181869507 0.757365882396698 0.0
0.1716201901435852 0.7075374722480774 0.0
0.807144820690155 0.9300097823143005 0.0
0.8475711941719055 0.9374634027481079 0.0
0.9090285897254944 0.9494310617446899 0.0
0.1533249020576477 0.6913631558418274 0.0
0.29719650745391846 0.7606490850448608 0.0
0.7595831155776978 0.9171108603477478 0.0
0.7888275980949402 0.92041015625 0.0
0.8894988298416138 0.9394198060035706 0.0
0.9570543169975281 0.9522832036018372 0.0
1.0 0.9607000946998596 0.0
0.14831405878067017 0.6854066848754883 0.0
0.3103800415992737 0.7673658132553101 0.0
0.13897114992141724 0.6787338256835938 0.0
0.718616783618927 0.9008601307868958 0.0
0.9900109767913818 0.04132705181837082 0.0
0.9798643589019775 0.04172632470726967 0.0
0.12266892194747925 0.6737920641899109 0.0
0.13067930936813354 0.6763180494308472 0.0
0.35635054111480713 0.7852113842964172 0.0
0.6190561056137085 0.8731423616409302 0.0
0.6579768061637878 0.8871110677719116 0.0
0.9696729183197021 0.04082006216049194 0.0
0.10039442777633667 0.6618979573249817 0.0
0.11356979608535767 0.6621452569961548 0.0
0.36490243673324585 0.7904751300811768 0.0
0.49370527267456055 0.8385315537452698 0.0
0.5251423716545105 0.8455082774162292 0.0
0.5598987936973572 0.855397641658783 0.0
0.6058560013771057 0.8649032115936279 0.0
0.9591742157936096 0.03782312572002411 0.0
0.09197092056274414 0.6583079099655151 0.0
0.3824232220649719 0.7891957759857178 0.0
0.3984087109565735 0.8000286817550659 0.0
0.4337922930717468 0.8152203559875488 0.0
0.4673415422439575 0.8233984112739563 0.0
0.4836463928222656 0.8295130133628845 0.0
0.5134080052375793 0.8406094312667847 0.0
0.5465643405914307 0.8469566702842712 0.0
0.9625564813613892 0.04957110807299614 0.0
0.9507100582122803 0.043264731764793396 0.0
0.9394329190254211 0.046346645802259445 0.0
0.07544207572937012 0.6452541947364807 0.0
0.06335538625717163 0.6430604457855225 0.0
0.925787627696991 0.0496162474155426 0.0
0.05154013633728027 0.6405054926872253 0.0
0.9165946841239929 0.059277333319187164 0.0
0.0392228364944458 0.6367551684379578 0.0
0.025566279888153076 0.6338227987289429 0.0
0.9036788940429688 0.06473961472511292 0.0
0.025551438331604004 0.6281238794326782 0.0
0.012736856937408447 0.6294501423835754 0.0
0.0 0.6259815692901611 0.0
0.8854225277900696 0.07211220264434814 0.0
0.8720695376396179 0.07321854680776596 0.0
0.8647895455360413 0.07820826023817062 0.0
0.8611229658126831 0.08565745502710342 0.0
0.03853195905685425 0.3795219659805298 0.0
0.8518978953361511 0.08773206919431686 0.0
0.8351500630378723 0.0927012711763382 0.0
0.06657850742340088 0.3801893889904022 0.0
0.07912623882293701 0.3805956542491913 0.0
0.8202215433120728 0.10038281977176666 0.0
0.8191633820533752 0.10744179785251617 0.0
0.8110455870628357 0.10672405362129211 0.0
0.805239200592041 0.11009964346885681 0.0
0.12394946813583374 0.3779437839984894 0.0
0.7900005578994751 0.1175023764371872 0.0
0.12604624032974243 0.37299492955207825 0.0
0.7845447659492493 0.12154825031757355 0.0
0.13623672723770142 0.3717755675315857 0.0
0.7793841361999512 0.12376928329467773 0.0
0.13884031772613525 0.3699102997779846 0.0
0.7769114375114441 0.12814949452877045 0.0
0.140089750289917 0.3680422604084015 0.0
0.14069485664367676 0.3685564398765564 0.0
0.13948482275009155 0.36752817034721375 0.0
0.7600041031837463 0.13501979410648346 0.0
0.766818642616272 0.1362387239933014 0.0
0.7565718293190002 0.1393945962190628 0.0
0.7529442310333252 0.14330840110778809 0.0
0.7484093308448792 0.14761711657047272 0.0
0.2454357147216797 0.3594058156013489 0.0
0.23810887336730957 0.36000800132751465 0.0
0.26356327533721924 0.3581134080886841 0.0
0.25965046882629395 0.3622925281524658 0.0
0.27288520336151123 0.35552704334259033 0.0
0.7413491010665894 0.15231023728847504 0.0
0.2859019637107849 0.354341059923172 0.0
0.2938297986984253 0.350443035364151 0.0
0.2218967080116272 0.3621253967285156 0.0
0.31095677614212036 0.34930771589279175 0.0
0.31525135040283203 0.34609469771385193 0.0
0.3211821913719177 0.34826621413230896 0.0
0.7342984080314636 0.1566345989704132 0.0
0.21641188859939575 0.3626890778541565 0.0
0.21748226881027222 0.3607575595378876 0.0
0.3255760073661804 0.34511226415634155 0.0
0.7323720455169678 0.15948733687400818 0.0
0.2170015573501587 0.36138099431991577 0.0
0.21690917015075684 0.3615008592605591 0.0
0.21695542335510254 0.3614408075809479 0.0
0.34869134426116943 0.3403075039386749 0.0
0.35878193378448486 0.3401239514350891 0.0
0.7311590909957886 0.16333772242069244 0.0
0.36243540048599243 0.33635029196739197 0.0
0.3690558671951294 0.3342653512954712 0.0
0.624976396560669 0.24762971699237823 0.0
0.6392963528633118 0.24536868929862976 0.0
0.6407983303070068 0.24049727618694305 0.0
0.6466270089149475 0.236922487616539 0.0
0.651977002620697 0.23190495371818542 0.0
0.6631495952606201 0.22910822927951813 0.0
0.6647117137908936 0.22234153747558594 0.0
0.6691343784332275 0.21827268600463867 0.0
0.39025354385375977 0.3340120315551758 0.0
0.3865472078323364 0.32816728949546814 0.0
0.5907893180847168 0.26612144708633423 0.0
0.5973283052444458 0.26149851083755493 0.0
0.6058048605918884 0.25718700885772705 0.0
0.6144686341285706 0.2525986135005951 0.0
0.6772825121879578 0.21708939969539642 0.0
0.6781435012817383 0.21145612001419067 0.0
0.6888057589530945 0.20385457575321198 0.0
0.724899172782898 0.16818399727344513 0.0
0.394794225692749 0.3285808563232422 0.0
0.42263859510421753 0.3209710121154785 0.0
0.4191734790802002 0.3259257674217224 0.0
0.4324658513069153 0.31808343529701233 0.0
0.46634554862976074 0.3070490062236786 0.0
0.5053640007972717 0.29471567273139954 0.0
0.537844717502594 0.2847804129123688 0.0
0.5609849095344543 0.2777528166770935 0.0
0.5666088461875916 0.27349182963371277 0.0
0.5759207010269165 0.2723943591117859 0.0
0.5867555141448975 0.27146342396736145 0.0
0.7194604873657227 0.16952021420001984 0.0
0.43031322956085205 0.3239606022834778 0.0
0.4448826313018799 0.31740882992744446 0.0
0.4605274200439453 0.3122912645339966 0.0
0.4858294725418091 0.30438175797462463 0.0
0.49418753385543823 0.2994064688682556 0.0
0.5012213587760925 0.29917314648628235 0.0
0.5164385437965393 0.29464849829673767 0.0
0.5281578898429871 0.2939673662185669 0.0
0.5334766507148743 0.288947194814682 0.0
0.5498059391975403 0.2837624251842499 0.0
0.5562491416931152 0.2809884250164032 0.0
0.7032257318496704 0.1895434707403183 0.0
0.7060936093330383 0.18077543377876282 0.0
0.7071245908737183 0.1773555725812912 0.0
0.2235931158065796 0.7189802527427673 0.0
0.2141825556755066 0.7142817378044128 0.0
0.2293318510055542 0.72664475440979 0.0
0.2003082036972046 0.7064884305000305 0.0
0.20230865478515625 0.712725818157196 0.0
0.28437066078186035 0.7478004693984985 0.0
0.1808895468711853 0.7012742161750793 0.0
0.17829787731170654 0.695594310760498 0.0
0.29506587982177734 0.7528437376022339 0.0
0.16582930088043213 0.6940829753875732 0.0
0.1669301986694336 0.6876601576805115 0.0
0.3148801922798157 0.7593293190002441 0.0
0.8415160179138184 0.9257313013076782 0.0
0.8746916055679321 0.9290068745613098 0.0
0.9247294068336487 0.9427590370178223 0.0
0.15842610597610474 0.6851981282234192 0.0
0.33027857542037964 0.769243061542511 0.0
0.7528371214866638 0.9055271148681641 0.0
0.7864048480987549 0.9101777672767639 0.0
0.8202916979789734 0.9158194661140442 0.0
0.9174667000770569 0.9326449036598206 0.0
0.9547134637832642 0.9405813813209534 0.0
1.0 0.9473063945770264 0.0
0.14592403173446655 0.6808059811592102 0.0
0.35021084547042847 0.7707648873329163 0.0
0.7059450149536133 0.8901155591011047 0.0
0.9878804087638855 0.052427493035793304 0.0
0.12182724475860596 0.6676821112632751 0.0
0.13399124145507812 0.669677197933197 0.0
0.3548804521560669 0.778620183467865 0.0
0.6452713012695312 0.8762763142585754 0.0
0.6818669438362122 0.8797454833984375 0.0
0.1036270260810852 0.6566613912582397 0.0
0.3745831251144409 0.7820541858673096 0.0
0.5910849571228027 0.8555004596710205 0.0
0.633816123008728 0.8660329580307007 0.0
0.9756240248680115 0.05132244527339935 0.0
0.0944368839263916 0.6522016525268555 0.0
0.4006604552268982 0.7914183139801025 0.0
0.4272611141204834 0.8063089847564697 0.0
0.4599758982658386 0.8164734244346619 0.0
0.5110965967178345 0.8327652215957642 0.0
0.5325233936309814 0.839403510093689 0.0
0.5746051669120789 0.847106397151947 0.0
0.08818656206130981 0.6466181874275208 0.0
0.4191570281982422 0.7977101802825928 0.0
0.44998443126678467 0.808384120464325 0.0
0.4892280101776123 0.8191396594047546 0.0
0.9505570530891418 0.05275968834757805 0.0
0.06264251470565796 0.6360620260238647 0.0
0.07226806879043579 0.6395822167396545 0.0
0.9391573071479797 0.05564398691058159 0.0
0.05097872018814087 0.6349073648452759 0.0
0.9296061396598816 0.059099920094013214 0.0
0.04418975114822388 0.6311181783676147 0.0
0.034303247928619385 0.6315020322799683 0.0
0.8953126668930054 0.06943037360906601 0.0
0.01708298921585083 0.624617338180542 0.0
0.008257865905761719 0.6240556836128235 0.0
0.0 0.621078610420227 0.0
0.8803567290306091 0.08048465847969055 0.0
0.011166632175445557 0.37912464141845703 0.0
0.8719889521598816 0.08325168490409851 0.0
0.02450549602508545 0.38187751173973083 0.0
0.014529824256896973 0.38641273975372314 0.0
0.8563718795776367 0.0922573134303093 0.0
0.8475964665412903 0.09440785646438599 0.0
0.04763275384902954 0.38688695430755615 0.0
0.8402091860771179 0.10068322718143463 0.0
0.06099587678909302 0.38725003600120544 0.0
0.8324301838874817 0.10010214895009995 0.0
0.8265150785446167 0.10379965603351593 0.0
0.09219163656234741 0.3833979070186615 0.0
0.8146408796310425 0.1146572083234787 0.0
0.10375481843948364 0.3811371326446533 0.0
0.8067280650138855 0.11819139868021011 0.0
0.1137624979019165 0.37923717498779297 0.0
0.7991167306900024 0.12287460267543793 0.0
0.791167676448822 0.12389831990003586 0.0
0.13461977243423462 0.3744998276233673 0.0
0.785914957523346 0.12793327867984772 0.0
0.14545786380767822 0.37201640009880066 0.0
0.14357197284698486 0.3738090991973877 0.0
0.14160358905792236 0.3691594898700714 0.0
0.14232146739959717 0.36963585019111633 0.0
0.14114999771118164 0.3688584566116333 0.0
0.14285165071487427 0.3700900375843048 0.0
0.7729711532592773 0.133794367313385 0.0
0.7647524476051331 0.14112095534801483 0.0
0.7601341605186462 0.14493398368358612 0.0
0.7568312287330627 0.14860542118549347 0.0
0.7494781613349915 0.15363608300685883 0.0
0.7451069951057434 0.15041902661323547 0.0
0.24007558822631836 0.3655146658420563 0.0
0.23177558183670044 0.3644673526287079 0.0
0.2695505619049072 0.3624526560306549 0.0
0.28096598386764526 0.3606940805912018 0.0
0.22515088319778442 0.3637576997280121 0.0
0.2969077229499817 0.3551924228668213 0.0
0.740392804145813 0.1564907282590866 0.0
0.2172183394432068 0.3638521134853363 0.0
0.21942532062530518 0.36500275135040283 0.0
0.30665069818496704 0.3552204370498657 0.0
0.7394090294837952 0.16004668176174164 0.0
0.3329507112503052 0.3472694754600525 0.0
0.21570217609405518 0.3630661964416504 0.0
0.3438710570335388 0.34485137462615967 0.0
0.35436010360717773 0.3458225131034851 0.0
0.3688896894454956 0.33974429965019226 0.0
0.6370460391044617 0.2513359785079956 0.0
0.6515632271766663 0.24258165061473846 0.0
0.6575133800506592 0.23728832602500916 0.0
0.6605104804039001 0.233659565448761 0.0
0.6721323132514954 0.22667571902275085 0.0
0.6753398180007935 0.22232002019882202 0.0
0.7305888533592224 0.16745102405548096 0.0
0.3783307671546936 0.3368866741657257 0.0
0.6105722188949585 0.2641189694404602 0.0
0.6180124878883362 0.25864744186401367 0.0
0.6264397501945496 0.25433194637298584 0.0
0.6875 0.2156052142381668 0.0
0.6886312961578369 0.2097015678882599 0.0
0.697131335735321 0.2001752406358719 0.0
0.4020564556121826 0.3318086564540863 0.0
0.4131243824958801 0.3307567834854126 0.0
0.5714681148529053 0.27804824709892273 0.0
0.5837393403053284 0.27773213386535645 0.0
0.5971581935882568 0.271234393119812 0.0
0.6010239720344543 0.2669137418270111 0.0
0.7021251320838928 0.19547699391841888 0.0
0.7262014150619507 0.17289026081562042 0.0
0.44085395336151123 0.3224487006664276 0.0
0.4553506374359131 0.31676775217056274 0.0
0.4714829921722412 0.31244292855262756 0.0
0.48000019788742065 0.30855119228363037 0.0
0.4954758286476135 0.30312541127204895 0.0
0.511844277381897 0.29912760853767395 0.0
0.5414905548095703 0.2933909595012665 0.0
0.5450572371482849 0.28875187039375305 0.0
0.5639272928237915 0.2839958667755127 0.0
0.7092914581298828 0.18465934693813324 0.0
0.7141110301017761 0.18017341196537018 0.0
0.7199693918228149 0.17752830684185028 0.0
0.7204830646514893 0.17389927804470062 0.0
0.2431848645210266 0.7203189134597778 0.0
0.2489679455757141 0.7284184098243713 0.0
0.2576518654823303 0.7326886057853699 0.0
0.26517343521118164 0.7369260191917419 0.0
0.1967678666114807 0.6997877359390259 0.0
0.2163926362991333 0.7078502774238586 0.0
0.2823507785797119 0.7391965985298157 0.0
0.18922239542007446 0.6961464881896973 0.0
0.3032686710357666 0.7464033961296082 0.0
0.3119998574256897 0.7524165511131287 0.0
0.17807716131210327 0.68949294090271 0.0
0.1567476987838745 0.6797229647636414 0.0
0.16826248168945312 0.6814661026000977 0.0
0.3284911513328552 0.7545475959777832 0.0
0.3284294009208679 0.7617323398590088 0.0
0.8106083273887634 0.9028597474098206 0.0
0.8641375303268433 0.9164577722549438 0.0
0.8974824547767639 0.9226971864700317 0.0
0.14289885759353638 0.6726250648498535 0.0
0.14966285228729248 0.6759402751922607 0.0
0.34601879119873047 0.7631200551986694 0.0
0.742968738079071 0.8936112523078918 0.0
0.7786651253700256 0.898520827293396 0.0
0.9519161581993103 0.9318903088569641 0.0
0.9771268367767334 0.9364634156227112 0.0
0.1365329623222351 0.6622598767280579 0.0
0.12526315450668335 0.6623933911323547 0.0
0.7264512181282043 0.8800908327102661 0.0
1.0 0.934787392616272 0.0
0.11626362800598145 0.6542195081710815 0.0
0.10613983869552612 0.6506093740463257 0.0
0.6626392602920532 0.8679744601249695 0.0
0.6958450675010681 0.8684481978416443 0.0
0.9828377366065979 0.06246015429496765 0.0
0.09852862358093262 0.6473532319068909 0.0
0.39323174953460693 0.7839702367782593 0.0
0.5588904023170471 0.839196503162384 0.0
0.6059893369674683 0.8445741534233093 0.0
0.6246877312660217 0.8549649119377136 0.0
0.6495537161827087 0.8593146800994873 0.0
0.9699109196662903 0.06067639961838722 0.0
0.4207606315612793 0.7893360257148743 0.0
0.4424436688423157 0.8001238107681274 0.0
0.4735197424888611 0.8098503947257996 0.0
0.5160710215568542 0.8238361477851868 0.0
0.5411182045936584 0.8300618529319763 0.0
0.9759684205055237 0.07179610431194305 0.0
0.9593141674995422 0.059064533561468124 0.0
0.08497589826583862 0.6393579244613647 0.0
0.961570680141449 0.07049141079187393 0.0
0.07558488845825195 0.6342735290527344 0.0
0.949860692024231 0.06208239495754242 0.0
0.06829273700714111 0.6304572820663452 0.0
0.9479731321334839 0.0711841955780983 0.0
0.9388152956962585 0.06436698883771896 0.0
0.05662727355957031 0.6294536590576172 0.0
0.9280398488044739 0.06727353483438492 0.0
0.03666466474533081 0.626915693283081 0.0
0.915864109992981 0.07246966660022736 0.0
0.027557671070098877 0.6219496130943298 0.0
0.04209011793136597 0.6217252612113953 0.0
0.9032034277915955 0.07456070929765701 0.0
0.012682437896728516 0.6193514466285706 0.0
0.8947499990463257 0.07643711566925049 0.0
0.8894874453544617 0.08257699012756348 0.0
0.8824612498283386 0.09138812124729156 0.0
0.0 0.6151900887489319 0.0
0.8708089590072632 0.09095989167690277 0.0
0.0320887565612793 0.3889683783054352 0.0
0.8642112016677856 0.09509894996881485 0.0
0.8569613099098206 0.09942053258419037 0.0
0.8492193222045898 0.10373755544424057 0.0
0.8349025249481201 0.10732652992010117 0.0
0.07389086484909058 0.38765162229537964 0.0
0.08448135852813721 0.38773515820503235 0.0
0.8275198936462402 0.11131427437067032 0.0
0.8224034905433655 0.11492133140563965 0.0
0.09439444541931152 0.39096599817276 0.0
0.1031346321105957 0.38756346702575684 0.0
0.11243832111358643 0.3848647177219391 0.0
0.12014323472976685 0.38264015316963196 0.0
0.12883645296096802 0.38382208347320557 0.0
0.13136708736419678 0.37673577666282654 0.0
0.13438177108764648 0.38045376539230347 0.0
0.7947047352790833 0.12918391823768616 0.0
0.13935518264770508 0.3742956817150116 0.0
0.1375076174736023 0.3778683841228485 0.0
0.1429690718650818 0.3768104016780853 0.0
0.7822110056877136 0.13391874730587006 0.0
0.14425206184387207 0.3706949055194855 0.0
0.14671015739440918 0.371906578540802 0.0
0.7720679640769958 0.14016912877559662 0.0
0.14440375566482544 0.3707696795463562 0.0
0.14455485343933105 0.37084415555000305 0.0
0.7549002766609192 0.15226498246192932 0.0
0.24698418378829956 0.3696187138557434 0.0
0.2505674362182617 0.3635064959526062 0.0
0.25725340843200684 0.3674444556236267 0.0
0.2636604309082031 0.3654346764087677 0.0
0.2301437258720398 0.37002986669540405 0.0
0.22429364919662476 0.36835041642189026 0.0
0.7461352348327637 0.15633909404277802 0.0
0.2185569405555725 0.36795344948768616 0.0
0.2917196750640869 0.3603311777114868 0.0
0.746994137763977 0.16051465272903442 0.0
0.21541249752044678 0.366843044757843 0.0
0.3016163110733032 0.36075571179389954 0.0
0.3174591064453125 0.3548752963542938 0.0
0.2140774130821228 0.36514735221862793 0.0
0.21273964643478394 0.3657951056957245 0.0
0.3263489007949829 0.3523937165737152 0.0
0.738190770149231 0.16369090974330902 0.0
0.21273964643478394 0.3657951056957245 0.0
0.21273964643478394 0.3657951056957245 0.0
0.3443971872329712 0.35015061497688293 0.0
0.3348855972290039 0.35484424233436584 0.0
0.7370526790618896 0.16767287254333496 0.0
0.3639012575149536 0.34387674927711487 0.0
0.3722533583641052 0.34516775608062744 0.0
0.6505241990089417 0.24969038367271423 0.0
0.6456570029258728 0.25573641061782837 0.0
0.6644770503044128 0.24273881316184998 0.0
0.6686514019966125 0.23684504628181458 0.0
0.6755844354629517 0.23222056031227112 0.0
0.6815535426139832 0.22779607772827148 0.0
0.6869711875915527 0.22226238250732422 0.0
0.37777137756347656 0.34181174635887146 0.0
0.6221259832382202 0.2636564075946808 0.0
0.6290381550788879 0.2599760591983795 0.0
0.635556161403656 0.2563224732875824 0.0
0.6992385983467102 0.20705322921276093 0.0
0.703178882598877 0.20322227478027344 0.0
0.7062726616859436 0.19984334707260132 0.0
0.7356378436088562 0.17087817192077637 0.0
0.7313386797904968 0.17176459729671478 0.0
0.38773125410079956 0.34117403626441956 0.0
0.3963838815689087 0.3390999436378479 0.0
0.4008188247680664 0.3362618088722229 0.0
0.5930463075637817 0.2753327190876007 0.0
0.6089977622032166 0.27155300974845886 0.0
0.7107208967208862 0.19444125890731812 0.0
0.7121766805648804 0.1890106499195099 0.0
0.4098582863807678 0.3355614244937897 0.0
0.42287564277648926 0.33056938648223877 0.0
0.4286613464355469 0.32825902104377747 0.0
0.4378606081008911 0.3275963366031647 0.0
0.4510776996612549 0.3213045597076416 0.0
0.46569228172302246 0.31667622923851013 0.0
0.48084765672683716 0.3134525716304779 0.0
0.49188727140426636 0.3080929219722748 0.0
0.5068638324737549 0.3034681975841522 0.0
0.5240852236747742 0.29961097240448 0.0
0.5318889021873474 0.2985985279083252 0.0
0.5392948985099792 0.29808270931243896 0.0
0.5552640557289124 0.2882234752178192 0.0
0.5764467120170593 0.2825545072555542 0.0
0.7175000905990601 0.18536563217639923 0.0
0.7227652072906494 0.18148522078990936 0.0
0.44825202226638794 0.3261982202529907 0.0
0.4563881754875183 0.3246444761753082 0.0
0.4605386257171631 0.3208678066730499 0.0
0.4769948124885559 0.3175412714481354 0.0
0.4892879128456116 0.3125629127025604 0.0
0.502593994140625 0.30789464712142944 0.0
0.5175679922103882 0.30383849143981934 0.0
0.23796558380126953 0.7134509086608887 0.0
0.2632541060447693 0.7204142808914185 0.0
0.27090907096862793 0.7281141877174377 0.0
0.28194963932037354 0.7326062917709351 0.0
0.21277791261672974 0.700528621673584 0.0
0.22508388757705688 0.7123651504516602 0.0
0.2987302541732788 0.7402080297470093 0.0
0.19133210182189941 0.6900377869606018 0.0
0.19907182455062866 0.6934285163879395 0.0
0.3119077682495117 0.7408303022384644 0.0
0.31919556856155396 0.7448791861534119 0.0
0.17869049310684204 0.6834841966629028 0.0
0.18763726949691772 0.6851255893707275 0.0
0.32811373472213745 0.7486435174942017 0.0
0.16920018196105957 0.6752187609672546 0.0
0.15549641847610474 0.6702759265899658 0.0
0.15962105989456177 0.6740829944610596 0.0
0.34201449155807495 0.7567617893218994 0.0
0.801668107509613 0.8918054103851318 0.0
0.8427265286445618 0.9046599268913269 0.0
0.902146577835083 0.9134449362754822 0.0
0.9344170093536377 0.9222276210784912 0.0
0.12808144092559814 0.6504530310630798 0.0
0.12885433435440063 0.6569488644599915 0.0
0.14939337968826294 0.665398359298706 0.0
0.3643519878387451 0.764169454574585 0.0
0.7680304646492004 0.8867163062095642 0.0
0.973391592502594 0.9271578788757324 0.0
0.10748988389968872 0.6449397206306458 0.0
0.11765444278717041 0.6477664113044739 0.0
0.3731297254562378 0.7712913155555725 0.0
0.9659063816070557 0.9159422516822815 0.0
1.0 0.9208946228027344 0.0
0.9886470437049866 0.07456213980913162 0.0
0.09761160612106323 0.642238438129425 0.0
0.39577585458755493 0.7749698162078857 0.0
0.5843273401260376 0.8389605283737183 0.0
0.6744909882545471 0.8587345480918884 0.0
0.4128832221031189 0.7818353176116943 0.0
0.43524807691574097 0.7838268876075745 0.0
0.4380580186843872 0.7919295430183411 0.0
0.46376997232437134 0.8020596504211426 0.0
0.49476492404937744 0.8096157312393188 0.0
0.5205108523368835 0.8127745389938354 0.0
0.5365611910820007 0.8209153413772583 0.0
0.5739569664001465 0.8306902050971985 0.0
0.45828771591186523 0.7942900657653809 0.0
0.48456186056137085 0.8027383685112 0.0
0.9378639459609985 0.0720757395029068 0.0
0.04700881242752075 0.6263259053230286 0.0
0.9301594495773315 0.07759100198745728 0.0
0.9205269813537598 0.08426332473754883 0.0
0.03645670413970947 0.6162895560264587 0.0
0.9100205898284912 0.08092062175273895 0.0
0.02410566806793213 0.6160246729850769 0.0
0.9005228281021118 0.08417335897684097 0.0
0.014356374740600586 0.612037718296051 0.0
0.902620792388916 0.09439415484666824 0.0
0.893751323223114 0.09072408825159073 0.0
0.005352377891540527 0.6106365323066711 0.0
0.0 0.6083407998085022 0.0
0.017622768878936768 0.3922104835510254 0.0
0.8744534850120544 0.09986228495836258 0.0
0.025921225547790527 0.3972252905368805 0.0
0.04377979040145874 0.39163199067115784 0.0
0.8657973408699036 0.10350564122200012 0.0
0.05325138568878174 0.39419251680374146 0.0
0.8428061008453369 0.10719657689332962 0.0
0.06824463605880737 0.3946009874343872 0.0
0.8411979675292969 0.11256663501262665 0.0
0.08359527587890625 0.394796222448349 0.0
0.8354434370994568 0.11680897325277328 0.0
0.8280749917030334 0.11799685657024384 0.0
0.8233967423439026 0.12313241511583328 0.0
0.10451477766036987 0.3928387463092804 0.0
0.8143767714500427 0.12228715419769287 0.0
0.11295688152313232 0.3905186951160431 0.0
0.8089171648025513 0.12613187730312347 0.0
0.12174075841903687 0.38744011521339417 0.0
0.8032884001731873 0.1317816972732544 0.0
0.1326494812965393 0.3892478346824646 0.0
0.797010600566864 0.13456404209136963 0.0
0.14097446203231812 0.38530635833740234 0.0
0.7903974652290344 0.1342179924249649 0.0
0.14421820640563965 0.3807513117790222 0.0
0.1495611071586609 0.3791828155517578 0.0
0.7866508960723877 0.13941392302513123 0.0
0.15031981468200684 0.3746541142463684 0.0
0.15163880586624146 0.37694811820983887 0.0
0.15198159217834473 0.37407737970352173 0.0
0.7792280316352844 0.13943703472614288 0.0
0.770915150642395 0.14476816356182098 0.0
0.7668957114219666 0.14741386473178864 0.0
0.7629022598266602 0.14975523948669434 0.0
0.7611995935440063 0.15346288681030273 0.0
0.7576963305473328 0.15751414000988007 0.0
0.23697280883789062 0.3722711205482483 0.0
0.751453697681427 0.158314049243927 0.0
0.26849693059921265 0.3697400689125061 0.0
0.27794283628463745 0.3659120500087738 0.0
0.2876954674720764 0.36581477522850037 0.0
0.21113711595535278 0.367742657661438 0.0
0.212260901927948 0.36937215924263 0.0
0.31147301197052 0.36104631423950195 0.0
0.7441553473472595 0.16360639035701752 0.0
0.20715802907943726 0.36941882967948914 0.0
0.32564055919647217 0.3568790853023529 0.0
0.32078927755355835 0.361112117767334 0.0
0.7452583312988281 0.16822901368141174 0.0
0.3449286222457886 0.3554835915565491 0.0
0.3550955057144165 0.35327890515327454 0.0
0.364934504032135 0.3489108383655548 0.0
0.6559926867485046 0.25533080101013184 0.0
0.6601951122283936 0.2469877302646637 0.0
0.6956143379211426 0.2192850410938263 0.0
0.6977666020393372 0.2140071839094162 0.0
0.3821967840194702 0.3463079631328583 0.0
0.6329256892204285 0.2662911117076874 0.0
0.640268862247467 0.26093560457229614 0.0
0.7101215720176697 0.2054855078458786 0.0
0.7147358655929565 0.1997895985841751 0.0
0.7373515367507935 0.17476896941661835 0.0
0.4069056510925293 0.34110227227211 0.0
0.6020486354827881 0.2762197256088257 0.0
0.6209129095077515 0.2691328227519989 0.0
0.7171871066093445 0.19592992961406708 0.0
0.7195362448692322 0.19144558906555176 0.0
0.7324825525283813 0.17610445618629456 0.0
0.7268584370613098 0.1777263730764389 0.0
0.4205949306488037 0.3347282111644745 0.0
0.5508604049682617 0.2978214621543884 0.0
0.553411066532135 0.2928280532360077 0.0
0.5642410516738892 0.29092252254486084 0.0
0.576255202293396 0.28856009244918823 0.0
0.5867182016372681 0.2843530476093292 0.0
0.5953733921051025 0.28033915162086487 0.0
0.7253923416137695 0.18638461828231812 0.0
0.4325949549674988 0.3329083323478699 0.0
0.4454087018966675 0.33152687549591064 0.0
0.47003477811813354 0.3212778568267822 0.0
0.487520694732666 0.3168821930885315 0.0
0.499447226524353 0.312320739030838 0.0
0.5131401419639587 0.3080950379371643 0.0
0.5272051692008972 0.3048176169395447 0.0
0.5370791554450989 0.30330920219421387 0.0
0.25491440296173096 0.7137207984924316 0.0
0.2974141836166382 0.7330958247184753 0.0
0.31321996450424194 0.7348032593727112 0.0
0.22769129276275635 0.7014270424842834 0.0
0.2257448434829712 0.693986713886261 0.0
0.23272991180419922 0.7074658274650574 0.0
0.20767760276794434 0.6870195269584656 0.0
0.21025031805038452 0.6938474774360657 0.0
0.32572561502456665 0.7383280992507935 0.0
0.19064688682556152 0.6794759631156921 0.0
0.1989518404006958 0.6826920509338379 0.0
0.34652501344680786 0.7484548687934875 0.0
0.18060451745986938 0.6770077347755432 0.0
0.16796386241912842 0.6695267558097839 0.0
0.16401153802871704 0.6645427346229553 0.0
0.36060184240341187 0.755954384803772 0.0
0.8278699517250061 0.8956722021102905 0.0
0.8772318363189697 0.9042451977729797 0.0
0.13792133331298828 0.651436448097229 0.0
0.14365935325622559 0.654900312423706 0.0
0.15172266960144043 0.6584197282791138 0.0
0.792874813079834 0.8806709051132202 0.0
0.8564807772636414 0.8930014371871948 0.0
0.9119962453842163 0.9039188623428345 0.0
0.9324976205825806 0.9119766354560852 0.0
0.10732799768447876 0.6400813460350037 0.0
0.11878585815429688 0.6412194967269897 0.0
0.3774576783180237 0.7591637969017029 0.0
0.37734395265579224 0.7645638585090637 0.0
0.3933090567588806 0.7634947896003723 0.0
0.7296785712242126 0.8670656681060791 0.0
0.7599839568138123 0.8751665353775024 0.0
0.10042321681976318 0.635050356388092 0.0
0.6328086853027344 0.8447654247283936 0.0
0.65626460313797 0.8493944406509399 0.0
0.7043306231498718 0.8577415347099304 0.0
0.08674782514572144 0.6328468322753906 0.0
0.4090663194656372 0.768103837966919 0.0
0.41502857208251953 0.7735171318054199 0.0
0.43216651678085327 0.7755213379859924 0.0
0.5599231123924255 0.8217325210571289 0.0
0.5917395949363708 0.820682168006897 0.0
0.6073134541511536 0.8315010666847229 0.0
0.6263597011566162 0.8378305435180664 0.0
0.6519404053688049 0.8369560241699219 0.0
0.9925140738487244 0.08717121183872223 0.0
0.9817455410957336 0.08315564692020416 0.0
0.4551548361778259 0.7864344120025635 0.0
0.47529250383377075 0.7965565919876099 0.0
0.5066986680030823 0.8027320504188538 0.0
0.5462538003921509 0.8150491118431091 0.0
0.9709078073501587 0.08118093758821487 0.0
0.07952088117599487 0.6278244256973267 0.0
0.06761890649795532 0.6251152157783508 0.0
0.9621670246124268 0.08157216757535934 0.0
0.9545632600784302 0.07836049795150757 0.0
0.05601876974105835 0.6221031546592712 0.0
0.9558824300765991 0.08841685205698013 0.0
0.9441194534301758 0.08099076896905899 0.0
0.9346461892127991 0.08975627273321152 0.0
0.04996556043624878 0.6165286898612976 0.0
0.030557334423065186 0.6098394989967346 0.0
0.9109920859336853 0.08953756839036942 0.0
0.9113770127296448 0.09756861627101898 0.0
0.008617103099822998 0.606429934501648 0.0
0.8946011662483215 0.10034787654876709 0.0
0.8848663568496704 0.10232649743556976 0.0
0.01222693920135498 0.3968924582004547 0.0
0.8729496598243713 0.10734479874372482 0.0
0.04022979736328125 0.39628610014915466 0.0
0.8590167164802551 0.10928354412317276 0.0
0.8497313857078552 0.11335477232933044 0.0
0.8446058034896851 0.11971177905797958 0.0
0.07561713457107544 0.401440292596817 0.0
0.8326112031936646 0.12400409579277039 0.0
0.09954917430877686 0.397770494222641 0.0
0.8178077340126038 0.12978793680667877 0.0
0.11286485195159912 0.3960839807987213 0.0
0.8113841414451599 0.13275423645973206 0.0
0.12374931573867798 0.393226683139801 0.0
0.8013975620269775 0.13790947198867798 0.0
0.1430349349975586 0.39031004905700684 0.0
0.7948237657546997 0.1402326226234436 0.0
0.1522465944290161 0.38832131028175354 0.0
0.1527370810508728 0.38140642642974854 0.0
0.15231287479400635 0.38420069217681885 0.0
0.7894744277000427 0.14505109190940857 0.0
0.15661466121673584 0.37973451614379883 0.0
0.16292822360992432 0.3861890435218811 0.0
0.15837711095809937 0.37614259123802185 0.0
0.1596444845199585 0.3780916929244995 0.0
0.16216140985488892 0.3824828267097473 0.0
0.783414900302887 0.14353816211223602 0.0
0.16541123390197754 0.3797187805175781 0.0
0.7775275111198425 0.14533871412277222 0.0
0.7732957005500793 0.14953376352787018 0.0
0.7690702676773071 0.15396848320960999 0.0
0.7648671269416809 0.15789201855659485 0.0
0.25477761030197144 0.37421849370002747 0.0
0.755771279335022 0.16300514340400696 0.0
0.21433931589126587 0.3714069128036499 0.0
0.21916240453720093 0.3737695515155792 0.0
0.28196096420288086 0.37083008885383606 0.0
0.20799225568771362 0.3722119927406311 0.0
0.2967257499694824 0.3652455508708954 0.0
0.3061726689338684 0.367382675409317 0.0
0.7505003809928894 0.16539926826953888 0.0
0.20784002542495728 0.3704253137111664 0.0
0.20432597398757935 0.37070581316947937 0.0
0.2036241888999939 0.3710247576236725 0.0
0.2041475772857666 0.3707868754863739 0.0
0.3300095200538635 0.3611763119697571 0.0
0.34087496995925903 0.3610605001449585 0.0
0.7417125105857849 0.17242170870304108 0.0
0.36776596307754517 0.3551728427410126 0.0
0.37582331895828247 0.35077381134033203 0.0
0.6629176735877991 0.25217312574386597 0.0
0.6654431223869324 0.2581884562969208 0.0
0.6702465415000916 0.24891844391822815 0.0
0.6774568557739258 0.24480266869068146 0.0
0.6811584234237671 0.23885691165924072 0.0
0.6868261098861694 0.23416641354560852 0.0
0.6924592852592468 0.22922039031982422 0.0
0.6987857222557068 0.22469578683376312 0.0
0.7064303755760193 0.21993432939052582 0.0
0.7084920406341553 0.2125697135925293 0.0
0.644637942314148 0.26580172777175903 0.0
0.6432849168777466 0.2712617516517639 0.0
0.6546220183372498 0.26204484701156616 0.0
0.7244396805763245 0.19810613989830017 0.0
0.39291614294052124 0.34725087881088257 0.0
0.3976808786392212 0.34327277541160583 0.0
0.40591758489608765 0.34804901480674744 0.0
0.6113405823707581 0.2774418294429779 0.0
0.6203427910804749 0.27558428049087524 0.0
0.6315778493881226 0.2732609510421753 0.0
0.7288753986358643 0.19157007336616516 0.0
0.7318574786186218 0.1869484931230545 0.0
0.7299113273620605 0.18267181515693665 0.0
0.7332484722137451 0.1799752563238144 0.0
0.4166962504386902 0.33881548047065735 0.0
0.4285624027252197 0.3394818603992462 0.0
0.6005724668502808 0.2873274087905884 0.0
0.6066808700561523 0.2815890312194824 0.0
0.4566800594329834 0.32986515760421753 0.0
0.4644966721534729 0.325588196516037 0.0
0.4781497120857239 0.3221864700317383 0.0
0.48586946725845337 0.3212330937385559 0.0
0.49721819162368774 0.31652167439460754 0.0
0.5096409320831299 0.3124035894870758 0.0
0.5233868360519409 0.30853748321533203 0.0
0.5474795699119568 0.3018918037414551 0.0
0.5640093684196472 0.2971620261669159 0.0
0.5725069642066956 0.2938865125179291 0.0
0.5818628072738647 0.294049471616745 0.0
0.5886310935020447 0.2901040017604828 0.0
0.4740930199623108 0.3260376453399658 0.0
0.4954877495765686 0.3207100033760071 0.0
0.5068624019622803 0.3164505660533905 0.0
0.5196763873100281 0.31264886260032654 0.0
0.5350247025489807 0.3094188868999481 0.0
0.24752312898635864 0.7078874707221985 0.0
0.26165229082107544 0.7079694271087646 0.0
0.2756107449531555 0.7120526432991028 0.0
0.28464895486831665 0.7197467684745789 0.0
0.29281097650527954 0.7263777852058411 0.0
0.3143332004547119 0.7264016270637512 0.0
0.23708796501159668 0.697040319442749 0.0
0.24172371625900269 0.7021524906158447 0.0
0.219490647315979 0.6884658336639404 0.0
0.3350880742073059 0.7430137395858765 0.0
0.1826900839805603 0.6694496273994446 0.0
0.1939312219619751 0.6727873682975769 0.0
0.3695334792137146 0.7472102642059326 0.0
0.17707079648971558 0.6638245582580566 0.0
0.1731337308883667 0.6582369804382324 0.0
0.13769960403442383 0.6472514867782593 0.0
0.12956088781356812 0.6446410417556763 0.0
0.16057568788528442 0.6602638959884644 0.0
0.3769153952598572 0.7527729272842407 0.0
0.8253775835037231 0.8856284022331238 0.0
0.8909780979156494 0.8949704766273499 0.0
0.11297303438186646 0.6367853283882141 0.0
0.7834587693214417 0.8710833787918091 0.0
0.9247263669967651 0.8950979113578796 0.0
0.9492290019989014 0.9051483273506165 0.0
0.41498029232025146 0.7612975835800171 0.0
0.6844300031661987 0.8504897356033325 0.0
0.7355230450630188 0.8562676310539246 0.0
0.7595135569572449 0.8646501898765564 0.0
1.0 0.9083837270736694 0.0
0.09402412176132202 0.6282181143760681 0.0
0.10590231418609619 0.6288906931877136 0.0
0.4273090362548828 0.7667801976203918 0.0
0.6339312791824341 0.8309302926063538 0.0
0.6802948117256165 0.8413562774658203 0.0
0.7114329934120178 0.8460630774497986 0.0
0.08811157941818237 0.6226321458816528 0.0
0.4557952880859375 0.7778565287590027 0.0
0.47683948278427124 0.7886446714401245 0.0
0.4939194321632385 0.7948777079582214 0.0
0.5296912789344788 0.8020013570785522 0.0
0.5454955101013184 0.8072910904884338 0.0
0.569892168045044 0.811330258846283 0.0
0.986547589302063 0.09454280883073807 0.0
0.07701081037521362 0.6222672462463379 0.0
0.469359815120697 0.7822901606559753 0.0
0.5176336765289307 0.7938302755355835 0.0
0.9765942096710205 0.09125746786594391 0.0
0.06881260871887207 0.6194284558296204 0.0
0.9669199585914612 0.0903482586145401 0.0
0.06089240312576294 0.6166279911994934 0.0
0.9465644955635071 0.0908365547657013 0.0
0.05956822633743286 0.6114270091056824 0.0
0.04534471035003662 0.6111416816711426 0.0
0.9219529032707214 0.09594276547431946 0.0
0.01982337236404419 0.6058494448661804 0.0
0.013533055782318115 0.5997499227523804 0.0
0.9059088230133057 0.10289544612169266 0.0
0.0 0.6009452939033508 0.0
0.8809535503387451 0.10858947783708572 0.0
0.016183793544769287 0.4045618772506714 0.0
0.8681268692016602 0.11117090284824371 0.0
0.03603154420852661 0.40438205003738403 0.0
0.8648094534873962 0.11574217677116394 0.0
0.8600754141807556 0.11975842714309692 0.0
0.048576176166534424 0.4007857143878937 0.0
0.06090492010116577 0.40117979049682617 0.0
0.8531952500343323 0.12340184301137924 0.0
0.8408053517341614 0.12564705312252045 0.0
0.08884769678115845 0.4015541672706604 0.0
0.08383840322494507 0.4073190689086914 0.0
0.8307681083679199 0.1292661428451538 0.0
0.8262771964073181 0.13208046555519104 0.0
0.11126857995986938 0.4011237919330597 0.0
0.8170678019523621 0.1368562877178192 0.0
0.12450093030929565 0.4000036120414734 0.0
0.8096624612808228 0.13986223936080933 0.0
0.13776832818984985 0.3955857753753662 0.0
0.15201354026794434 0.39341503381729126 0.0
0.16381895542144775 0.39050355553627014 0.0
0.15756231546401978 0.37522807717323303 0.0
0.16633105278015137 0.377736896276474 0.0
0.1734721064567566 0.38392382860183716 0.0
0.17520034313201904 0.3873823285102844 0.0
0.7843114733695984 0.1483185887336731 0.0
0.16342687606811523 0.37608906626701355 0.0
0.1634669303894043 0.3760935962200165 0.0
0.16334986686706543 0.37608036398887634 0.0
0.16369104385375977 0.3762100040912628 0.0
0.1729070544242859 0.3811730146408081 0.0
0.16358250379562378 0.3761066496372223 0.0
0.16404634714126587 0.37615904211997986 0.0
0.1747952103614807 0.37876981496810913 0.0
0.1850123405456543 0.3840038478374481 0.0
0.19001638889312744 0.38735178112983704 0.0
0.785060465335846 0.15310057997703552 0.0
0.7794812917709351 0.151114359498024 0.0
0.17872190475463867 0.3800659775733948 0.0
0.18332934379577637 0.3811616599559784 0.0
0.7758121490478516 0.15388640761375427 0.0
0.1838700771331787 0.3787370026111603 0.0
0.19347262382507324 0.3807648718357086 0.0
0.19489741325378418 0.3830989599227905 0.0
0.20426928997039795 0.3834368586540222 0.0
0.1934422254562378 0.3779261112213135 0.0
0.2023078203201294 0.37989524006843567 0.0
0.20037388801574707 0.3778536021709442 0.0
0.20205050706863403 0.3750535547733307 0.0
0.21715253591537476 0.3802664577960968 0.0
0.2432745099067688 0.3748491108417511 0.0
0.24393892288208008 0.37971559166908264 0.0
0.23460018634796143 0.37778744101524353 0.0
0.7646987438201904 0.16311833262443542 0.0
0.2659226059913635 0.37623971700668335 0.0
0.2751964330673218 0.3748721182346344 0.0
0.20285582542419434 0.3725299835205078 0.0
0.29530245065689087 0.3718127906322479 0.0
0.7557511925697327 0.16678738594055176 0.0
0.7541230916976929 0.16974639892578125 0.0
0.31693780422210693 0.36667394638061523 0.0
0.3251667022705078 0.36571019887924194 0.0
0.7508554458618164 0.17485982179641724 0.0
0.20418781042099 0.37076860666275024 0.0
0.2039065957069397 0.3708963990211487 0.0
0.3500226140022278 0.35866302251815796 0.0
0.3593664765357971 0.3596455156803131 0.0
0.7025060057640076 0.24268732964992523 0.0
0.6919139623641968 0.24056392908096313 0.0
0.699067234992981 0.23586316406726837 0.0
0.7441251277923584 0.17776188254356384 0.0
0.6736165285110474 0.25528737902641296 0.0
0.6813209652900696 0.2524670362472534 0.0
0.6870217323303223 0.24426668882369995 0.0
0.7019335627555847 0.23024146258831024 0.0
0.7088298797607422 0.22709107398986816 0.0
0.7160665392875671 0.22404037415981293 0.0
0.7186643481254578 0.21830818057060242 0.0
0.7186840176582336 0.21106527745723724 0.0
0.38699769973754883 0.35205817222595215 0.0
0.6526535749435425 0.26877814531326294 0.0
0.7206860780715942 0.20475518703460693 0.0
0.7383310198783875 0.1793660968542099 0.0
0.6310092210769653 0.27963346242904663 0.0
0.7372503876686096 0.18447335064411163 0.0
0.41188323497772217 0.34496739506721497 0.0
0.41838008165359497 0.34305229783058167 0.0
0.6124014854431152 0.2862282395362854 0.0
0.6193696856498718 0.282221257686615 0.0
0.4429587721824646 0.3376215398311615 0.0
0.45217615365982056 0.33468058705329895 0.0
0.5597199201583862 0.3032737374305725 0.0
0.5761862993240356 0.2983649969100952 0.0
0.5906894207000732 0.29459694027900696 0.0
0.597023606300354 0.29259151220321655 0.0
0.45417851209640503 0.3390572667121887 0.0
0.4596737027168274 0.3349623680114746 0.0
0.4682193994522095 0.33172470331192017 0.0
0.48362892866134644 0.3258044719696045 0.0
0.49353843927383423 0.3251900374889374 0.0
0.5050504803657532 0.32034385204315186 0.0
0.5166199803352356 0.31683826446533203 0.0
0.5288103818893433 0.3128538727760315 0.0
0.5476040840148926 0.3123202621936798 0.0
0.5505199432373047 0.30700087547302246 0.0
0.5706115365028381 0.3021136224269867 0.0
0.2563907504081726 0.7025530338287354 0.0
0.2741881012916565 0.7032626271247864 0.0
0.2977622151374817 0.7127044200897217 0.0
0.3057680130004883 0.7192057371139526 0.0
0.2412937879562378 0.6912031769752502 0.0
0.24952012300491333 0.6967098116874695 0.0
0.3306193947792053 0.7307421565055847 0.0
0.22178864479064941 0.6820504665374756 0.0
0.2318875789642334 0.6859443783760071 0.0
0.344261109828949 0.7360767126083374 0.0
0.2031763792037964 0.6757375001907349 0.0
0.21210193634033203 0.6789268851280212 0.0
0.34679919481277466 0.741814374923706 0.0
0.36088401079177856 0.7397064566612244 0.0
0.19974440336227417 0.6655412316322327 0.0
0.1842108964920044 0.6590256690979004 0.0
0.384968101978302 0.7476736903190613 0.0
0.14190828800201416 0.6422350406646729 0.0
0.1328420639038086 0.6387063264846802 0.0
0.1502629518508911 0.6474295854568481 0.0
0.1550249457359314 0.6528761982917786 0.0
0.1636245846748352 0.6549661159515381 0.0
0.39042067527770996 0.7538828253746033 0.0
0.11453437805175781 0.6320854425430298 0.0
0.12388670444488525 0.6352474689483643 0.0
0.4071674942970276 0.7544443011283875 0.0
0.816352367401123 0.8724859952926636 0.0
0.8560194969177246 0.8793259263038635 0.0
0.8787006735801697 0.8869324326515198 0.0
0.9030177593231201 0.8879175782203674 0.0
0.7622455954551697 0.8559909462928772 0.0
0.7899376749992371 0.8612493276596069 0.0
0.8921816945075989 0.8801366090774536 0.0
0.933276355266571 0.8834713101387024 0.0
0.9636304974555969 0.8965070843696594 0.0
0.6552106142044067 0.8244889378547668 0.0
0.6798023581504822 0.8307178616523743 0.0
1.0 0.8989061713218689 0.0
0.08123219013214111 0.6172711849212646 0.0
0.09319788217544556 0.6183050870895386 0.0
0.10373467206954956 0.6225196719169617 0.0
0.4498435854911804 0.7688937783241272 0.0
0.6191211342811584 0.8155447244644165 0.0
0.6285370588302612 0.8237456679344177 0.0
0.9891921281814575 0.10593600571155548 0.0
0.47584933042526245 0.7773939371109009 0.0
0.48407524824142456 0.7814912796020508 0.0
0.5028973817825317 0.7847661375999451 0.0
0.5433569550514221 0.7938814163208008 0.0
0.5450757741928101 0.8009907007217407 0.0
0.5628630518913269 0.800500214099884 0.0
0.9808737635612488 0.09983712434768677 0.0
0.07029753923416138 0.6142255663871765 0.0
0.9729291200637817 0.0997762680053711 0.0
0.9623281359672546 0.10097254812717438 0.0
0.9525178670883179 0.09716904163360596 0.0
0.9439961910247803 0.09862473607063293 0.0
0.053197383880615234 0.6061816811561584 0.0
0.9339808225631714 0.10095037519931793 0.0
0.04184180498123169 0.6060221195220947 0.0
0.03179526329040527 0.6001988649368286 0.0
0.9258206486701965 0.1051313579082489 0.0
0.9162561297416687 0.1045130044221878 0.0
0.0 0.5919748544692993 0.0
0.9012659788131714 0.10844037681818008 0.0
0.8924421668052673 0.11085892468690872 0.0
0.8853592276573181 0.11715393513441086 0.0
0.8760886788368225 0.11394748836755753 0.0
0.02778947353363037 0.41218140721321106 0.0
0.8710771799087524 0.11805505305528641 0.0
0.8669490814208984 0.12109415978193283 0.0
0.051706016063690186 0.40687206387519836 0.0
0.06734943389892578 0.40783026814460754 0.0
0.8487890958786011 0.1280834674835205 0.0
0.837576150894165 0.1314070075750351 0.0
0.10063987970352173 0.40541911125183105 0.0
0.11699128150939941 0.40591731667518616 0.0
0.8227138519287109 0.13571380078792572 0.0
0.1295420527458191 0.4058099687099457 0.0
0.1372668743133545 0.402261346578598 0.0
0.1513558030128479 0.40063804388046265 0.0
0.8091448545455933 0.14744940400123596 0.0
0.8024048209190369 0.14372390508651733 0.0
0.7966766953468323 0.14717890322208405 0.0
0.16439813375473022 0.39589086174964905 0.0
0.17796486616134644 0.39235663414001465 0.0
0.7916243672370911 0.15169018507003784 0.0
0.1916930079460144 0.3919774293899536 0.0
0.16781115531921387 0.3764830231666565 0.0
0.16971415281295776 0.3768945038318634 0.0
0.7812497615814209 0.15599411725997925 0.0
0.16404634714126587 0.37615904211997986 0.0
0.16404634714126587 0.37615904211997986 0.0
0.2038363218307495 0.38920214772224426 0.0
0.17490851879119873 0.37673017382621765 0.0
0.17578589916229248 0.37724000215530396 0.0
0.2124161720275879 0.38525688648223877 0.0
0.2178105115890503 0.38864442706108093 0.0
0.7759918570518494 0.15811479091644287 0.0
0.1822839379310608 0.3772945702075958 0.0
0.22178590297698975 0.3842599093914032 0.0
0.22839373350143433 0.3870053291320801 0.0
0.7708379626274109 0.1604558378458023 0.0
0.18986570835113525 0.37662214040756226 0.0
0.23243176937103271 0.3828268349170685 0.0
0.7730986475944519 0.1659475713968277 0.0
0.19346654415130615 0.3749168813228607 0.0
0.1970353126525879 0.3750099241733551 0.0
0.256836473941803 0.38090163469314575 0.0
0.7619962096214294 0.16859649121761322 0.0
0.1982017159461975 0.37361958622932434 0.0
0.2724819779396057 0.3805215060710907 0.0
0.2846316695213318 0.3763411045074463 0.0
0.19600921869277954 0.3738042712211609 0.0
0.20076847076416016 0.37232014536857605 0.0
0.7599653601646423 0.1741514503955841 0.0
0.1984933614730835 0.3729405105113983 0.0
0.3143901824951172 0.3723999857902527 0.0
0.30615782737731934 0.3733198642730713 0.0
0.3252391815185547 0.371769517660141 0.0
0.3349893093109131 0.36729663610458374 0.0
0.35089874267578125 0.3642863929271698 0.0
0.34290504455566406 0.36582648754119873 0.0
0.6962651610374451 0.24676327407360077 0.0
0.7081388831138611 0.2392655462026596 0.0
0.7106536030769348 0.2340211272239685 0.0
0.6759876608848572 0.2615681290626526 0.0
0.6678520441055298 0.2637679874897003 0.0
0.68402498960495 0.2592220902442932 0.0
0.6891236305236816 0.2498602420091629 0.0
0.7271499037742615 0.2159692943096161 0.0
0.7280250787734985 0.21006666123867035 0.0
0.729606032371521 0.2043289989233017 0.0
0.38038796186447144 0.35749512910842896 0.0
0.3707042932510376 0.361420601606369 0.0
0.6567580103874207 0.27622681856155396 0.0
0.6640344858169556 0.2690410017967224 0.0
0.7314055562019348 0.2006036341190338 0.0
0.7348439693450928 0.19676697254180908 0.0
0.736712634563446 0.19049300253391266 0.0
0.7447690367698669 0.18952013552188873 0.0
0.7447134852409363 0.18334124982357025 0.0
0.39798158407211304 0.35301506519317627 0.0
0.6423052549362183 0.27748018503189087 0.0
0.6426512002944946 0.28390026092529297 0.0
0.4178427457809448 0.3476599454879761 0.0
0.6239287853240967 0.2896784245967865 0.0
0.6311651468276978 0.28522637486457825 0.0
0.43005621433258057 0.34597331285476685 0.0
0.4385603070259094 0.3424990177154541 0.0
0.5875439047813416 0.2992083728313446 0.0
0.5994453430175781 0.2979956865310669 0.0
0.6069961786270142 0.2938937544822693 0.0
0.6124506592750549 0.2904514968395233 0.0
0.44338762760162354 0.34624844789505005 0.0
0.44720035791397095 0.34223413467407227 0.0
0.47956109046936035 0.33061683177948 0.0
0.5036811232566833 0.32449105381965637 0.0
0.5131505131721497 0.3199649751186371 0.0
0.5269518494606018 0.31711292266845703 0.0
0.5395363569259644 0.31669139862060547 0.0
0.5572887063026428 0.3116180896759033 0.0
0.561500072479248 0.3085707128047943 0.0
0.5802882313728333 0.3035230338573456 0.0
0.4906865358352661 0.33049508929252625 0.0
0.50199955701828 0.32905861735343933 0.0
0.513400673866272 0.32376495003700256 0.0
0.5231457948684692 0.32203492522239685 0.0
0.2921215295791626 0.7061495184898376 0.0
0.2568461298942566 0.6902790665626526 0.0
0.2646638751029968 0.6968496441841125 0.0
0.32321304082870483 0.7189774513244629 0.0
0.33458083868026733 0.722934365272522 0.0
0.34983736276626587 0.7265744805335999 0.0
0.23578214645385742 0.6772341132164001 0.0
0.2164607048034668 0.6713366508483887 0.0
0.2234160304069519 0.6757007241249084 0.0
0.359527051448822 0.732403576374054 0.0
0.2056552767753601 0.6699334383010864 0.0
0.3856779932975769 0.7387102842330933 0.0
0.1753675937652588 0.6513965725898743 0.0
0.18584579229354858 0.6539472341537476 0.0
0.18989384174346924 0.6623964905738831 0.0
0.13673382997512817 0.6327519416809082 0.0
0.14568781852722168 0.636089026927948 0.0
0.4011995792388916 0.7458667755126953 0.0
0.12696373462677002 0.6296149492263794 0.0
0.11659866571426392 0.62647944688797 0.0
0.8213383555412292 0.8613771796226501 0.0
0.847856342792511 0.8664886951446533 0.0
0.8794740438461304 0.8703612089157104 0.0
0.42605602741241455 0.7541692852973938 0.0
0.4280087351799011 0.7603899836540222 0.0
0.4449383020401001 0.7589749693870544 0.0
0.7013764381408691 0.8357315063476562 0.0
0.727928638458252 0.8358117938041687 0.0
0.750421941280365 0.8458800315856934 0.0
0.7790346741676331 0.8509353995323181 0.0
0.8106215596199036 0.8502395153045654 0.0
0.9080753922462463 0.8733446598052979 0.0
0.9737985134124756 0.8884984254837036 0.0
0.0909116268157959 0.6133677959442139 0.0
0.10188162326812744 0.6157668828964233 0.0
0.5987852215766907 0.8095922470092773 0.0
0.5846930146217346 0.8033875226974487 0.0
0.642023503780365 0.816733717918396 0.0
1.0 0.8859949707984924 0.0
0.08007144927978516 0.6113865971565247 0.0
0.4660206437110901 0.7630696296691895 0.0
0.4745914340019226 0.7704834342002869 0.0
0.4952334761619568 0.7749717235565186 0.0
0.5298428535461426 0.784907877445221 0.0
0.07085472345352173 0.6097297072410583 0.0
0.979799747467041 0.10858262330293655 0.0
0.9710022211074829 0.10874955356121063 0.0
0.06572002172470093 0.6055910587310791 0.0
0.9635480642318726 0.1155424639582634 0.0
0.9518919587135315 0.10771597921848297 0.0
0.9418045282363892 0.10651670396327972 0.0
0.04689836502075195 0.6016658544540405 0.0
0.9337183237075806 0.11055715382099152 0.0
0.04751551151275635 0.5944438576698303 0.0
0.9223442077636719 0.11383271217346191 0.0
0.03303343057632446 0.5902749300003052 0.0
0.019085586071014404 0.5922713875770569 0.0
0.9103928804397583 0.11101793497800827 0.0
0.9035425186157227 0.11600316315889359 0.0
0.896747887134552 0.12209658324718475 0.0
0.012769043445587158 0.4136837124824524 0.0
0.8786935210227966 0.12150044739246368 0.0
0.8728192448616028 0.12482275068759918 0.0
0.041878581047058105 0.4116145074367523 0.0
0.8672146201133728 0.12707501649856567 0.0
0.8612349629402161 0.12902510166168213 0.0
0.055842816829681396 0.4139331579208374 0.0
0.8559308052062988 0.1315193623304367 0.0
0.07581520080566406 0.4149087965488434 0.0
0.8461511135101318 0.13445664942264557 0.0
0.8333603143692017 0.13543547689914703 0.0
0.09295213222503662 0.41176193952560425 0.0
0.8285848498344421 0.13860780000686646 0.0
0.10796427726745605 0.4119599759578705 0.0
0.8231788873672485 0.14096267521381378 0.0
0.12445920705795288 0.4115859568119049 0.0
0.1425798535346985 0.40968745946884155 0.0
0.8175539374351501 0.14218571782112122 0.0
0.8155819177627563 0.14648324251174927 0.0
0.15861302614212036 0.4069226086139679 0.0
0.8037137985229492 0.1499633640050888 0.0
0.1669507622718811 0.40188050270080566 0.0
0.17527425289154053 0.3976796269416809 0.0
0.18807274103164673 0.3970566391944885 0.0
0.20105606317520142 0.39478039741516113 0.0
0.7893991470336914 0.15825329720973969 0.0
0.21425223350524902 0.39339351654052734 0.0
0.7822567224502563 0.1609598845243454 0.0
0.17417162656784058 0.3766587972640991 0.0
0.1755995750427246 0.3766111135482788 0.0
0.17568188905715942 0.37660837173461914 0.0
0.18070554733276367 0.37653300166130066 0.0
0.7767232656478882 0.16244472563266754 0.0
0.18736743927001953 0.3760082721710205 0.0
0.24237334728240967 0.3861332833766937 0.0
0.18586605787277222 0.37582921981811523 0.0
0.19092535972595215 0.3749799132347107 0.0
0.7705858945846558 0.17042046785354614 0.0
0.7667499780654907 0.17343416810035706 0.0
0.29342448711395264 0.37786027789115906 0.0
0.2853766679763794 0.3816365897655487 0.0
0.7670354843139648 0.17813675105571747 0.0
0.30211544036865234 0.37736737728118896 0.0
0.7593075037002563 0.17991548776626587 0.0
0.3114422559738159 0.3773612976074219 0.0
0.1934523582458496 0.374336302280426 0.0
0.7516223788261414 0.18161624670028687 0.0
0.3468257188796997 0.37034931778907776 0.0
0.3624771237373352 0.36535829305648804 0.0
0.7076936364173889 0.24895216524600983 0.0
0.700673520565033 0.2534938454627991 0.0
0.7132891416549683 0.24399714171886444 0.0
0.715741753578186 0.2393144965171814 0.0
0.7217912077903748 0.23613876104354858 0.0
0.7188674211502075 0.22983337938785553 0.0
0.7272751331329346 0.22563104331493378 0.0
0.7515796422958374 0.187588632106781 0.0
0.685023307800293 0.26485729217529297 0.0
0.6780476570129395 0.2686687409877777 0.0
0.6925888657569885 0.2569519579410553 0.0
0.7269631624221802 0.22019889950752258 0.0
0.7366416454315186 0.21552738547325134 0.0
0.7373830676078796 0.20945921540260315 0.0
0.7381491661071777 0.2032470405101776 0.0
0.7435140013694763 0.19916193187236786 0.0
0.7418782114982605 0.19427300989627838 0.0
0.7494922876358032 0.19539648294448853 0.0
0.7510354518890381 0.1914815753698349 0.0
0.39245837926864624 0.3578428030014038 0.0
0.38789987564086914 0.3621037006378174 0.0
0.4082505702972412 0.3549386262893677 0.0
0.4018562436103821 0.3582060933113098 0.0
0.416446328163147 0.35243844985961914 0.0
0.6397595405578613 0.2905498445034027 0.0
0.42661410570144653 0.3512120842933655 0.0
0.6192314028739929 0.2953057289123535 0.0
0.43813544511795044 0.35068488121032715 0.0
0.46540993452072144 0.33930519223213196 0.0
0.47647225856781006 0.3361789286136627 0.0
0.571875810623169 0.3076154589653015 0.0
0.5892027616500854 0.3042920231819153 0.0
0.5956048965454102 0.30244749784469604 0.0
0.6052747368812561 0.3041650354862213 0.0
0.6142758131027222 0.30033573508262634 0.0
0.48462343215942383 0.3342743515968323 0.0
0.5121233463287354 0.32804617285728455 0.0
0.5337648391723633 0.3213721513748169 0.0
0.5493141412734985 0.31660765409469604 0.0
0.5591624975204468 0.31707078218460083 0.0
0.567007303237915 0.3128059506416321 0.0
0.27863776683807373 0.6966471076011658 0.0
0.2908076047897339 0.69936203956604 0.0
0.3074474334716797 0.7072590589523315 0.0
0.31904077529907227 0.7119454741477966 0.0
0.26571208238601685 0.6823251247406006 0.0
0.27321916818618774 0.6906563639640808 0.0
0.33935439586639404 0.7152200937271118 0.0
0.24736928939819336 0.68353670835495 0.0
0.3688892722129822 0.7262460589408875 0.0
0.2305702567100525 0.6701146364212036 0.0
0.22526073455810547 0.6653863191604614 0.0
0.37258589267730713 0.7330362200737 0.0
0.20039445161819458 0.6598914861679077 0.0
0.2106592059135437 0.6597990989685059 0.0
0.21394145488739014 0.6650140285491943 0.0
0.1650170087814331 0.6426657438278198 0.0
0.17612707614898682 0.6451252698898315 0.0
0.1644303798675537 0.648989200592041 0.0
0.18796169757843018 0.6474804878234863 0.0
0.19446033239364624 0.6568402647972107 0.0
0.13969063758850098 0.6269256472587585 0.0
0.12941306829452515 0.6234945058822632 0.0
0.15470761060714722 0.6395785808563232 0.0
0.11828839778900146 0.6213847398757935 0.0
0.4165812134742737 0.7480977773666382 0.0
0.11152225732803345 0.6179206371307373 0.0
0.7084562182426453 0.8259089589118958 0.0
0.8436319231987 0.8550679087638855 0.0
0.8728946447372437 0.8594017624855042 0.0
0.9034500122070312 0.8635316491127014 0.0
0.10020893812179565 0.6095051765441895 0.0
0.08876115083694458 0.6077951192855835 0.0
0.6670752167701721 0.8121343851089478 0.0
0.6821900010108948 0.8212413191795349 0.0
0.7547773122787476 0.8353320956230164 0.0
0.7829602956771851 0.8400436043739319 0.0
0.9352356195449829 0.8696467876434326 0.0
0.9689518213272095 0.8775274753570557 0.0
0.49557220935821533 0.7668826580047607 0.0
0.552560567855835 0.784346342086792 0.0
0.5413722991943359 0.7782118916511536 0.0
0.5672455430030823 0.7908250093460083 0.0
0.5850686430931091 0.7955535054206848 0.0
0.6064634919166565 0.7997058629989624 0.0
0.6193080544471741 0.8064571619033813 0.0
0.6395427584648132 0.8082627058029175 0.0
1.0 0.8747518062591553 0.0
0.07784152030944824 0.6059547662734985 0.0
0.5217347145080566 0.7754819989204407 0.0
0.9892463088035583 0.11838853359222412 0.0
0.9762982726097107 0.11976741254329681 0.0
0.0731777548789978 0.5992810130119324 0.0
0.05846589803695679 0.6003571152687073 0.0
0.9533333778381348 0.12072799354791641 0.0
0.9433599710464478 0.11579891294240952 0.0
0.9333245158195496 0.12185977399349213 0.0
0.922855019569397 0.12428665161132812 0.0
0.9135123491287231 0.11951574683189392 0.0
0.022410690784454346 0.584828794002533 0.0
0.011101186275482178 0.5862268805503845 0.0
0.0 0.5828223824501038 0.0
0.9069474339485168 0.12341628968715668 0.0
0.8872665762901306 0.12567342817783356 0.0
0.011668086051940918 0.42139995098114014 0.0
0.022488772869110107 0.41839638352394104 0.0
0.879977285861969 0.1288033127784729 0.0
0.03870493173599243 0.4200221300125122 0.0
0.05984628200531006 0.42118436098098755 0.0
0.8525316715240479 0.13463380932807922 0.0
0.8409706354141235 0.13934166729450226 0.0
0.09400564432144165 0.4191591143608093 0.0
0.0757705569267273 0.42232805490493774 0.0
0.8346303701400757 0.1411074995994568 0.0
0.1144757866859436 0.4185933768749237 0.0
0.8301997780799866 0.1452491134405136 0.0
0.8224038481712341 0.1464037299156189 0.0
0.1590903401374817 0.4141065180301666 0.0
0.8149521350860596 0.15157876908779144 0.0
0.8096147179603577 0.15243403613567352 0.0
0.1728764772415161 0.4087207019329071 0.0
0.7992075681686401 0.15248972177505493 0.0
0.1802961230278015 0.40231382846832275 0.0
0.7985609173774719 0.15741229057312012 0.0
0.19964474439620972 0.3992058038711548 0.0
0.789135217666626 0.16451460123062134 0.0
0.22971993684768677 0.3916047215461731 0.0
0.7814280986785889 0.1658332347869873 0.0
0.1770174503326416 0.37656378746032715 0.0
0.17781281471252441 0.3765144646167755 0.0
0.24563884735107422 0.3916811943054199 0.0
0.7795838713645935 0.1710130125284195 0.0
0.1786063313484192 0.3764652609825134 0.0
0.18161779642105103 0.37627851963043213 0.0
0.2602602243423462 0.38696402311325073 0.0
0.7745797634124756 0.17565080523490906 0.0
0.18564057350158691 0.3757946193218231 0.0
0.18564057350158691 0.3757946193218231 0.0
0.2753625512123108 0.38543400168418884 0.0
0.18564057350158691 0.3757946193218231 0.0
0.1883023977279663 0.37539151310920715 0.0
0.1883831024169922 0.3753759562969208 0.0
0.7747341394424438 0.18126897513866425 0.0
0.1883023977279663 0.37539151310920715 0.0
0.2965770363807678 0.38203951716423035 0.0
0.3071613907814026 0.3817402124404907 0.0
0.1883023977279663 0.37539151310920715 0.0
0.190649151802063 0.37493979930877686 0.0
0.768010139465332 0.1846393495798111 0.0
0.7591544985771179 0.18634484708309174 0.0
0.19065028429031372 0.37493956089019775 0.0
0.19065141677856445 0.37493932247161865 0.0
0.190651535987854 0.37493929266929626 0.0
0.1906524896621704 0.37493908405303955 0.0
0.320698082447052 0.37725433707237244 0.0
0.19205111265182495 0.3746379613876343 0.0
0.3372042179107666 0.37440893054008484 0.0
0.32963693141937256 0.37749820947647095 0.0
0.724814772605896 0.24301858246326447 0.0
0.7211683392524719 0.2503831386566162 0.0
0.7578900456428528 0.19341960549354553 0.0
0.3564128279685974 0.36882680654525757 0.0
0.36474961042404175 0.36991915106773376 0.0
0.7059957385063171 0.26199954748153687 0.0
0.7130841016769409 0.2558670938014984 0.0
0.7278275489807129 0.23247645795345306 0.0
0.37399768829345703 0.3675181567668915 0.0
0.6914132237434387 0.27044036984443665 0.0
0.6941999793052673 0.26428860425949097 0.0
0.7351170182228088 0.22180083394050598 0.0
0.7464189529418945 0.208607017993927 0.0
0.7463607788085938 0.20380443334579468 0.0
0.3800727128982544 0.36326152086257935 0.0
0.6734520792961121 0.2754020690917969 0.0
0.6715089678764343 0.2822641432285309 0.0
0.6575438976287842 0.2855827510356903 0.0
0.6484994888305664 0.2883438169956207 0.0
0.41706109046936035 0.35700300335884094 0.0
0.42534762620925903 0.3557116389274597 0.0
0.4338591694831848 0.35430991649627686 0.0
0.6339738368988037 0.29750365018844604 0.0
0.45018064975738525 0.35014137625694275 0.0
0.45553988218307495 0.3447515368461609 0.0
0.5854713320732117 0.3093262016773224 0.0
0.5969527363777161 0.3073972761631012 0.0
0.46674829721450806 0.34586429595947266 0.0
0.4756065011024475 0.342307984828949 0.0
0.4857748746871948 0.33944153785705566 0.0
0.4917449355125427 0.3354559540748596 0.0
0.5008113384246826 0.33415162563323975 0.0
0.5112940669059753 0.33257344365119934 0.0
0.5221493244171143 0.32742705941200256 0.0
0.5438684821128845 0.3234966993331909 0.0
0.5510870218276978 0.32031840085983276 0.0
0.577005922794342 0.3129112422466278 0.0
0.4982061982154846 0.3399273157119751 0.0
0.5193256139755249 0.33107060194015503 0.0
0.5347259640693665 0.3272419273853302 0.0
0.290427565574646 0.6917275786399841 0.0
0.3031362295150757 0.695308268070221 0.0
0.3058295249938965 0.7014327645301819 0.0
0.3468058109283447 0.7204541563987732 0.0
0.361203670501709 0.7171047925949097 0.0
0.25337082147598267 0.6747407913208008 0.0
0.24012577533721924 0.6624876260757446 0.0
0.2424917221069336 0.6700055003166199 0.0
0.38745516538619995 0.7275211215019226 0.0
0.22506576776504517 0.6589927673339844 0.0
0.21761155128479004 0.6546834111213684 0.0
0.17595505714416504 0.6397636532783508 0.0
0.16801154613494873 0.6357336640357971 0.0
0.187458336353302 0.6408584117889404 0.0
0.19909894466400146 0.6507712602615356 0.0
0.20649057626724243 0.6550520658493042 0.0
0.14262187480926514 0.6213816404342651 0.0
0.15060442686080933 0.6297131776809692 0.0
0.1568080186843872 0.6339548826217651 0.0
0.40520888566970825 0.7377630472183228 0.0
0.12609153985977173 0.6199494004249573 0.0
0.1217501163482666 0.6166269779205322 0.0
0.41792982816696167 0.7409997582435608 0.0
0.11193394660949707 0.6125056147575378 0.0
0.4305347800254822 0.7455750703811646 0.0
0.4410540461540222 0.7505243420600891 0.0
0.4579235315322876 0.7503750920295715 0.0
0.09586536884307861 0.6046647429466248 0.0
0.46444839239120483 0.7568917274475098 0.0
0.47905081510543823 0.7583496570587158 0.0
0.700563371181488 0.8143314719200134 0.0
0.7260101437568665 0.8185144662857056 0.0
0.7402814030647278 0.8268314599990845 0.0
0.8133478760719299 0.8387779593467712 0.0
0.8428741693496704 0.8422344923019409 0.0
0.8668829202651978 0.8496481776237488 0.0
0.9293347001075745 0.8577203154563904 0.0
0.08758413791656494 0.6013000011444092 0.0
0.4825626611709595 0.7638819813728333 0.0
0.5598283410072327 0.7763592004776001 0.0
0.5742893815040588 0.7827664613723755 0.0
0.5857231020927429 0.7883486151695251 0.0
0.6031106114387512 0.790733814239502 0.0
0.6313304305076599 0.7994414567947388 0.0
0.9689202904701233 0.8627091646194458 0.0
0.5106664299964905 0.769188642501831 0.0
1.0 0.8664834499359131 0.0
0.9936803579330444 0.1265651136636734 0.0
0.9869517087936401 0.1296090930700302 0.0
0.9683791995048523 0.12611734867095947 0.0
0.06268876791000366 0.5937690138816833 0.0
0.961092472076416 0.1261230707168579 0.0
0.9445315599441528 0.128501757979393 0.0
0.9295044541358948 0.1296299397945404 0.0
0.012647271156311035 0.579624593257904 0.0
0.9148017168045044 0.12793712317943573 0.0
0.8951852321624756 0.13008148968219757 0.0
0.8740432262420654 0.13150611519813538 0.0
0.023167967796325684 0.4240952730178833 0.0
0.8692620396614075 0.13536764681339264 0.0
0.03115677833557129 0.43091294169425964 0.0
0.8625075221061707 0.13659147918224335 0.0
0.8575173616409302 0.13748955726623535 0.0
0.04867362976074219 0.42711523175239563 0.0
0.06456482410430908 0.4283671975135803 0.0
0.8539519309997559 0.14171931147575378 0.0
0.8473077416419983 0.14035961031913757 0.0
0.08370524644851685 0.42827072739601135 0.0
0.8388161659240723 0.14588558673858643 0.0
0.13127797842025757 0.41830548644065857 0.0
0.8275436758995056 0.15184015035629272 0.0
0.8202849626541138 0.1505025327205658 0.0
0.1463937759399414 0.4194883704185486 0.0
0.8145853281021118 0.15622898936271667 0.0
0.8065237402915955 0.15604069828987122 0.0
0.18591034412384033 0.40693384408950806 0.0
0.1928170919418335 0.402783066034317 0.0
0.21100246906280518 0.39862480759620667 0.0
0.205704927444458 0.40379977226257324 0.0
0.7988119721412659 0.1640658676624298 0.0
0.7953352928161621 0.1686030477285385 0.0
0.2247278094291687 0.39726361632347107 0.0
0.23665273189544678 0.3955341875553131 0.0
0.7880174517631531 0.16955474019050598 0.0
0.2480056881904602 0.39643359184265137 0.0
0.25739866495132446 0.3924165666103363 0.0
0.27043020725250244 0.39033928513526917 0.0
0.7825815081596375 0.1756604164838791 0.0
0.2865908145904541 0.38729146122932434 0.0
0.7818228006362915 0.1796431988477707 0.0
0.301857590675354 0.3864884078502655 0.0
0.31684941053390503 0.38175874948501587 0.0
0.31215399503707886 0.38543587923049927 0.0
0.3270401954650879 0.3819076120853424 0.0
0.33921873569488525 0.38109704852104187 0.0
0.7326165437698364 0.2489575892686844 0.0
0.7323525547981262 0.23840554058551788 0.0
0.7383182048797607 0.23291712999343872 0.0
0.3589211702346802 0.3734286427497864 0.0
0.3496491312980652 0.377155065536499 0.0
0.7459425330162048 0.2213476002216339 0.0
0.7459995150566101 0.22821909189224243 0.0
0.7558078765869141 0.19850566983222961 0.0
0.7512094378471375 0.2011440545320511 0.0
0.6978963017463684 0.2766002416610718 0.0
0.686814546585083 0.27586591243743896 0.0
0.7477886080741882 0.21527865529060364 0.0
0.7538565397262573 0.20652592182159424 0.0
0.7569562196731567 0.21308276057243347 0.0
0.3866003751754761 0.36747264862060547 0.0
0.6828073859214783 0.28070783615112305 0.0
0.39906370639801025 0.3642257750034332 0.0
0.4116728901863098 0.36106356978416443 0.0
0.4251406788825989 0.36094459891319275 0.0
0.6546724438667297 0.29350534081459045 0.0
0.43505406379699707 0.3582473695278168 0.0
0.44536298513412476 0.35529616475105286 0.0
0.6160227656364441 0.30620744824409485 0.0
0.6294011473655701 0.30538812279701233 0.0
0.4598269462585449 0.3492369055747986 0.0
0.45796144008636475 0.35353177785873413 0.0
0.57416170835495 0.31834906339645386 0.0
0.5858125686645508 0.3159845769405365 0.0
0.5965865850448608 0.3135259449481964 0.0
0.6099177002906799 0.3112652003765106 0.0
0.4754863977432251 0.34800490736961365 0.0
0.48377251625061035 0.3454475700855255 0.0
0.4915948510169983 0.3438398241996765 0.0
0.5118685364723206 0.3384401500225067 0.0
0.5213111042976379 0.33523550629615784 0.0
0.5287279486656189 0.33217328786849976 0.0
0.5484821200370789 0.3295031189918518 0.0
0.5550926327705383 0.3256063759326935 0.0
0.5596141815185547 0.32229021191596985 0.0
0.5671016573905945 0.32192668318748474 0.0
0.30861711502075195 0.6870081424713135 0.0
0.31939107179641724 0.6955304145812988 0.0
0.3205753564834595 0.7038203477859497 0.0
0.3353953957557678 0.7068840861320496 0.0
0.2833556532859802 0.6848139762878418 0.0
0.2793906331062317 0.6772168278694153 0.0
0.35138261318206787 0.7084208726882935 0.0
0.26709991693496704 0.6747726202011108 0.0
0.2629883289337158 0.6698197722434998 0.0
0.3818489909172058 0.7196803689002991 0.0
0.2534324526786804 0.666638195514679 0.0
0.1649773120880127 0.6291327476501465 0.0
0.15899664163589478 0.6252622008323669 0.0
0.1756824254989624 0.6308456659317017 0.0
0.1831476092338562 0.6347631216049194 0.0
0.20314264297485352 0.6427916288375854 0.0
0.21591717004776 0.6483312249183655 0.0
0.4031999111175537 0.7308022975921631 0.0
0.13446003198623657 0.6172574162483215 0.0
0.15090733766555786 0.6239344477653503 0.0
0.12162107229232788 0.6120154857635498 0.0
0.12835735082626343 0.6135963201522827 0.0
0.41863566637039185 0.733036994934082 0.0
0.4357297420501709 0.7369048595428467 0.0
0.10903984308242798 0.6075196862220764 0.0
0.11851274967193604 0.607166051864624 0.0
0.44611650705337524 0.743928074836731 0.0
0.1039922833442688 0.6042314171791077 0.0
0.09923440217971802 0.5999926328659058 0.0
0.4735375642776489 0.7529364824295044 0.0
0.4900168776512146 0.7521522045135498 0.0
0.7695033550262451 0.8280210494995117 0.0
0.7990679144859314 0.8297131061553955 0.0
0.8973724842071533 0.8511149287223816 0.0
0.49536532163619995 0.7599848508834839 0.0
0.5116590857505798 0.7627519369125366 0.0
0.5984285473823547 0.7822660803794861 0.0
0.6210922002792358 0.793043315410614 0.0
0.6429808139801025 0.78978031873703 0.0
0.6575464606285095 0.7999824285507202 0.0
0.6923043727874756 0.8014037609100342 0.0
0.7275869846343994 0.808478593826294 0.0
0.8276275396347046 0.8305323719978333 0.0
0.876966655254364 0.8403435945510864 0.0
0.5270712375640869 0.7665781378746033 0.0
0.5434198379516602 0.771070659160614 0.0
0.94609534740448 0.8516129851341248 0.0
1.0 0.855745255947113 0.0
0.08353006839752197 0.5958071351051331 0.0
0.9920487999916077 0.1387396901845932 0.0
0.07527101039886475 0.5910645723342896 0.0
0.9762022495269775 0.13245242834091187 0.0
0.06524723768234253 0.5893985033035278 0.0
0.965496838092804 0.13728486001491547 0.0
0.055529773235321045 0.5871818661689758 0.0
0.9549782276153564 0.1318342387676239 0.0
0.042965471744537354 0.5869938135147095 0.0
0.9360148906707764 0.13142630457878113 0.0
0.03348320722579956 0.5826056599617004 0.0
0.9232803583145142 0.13278034329414368 0.0
0.023946285247802734 0.5785797834396362 0.0
0.9056135416030884 0.1311863362789154 0.0
0.898352861404419 0.13759270310401917 0.0
0.0 0.5747556090354919 0.0
0.8876798748970032 0.1338617503643036 0.0
0.01304769515991211 0.42907896637916565 0.0
0.8799882531166077 0.13446493446826935 0.0
0.8761773109436035 0.13694949448108673 0.0
0.049605727195739746 0.43509259819984436 0.0
0.862298309803009 0.14257515966892242 0.0
0.847213089466095 0.14577606320381165 0.0
0.10402494668960571 0.4267794191837311 0.0
0.8351679444313049 0.15039010345935822 0.0
0.12076252698898315 0.42472630739212036 0.0
0.835112452507019 0.15563629567623138 0.0
0.8211399912834167 0.1549564152956009 0.0
0.16002845764160156 0.4232724905014038 0.0
0.1732836365699768 0.4169926941394806 0.0
0.1856895089149475 0.4128425717353821 0.0
0.8142270445823669 0.16102275252342224 0.0
0.8066784739494324 0.16190102696418762 0.0
0.19697046279907227 0.4087671935558319 0.0
0.2110968828201294 0.4104880094528198 0.0
0.22172832489013672 0.4041139781475067 0.0
0.23628878593444824 0.4003759026527405 0.0
0.7871778011322021 0.17367886006832123 0.0
0.2633979320526123 0.39655014872550964 0.0
0.7902323007583618 0.1784997582435608 0.0
0.2794952392578125 0.39355453848838806 0.0
0.29529446363449097 0.39195549488067627 0.0
0.32189059257507324 0.38637444376945496 0.0
0.766849935054779 0.19120973348617554 0.0
0.7735241651535034 0.1898440569639206 0.0
0.7771814465522766 0.1864580363035202 0.0
0.7283996939659119 0.2654317617416382 0.0
0.7180584073066711 0.2620687782764435 0.0
0.7249613404273987 0.2579675614833832 0.0
0.7312185764312744 0.2541227340698242 0.0
0.7356519103050232 0.24420221149921417 0.0
0.7446823120117188 0.242033913731575 0.0
0.7613930106163025 0.19921791553497314 0.0
0.758884847164154 0.2030285894870758 0.0
0.7673183083534241 0.19754499197006226 0.0
0.37296175956726074 0.37357571721076965 0.0
0.7180449962615967 0.26891404390335083 0.0
0.7052737474441528 0.271728515625 0.0
0.7539191842079163 0.2260461300611496 0.0
0.7643944025039673 0.20889541506767273 0.0
0.3803916573524475 0.37071430683135986 0.0
0.6963909864425659 0.283223420381546 0.0
0.6855810880661011 0.28704819083213806 0.0
0.3960387110710144 0.3700270652770996 0.0
0.6732704639434814 0.28944510221481323 0.0
0.41118454933166504 0.36700424551963806 0.0
0.4041195511817932 0.36964675784111023 0.0
0.42003482580184937 0.3651745319366455 0.0
0.43614816665649414 0.36238136887550354 0.0
0.6485763788223267 0.299537718296051 0.0
0.6625562906265259 0.30130407214164734 0.0
0.6727061867713928 0.29656270146369934 0.0
0.642028272151947 0.30343034863471985 0.0
0.46742576360702515 0.3511016368865967 0.0
0.5957901477813721 0.31967198848724365 0.0
0.6061742305755615 0.31777769327163696 0.0
0.6217039227485657 0.3099074065685272 0.0
0.46684396266937256 0.3559860587120056 0.0
0.47629302740097046 0.35347607731819153 0.0
0.48253297805786133 0.34999391436576843 0.0
0.4990438222885132 0.34548822045326233 0.0
0.5081924200057983 0.3442811667919159 0.0
0.5414953827857971 0.33434468507766724 0.0
0.5656685829162598 0.3263075649738312 0.0
0.5769627094268799 0.3253627419471741 0.0
0.5859246253967285 0.32194286584854126 0.0
0.5196166634559631 0.3440435230731964 0.0
0.523795485496521 0.3398808538913727 0.0
0.5318885445594788 0.3376464545726776 0.0
0.3345494866371155 0.692994236946106 0.0
0.33404970169067383 0.6994799375534058 0.0
0.3477495312690735 0.6948981881141663 0.0
0.3454101085662842 0.7022366523742676 0.0
0.29630959033966064 0.6795853972434998 0.0
0.3676832318305969 0.7070756554603577 0.0
0.27459716796875 0.6701608896255493 0.0
0.38135719299316406 0.7114591598510742 0.0
0.2557283639907837 0.6604704856872559 0.0
0.395843505859375 0.7200583219528198 0.0
0.2295548915863037 0.6513590812683105 0.0
0.23842251300811768 0.6550136208534241 0.0
0.4054335951805115 0.7228363156318665 0.0
0.1602466106414795 0.6205924153327942 0.0
0.16815024614334106 0.6230401992797852 0.0
0.17695289850234985 0.6257374882698059 0.0
0.19820493459701538 0.6351754665374756 0.0
0.14770185947418213 0.6162590384483337 0.0
0.1430065631866455 0.6131911873817444 0.0
0.15258020162582397 0.619384765625 0.0
0.41854286193847656 0.7252634763717651 0.0
0.1281888484954834 0.6093642115592957 0.0
0.13590508699417114 0.611672043800354 0.0
0.433408260345459 0.7279406785964966 0.0
0.11182278394699097 0.6038386821746826 0.0
0.4521216154098511 0.7382957339286804 0.0
0.45964372158050537 0.743209719657898 0.0
0.47484469413757324 0.7461934685707092 0.0
0.7513174414634705 0.8181449770927429 0.0
0.09406709671020508 0.5949113965034485 0.0
0.5102815628051758 0.7549505829811096 0.0
0.582352340221405 0.7750810384750366 0.0
0.5659739971160889 0.7676481008529663 0.0
0.6201580166816711 0.7858355045318604 0.0
0.6365063786506653 0.7800124883651733 0.0
0.7835032939910889 0.8178603053092957 0.0
0.8119102120399475 0.8221388459205627 0.0
0.8571008443832397 0.8303145170211792 0.0
0.9238648414611816 0.848227322101593 0.0
0.9077532887458801 0.8398652076721191 0.0
0.6732091903686523 0.7899627685546875 0.0
0.9383585453033447 0.8418185114860535 0.0
0.9693014025688171 0.8482758402824402 0.0
0.08668303489685059 0.591830849647522 0.0
0.9842411875724792 0.13847887516021729 0.0
0.9776051640510559 0.14370331168174744 0.0
0.0674484372138977 0.5852949023246765 0.0
0.058545708656311035 0.5796034336090088 0.0
0.956667959690094 0.14041443169116974 0.0
0.9495108723640442 0.13908323645591736 0.0
0.04515582323074341 0.58058762550354 0.0
0.9407556056976318 0.13966436684131622 0.0
0.9316549897193909 0.1378638595342636 0.0
0.03333240747451782 0.5752789974212646 0.0
0.047692954540252686 0.5723706483840942 0.0
0.9161481857299805 0.13611501455307007 0.0
0.01713085174560547 0.5717267990112305 0.0
0.9099801778793335 0.141118124127388 0.0
0.0 0.5663579106330872 0.0
0.8907543420791626 0.13990677893161774 0.0
0.8829483985900879 0.1400841623544693 0.0
0.014368176460266113 0.43771469593048096 0.0
0.8756068348884583 0.1419018805027008 0.0
0.8688133358955383 0.1423529088497162 0.0
0.03097248077392578 0.4427863657474518 0.0
0.8618308305740356 0.14822405576705933 0.0
0.8550633788108826 0.14988596737384796 0.0
0.06960666179656982 0.436601847410202 0.0
0.849522054195404 0.1507074385881424 0.0
0.09278702735900879 0.4371877908706665 0.0
0.8433185815811157 0.15256163477897644 0.0
0.11587214469909668 0.43386441469192505 0.0
0.1354171633720398 0.4270283281803131 0.0
0.8281267881393433 0.15805310010910034 0.0
0.8214031457901001 0.1600012481212616 0.0
0.1850389838218689 0.41911083459854126 0.0
0.8143886923789978 0.1659957766532898 0.0
0.19880998134613037 0.4169516861438751 0.0
0.8077712059020996 0.16672387719154358 0.0
0.8051295280456543 0.1715237945318222 0.0
0.22579288482666016 0.4121529459953308 0.0
0.2375316619873047 0.407186895608902 0.0
0.7956528067588806 0.17394891381263733 0.0
0.250288724899292 0.40223315358161926 0.0
0.2658184766769409 0.40368929505348206 0.0
0.2745060920715332 0.3984197974205017 0.0
0.7883995175361633 0.18357336521148682 0.0
0.28785622119903564 0.3979228734970093 0.0
0.786253809928894 0.18831783533096313 0.0
0.7814328670501709 0.18373680114746094 0.0
0.31210917234420776 0.39076244831085205 0.0
0.7809022665023804 0.1916135996580124 0.0
0.3284725546836853 0.391432523727417 0.0
0.33428364992141724 0.3864235281944275 0.0
0.775985598564148 0.1957455575466156 0.0
0.755222737789154 0.2493845671415329 0.0
0.7429862022399902 0.24901510775089264 0.0
0.7544161677360535 0.24353958666324615 0.0
0.7534102201461792 0.23749658465385437 0.0
0.3526753783226013 0.38283997774124146 0.0
0.34502339363098145 0.3859264850616455 0.0
0.7380813360214233 0.26038968563079834 0.0
0.7390661835670471 0.2536559998989105 0.0
0.7589935660362244 0.23175577819347382 0.0
0.7668356895446777 0.20322434604167938 0.0
0.36457890272140503 0.37948015332221985 0.0
0.7199972867965698 0.27778396010398865 0.0
0.7566058039665222 0.22167502343654633 0.0
0.7560657262802124 0.21730954945087433 0.0
0.7679216861724854 0.2152549773454666 0.0
0.7089243531227112 0.28096985816955566 0.0
0.38770753145217896 0.37366095185279846 0.0
0.3806072473526001 0.37916654348373413 0.0
0.7008644342422485 0.2920159697532654 0.0
0.4022597670555115 0.3745574653148651 0.0
0.6889644861221313 0.29531052708625793 0.0
0.4205552339553833 0.3696843981742859 0.0
0.43223345279693604 0.36722150444984436 0.0
0.4454965591430664 0.360769122838974 0.0
0.65375155210495 0.3055626451969147 0.0
0.45670396089553833 0.3586345314979553 0.0
0.6153934597969055 0.31700631976127625 0.0
0.6224936246871948 0.3145201802253723 0.0
0.6312342286109924 0.3119411766529083 0.0
0.6435695886611938 0.3141171634197235 0.0
0.6438804268836975 0.3084957003593445 0.0
0.4922751188278198 0.35002243518829346 0.0
0.5616570115089417 0.33154621720314026 0.0
0.595770001411438 0.32534584403038025 0.0
0.48479390144348145 0.3535342812538147 0.0
0.5058790445327759 0.3503930866718292 0.0
0.5411102175712585 0.3398915231227875 0.0
0.5533700585365295 0.33463621139526367 0.0
0.5736614465713501 0.33092761039733887 0.0
0.5876413583755493 0.32685089111328125 0.0
0.32831400632858276 0.6873331665992737 0.0
0.3575989007949829 0.7011091113090515 0.0
0.3244900703430176 0.6799290180206299 0.0
0.2892376184463501 0.6712622046470642 0.0
0.2821592092514038 0.6647629141807556 0.0
0.39660125970840454 0.7134168744087219 0.0
0.2675125002861023 0.6636666059494019 0.0
0.24680685997009277 0.6477621793746948 0.0
0.2515641450881958 0.6549147367477417 0.0
0.40944790840148926 0.7151797413825989 0.0
0.16079825162887573 0.6142376065254211 0.0
0.16978251934051514 0.6175754070281982 0.0
0.18585389852523804 0.6289475560188293 0.0
0.19148623943328857 0.6317968368530273 0.0
0.2115573287010193 0.6364863514900208 0.0
0.22106438875198364 0.639840841293335 0.0
0.23388361930847168 0.6433629393577576 0.0
0.420945942401886 0.7176892757415771 0.0
0.1444665789604187 0.6088609099388123 0.0
0.15187424421310425 0.6110817193984985 0.0
0.13673824071884155 0.6068306565284729 0.0
0.12867265939712524 0.6041626930236816 0.0
0.4525507092475891 0.7308430075645447 0.0
0.11994016170501709 0.6005234718322754 0.0
0.10913890600204468 0.5997015237808228 0.0
0.46674615144729614 0.7380907535552979 0.0
0.10520988702774048 0.5949342846870422 0.0
0.48914092779159546 0.7461096048355103 0.0
0.4852527976036072 0.740275502204895 0.0
0.5052005052566528 0.7451624870300293 0.0
0.10145270824432373 0.5910265445709229 0.0
0.5286461114883423 0.7586875557899475 0.0
0.5483598113059998 0.7544391751289368 0.0
0.5455563068389893 0.763027012348175 0.0
0.5616918802261353 0.7599559426307678 0.0
0.5913963913917542 0.7675876617431641 0.0
0.6050713658332825 0.7741455435752869 0.0
0.6175202131271362 0.7791749238967896 0.0
0.626194179058075 0.7731403708457947 0.0
0.7198939323425293 0.7978489995002747 0.0
0.7465757727622986 0.8006412982940674 0.0
0.7580644488334656 0.8098111748695374 0.0
0.8367361426353455 0.8195205926895142 0.0
0.09397947788238525 0.589505672454834 0.0
0.6605107188224792 0.7804887890815735 0.0
0.703773558139801 0.7886391878128052 0.0
0.8877843618392944 0.8297455906867981 0.0
0.08554190397262573 0.5875310301780701 0.0
0.962023138999939 0.83460533618927 0.0
1.0 0.8437721729278564 0.0
0.07743245363235474 0.5851117968559265 0.0
0.9895177483558655 0.14796994626522064 0.0
0.07344454526901245 0.5792335271835327 0.0
0.970151960849762 0.1517035812139511 0.0
0.960972011089325 0.14650356769561768 0.0
0.9539405703544617 0.147671639919281 0.0
0.9360954761505127 0.14365287125110626 0.0
0.924201250076294 0.14064350724220276 0.0
0.03184354305267334 0.5671334862709045 0.0
0.9183512926101685 0.14288684725761414 0.0
0.015926241874694824 0.5624998211860657 0.0
0.9033516049385071 0.1447112262248993 0.0
0.8958941698074341 0.1431868076324463 0.0
0.889752984046936 0.1449112743139267 0.0
0.0 0.5577980279922485 0.0
0.8824431300163269 0.1472664475440979 0.0
0.8748499751091003 0.14764802157878876 0.0
0.012557029724121094 0.4458368420600891 0.0
0.8682038187980652 0.15411671996116638 0.0
0.052839696407318115 0.44459065794944763 0.0
0.8616974353790283 0.1528865098953247 0.0
0.07393252849578857 0.446441113948822 0.0
0.851676881313324 0.15503983199596405 0.0
0.84690260887146 0.15797457098960876 0.0
0.10551220178604126 0.4409036934375763 0.0
0.8411914706230164 0.15912772715091705 0.0
0.13308274745941162 0.4368070662021637 0.0
0.8347724676132202 0.16130609810352325 0.0
0.8283619284629822 0.16341787576675415 0.0
0.16678237915039062 0.4313601851463318 0.0
0.14970815181732178 0.43195146322250366 0.0
0.17618870735168457 0.42440178990364075 0.0
0.8216086626052856 0.16506600379943848 0.0
0.19031673669815063 0.4246269464492798 0.0
0.8137174248695374 0.17041896283626556 0.0
0.21564602851867676 0.41835179924964905 0.0
0.8138679265975952 0.17433293163776398 0.0
0.8038985729217529 0.17686867713928223 0.0
0.2528795599937439 0.41026434302330017 0.0
0.7996615171432495 0.17982199788093567 0.0
0.7964327931404114 0.18372011184692383 0.0
0.27827829122543335 0.40186282992362976 0.0
0.30410999059677124 0.3965931534767151 0.0
0.3207088112831116 0.3972475528717041 0.0
0.7855497002601624 0.19651110470294952 0.0
0.7879764437675476 0.1930341273546219 0.0
0.7833807468414307 0.20116175711154938 0.0
0.7750020623207092 0.20211678743362427 0.0
0.34400564432144165 0.39084091782569885 0.0
0.7502203583717346 0.25666847825050354 0.0
0.7525434494018555 0.2663125693798065 0.0
0.7672383785247803 0.23878255486488342 0.0
0.7738991975784302 0.2077871561050415 0.0
0.35475045442581177 0.3876500427722931 0.0
0.740779459476471 0.26952871680259705 0.0
0.7309632301330566 0.27395257353782654 0.0
0.7617257237434387 0.22740623354911804 0.0
0.7677656412124634 0.22515146434307098 0.0
0.7632513046264648 0.2190127968788147 0.0
0.7727892994880676 0.21233302354812622 0.0
0.3628324270248413 0.3848222494125366 0.0
0.37455683946609497 0.38449347019195557 0.0
0.7115024924278259 0.2889639139175415 0.0
0.3945971727371216 0.3792743980884552 0.0
0.41196608543395996 0.37193188071250916 0.0
0.6884335279464722 0.30188819766044617 0.0
0.6776368021965027 0.30453455448150635 0.0
0.44322943687438965 0.36489084362983704 0.0
0.6677964329719543 0.3082904517650604 0.0
0.4560067057609558 0.3649276793003082 0.0
0.6568381786346436 0.31186842918395996 0.0
0.4668937921524048 0.3608016073703766 0.0
0.4739837050437927 0.3579866886138916 0.0
0.6054796576499939 0.32359594106674194 0.0
0.6152207255363464 0.32182377576828003 0.0
0.6244326233863831 0.3197697103023529 0.0
0.6334888339042664 0.31719323992729187 0.0
0.48187142610549927 0.35774385929107666 0.0
0.4908902049064636 0.3568142056465149 0.0
0.515140175819397 0.34829989075660706 0.0
0.5336616635322571 0.3443654477596283 0.0
0.5508525967597961 0.3391590714454651 0.0
0.5639421939849854 0.33861204981803894 0.0
0.5711390376091003 0.3351536691188812 0.0
0.5847856998443604 0.3309486508369446 0.0
0.5952481627464294 0.3305909335613251 0.0
0.6159015893936157 0.3276561498641968 0.0
0.3432909846305847 0.6872526407241821 0.0
0.35733020305633545 0.6872504949569702 0.0
0.36260879039764404 0.6938910484313965 0.0
0.3710435628890991 0.6992270350456238 0.0
0.3117072582244873 0.6782431602478027 0.0
0.38276439905166626 0.7031887769699097 0.0
0.30665963888168335 0.6709383130073547 0.0
0.3970488905906677 0.7055263519287109 0.0
0.2961490750312805 0.6645623445510864 0.0
0.28821951150894165 0.6599748730659485 0.0
0.26770520210266113 0.6556659936904907 0.0
0.2779847979545593 0.6594492197036743 0.0
0.2626667022705078 0.6488420963287354 0.0
0.17219430208206177 0.6127344369888306 0.0
0.17822927236557007 0.6200494170188904 0.0
0.18946516513824463 0.6222358345985413 0.0
0.1988545060157776 0.6278843879699707 0.0
0.21125835180282593 0.6308520436286926 0.0
0.2230374813079834 0.6329265236854553 0.0
0.43317902088165283 0.7204287052154541 0.0
0.14475971460342407 0.6046072840690613 0.0
0.15391552448272705 0.605286180973053 0.0
0.4450647234916687 0.7234053015708923 0.0
0.13856226205825806 0.6019955277442932 0.0
0.1311488151550293 0.5990681052207947 0.0
0.12624740600585938 0.5953227281570435 0.0
0.11153298616409302 0.5895609259605408 0.0
0.11597424745559692 0.5949373245239258 0.0
0.47601765394210815 0.730815052986145 0.0
0.49862897396087646 0.7349694967269897 0.0
0.10176593065261841 0.5866087079048157 0.0
0.5288950204849243 0.7497917413711548 0.0
0.5706648230552673 0.7536512613296509 0.0
0.580291211605072 0.7605977058410645 0.0
0.6139793395996094 0.766952633857727 0.0
0.781139612197876 0.8042880296707153 0.0
0.8093225955963135 0.812762439250946 0.0
0.09319496154785156 0.5853822827339172 0.0
0.6330134272575378 0.7664193511009216 0.0
0.6500398516654968 0.7710250020027161 0.0
0.6853249073028564 0.7802398800849915 0.0
0.7334312796592712 0.790918231010437 0.0
0.829629123210907 0.8098646402359009 0.0
0.8520894646644592 0.8115344643592834 0.0
0.8674344420433044 0.8203503489494324 0.0
0.8947587609291077 0.8199208378791809 0.0
0.9213052988052368 0.8295562863349915 0.0
0.08577114343643188 0.5824942588806152 0.0
1.0 0.8320837020874023 0.0
0.9914587736129761 0.16000919044017792 0.0
0.9816502928733826 0.1544296145439148 0.0
0.9605132937431335 0.15527425706386566 0.0
0.07602256536483765 0.5724987387657166 0.0
0.06321793794631958 0.5731216669082642 0.0
0.9469512104988098 0.14681820571422577 0.0
0.05681014060974121 0.5676166415214539 0.0
0.940410852432251 0.14986205101013184 0.0
0.9314182996749878 0.14686454832553864 0.0
0.9238340854644775 0.1468236744403839 0.0
0.045528411865234375 0.5635204911231995 0.0
0.03010118007659912 0.5584917068481445 0.0
0.9170506000518799 0.14927509427070618 0.0
0.8977065086364746 0.14918941259384155 0.0
0.8898682594299316 0.15007063746452332 0.0
0.01461416482925415 0.5550395846366882 0.0
0.8796886801719666 0.15177565813064575 0.0
0.8746449947357178 0.15291452407836914 0.0
0.0 0.5478729009628296 0.0
0.01766335964202881 0.45307299494743347 0.0
0.037707746028900146 0.45162665843963623 0.0
0.8583905100822449 0.15555305778980255 0.0
0.8560835719108582 0.1589614599943161 0.0
0.851696789264679 0.16082942485809326 0.0
0.09593206644058228 0.4486071765422821 0.0
0.11800199747085571 0.4444997310638428 0.0
0.13452935218811035 0.4442070722579956 0.0
0.8405284881591797 0.1645262986421585 0.0
0.14459848403930664 0.44002416729927063 0.0
0.8348013758659363 0.16661584377288818 0.0
0.8287238478660583 0.16859397292137146 0.0
0.18163800239562988 0.4312077462673187 0.0
0.8217939138412476 0.1705021858215332 0.0
0.20506620407104492 0.42543846368789673 0.0
0.8188316822052002 0.17379991710186005 0.0
0.2391863465309143 0.414943665266037 0.0
0.22870314121246338 0.41895589232444763 0.0
0.8115376234054565 0.1781407594680786 0.0
0.8071803450584412 0.18137679994106293 0.0
0.26633644104003906 0.4104963541030884 0.0
0.2786407470703125 0.40784212946891785 0.0
0.2870754599571228 0.4031180739402771 0.0
0.7946310639381409 0.1878986656665802 0.0
0.2986934185028076 0.4018819034099579 0.0
0.7939337491989136 0.1921830028295517 0.0
0.31066370010375977 0.40083375573158264 0.0
0.3374537229537964 0.3965519368648529 0.0
0.7746490836143494 0.2449227273464203 0.0
0.764136016368866 0.2453397810459137 0.0
0.7825599312782288 0.20647838711738586 0.0
0.7616562843322754 0.25634682178497314 0.0
0.7685300707817078 0.2530971169471741 0.0
0.7709124088287354 0.23243048787117004 0.0
0.3669838309288025 0.38954323530197144 0.0
0.7445389032363892 0.278170645236969 0.0
0.7516658902168274 0.2737162411212921 0.0
0.7745839953422546 0.2212553322315216 0.0
0.7762154340744019 0.21625536680221558 0.0
0.7350939512252808 0.2839272916316986 0.0
0.7222114205360413 0.28640279173851013 0.0
0.3888862729072571 0.38423898816108704 0.0
0.716648519039154 0.29713356494903564 0.0
0.7060206532478333 0.3006017804145813 0.0
0.41415929794311523 0.3765011429786682 0.0
0.40733247995376587 0.38020020723342896 0.0
0.4198678135871887 0.3736916184425354 0.0
0.4284929633140564 0.37291327118873596 0.0
0.43900442123413086 0.37275880575180054 0.0
0.6919276118278503 0.3088341951370239 0.0
0.7027198672294617 0.30640435218811035 0.0
0.44585514068603516 0.36915895342826843 0.0
0.6818904876708984 0.3111511468887329 0.0
0.6729909181594849 0.31554320454597473 0.0
0.6358636617660522 0.3227446377277374 0.0
0.6443240642547607 0.31982722878456116 0.0
0.6581134796142578 0.31909945607185364 0.0
0.47667425870895386 0.36193418502807617 0.0
0.4686717391014099 0.3654991388320923 0.0
0.5005598068237305 0.35574889183044434 0.0
0.5746487975120544 0.33856266736984253 0.0
0.5817297697067261 0.33617088198661804 0.0
0.6055698990821838 0.32947853207588196 0.0
0.6257793307304382 0.32528793811798096 0.0
0.5094414949417114 0.35585400462150574 0.0
0.5173875093460083 0.3535342216491699 0.0
0.524832010269165 0.3494133949279785 0.0
0.5362772345542908 0.3519268333911896 0.0
0.5469009876251221 0.3438616394996643 0.0
0.5578525066375732 0.3436247408390045 0.0
0.5935282707214355 0.3356626331806183 0.0
0.6046318411827087 0.33515647053718567 0.0
0.3697853088378906 0.6877062320709229 0.0
0.3732561469078064 0.6931238174438477 0.0
0.33956968784332275 0.6803430914878845 0.0
0.38286399841308594 0.6955930590629578 0.0
0.32205480337142944 0.6724972724914551 0.0
0.33643025159835815 0.672997236251831 0.0
0.3959044814109802 0.6977420449256897 0.0
0.31948745250701904 0.6665195226669312 0.0
0.41017991304397583 0.6985681056976318 0.0
0.29979509115219116 0.6575804948806763 0.0
0.31047576665878296 0.6626458168029785 0.0
0.41412246227264404 0.7059599757194519 0.0
0.2855398654937744 0.6538854837417603 0.0
0.42596131563186646 0.7097102999687195 0.0
0.27552330493927 0.6494549512863159 0.0
0.27568912506103516 0.6428547501564026 0.0
0.436725378036499 0.7131228446960449 0.0
0.16057956218719482 0.608357310295105 0.0
0.17067092657089233 0.6077563762664795 0.0
0.17918676137924194 0.6147515773773193 0.0
0.18637412786483765 0.6168152093887329 0.0
0.20347285270690918 0.6207373142242432 0.0
0.23760581016540527 0.6340765953063965 0.0
0.25224751234054565 0.6381127834320068 0.0
0.26128846406936646 0.6427157521247864 0.0
0.44838201999664307 0.7170639634132385 0.0
0.14980673789978027 0.6001190543174744 0.0
0.21215814352035522 0.6246165037155151 0.0
0.222537100315094 0.6269152164459229 0.0
0.23260587453842163 0.6283383965492249 0.0
0.1341208815574646 0.595390796661377 0.0
0.14063286781311035 0.5973780155181885 0.0
0.4606662392616272 0.7228290438652039 0.0
0.12479633092880249 0.5903419256210327 0.0
0.5140284299850464 0.7386466264724731 0.0
0.523729145526886 0.7426478266716003 0.0
0.5417035222053528 0.7424377799034119 0.0
0.5446960926055908 0.7484689354896545 0.0
0.5606828331947327 0.7460940480232239 0.0
0.5921343564987183 0.7533519864082336 0.0
0.602121114730835 0.7603515386581421 0.0
0.6258078217506409 0.7587676048278809 0.0
0.6482268571853638 0.7611985206604004 0.0
0.6752955913543701 0.7717267274856567 0.0
0.7049607634544373 0.7791549563407898 0.0
0.7240778803825378 0.7819426655769348 0.0
0.7629334926605225 0.7930358648300171 0.0
0.7965280413627625 0.7929913401603699 0.0
0.8127242922782898 0.8031381964683533 0.0
0.8386955261230469 0.8032290935516357 0.0
0.09803545475006104 0.5811953544616699 0.0
0.8754609227180481 0.8130021691322327 0.0
0.9187200665473938 0.8190821409225464 0.0
0.9412776827812195 0.8238805532455444 0.0
0.08659344911575317 0.5768880248069763 0.0
0.9672654867172241 0.8236715793609619 0.0
0.9920746088027954 0.17071039974689484 0.0
0.9847503304481506 0.16282042860984802 0.0
0.9773271679878235 0.16033031046390533 0.0
0.969752311706543 0.16397681832313538 0.0
0.06780219078063965 0.5675331950187683 0.0
0.9504607319831848 0.15748415887355804 0.0
0.06047898530960083 0.5614761710166931 0.0
0.9352401494979858 0.15420904755592346 0.0
0.9277012348175049 0.15368017554283142 0.0
0.04612243175506592 0.5539932250976562 0.0
0.9081948399543762 0.15101462602615356 0.0
0.025349438190460205 0.5491703152656555 0.0
0.894390344619751 0.15576232969760895 0.0
0.8858122825622559 0.15328755974769592 0.0
0.018397867679595947 0.5361796617507935 0.0
0.0 0.538231372833252 0.0
0.875241756439209 0.1581672579050064 0.0
0.8705219626426697 0.16082946956157684 0.0
0.8642832040786743 0.15751011669635773 0.0
0.02990436553955078 0.4631006121635437 0.0
0.860784649848938 0.16025619208812714 0.0
0.0553472638130188 0.45487770438194275 0.0
0.0768013596534729 0.45750850439071655 0.0
0.8576383590698242 0.16394099593162537 0.0
0.09489834308624268 0.4594438672065735 0.0
0.11146098375320435 0.45536482334136963 0.0
0.8462505340576172 0.16277284920215607 0.0
0.131411612033844 0.4530421197414398 0.0
0.14690935611724854 0.4471406936645508 0.0
0.15962350368499756 0.4402705729007721 0.0
0.17416131496429443 0.43724486231803894 0.0
0.18889367580413818 0.4386465549468994 0.0
0.19460082054138184 0.43099120259284973 0.0
0.20752239227294922 0.4352268874645233 0.0
0.22309231758117676 0.42707425355911255 0.0
0.2389962077140808 0.42304250597953796 0.0
0.8196920156478882 0.1780412197113037 0.0
0.251537024974823 0.4189550578594208 0.0
0.26185154914855957 0.4156617522239685 0.0
0.2746501564979553 0.41587314009666443 0.0
0.8039712309837341 0.18481896817684174 0.0
0.8010075092315674 0.1877163052558899 0.0
0.29401206970214844 0.4076867699623108 0.0
0.8010734915733337 0.19169321656227112 0.0
0.7996060252189636 0.19539862871170044 0.0
0.3102114796638489 0.4066976010799408 0.0
0.8005440831184387 0.19998517632484436 0.0
0.7933449149131775 0.19638094305992126 0.0
0.32002830505371094 0.4027721583843231 0.0
0.33220207691192627 0.40221068263053894 0.0
0.7829599976539612 0.2570224106311798 0.0
0.7752363085746765 0.2500796914100647 0.0
0.7916231751441956 0.20069225132465363 0.0
0.7893050312995911 0.20467142760753632 0.0
0.3511524200439453 0.39572441577911377 0.0
0.7727216482162476 0.26033711433410645 0.0
0.7625688314437866 0.2626307010650635 0.0
0.7801594138145447 0.24034175276756287 0.0
0.3560866117477417 0.39165595173835754 0.0
0.7624093294143677 0.2739033102989197 0.0
0.7646670937538147 0.2687140703201294 0.0
0.7793349623680115 0.22905249893665314 0.0
0.7835712432861328 0.2245434671640396 0.0
0.7844357490539551 0.21930162608623505 0.0
0.7818771600723267 0.21262525022029877 0.0
0.36259937286376953 0.39470434188842773 0.0
0.750520646572113 0.28691524267196655 0.0
0.38279658555984497 0.390041708946228 0.0
0.734199047088623 0.29247841238975525 0.0
0.7236964106559753 0.2932850122451782 0.0
0.40073132514953613 0.3837193548679352 0.0
0.41954344511032104 0.3810683488845825 0.0
0.4246235489845276 0.3770817220211029 0.0
0.7122761607170105 0.3062599003314972 0.0
0.4349513053894043 0.3769203722476959 0.0
0.4479004144668579 0.37345650792121887 0.0
0.45676541328430176 0.37146469950675964 0.0
0.6862226724624634 0.31614920496940613 0.0
0.6929548382759094 0.31420275568962097 0.0
0.46912068128585815 0.3710114061832428 0.0
0.6731155514717102 0.3220151364803314 0.0
0.6848548650741577 0.3207371234893799 0.0
0.47918790578842163 0.36724016070365906 0.0
0.48797476291656494 0.3629140555858612 0.0
0.4980885982513428 0.36111077666282654 0.0
0.6275502443313599 0.3312135636806488 0.0
0.637519896030426 0.32846060395240784 0.0
0.6510107517242432 0.325884610414505 0.0
0.6643076539039612 0.3245377838611603 0.0
0.5075915455818176 0.36030760407447815 0.0
0.5166261792182922 0.3589384853839874 0.0
0.5268453359603882 0.3540245592594147 0.0
0.5440016984939575 0.34817075729370117 0.0
0.5535911917686462 0.347983181476593 0.0
0.5673018097877502 0.34401658177375793 0.0
0.5746699571609497 0.3423190712928772 0.0
0.5816836953163147 0.3406240940093994 0.0
0.5922369360923767 0.3412373661994934 0.0
0.6174089908599854 0.334531307220459 0.0
0.5646291971206665 0.3482600450515747 0.0
0.3532305955886841 0.6807196140289307 0.0
0.3681449890136719 0.6799322366714478 0.0
0.38075757026672363 0.6889689564704895 0.0
0.35193371772766113 0.6735942959785461 0.0
0.39341264963150024 0.6901662349700928 0.0
0.33267319202423096 0.6651749014854431 0.0
0.3241310715675354 0.6605027318000793 0.0
0.31520897150039673 0.6551780700683594 0.0
0.2880316972732544 0.6463891267776489 0.0
0.1803911328315735 0.6094592213630676 0.0
0.18120795488357544 0.6040223836898804 0.0
0.18828719854354858 0.6118761897087097 0.0
0.1970207691192627 0.6149712204933167 0.0
0.27089524269104004 0.6359042525291443 0.0
0.15999531745910645 0.6007243990898132 0.0
0.16500014066696167 0.6037213802337646 0.0
0.20947086811065674 0.6148500442504883 0.0
0.21376484632492065 0.6193325519561768 0.0
0.22210144996643066 0.6211368441581726 0.0
0.23223280906677246 0.6227817535400391 0.0
0.14083713293075562 0.5931523442268372 0.0
0.13288241624832153 0.5923864841461182 0.0
0.4783255457878113 0.7220609784126282 0.0
0.4905201196670532 0.7275318503379822 0.0
0.1199260950088501 0.586402416229248 0.0
0.5047021508216858 0.7279328107833862 0.0
0.513342559337616 0.7333381772041321 0.0
0.11131823062896729 0.5836068391799927 0.0
0.5281624794006348 0.7355432510375977 0.0
0.5582728981971741 0.7385212182998657 0.0
0.5833808779716492 0.7460700273513794 0.0
0.610596776008606 0.7534272074699402 0.0
0.6684734225273132 0.7631855010986328 0.0
0.6978111267089844 0.771967351436615 0.0
0.7185378670692444 0.7736304998397827 0.0
0.7497339248657227 0.7839725017547607 0.0
0.7400295734405518 0.7759262919425964 0.0
0.7746829986572266 0.7855324149131775 0.0
0.8240388631820679 0.796284556388855 0.0
0.8660176396369934 0.805051326751709 0.0
0.8982316851615906 0.8100835680961609 0.0
0.8837398290634155 0.7994590401649475 0.0
0.9395573735237122 0.8134263157844543 0.0
1.0 0.8212212920188904 0.0
0.9813126921653748 0.16865190863609314 0.0
0.08677428960800171 0.5716975331306458 0.0
0.07963526248931885 0.5667021870613098 0.0
0.9597852230072021 0.16391371190547943 0.0
0.07141679525375366 0.5633979439735413 0.0
0.9465885162353516 0.16548946499824524 0.0
0.9413520097732544 0.1592409908771515 0.0
0.9345031380653381 0.16020072996616364 0.0
0.07140940427780151 0.5588622093200684 0.0
0.0632830262184143 0.5540839433670044 0.0
0.9221278429031372 0.15719200670719147 0.0
0.9153408408164978 0.15514235198497772 0.0
0.9108404517173767 0.15768589079380035 0.0
0.9031678438186646 0.15548934042453766 0.0
0.8833842873573303 0.1920790672302246 0.0
0.8834149241447449 0.192138671875 0.0
0.8833605647087097 0.19212473928928375 0.0
0.039570748805999756 0.5429548621177673 0.0
0.887930691242218 0.15774285793304443 0.0
0.8832785487174988 0.19203251600265503 0.0
0.8813280463218689 0.15677911043167114 0.0
0.8831421136856079 0.19194774329662323 0.0
0.883150041103363 0.19202913343906403 0.0
0.8832272887229919 0.19208234548568726 0.0
0.8832765817642212 0.19211897253990173 0.0
0.8833920359611511 0.19217099249362946 0.0
0.8829658627510071 0.19185827672481537 0.0
0.8830433487892151 0.19199399650096893 0.0
0.8830951452255249 0.19204477965831757 0.0
0.8831439018249512 0.19210757315158844 0.0
0.8765496015548706 0.16303519904613495 0.0
0.8828924298286438 0.1919574737548828 0.0
0.8829853534698486 0.19200804829597473 0.0
0.8830514550209045 0.19205555319786072 0.0
0.8657398223876953 0.16238947212696075 0.0
0.8827952146530151 0.19186627864837646 0.0
0.882891833782196 0.19198369979858398 0.0
0.882939338684082 0.19205376505851746 0.0
0.0 0.5250128507614136 0.0
0.8828078508377075 0.19195207953453064 0.0
0.882727861404419 0.1919107884168625 0.0
0.03487676382064819 0.4787907600402832 0.0
0.8626186847686768 0.1641150265932083 0.0
0.8827504515647888 0.19195745885372162 0.0
0.05786478519439697 0.4670073688030243 0.0
0.08368861675262451 0.4702376127243042 0.0
0.8516636490821838 0.16687533259391785 0.0
0.10854405164718628 0.46697601675987244 0.0
0.8454317450523376 0.16771329939365387 0.0
0.12307065725326538 0.46132713556289673 0.0
0.1504911184310913 0.4561001658439636 0.0
0.840482234954834 0.16961176693439484 0.0
0.16222882270812988 0.44978004693984985 0.0
0.835236668586731 0.1717417687177658 0.0
0.17508643865585327 0.4445931613445282 0.0
0.8295221328735352 0.1734921932220459 0.0
0.8246628046035767 0.17559105157852173 0.0
0.8177772164344788 0.18225295841693878 0.0
0.8165570497512817 0.18606632947921753 0.0
0.8127833008766174 0.18278484046459198 0.0
0.8106855750083923 0.18590040504932404 0.0
0.8078585267066956 0.19006991386413574 0.0
0.28766828775405884 0.41382551193237305 0.0
0.3035922646522522 0.4142529368400574 0.0
0.32635653018951416 0.40768930315971375 0.0
0.7859277725219727 0.264950692653656 0.0
0.7758685350418091 0.26811230182647705 0.0
0.7855982780456543 0.24953502416610718 0.0
0.7925882935523987 0.24538907408714294 0.0
0.7889318466186523 0.2364487648010254 0.0
0.7967246174812317 0.20482772588729858 0.0
0.7918270826339722 0.2096131592988968 0.0
0.3476827144622803 0.4017806053161621 0.0
0.7724254131317139 0.27339786291122437 0.0
0.7895273566246033 0.22928817570209503 0.0
0.7906209826469421 0.2241797149181366 0.0
0.7932704091072083 0.22043903172016144 0.0
0.791887640953064 0.2157539278268814 0.0
0.7601603865623474 0.2816995084285736 0.0
0.374004065990448 0.3941965699195862 0.0
0.7442402243614197 0.29142436385154724 0.0
0.38243764638900757 0.39439672231674194 0.0
0.7461555004119873 0.2983352243900299 0.0
0.39972788095474243 0.3892679214477539 0.0
0.7335593104362488 0.300708532333374 0.0
0.413274884223938 0.3859371840953827 0.0
0.7235833406448364 0.30677419900894165 0.0
0.43114423751831055 0.3810759484767914 0.0
0.7157601118087769 0.3111926019191742 0.0
0.4445955753326416 0.37682807445526123 0.0
0.45369213819503784 0.3767947256565094 0.0
0.7065447568893433 0.31577813625335693 0.0
0.6960937976837158 0.31963950395584106 0.0
0.46375566720962524 0.3764871656894684 0.0
0.48062825202941895 0.37285539507865906 0.0
0.6652944087982178 0.32926350831985474 0.0
0.6733131408691406 0.3266161382198334 0.0
0.6830885410308838 0.326008141040802 0.0
0.4969731569290161 0.36560532450675964 0.0
0.49212998151779175 0.37012574076652527 0.0
0.5052502751350403 0.3650304973125458 0.0
0.523708701133728 0.3571978509426117 0.0
0.5493737459182739 0.3526875078678131 0.0
0.6021172404289246 0.3396354913711548 0.0
0.630821168422699 0.3370879590511322 0.0
0.6394224762916565 0.3340722918510437 0.0
0.6471160650253296 0.33135759830474854 0.0
0.6564122438430786 0.3317205309867859 0.0
0.5323817133903503 0.3574417233467102 0.0
0.5428152084350586 0.3569662272930145 0.0
0.5588514804840088 0.3515000641345978 0.0
0.5756209492683411 0.347459614276886 0.0
0.5847694277763367 0.34478622674942017 0.0
0.6138248443603516 0.34083521366119385 0.0
0.6243144273757935 0.3400576114654541 0.0
0.3597146272659302 0.6765762567520142 0.0
0.37762683629989624 0.6837944984436035 0.0
0.388347864151001 0.6836839914321899 0.0
0.34747058153152466 0.6659226417541504 0.0
0.40742945671081543 0.6914732456207275 0.0
0.4189034104347229 0.6923865079879761 0.0
0.424877405166626 0.6965119242668152 0.0
0.4333152174949646 0.7008821368217468 0.0
0.44283342361450195 0.7052315473556519 0.0
0.3029710054397583 0.6493035554885864 0.0
0.2993812561035156 0.6430320143699646 0.0
0.45243483781814575 0.7098784446716309 0.0
0.28343111276626587 0.6367416381835938 0.0
0.29075944423675537 0.6400592923164368 0.0
0.1603899598121643 0.5965248346328735 0.0
0.15015721321105957 0.5949347019195557 0.0
0.1701875925064087 0.5986235737800598 0.0
0.17373883724212646 0.6024560928344727 0.0
0.19058704376220703 0.6059574484825134 0.0
0.19626963138580322 0.6093641519546509 0.0
0.20595502853393555 0.6086731553077698 0.0
0.22120076417922974 0.6149397492408752 0.0
0.24610626697540283 0.6242401003837585 0.0
0.25283437967300415 0.6305879950523376 0.0
0.2632790803909302 0.6315010786056519 0.0
0.4658249020576477 0.7147769927978516 0.0
0.1393490433692932 0.588113009929657 0.0
0.14908826351165771 0.5911228656768799 0.0
0.12810295820236206 0.5863080620765686 0.0
0.49397969245910645 0.721675455570221 0.0
0.12340199947357178 0.5828479528427124 0.0
0.5198078155517578 0.7281957268714905 0.0
0.11565428972244263 0.5802286863327026 0.0
0.5470520853996277 0.7337602376937866 0.0
0.5781695246696472 0.7368149161338806 0.0
0.5924495458602905 0.7404751181602478 0.0
0.6070846319198608 0.7443693280220032 0.0
0.6276912689208984 0.7418890595436096 0.0
0.6266851425170898 0.7491904497146606 0.0
0.6456472277641296 0.7523536086082458 0.0
0.10752546787261963 0.5792556405067444 0.0
0.1125134825706482 0.5770765542984009 0.0
0.6647229194641113 0.7549110054969788 0.0
0.6896575093269348 0.763454258441925 0.0
0.09940046072006226 0.5747388601303101 0.0
0.715329647064209 0.7641319632530212 0.0
0.7330548167228699 0.769404411315918 0.0
0.7674534320831299 0.7765540480613708 0.0
0.7986443638801575 0.7808703780174255 0.0
0.824217677116394 0.7877984046936035 0.0
0.8515496253967285 0.7948386669158936 0.0
0.9128848314285278 0.8026185631752014 0.0
0.9406402707099915 0.8018260598182678 0.0
0.9731257557868958 0.8098692893981934 0.0
1.0 0.8145485520362854 0.0
0.9879175424575806 0.1787303388118744 0.0
0.09292811155319214 0.5678240060806274 0.0
0.9758725166320801 0.17566876113414764 0.0
0.9648469686508179 0.17216137051582336 0.0
0.07754606008529663 0.5618256330490112 0.0
0.9545011520385742 0.17024832963943481 0.0
0.9400596618652344 0.16651448607444763 0.0
0.9325586557388306 0.1660856008529663 0.0
0.9286112785339355 0.1602996438741684 0.0
0.9250336289405823 0.16367384791374207 0.0
0.883472204208374 0.19208456575870514 0.0
0.8833913207054138 0.19200240075588226 0.0
0.8835449814796448 0.19198960065841675 0.0
0.8835001587867737 0.19215847551822662 0.0
0.8834797739982605 0.19216878712177277 0.0
0.07335585355758667 0.5542945265769958 0.0
0.9178515672683716 0.16058889031410217 0.0
0.05612903833389282 0.5464845299720764 0.0
0.9065986275672913 0.1608746349811554 0.0
0.9009978175163269 0.15918418765068054 0.0
0.8976426720619202 0.16074885427951813 0.0
0.8924842476844788 0.16094085574150085 0.0
0.8832674026489258 0.19191882014274597 0.0
0.05130058526992798 0.538503885269165 0.0
0.8860499262809753 0.16185422241687775 0.0
0.880214512348175 0.1611108034849167 0.0
0.8833582997322083 0.1922084540128708 0.0
0.8832659125328064 0.1922149658203125 0.0
0.039721131324768066 0.5310903191566467 0.0
0.8736609816551208 0.16512538492679596 0.0
0.024805188179016113 0.5185005068778992 0.0
0.8699911236763 0.16545887291431427 0.0
0.8826101422309875 0.19181077182292938 0.0
0.8824862241744995 0.19156530499458313 0.0
0.8827636241912842 0.19170448184013367 0.0
0.0 0.5 0.0
0.8824694156646729 0.19177857041358948 0.0
0.8822534084320068 0.1915796399116516 0.0
0.8663843870162964 0.16652387380599976 0.0
0.862711489200592 0.16771352291107178 0.0
0.8825950026512146 0.19189082086086273 0.0
0.8826066255569458 0.19197982549667358 0.0
0.8827368021011353 0.19210989773273468 0.0
0.8820837140083313 0.1917005479335785 0.0
0.882355272769928 0.19187355041503906 0.0
0.06369799375534058 0.4784354567527771 0.0
0.8582967519760132 0.16944772005081177 0.0
0.8812543153762817 0.19118624925613403 0.0
0.8812609910964966 0.19139555096626282 0.0
0.8812030553817749 0.19134186208248138 0.0
0.12689530849456787 0.46919775009155273 0.0
0.8488309979438782 0.1709081530570984 0.0
0.8539834022521973 0.17286907136440277 0.0
0.8812831044197083 0.19145463407039642 0.0
0.1388670802116394 0.46362853050231934 0.0
0.8449611067771912 0.17174725234508514 0.0
0.1655009388923645 0.4574768841266632 0.0
0.8416162133216858 0.1749853938817978 0.0
0.17724114656448364 0.45337000489234924 0.0
0.18986356258392334 0.44807878136634827 0.0
0.8352728486061096 0.1764579564332962 0.0
0.20094239711761475 0.44331860542297363 0.0
0.8302441239356995 0.17730358242988586 0.0
0.8271616101264954 0.17987529933452606 0.0
0.22599291801452637 0.43751952052116394 0.0
0.2393243908882141 0.4317658245563507 0.0
0.8235418796539307 0.18228678405284882 0.0
0.25196367502212524 0.4271017611026764 0.0
0.8225606083869934 0.18594513833522797 0.0
0.2654404044151306 0.42303466796875 0.0
0.8150807023048401 0.18983905017375946 0.0
0.8138290643692017 0.19354629516601562 0.0
0.28384947776794434 0.41808339953422546 0.0
0.8079418540000916 0.1963552087545395 0.0
0.29290878772735596 0.4199952483177185 0.0
0.8079836964607239 0.20132306218147278 0.0
0.31908416748046875 0.41331714391708374 0.0
0.8047773241996765 0.20473775267601013 0.0
0.3407362103462219 0.4076118767261505 0.0
0.7947636842727661 0.2630358636379242 0.0
0.7974944114685059 0.2571769654750824 0.0
0.7951303124427795 0.25113168358802795 0.0
0.7903159856796265 0.2714683711528778 0.0
0.7994176745414734 0.23423908650875092 0.0
0.7960030436515808 0.22803959250450134 0.0
0.7984139323234558 0.22420229017734528 0.0
0.8021111488342285 0.21906152367591858 0.0
0.7986482381820679 0.2133796215057373 0.0
0.8013677000999451 0.20911549031734467 0.0
0.358288049697876 0.39897584915161133 0.0
0.7855187654495239 0.2761361598968506 0.0
0.3682597875595093 0.39887145161628723 0.0
0.7761605381965637 0.2810021936893463 0.0
0.7733845710754395 0.2879857122898102 0.0
0.764785885810852 0.2914239764213562 0.0
0.7556082606315613 0.29527348279953003 0.0
0.38053232431411743 0.39883852005004883 0.0
0.3923174738883972 0.3954203426837921 0.0
0.4273146390914917 0.38545387983322144 0.0
0.7387410998344421 0.30869078636169434 0.0
0.43882352113723755 0.38504359126091003 0.0
0.4416361451148987 0.38074833154678345 0.0
0.7266063690185547 0.31435027718544006 0.0
0.4499800205230713 0.38017454743385315 0.0
0.7209717035293579 0.3172239363193512 0.0
0.47402262687683105 0.3764570951461792 0.0
0.6945792436599731 0.3255721628665924 0.0
0.7083293795585632 0.3257792294025421 0.0
0.5018846988677979 0.3686337471008301 0.0
0.5167334675788879 0.36459290981292725 0.0
0.5261081457138062 0.36128130555152893 0.0
0.6905478239059448 0.32989466190338135 0.0
0.5392113924026489 0.36261123418807983 0.0
0.5513169169425964 0.3569832444190979 0.0
0.5587219595909119 0.35555997490882874 0.0
0.5680087208747864 0.3534225523471832 0.0
0.5714930891990662 0.35030049085617065 0.0
0.595127284526825 0.3465285897254944 0.0
0.6054988503456116 0.3450039029121399 0.0
0.6250357627868652 0.3448789715766907 0.0
0.6522173881530762 0.3363439440727234 0.0
0.6669026613235474 0.3355294466018677 0.0
0.6792678236961365 0.3314459025859833 0.0
0.577857494354248 0.3524147570133209 0.0
0.5887379050254822 0.35053300857543945 0.0
0.3658241629600525 0.6725731492042542 0.0
0.3805464506149292 0.6729868650436401 0.0
0.38149958848953247 0.679419755935669 0.0
0.361030638217926 0.6664716005325317 0.0
0.4041596055030823 0.6831293106079102 0.0
0.4189490079879761 0.6860383152961731 0.0
0.3334047198295593 0.6593357920646667 0.0
0.3438522219657898 0.657867968082428 0.0
0.3315553069114685 0.6535743474960327 0.0
0.3209540843963623 0.6473298072814941 0.0
0.31176722049713135 0.6420002579689026 0.0
0.45868682861328125 0.7028313875198364 0.0
0.4650726318359375 0.7079334855079651 0.0
0.1607021689414978 0.5916498303413391 0.0
0.15530025959014893 0.5877185463905334 0.0
0.18090569972991943 0.5990675091743469 0.0
0.19027447700500488 0.6002370119094849 0.0
0.19769138097763062 0.6018735766410828 0.0
0.19954723119735718 0.6054310202598572 0.0
0.21561861038208008 0.6102572083473206 0.0
0.2295817732810974 0.6178756952285767 0.0
0.23919957876205444 0.6176618337631226 0.0
0.29539620876312256 0.6339402198791504 0.0
0.47530919313430786 0.7100368142127991 0.0
0.26455020904541016 0.6243066787719727 0.0
0.2586938738822937 0.6185134053230286 0.0
0.2759837508201599 0.62803715467453 0.0
0.28578275442123413 0.6310823559761047 0.0
0.4830666184425354 0.7155566811561584 0.0
0.1329854130744934 0.5841719508171082 0.0
0.4962831139564514 0.716001033782959 0.0
0.5097841620445251 0.7207961678504944 0.0
0.1318516731262207 0.580898642539978 0.0
0.5249809622764587 0.7226353287696838 0.0
0.5354558229446411 0.727672815322876 0.0
0.1223149299621582 0.5790196657180786 0.0
0.5628664493560791 0.7320717573165894 0.0
0.6436506509780884 0.7437204122543335 0.0
0.6634600162506104 0.7462128400802612 0.0
0.6806675791740417 0.7568874955177307 0.0
0.6990680694580078 0.7534539699554443 0.0
0.110043466091156 0.5732163786888123 0.0
0.10125714540481567 0.5711829662322998 0.0
0.7419350147247314 0.763403058052063 0.0
0.7504706978797913 0.7703269720077515 0.0
0.7692208290100098 0.766226589679718 0.0
0.7888455986976624 0.7723820209503174 0.0
0.826065182685852 0.7786723375320435 0.0
0.8505661487579346 0.7832091450691223 0.0
0.8779554963111877 0.7899157404899597 0.0
0.8991726040840149 0.7952937483787537 0.0
0.9181861877441406 0.7960252165794373 0.0
1.0 0.8034158945083618 0.0
0.9876809120178223 0.19055558741092682 0.0
0.9820733666419983 0.18232236802577972 0.0
0.08489131927490234 0.5624338984489441 0.0
0.9764365553855896 0.1847342699766159 0.0
0.9691306948661804 0.17964977025985718 0.0
0.9611876606941223 0.17938010394573212 0.0
0.9461951851844788 0.17282958328723907 0.0
0.08031517267227173 0.5574784278869629 0.0
0.883640706539154 0.19213198125362396 0.0
0.8835945725440979 0.19220536947250366 0.0
0.07977169752120972 0.5518076419830322 0.0
0.8836257457733154 0.19185461103916168 0.0
0.8837164640426636 0.19165223836898804 0.0
0.9199471473693848 0.16667436063289642 0.0
0.9131073951721191 0.16347205638885498 0.0
0.8834426403045654 0.19222407042980194 0.0
0.07049846649169922 0.5482203364372253 0.0
0.9023626446723938 0.16348493099212646 0.0
0.8971865177154541 0.16459310054779053 0.0
0.06471401453018188 0.5397765636444092 0.0
0.8915420770645142 0.16500522196292877 0.0
0.8871161937713623 0.1659078150987625 0.0
0.8831251859664917 0.1918371021747589 0.0
0.8832486867904663 0.191759392619133 0.0
0.882002592086792 0.16533997654914856 0.0
0.057040631771087646 0.5307602882385254 0.0
0.8775917291641235 0.16728167235851288 0.0
0.8830033540725708 0.19167563319206238 0.0
0.8831263184547424 0.1922178417444229 0.0
0.8738247752189636 0.16866783797740936 0.0
0.8827453851699829 0.1914399415254593 0.0
0.8829469680786133 0.19225303828716278 0.0
0.049390971660614014 0.5187012553215027 0.0
0.8701451420783997 0.16886980831623077 0.0
0.8824124336242676 0.19124773144721985 0.0
0.04098927974700928 0.5 0.0
0.8820725083351135 0.19106969237327576 0.0
0.8821939826011658 0.1913689523935318 0.0
0.8818954229354858 0.19125831127166748 0.0
0.8816791772842407 0.19097235798835754 0.0
0.8827844262123108 0.19240659475326538 0.0
0.8675546646118164 0.17034955322742462 0.0
0.8639183640480042 0.1718062311410904 0.0
0.881334662437439 0.19067995250225067 0.0
0.8813117742538452 0.19098661839962006 0.0
0.8820452690124512 0.1914738565683365 0.0
0.8826037645339966 0.19221997261047363 0.0
0.8824725151062012 0.192060187458992 0.0
0.05405402183532715 0.49099916219711304 0.0
0.881574809551239 0.19120879471302032 0.0
0.08579719066619873 0.486401230096817 0.0
0.8821272253990173 0.1918104737997055 0.0
0.8822543621063232 0.1920338124036789 0.0
0.10212302207946777 0.47767847776412964 0.0
0.12085944414138794 0.47793012857437134 0.0
0.8810519576072693 0.19124364852905273 0.0
0.8808230757713318 0.19114086031913757 0.0
0.8817890882492065 0.19166137278079987 0.0
0.881644606590271 0.19179095327854156 0.0
0.8810970783233643 0.19141162931919098 0.0
0.8813164830207825 0.19162894785404205 0.0
0.16006875038146973 0.4663684368133545 0.0
0.8484650254249573 0.17531658709049225 0.0
0.8402081727981567 0.18001152575016022 0.0
0.20469164848327637 0.45070892572402954 0.0
0.8337576389312744 0.18053367733955383 0.0
0.21453875303268433 0.44418904185295105 0.0
0.8304154276847839 0.18513047695159912 0.0
0.2539139986038208 0.43521082401275635 0.0
0.2629254460334778 0.4304894804954529 0.0
0.8203193545341492 0.1892492026090622 0.0
0.8206050395965576 0.1936161071062088 0.0
0.28085947036743164 0.42276889085769653 0.0
0.8167475461959839 0.19751203060150146 0.0
0.8138114213943481 0.20106536149978638 0.0
0.30870330333709717 0.4221660792827606 0.0
0.8115906119346619 0.20475472509860992 0.0
0.3139939308166504 0.4173935651779175 0.0
0.3357992172241211 0.4143555462360382 0.0
0.8092042207717896 0.2088364213705063 0.0
0.8064249753952026 0.21356889605522156 0.0
0.8000317811965942 0.2696646749973297 0.0
0.8072089552879333 0.2655937075614929 0.0
0.8037625551223755 0.2515503466129303 0.0
0.8009030818939209 0.2426711767911911 0.0
0.352092444896698 0.4073697626590729 0.0
0.8032546043395996 0.2292376607656479 0.0
0.36145853996276855 0.40416833758354187 0.0
0.7949398159980774 0.2848150432109833 0.0
0.37276917695999146 0.4031582772731781 0.0
0.77001953125 0.30115842819213867 0.0
0.7579991221427917 0.3022586703300476 0.0
0.40688687562942505 0.3951101005077362 0.0
0.4130314588546753 0.39128783345222473 0.0
0.7506287097930908 0.3071032762527466 0.0
0.4255913496017456 0.39089399576187134 0.0
0.43556833267211914 0.3888118863105774 0.0
0.736859917640686 0.31425541639328003 0.0
0.4496363401412964 0.3843652904033661 0.0
0.45976126194000244 0.3820236623287201 0.0
0.7203242182731628 0.32298678159713745 0.0
0.4709874391555786 0.38114142417907715 0.0
0.48184120655059814 0.37701672315597534 0.0
0.48909813165664673 0.3758111298084259 0.0
0.4976789951324463 0.37530940771102905 0.0
0.5043370723724365 0.37272757291793823 0.0
0.5111501812934875 0.3694235682487488 0.0
0.7012671232223511 0.3316117227077484 0.0
0.5226150751113892 0.3701935112476349 0.0
0.529201328754425 0.36621201038360596 0.0
0.5485392808914185 0.360115110874176 0.0
0.5569775700569153 0.3599611222743988 0.0
0.6166461110115051 0.3461753726005554 0.0
0.6343912482261658 0.34274283051490784 0.0
0.6427639722824097 0.33968111872673035 0.0
0.6613549590110779 0.3401782214641571 0.0
0.6920662522315979 0.33495137095451355 0.0
0.5675292015075684 0.35941582918167114 0.0
0.57694411277771 0.35722702741622925 0.0
0.5864224433898926 0.3560985028743744 0.0
0.6034127473831177 0.3509615361690521 0.0
0.6132388710975647 0.3493056297302246 0.0
0.6531859636306763 0.3415811061859131 0.0
0.3735252022743225 0.6665202975273132 0.0
0.3929237127304077 0.6773087978363037 0.0
0.36863332986831665 0.6612817645072937 0.0
0.4199677109718323 0.6780794262886047 0.0
0.35809916257858276 0.659550666809082 0.0
0.42963707447052 0.6887232661247253 0.0
0.43939656019210815 0.6919031739234924 0.0
0.4512525200843811 0.6958841681480408 0.0
0.3357740044593811 0.6451675891876221 0.0
0.32724618911743164 0.6388790607452393 0.0
0.3038262128829956 0.6376069188117981 0.0
0.47502821683883667 0.7034666538238525 0.0
0.1659744381904602 0.5880698561668396 0.0
0.1711721420288086 0.5937421321868896 0.0
0.17913639545440674 0.5953529477119446 0.0
0.19001233577728271 0.5946975946426392 0.0
0.2071671485900879 0.6014587879180908 0.0
0.21682500839233398 0.6046070456504822 0.0
0.2252097725868225 0.6083188056945801 0.0
0.2326846718788147 0.6127894520759583 0.0
0.48875313997268677 0.7094770669937134 0.0
0.14915788173675537 0.5850501656532288 0.0
0.14176511764526367 0.5828516483306885 0.0
0.23688870668411255 0.6064448356628418 0.0
0.24468934535980225 0.6115294694900513 0.0
0.24971246719360352 0.6167048811912537 0.0
0.5050023794174194 0.7125886678695679 0.0
0.27280980348587036 0.6154423952102661 0.0
0.28110015392303467 0.6207144856452942 0.0
0.2902762293815613 0.6243188381195068 0.0
0.2991679906845093 0.6276673078536987 0.0
0.5210025310516357 0.7158599495887756 0.0
0.5363812446594238 0.7199081182479858 0.0
0.28619521856307983 0.6146299242973328 0.0
0.5531505942344666 0.7246485352516174 0.0
0.5755454301834106 0.7255429625511169 0.0
0.5883308053016663 0.7298744320869446 0.0
0.6008657217025757 0.7337143421173096 0.0
0.6225359439849854 0.7351356148719788 0.0
0.11930716037750244 0.5761334896087646 0.0
0.638811469078064 0.7369080781936646 0.0
0.6793006658554077 0.750242292881012 0.0
0.6864133477210999 0.740851879119873 0.0
0.7272083163261414 0.7544154524803162 0.0
0.10343146324157715 0.5690078735351562 0.0
0.7547758221626282 0.7558636665344238 0.0
0.8113438487052917 0.7713800072669983 0.0
0.8440966606140137 0.7696449160575867 0.0
0.8801535367965698 0.778385579586029 0.0
0.904506504535675 0.7885286211967468 0.0
0.09836161136627197 0.5644994378089905 0.0
0.93412846326828 0.7914630770683289 0.0
0.9670013785362244 0.7970907092094421 0.0
0.09164732694625854 0.5624645352363586 0.0
0.08821183443069458 0.5584241151809692 0.0
0.9679126143455505 0.18653565645217896 0.0
0.9526820778846741 0.17954285442829132 0.0
0.9452542662620544 0.18047428131103516 0.0
0.8837320804595947 0.19218263030052185 0.0
0.884119987487793 0.19208112359046936 0.0
0.8837552070617676 0.19226673245429993 0.0
0.08553075790405273 0.5543665289878845 0.0
0.9378888607025146 0.17401333153247833 0.0
0.9279321432113647 0.1712622046470642 0.0
0.8835383057594299 0.19226373732089996 0.0
0.9145281314849854 0.1691599190235138 0.0
0.9082093834877014 0.16630490124225616 0.0
0.9025321006774902 0.16933566331863403 0.0
0.0798647403717041 0.5462481379508972 0.0
0.8834271430969238 0.19231188297271729 0.0
0.07425856590270996 0.5427364110946655 0.0
0.08026361465454102 0.5412253141403198 0.0
0.8956169486045837 0.1683940440416336 0.0
0.890416145324707 0.1684969663619995 0.0
0.8829053044319153 0.19062983989715576 0.0
0.8833802938461304 0.19079039990901947 0.0
0.8830143213272095 0.1910053938627243 0.0
0.883549153804779 0.1911499798297882 0.0
0.8832119703292847 0.19131781160831451 0.0
0.8856483697891235 0.16877543926239014 0.0
0.8826552033424377 0.1908232420682907 0.0
0.8829129934310913 0.1912701278924942 0.0
0.8832785487174988 0.19230994582176208 0.0
0.07588398456573486 0.5370171070098877 0.0
0.8814573287963867 0.16906625032424927 0.0
0.8826619386672974 0.19111400842666626 0.0
0.8830433487892151 0.1914806216955185 0.0
0.8833298683166504 0.19157402217388153 0.0
0.06940191984176636 0.5321346521377563 0.0
0.8786517381668091 0.17181608080863953 0.0
0.8831751346588135 0.19236084818840027 0.0
0.8732306361198425 0.1727905571460724 0.0
0.8823451995849609 0.19090086221694946 0.0
0.07007962465286255 0.5230317711830139 0.0
0.06503915786743164 0.5105741620063782 0.0
0.06347483396530151 0.5 0.0
0.8689505457878113 0.17394061386585236 0.0
0.8659273386001587 0.17569059133529663 0.0
0.881010115146637 0.1909603625535965 0.0
0.08259201049804688 0.5 0.0
0.8806498050689697 0.19059154391288757 0.0
0.88237464427948 0.19222891330718994 0.0
0.8602315187454224 0.1737722009420395 0.0
0.8805435299873352 0.19095437228679657 0.0
0.11209022998809814 0.4883659780025482 0.0
0.857583224773407 0.1765216886997223 0.0
0.8807225823402405 0.1912970244884491 0.0
0.14460372924804688 0.47742998600006104 0.0
0.8535184264183044 0.17768700420856476 0.0
0.8810381293296814 0.19149920344352722 0.0
0.17786002159118652 0.4624098539352417 0.0
0.8504296541213989 0.17949825525283813 0.0
0.8460047841072083 0.17945581674575806 0.0
0.19371843338012695 0.45797306299209595 0.0
0.8453221917152405 0.18414725363254547 0.0
0.21909254789352417 0.45232874155044556 0.0
0.8384239077568054 0.18414287269115448 0.0
0.22984695434570312 0.44652536511421204 0.0
0.24219518899917603 0.44079235196113586 0.0
0.8267577290534973 0.19044113159179688 0.0
0.26830703020095825 0.43659237027168274 0.0
0.2755427360534668 0.4299083352088928 0.0
0.8277033567428589 0.19577611982822418 0.0
0.2940903306007385 0.42913496494293213 0.0
0.8233712911605835 0.1987360268831253 0.0
0.8200117945671082 0.20182915031909943 0.0
0.8174967765808105 0.2051406055688858 0.0
0.32502931356430054 0.4205513894557953 0.0
0.8150938749313354 0.20827969908714294 0.0
0.8059304356575012 0.2790389358997345 0.0
0.8165160417556763 0.27372613549232483 0.0
0.811828076839447 0.26032891869544983 0.0
0.8166130781173706 0.2549213767051697 0.0
0.8106759786605835 0.24771493673324585 0.0
0.8152808547019958 0.21336659789085388 0.0
0.8118483424186707 0.21825122833251953 0.0
0.34984737634658813 0.4125857353210449 0.0
0.8097100257873535 0.24069111049175262 0.0
0.8082698583602905 0.23430390655994415 0.0
0.8117676377296448 0.2306375354528427 0.0
0.8066936135292053 0.2252091020345688 0.0
0.8106055855751038 0.22232215106487274 0.0
0.8121935129165649 0.28906556963920593 0.0
0.37115341424942017 0.4084664285182953 0.0
0.7871788144111633 0.29060497879981995 0.0
0.7795393466949463 0.2960571348667145 0.0
0.39127010107040405 0.40110766887664795 0.0
0.40268945693969727 0.40021827816963196 0.0
0.778455913066864 0.30871209502220154 0.0
0.7667382955551147 0.3087399899959564 0.0
0.4194231629371643 0.395575612783432 0.0
0.7476334571838379 0.31340813636779785 0.0
0.43844425678253174 0.39302653074264526 0.0
0.44713330268859863 0.389821857213974 0.0
0.7342308163642883 0.3215230703353882 0.0
0.7487655878067017 0.31956157088279724 0.0
0.4595502018928528 0.38832589983940125 0.0
0.7489882111549377 0.32620885968208313 0.0
0.7303351759910583 0.3284245431423187 0.0
0.740492045879364 0.32863524556159973 0.0
0.4799555540084839 0.38048550486564636 0.0
0.4869769215583801 0.37950441241264343 0.0
0.7204645872116089 0.3291436433792114 0.0
0.7270913124084473 0.3331865668296814 0.0
0.516629159450531 0.3749358057975769 0.0
0.71604323387146 0.3352785110473633 0.0
0.533626139163971 0.37079542875289917 0.0
0.5380187034606934 0.36748504638671875 0.0
0.5451360940933228 0.36695578694343567 0.0
0.5523041486740112 0.36435315012931824 0.0
0.6817502379417419 0.33798643946647644 0.0
0.7035569548606873 0.33819881081581116 0.0
0.5628873705863953 0.36389368772506714 0.0
0.5975151658058167 0.35581478476524353 0.0
0.6241243481636047 0.3506327271461487 0.0
0.635883092880249 0.34860795736312866 0.0
0.6477270126342773 0.34593769907951355 0.0
0.6630094051361084 0.34552475810050964 0.0
0.6724402904510498 0.34166622161865234 0.0
0.6938502192497253 0.34064775705337524 0.0
0.3846859335899353 0.6662818789482117 0.0
0.39679014682769775 0.6697096228599548 0.0
0.40598076581954956 0.6755805611610413 0.0
0.37998759746551514 0.6601973176002502 0.0
0.4296499490737915 0.6825247406959534 0.0
0.35667842626571655 0.6521406173706055 0.0
0.3453541398048401 0.6495762467384338 0.0
0.46763551235198975 0.6960253715515137 0.0
0.48406219482421875 0.6963753700256348 0.0
0.31565237045288086 0.6360558867454529 0.0
0.4888024926185608 0.7031505107879639 0.0
0.15811145305633545 0.5840764045715332 0.0
0.16604357957839966 0.5852775573730469 0.0
0.17353081703186035 0.5895581245422363 0.0
0.182783305644989 0.5913571715354919 0.0
0.2005082368850708 0.5966542959213257 0.0
0.21107804775238037 0.59559166431427 0.0
0.3100374937057495 0.6308221817016602 0.0
0.4990505576133728 0.7065011262893677 0.0
0.1517314314842224 0.5822907090187073 0.0
0.14699488878250122 0.5803877115249634 0.0
0.21881520748138428 0.5980520844459534 0.0
0.2291935682296753 0.6010825037956238 0.0
0.514583170413971 0.7069895267486572 0.0
0.5332902073860168 0.7118644714355469 0.0
0.1295030117034912 0.5773136019706726 0.0
0.13947206735610962 0.5793617963790894 0.0
0.2509329319000244 0.6040481328964233 0.0
0.2596486210823059 0.6112327575683594 0.0
0.3034783601760864 0.6213780045509338 0.0
0.30996304750442505 0.6248419880867004 0.0
0.5475053191184998 0.7161502838134766 0.0
0.27391546964645386 0.6083647012710571 0.0
0.29566502571105957 0.6169691681861877 0.0
0.5634028911590576 0.7162277698516846 0.0
0.12137091159820557 0.5739854574203491 0.0
0.5971425175666809 0.7228217124938965 0.0
0.6185945868492126 0.7255281805992126 0.0
0.6412366628646851 0.7281335592269897 0.0
0.6590485572814941 0.73613440990448 0.0
0.11310744285583496 0.5705327987670898 0.0
0.7125695943832397 0.745681881904602 0.0
0.7374352812767029 0.7442314624786377 0.0
0.10676229000091553 0.5665851831436157 0.0
0.7822409868240356 0.7579927444458008 0.0
0.7937073111534119 0.7658071517944336 0.0
0.1023186445236206 0.5620384216308594 0.0
0.8115800619125366 0.7596564888954163 0.0
0.8950825333595276 0.769550085067749 0.0
0.9181280732154846 0.7795457243919373 0.0
0.9557905197143555 0.7848244905471802 0.0
0.0949825644493103 0.5596075057983398 0.0
1.0 0.7903600931167603 0.0
0.9931883215904236 0.20143161714076996 0.0
0.985325038433075 0.20125874876976013 0.0
0.9761152863502502 0.19422948360443115 0.0
0.09141117334365845 0.5547378659248352 0.0
0.9668769240379333 0.19349390268325806 0.0
0.9588788747787476 0.1880934089422226 0.0
0.9505915641784668 0.1859568953514099 0.0
0.9394305348396301 0.1818167269229889 0.0
0.9328657388687134 0.17910513281822205 0.0
0.925661563873291 0.17743046581745148 0.0
0.8838963508605957 0.1909555345773697 0.0
0.8842158317565918 0.19084513187408447 0.0
0.8844524025917053 0.1911645531654358 0.0
0.8836538791656494 0.19230066239833832 0.0
0.09367209672927856 0.5506673455238342 0.0
0.0870891809463501 0.5494155287742615 0.0
0.9206146597862244 0.17260800302028656 0.0
0.9152828454971313 0.17458617687225342 0.0
0.9096001982688904 0.1716698557138443 0.0
0.8837753534317017 0.1906275600194931 0.0
0.08582228422164917 0.543158769607544 0.0
0.8836857676506042 0.1901932805776596 0.0
0.8832517266273499 0.19042879343032837 0.0
0.8836179971694946 0.1923898160457611 0.0
0.8980349898338318 0.17227627336978912 0.0
0.8935437202453613 0.17110227048397064 0.0
0.8891809582710266 0.17195989191532135 0.0
0.8831717371940613 0.1896214485168457 0.0
0.883070707321167 0.190083310008049 0.0
0.8836386799812317 0.1925506591796875 0.0
0.08615541458129883 0.5362082719802856 0.0
0.8824974298477173 0.18990369141101837 0.0
0.8828129172325134 0.19029748439788818 0.0
0.8833968043327332 0.19244366884231567 0.0
0.883983314037323 0.1717349737882614 0.0
0.08121907711029053 0.529712975025177 0.0
0.882412314414978 0.19047410786151886 0.0
0.8832430243492126 0.1925283521413803 0.0
0.881906270980835 0.19010235369205475 0.0
0.08509927988052368 0.5226477980613708 0.0
0.8727636337280273 0.1760997474193573 0.0
0.8815044164657593 0.19030609726905823 0.0
0.8812269568443298 0.18976299464702606 0.0
0.8818904757499695 0.19064182043075562 0.0
0.8826871514320374 0.19249823689460754 0.0
0.8824236392974854 0.1923169195652008 0.0
0.08548736572265625 0.508313000202179 0.0
0.8704189658164978 0.17676953971385956 0.0
0.8699695467948914 0.17874692380428314 0.0
0.09007531404495239 0.5029757022857666 0.0
0.8797203898429871 0.1900833696126938 0.0
0.8805163502693176 0.18990398943424225 0.0
0.8623218536376953 0.17743569612503052 0.0
0.8799317479133606 0.19068212807178497 0.0
0.8823557496070862 0.19224311411380768 0.0
0.10531038045883179 0.5 0.0
0.8601405024528503 0.1794058084487915 0.0
0.8800347447395325 0.19112859666347504 0.0
0.13261759281158447 0.48947858810424805 0.0
0.8567915558815002 0.17957594990730286 0.0
0.8805199265480042 0.19143278896808624 0.0
0.8808580636978149 0.191751167178154 0.0
0.8812361359596252 0.19185368716716766 0.0
0.1654372215270996 0.47689032554626465 0.0
0.17797935009002686 0.47212857007980347 0.0
0.8496686220169067 0.18240618705749512 0.0
0.19198250770568848 0.4679279327392578 0.0
0.21035021543502808 0.45871084928512573 0.0
0.8423939347267151 0.18721413612365723 0.0
0.2328076958656311 0.4550005793571472 0.0
0.8375120162963867 0.18814538419246674 0.0
0.8425062298774719 0.19078278541564941 0.0
0.8376603722572327 0.19217883050441742 0.0
0.24525606632232666 0.44971999526023865 0.0
0.25971031188964844 0.4440017342567444 0.0
0.8330535292625427 0.1898464858531952 0.0
0.8326608538627625 0.19358012080192566 0.0
0.8335543274879456 0.19786575436592102 0.0
0.8294335007667542 0.20053018629550934 0.0
0.2828570008277893 0.43633005023002625 0.0
0.8257272243499756 0.2033967822790146 0.0
0.31395846605300903 0.42962977290153503 0.0
0.8225212693214417 0.20572856068611145 0.0
0.821415364742279 0.21010011434555054 0.0
0.3185161352157593 0.42480310797691345 0.0
0.33968883752822876 0.42060691118240356 0.0
0.8220745325088501 0.2681424915790558 0.0
0.8230537176132202 0.2621850371360779 0.0
0.8273659944534302 0.25760048627853394 0.0
0.8217377662658691 0.24789932370185852 0.0
0.3493102192878723 0.41857990622520447 0.0
0.8219291567802429 0.28656700253486633 0.0
0.827029287815094 0.2820487320423126 0.0
0.8176175355911255 0.23752297461032867 0.0
0.8203837275505066 0.2319745272397995 0.0
0.81507408618927 0.2266821712255478 0.0
0.8176873922348022 0.2227633148431778 0.0
0.3606466054916382 0.41068708896636963 0.0
0.8039785623550415 0.29441744089126587 0.0
0.3834720253944397 0.4057683050632477 0.0
0.7956151962280273 0.30043894052505493 0.0
0.3980979323387146 0.4056432545185089 0.0
0.7857962250709534 0.30502399802207947 0.0
0.41369718313217163 0.39928075671195984 0.0
0.7797676920890808 0.31577572226524353 0.0
0.4315115809440613 0.39640653133392334 0.0
0.7620165944099426 0.3162819445133209 0.0
0.4483696222305298 0.39540424942970276 0.0
0.47077471017837524 0.3866085112094879 0.0
0.47885221242904663 0.3845479190349579 0.0
0.4886540174484253 0.3839942216873169 0.0
0.739672064781189 0.3349227011203766 0.0
0.7501381635665894 0.3322478234767914 0.0
0.49641066789627075 0.3800275921821594 0.0
0.5066066384315491 0.37775611877441406 0.0
0.5169781446456909 0.38058269023895264 0.0
0.7298721075057983 0.33849087357521057 0.0
0.528964638710022 0.3748664855957031 0.0
0.5399305820465088 0.37506526708602905 0.0
0.5435404777526855 0.3708404302597046 0.0
0.5527776479721069 0.3696061372756958 0.0
0.5600960850715637 0.367702841758728 0.0
0.5709493160247803 0.3641960620880127 0.0
0.5775103569030762 0.36231735348701477 0.0
0.5842923521995544 0.3603315055370331 0.0
0.5934456586837769 0.3607970178127289 0.0
0.60748690366745 0.3559298515319824 0.0
0.6149710416793823 0.35364171862602234 0.0
0.647007167339325 0.35224536061286926 0.0
0.6772022247314453 0.34700289368629456 0.0
0.6851298213005066 0.34365513920783997 0.0
0.7030103206634521 0.34322217106819153 0.0
0.723591685295105 0.34193629026412964 0.0
0.7136701941490173 0.34357157349586487 0.0
0.6057174205780029 0.3608691692352295 0.0
0.6156057119369507 0.35849642753601074 0.0
0.6248028874397278 0.35655274987220764 0.0
0.6366145014762878 0.35510602593421936 0.0
0.6588305234909058 0.3511769473552704 0.0
0.6964161396026611 0.3458593487739563 0.0
0.3923831582069397 0.6624218821525574 0.0
0.4149743318557739 0.6701056957244873 0.0
0.38883864879608154 0.6571696400642395 0.0
0.4277069568634033 0.6727439761161804 0.0
0.4347754716873169 0.6771163940429688 0.0
0.37019532918930054 0.6543084383010864 0.0
0.4415286183357239 0.68325275182724 0.0
0.4522321820259094 0.686860203742981 0.0
0.35523635149002075 0.6461695432662964 0.0
0.46386921405792236 0.6887705326080322 0.0
0.34050798416137695 0.6389395594596863 0.0
0.34793901443481445 0.6427690982818604 0.0
0.47536540031433105 0.6902353167533875 0.0
0.3247218728065491 0.6311420202255249 0.0
0.34006267786026 0.6315731406211853 0.0
0.4993293881416321 0.7006678581237793 0.0
0.160231351852417 0.5813044905662537 0.0
0.16733592748641968 0.5823619961738586 0.0
0.17507672309875488 0.5859500765800476 0.0
0.18579399585723877 0.586534321308136 0.0
0.1968705654144287 0.5886940360069275 0.0
0.19891083240509033 0.592617392539978 0.0
0.2080249786376953 0.5908675789833069 0.0
0.1544095277786255 0.5796366930007935 0.0
0.14686131477355957 0.5777419805526733 0.0
0.2406190037727356 0.6008457541465759 0.0
0.23964625597000122 0.5947579145431519 0.0
0.32071954011917114 0.6249213814735413 0.0
0.5300320386886597 0.7042249441146851 0.0
0.5491101741790771 0.7075597047805786 0.0
0.13209134340286255 0.5747442245483398 0.0
0.13807326555252075 0.5769756436347961 0.0
0.24865233898162842 0.5976207256317139 0.0
0.31571173667907715 0.6198083758354187 0.0
0.2673017978668213 0.6033279299736023 0.0
0.2844979166984558 0.6094552278518677 0.0
0.5705400109291077 0.7074872255325317 0.0
0.5822571516036987 0.7154098153114319 0.0
0.12392783164978027 0.5714958310127258 0.0
0.2959759831428528 0.6100820899009705 0.0
0.30223631858825684 0.6126605272293091 0.0
0.30931246280670166 0.6147862076759338 0.0
0.613345742225647 0.7169549465179443 0.0
0.11471664905548096 0.5684292316436768 0.0
0.6890875101089478 0.7281982898712158 0.0
0.711538553237915 0.7360913753509521 0.0
0.11100524663925171 0.5649532079696655 0.0
0.7555053234100342 0.7373760938644409 0.0
0.7675172686576843 0.7480756044387817 0.0
0.10615384578704834 0.5606354475021362 0.0
0.7916867733001709 0.7505872845649719 0.0
0.09884309768676758 0.5561694502830505 0.0
0.8396260142326355 0.7558087110519409 0.0
0.8596879839897156 0.7615534663200378 0.0
0.8717172145843506 0.768005907535553 0.0
0.9169431924819946 0.7697280645370483 0.0
0.9403373003005981 0.773556113243103 0.0
0.9743030071258545 0.7762185335159302 0.0
0.9924449920654297 0.20942385494709015 0.0
1.0 0.7814874053001404 0.0
0.8846964836120605 0.1909218430519104 0.0
0.8851091861724854 0.1913665384054184 0.0
0.8848088383674622 0.19147977232933044 0.0
0.8843832612037659 0.19147542119026184 0.0
0.8847797513008118 0.19175007939338684 0.0
0.09787732362747192 0.5508560538291931 0.0
0.9844886660575867 0.20933324098587036 0.0
0.9784743785858154 0.20266872644424438 0.0
0.9710255265235901 0.2003588080406189 0.0
0.884798526763916 0.1905743032693863 0.0
0.8842511177062988 0.1905655860900879 0.0
0.8842688202857971 0.19219745695590973 0.0
0.8839669227600098 0.19224141538143158 0.0
0.9525691866874695 0.1931971311569214 0.0
0.9444352388381958 0.18841317296028137 0.0
0.8843085765838623 0.1902378499507904 0.0
0.8839275240898132 0.19240443408489227 0.0
0.8837579488754272 0.1923777014017105 0.0
0.0924525260925293 0.5448802709579468 0.0
0.9201239347457886 0.1772095412015915 0.0
0.9104018807411194 0.17665377259254456 0.0
0.9061126708984375 0.17401796579360962 0.0
0.884003758430481 0.18978533148765564 0.0
0.90238356590271 0.1740177869796753 0.0
0.8996028304100037 0.17607726156711578 0.0
0.8943663835525513 0.1745450347661972 0.0
0.09025013446807861 0.5401014685630798 0.0
0.8865618705749512 0.17399337887763977 0.0
0.8832002878189087 0.17494255304336548 0.0
0.0884467363357544 0.5306037664413452 0.0
0.8834989070892334 0.19264814257621765 0.0
0.881852388381958 0.189453125 0.0
0.09443795680999756 0.5252472758293152 0.0
0.8770544528961182 0.17722558975219727 0.0
0.8811344504356384 0.18895696103572845 0.0
0.8741116523742676 0.17918096482753754 0.0
0.8804781436920166 0.1892315000295639 0.0
0.08346092700958252 0.5159481167793274 0.0
0.8798577189445496 0.18945719301700592 0.0
0.10657775402069092 0.5064626932144165 0.0
0.8823721408843994 0.1922519952058792 0.0
0.10640865564346313 0.5 0.0
0.12449657917022705 0.5 0.0
0.8791201710700989 0.19106845557689667 0.0
0.8822157979011536 0.19238252937793732 0.0
0.8822439908981323 0.19223017990589142 0.0
0.12496674060821533 0.5 0.0
0.14939171075820923 0.4902134835720062 0.0
0.16492688655853271 0.48742741346359253 0.0
0.17914265394210815 0.48228564858436584 0.0
0.8542367219924927 0.18226231634616852 0.0
0.19235873222351074 0.47775301337242126 0.0
0.20397472381591797 0.4649224579334259 0.0
0.8519591689109802 0.18648380041122437 0.0
0.8476563692092896 0.18928681313991547 0.0
0.22264575958251953 0.45925650000572205 0.0
0.8371975421905518 0.19566623866558075 0.0
0.2762284278869629 0.4426175653934479 0.0
0.8353056907653809 0.20240779221057892 0.0
0.8314990401268005 0.2052789181470871 0.0
0.2948395609855652 0.4366351068019867 0.0
0.827987015247345 0.20877805352210999 0.0
0.30490434169769287 0.43465322256088257 0.0
0.32672327756881714 0.4271736741065979 0.0
0.8369590044021606 0.26739442348480225 0.0
0.8360857963562012 0.27720993757247925 0.0
0.8277721405029297 0.2137366533279419 0.0
0.33791667222976685 0.4253309369087219 0.0
0.8365142345428467 0.2582259178161621 0.0
0.8301845192909241 0.2534143626689911 0.0
0.8236614465713501 0.21638746559619904 0.0
0.8189395666122437 0.21872682869434357 0.0
0.8265386819839478 0.24204258620738983 0.0
0.8252806663513184 0.23674841225147247 0.0
0.8234673738479614 0.2277994304895401 0.0
0.36008012294769287 0.4167249798774719 0.0
0.3699612617492676 0.41446253657341003 0.0
0.8189198970794678 0.29732614755630493 0.0
0.3805007338523865 0.41231539845466614 0.0
0.8149740099906921 0.3054756224155426 0.0
0.39237380027770996 0.4108893871307373 0.0
0.801177978515625 0.31130465865135193 0.0
0.4138767719268799 0.40486788749694824 0.0
0.7883760929107666 0.31194180250167847 0.0
0.42470693588256836 0.4005917012691498 0.0
0.44105833768844604 0.39707618951797485 0.0
0.7768498659133911 0.3231635093688965 0.0
0.7628524303436279 0.3252594470977783 0.0
0.45823556184768677 0.3939003050327301 0.0
0.758587658405304 0.3305172324180603 0.0
0.7696812152862549 0.3325723707675934 0.0
0.4709712862968445 0.3930988609790802 0.0
0.48474830389022827 0.3901365399360657 0.0
0.7625925540924072 0.33681780099868774 0.0
0.7520070672035217 0.337208092212677 0.0
0.5073007345199585 0.3828295171260834 0.0
0.748626172542572 0.34008535742759705 0.0
0.7409574389457703 0.341543048620224 0.0
0.5254363417625427 0.3787756860256195 0.0
0.7333346009254456 0.3443846106529236 0.0
0.5353214740753174 0.3792838454246521 0.0
0.5684453248977661 0.3680894374847412 0.0
0.5776380896568298 0.36750999093055725 0.0
0.7512003779411316 0.34441742300987244 0.0
0.587528645992279 0.3656538724899292 0.0
0.6002978682518005 0.36641979217529297 0.0
0.6719093322753906 0.3512183427810669 0.0
0.6890033483505249 0.3487668037414551 0.0
0.7068458199501038 0.3478669822216034 0.0
0.7258379459381104 0.34793221950531006 0.0
0.7440887689590454 0.3467176854610443 0.0
0.6825677156448364 0.3513501286506653 0.0
0.7000648975372314 0.35098034143447876 0.0
0.7170787453651428 0.35025715827941895 0.0
0.405397891998291 0.6636636257171631 0.0
0.3989405632019043 0.6578480005264282 0.0
0.4274458885192871 0.6681392192840576 0.0
0.4391341209411621 0.670580267906189 0.0
0.38194143772125244 0.6541102528572083 0.0
0.4472384452819824 0.6763190031051636 0.0
0.4528106451034546 0.6807469725608826 0.0
0.45851320028305054 0.6763857007026672 0.0
0.3668959140777588 0.6460115313529968 0.0
0.38004058599472046 0.6478376388549805 0.0
0.46190160512924194 0.6819989681243896 0.0
0.47502589225769043 0.6829321384429932 0.0
0.35115188360214233 0.6361322999000549 0.0
0.3594595789909363 0.6405817866325378 0.0
0.4889896512031555 0.688006579875946 0.0
0.49795860052108765 0.6941613554954529 0.0
0.5153287053108215 0.6973428130149841 0.0
0.16211754083633423 0.5790663361549377 0.0
0.16870075464248657 0.5797672867774963 0.0
0.1755596399307251 0.5829185843467712 0.0
0.18439412117004395 0.5830894708633423 0.0
0.3334459662437439 0.6247286796569824 0.0
0.20477908849716187 0.583527147769928 0.0
0.20865792036056519 0.5861120223999023 0.0
0.22100192308425903 0.5913215279579163 0.0
0.2192380428314209 0.5856493711471558 0.0
0.22857308387756348 0.5946230292320251 0.0
0.5387335419654846 0.6969258785247803 0.0
0.14080405235290527 0.5755689144134521 0.0
0.23544329404830933 0.5880002975463867 0.0
0.3288953900337219 0.6185468435287476 0.0
0.5597130656242371 0.6993188858032227 0.0
0.26104289293289185 0.5966553688049316 0.0
0.32076966762542725 0.6146941781044006 0.0
0.5862929821014404 0.7076089382171631 0.0
0.5989906787872314 0.7124850749969482 0.0
0.13748139142990112 0.5730471611022949 0.0
0.284818172454834 0.6016569137573242 0.0
0.2921329736709595 0.60582435131073 0.0
0.30753469467163086 0.6086780428886414 0.0
0.6349738836288452 0.7163911461830139 0.0
0.6642735600471497 0.7260215282440186 0.0
0.1205371618270874 0.5682170987129211 0.0
0.11628413200378418 0.5655907392501831 0.0
0.11225134134292603 0.563113272190094 0.0
0.7114653587341309 0.7263611555099487 0.0
0.7317774891853333 0.7318342328071594 0.0
0.781482994556427 0.7409511804580688 0.0
0.10896676778793335 0.5605966448783875 0.0
0.10433214902877808 0.5571184158325195 0.0
0.813243567943573 0.7448792457580566 0.0
0.8855929970741272 0.1918005645275116 0.0
0.8851836323738098 0.1917515993118286 0.0
0.8856310248374939 0.19148048758506775 0.0
0.8629038333892822 0.7536835074424744 0.0
0.8793372511863708 0.7610360980033875 0.0
0.903962254524231 0.7606144547462463 0.0
0.8853497505187988 0.19102108478546143 0.0
0.8851122260093689 0.1920224130153656 0.0
0.8848834037780762 0.19218027591705322 0.0
0.10118496417999268 0.5527305603027344 0.0
0.927107572555542 0.7652509808540344 0.0
0.8853196501731873 0.19057802855968475 0.0
1.0 0.772779107093811 0.0
0.9909806847572327 0.21604029834270477 0.0
0.9838884472846985 0.21793320775032043 0.0
0.9761769771575928 0.2080891728401184 0.0
0.9617998003959656 0.1983521580696106 0.0
0.8848406672477722 0.19007308781147003 0.0
0.8842429518699646 0.19244073331356049 0.0
0.8841067552566528 0.1925746500492096 0.0
0.9360403418540955 0.187082901597023 0.0
0.9289422035217285 0.18332448601722717 0.0
0.9226950407028198 0.18153662979602814 0.0
0.916144609451294 0.1801277995109558 0.0
0.8838320374488831 0.1925252228975296 0.0
0.9049710631370544 0.17784403264522552 0.0
0.8844553828239441 0.18940742313861847 0.0
0.8836824297904968 0.18925361335277557 0.0
0.09721589088439941 0.5458081960678101 0.0
0.09562194347381592 0.5419703722000122 0.0
0.8969036936759949 0.17767475545406342 0.0
0.8934670686721802 0.17772051692008972 0.0
0.8899898529052734 0.17541374266147614 0.0
0.8897780776023865 0.17839111387729645 0.0
0.8838192820549011 0.19265253841876984 0.0
0.09365469217300415 0.540156900882721 0.0
0.8869821429252625 0.1760430932044983 0.0
0.8856080770492554 0.17773303389549255 0.0
0.8829691410064697 0.18886049091815948 0.0
0.8838033080101013 0.19279536604881287 0.0
0.09680736064910889 0.5385619401931763 0.0
0.8824664354324341 0.18929389119148254 0.0
0.09449470043182373 0.5358550548553467 0.0
0.8816280961036682 0.17777487635612488 0.0
0.8845409154891968 0.17974252998828888 0.0
0.8821598887443542 0.18013498187065125 0.0
0.8800099492073059 0.17972607910633087 0.0
0.8818979859352112 0.18856391310691833 0.0
0.88331139087677 0.19273392856121063 0.0
0.09366512298583984 0.531025767326355 0.0
0.8809400200843811 0.1881617158651352 0.0
0.8782343864440918 0.18125860393047333 0.0
0.8802732229232788 0.1884543001651764 0.0
0.8762444853782654 0.1821308434009552 0.0
0.0954124927520752 0.5188254714012146 0.0
0.8732776641845703 0.18144471943378448 0.0
0.8795146346092224 0.18877215683460236 0.0
0.8824092745780945 0.19255001842975616 0.0
0.8827085494995117 0.19276174902915955 0.0
0.09852045774459839 0.5127344727516174 0.0
0.878822386264801 0.1893247365951538 0.0
0.8783687353134155 0.19018171727657318 0.0
0.8817071318626404 0.19267810881137848 0.0
0.8813320994377136 0.19241337478160858 0.0
0.88167405128479 0.1923491209745407 0.0
0.8813830614089966 0.19214749336242676 0.0
0.1458567976951599 0.5 0.0
0.8810263872146606 0.19208665192127228 0.0
0.16021400690078735 0.4959288537502289 0.0
0.8788962364196777 0.1911517083644867 0.0
0.8778762221336365 0.1908995658159256 0.0
0.8799241185188293 0.19139014184474945 0.0
0.8804345726966858 0.19193536043167114 0.0
0.8599425554275513 0.1830204427242279 0.0
0.18026983737945557 0.4916633069515228 0.0
0.8580003976821899 0.18718785047531128 0.0
0.20509397983551025 0.4728706479072571 0.0
0.21803587675094604 0.4671512544155121 0.0
0.8525429368019104 0.19030380249023438 0.0
0.23311883211135864 0.46338704228401184 0.0
0.24770212173461914 0.45896750688552856 0.0
0.8468474745750427 0.19310863316059113 0.0
0.8427740931510925 0.19557440280914307 0.0
0.2605970501899719 0.4530669152736664 0.0
0.273608922958374 0.4491613209247589 0.0
0.2850497364997864 0.4466268718242645 0.0
0.29010677337646484 0.4417783319950104 0.0
0.8373832702636719 0.2071772962808609 0.0
0.8340886235237122 0.20963619649410248 0.0
0.8413931131362915 0.20433969795703888 0.0
0.30393511056900024 0.4401549696922302 0.0
0.8519889116287231 0.2779068052768707 0.0
0.8516979813575745 0.2838519811630249 0.0
0.8450621962547302 0.26380133628845215 0.0
0.8534326553344727 0.2709118127822876 0.0
0.8447768092155457 0.2571323812007904 0.0
0.8336950540542603 0.21391846239566803 0.0
0.3269317150115967 0.4322128891944885 0.0
0.3379182815551758 0.4305889308452606 0.0
0.8441905975341797 0.2863704562187195 0.0
0.835231363773346 0.24904432892799377 0.0
0.832563042640686 0.21948489546775818 0.0
0.347703218460083 0.4285498857498169 0.0
0.8262858390808105 0.22290939092636108 0.0
0.3495725393295288 0.4241890609264374 0.0
0.836357593536377 0.29015570878982544 0.0
0.359997034072876 0.42251136898994446 0.0
0.8278704881668091 0.2940027415752411 0.0
0.8287768363952637 0.233390673995018 0.0
0.3708919882774353 0.4207921326160431 0.0
0.835324764251709 0.3049411177635193 0.0
0.3783811926841736 0.4171561896800995 0.0
0.3905724883079529 0.41671034693717957 0.0
0.4058469533920288 0.41092395782470703 0.0
0.7951323390007019 0.31806206703186035 0.0
0.7893379926681519 0.32266902923583984 0.0
0.4381325840950012 0.40134456753730774 0.0
0.4470290541648865 0.3993526101112366 0.0
0.4565896987915039 0.39943456649780273 0.0
0.7763246893882751 0.32904523611068726 0.0
0.4655470848083496 0.39737990498542786 0.0
0.782630205154419 0.3349948227405548 0.0
0.7767249345779419 0.33937200903892517 0.0
0.49575209617614746 0.3880566656589508 0.0
0.4991324543952942 0.38476645946502686 0.0
0.5081340074539185 0.38868874311447144 0.0
0.7721055746078491 0.3437519371509552 0.0
0.7593871355056763 0.34239980578422546 0.0
0.5165783166885376 0.3850015103816986 0.0
0.7597429752349854 0.34677454829216003 0.0
0.7685515880584717 0.34756606817245483 0.0
0.5459933876991272 0.37931185960769653 0.0
0.5518969297409058 0.37515199184417725 0.0
0.5632522106170654 0.3726526200771332 0.0
0.5748907923698425 0.3725932836532593 0.0
0.586307942867279 0.37228235602378845 0.0
0.610142171382904 0.3656971752643585 0.0
0.6169715523719788 0.3632234036922455 0.0
0.6237726807594299 0.3608490526676178 0.0
0.6329778432846069 0.3605388402938843 0.0
0.6435376405715942 0.36032286286354065 0.0
0.64729243516922 0.35675662755966187 0.0
0.6559891700744629 0.356009840965271 0.0
0.7543258666992188 0.34874746203422546 0.0
0.7639397978782654 0.35026806592941284 0.0
0.6682970523834229 0.3564085364341736 0.0
0.6824970841407776 0.35615167021751404 0.0
0.692671000957489 0.3538217544555664 0.0
0.7107688188552856 0.35334792733192444 0.0
0.7248473167419434 0.3526657819747925 0.0
0.7373966574668884 0.34964892268180847 0.0
0.7479256391525269 0.35126689076423645 0.0
0.7212591767311096 0.355998158454895 0.0
0.7324070930480957 0.35314348340034485 0.0
0.7420076727867126 0.35433509945869446 0.0
0.758037269115448 0.3526167571544647 0.0
0.728883683681488 0.35599908232688904 0.0
0.4198318123817444 0.6629257798194885 0.0
0.4094778895378113 0.6589891314506531 0.0
0.39209192991256714 0.6518322825431824 0.0
0.4533788561820984 0.6707358360290527 0.0
0.46785151958465576 0.6775297522544861 0.0
0.36392176151275635 0.6337489485740662 0.0
0.3730289936065674 0.638445258140564 0.0
0.5063130259513855 0.6885987520217896 0.0
0.49811697006225586 0.6844558119773865 0.0
0.3557742238044739 0.6285650134086609 0.0
0.5241073966026306 0.6894503831863403 0.0
0.158657968044281 0.5768209099769592 0.0
0.16930043697357178 0.5773764848709106 0.0
0.17645001411437988 0.5801976323127747 0.0
0.1847330927848816 0.5802177786827087 0.0
0.1922650933265686 0.5828715562820435 0.0
0.19624865055084229 0.5843624472618103 0.0
0.3468150496482849 0.6221956610679626 0.0
0.14837616682052612 0.5752492547035217 0.0
0.21462994813919067 0.5820725560188293 0.0
0.22656458616256714 0.5868867635726929 0.0
0.3379642367362976 0.6200321912765503 0.0
0.14106333255767822 0.5716704726219177 0.0
0.1292840838432312 0.5693456530570984 0.0
0.2532183527946472 0.5912351012229919 0.0
0.32991158962249756 0.6112480759620667 0.0
0.5816229581832886 0.6981919407844543 0.0
0.27400559186935425 0.5972058773040771 0.0
0.31876933574676514 0.60930997133255 0.0
0.3154482841491699 0.6034525632858276 0.0
0.616034746170044 0.7077960968017578 0.0
0.12097615003585815 0.5669476389884949 0.0
0.2849637269973755 0.5925538539886475 0.0
0.30266332626342773 0.6016299724578857 0.0
0.29789894819259644 0.5940761566162109 0.0
0.6579867601394653 0.7168653011322021 0.0
0.676412045955658 0.7197065353393555 0.0
0.11692482233047485 0.5649085640907288 0.0
0.6966593861579895 0.7169926762580872 0.0
0.11316043138504028 0.5626858472824097 0.0
0.7472475171089172 0.7279212474822998 0.0
0.10829776525497437 0.5595557689666748 0.0
0.7683311700820923 0.7304086089134216 0.0
0.8860384225845337 0.19181394577026367 0.0
0.8860705494880676 0.19136236608028412 0.0
0.104644775390625 0.5563414692878723 0.0
0.7932341694831848 0.733170211315155 0.0
0.885805606842041 0.19086000323295593 0.0
0.885558009147644 0.19219936430454254 0.0
0.8852684497833252 0.19239583611488342 0.0
0.8448055982589722 0.7455160021781921 0.0
0.8832980394363403 0.7537024617195129 0.0
0.8857858180999756 0.19029946625232697 0.0
0.8849250674247742 0.1925419420003891 0.0
0.10036522150039673 0.5496358275413513 0.0
0.10085153579711914 0.5507080554962158 0.0
0.09991741180419922 0.54888516664505 0.0
0.10175246000289917 0.5525076389312744 0.0
0.8709644675254822 0.7456327676773071 0.0
0.9258968830108643 0.7571843862533569 0.0
0.9486702680587769 0.7655170559883118 0.0
0.8852310180664062 0.18967454135417938 0.0
0.8860757946968079 0.18957746028900146 0.0
0.8846153020858765 0.19267620146274567 0.0
0.09957671165466309 0.5452252626419067 0.0
0.09957671165466309 0.5452252626419067 0.0
0.09957671165466309 0.5452252626419067 0.0
0.09987413883209229 0.5468891263008118 0.0
0.974640429019928 0.7653546333312988 0.0
0.9943504333496094 0.22417043149471283 0.0
0.9684118032455444 0.2052602916955948 0.0
0.8850668668746948 0.18902547657489777 0.0
0.8858574032783508 0.1886771023273468 0.0
0.8843170404434204 0.19276176393032074 0.0
0.09962338209152222 0.5434356331825256 0.0
0.0996209979057312 0.5435290336608887 0.0
0.09962719678878784 0.5432898998260498 0.0
0.0996091365814209 0.5439814329147339 0.0
0.09922558069229126 0.5441917181015015 0.0
1.0 0.7661904692649841 0.0
0.9721137881278992 0.21288944780826569 0.0
0.9627003073692322 0.2067667841911316 0.0
0.9545757174491882 0.20140446722507477 0.0
0.9469180107116699 0.19687816500663757 0.0
0.9406042098999023 0.1933577060699463 0.0
0.9303871393203735 0.18872231245040894 0.0
0.9102149605751038 0.1811845600605011 0.0
0.9056186079978943 0.18231667578220367 0.0
0.9005984663963318 0.18004736304283142 0.0
0.884928822517395 0.18831129372119904 0.0
0.8839918971061707 0.18858951330184937 0.0
0.8840188384056091 0.19273477792739868 0.0
0.09986895322799683 0.5415728688240051 0.0
0.8964928984642029 0.18001624941825867 0.0
0.8935766220092773 0.18047761917114258 0.0
0.8842769861221313 0.1874815970659256 0.0
0.09959477186203003 0.541124165058136 0.0
0.09821635484695435 0.5411924123764038 0.0
0.8912179470062256 0.18175967037677765 0.0
0.887758195400238 0.18011309206485748 0.0
0.8831761479377747 0.18669629096984863 0.0
0.8843468427658081 0.1863996982574463 0.0
0.8828033804893494 0.1877553015947342 0.0
0.10022425651550293 0.5403506755828857 0.0
0.10030728578567505 0.5397534966468811 0.0
0.8864488005638123 0.18159520626068115 0.0
0.8838187456130981 0.1815754771232605 0.0
0.885593056678772 0.18312513828277588 0.0
0.8833418488502502 0.18340539932250977 0.0
0.8849375247955322 0.18441110849380493 0.0
0.8834697604179382 0.1852724701166153 0.0
0.8823217153549194 0.1869422197341919 0.0
0.09991711378097534 0.5390536189079285 0.0
0.10093677043914795 0.5379218459129333 0.0
0.8813187479972839 0.18425646424293518 0.0
0.8819951415061951 0.18605023622512817 0.0
0.8836024403572083 0.19286596775054932 0.0
0.09916192293167114 0.5378921031951904 0.0
0.8812212944030762 0.18193970620632172 0.0
0.8806343078613281 0.1856779307126999 0.0
0.8812978863716125 0.18717314302921295 0.0
0.8834232091903687 0.19297009706497192 0.0
0.10101062059402466 0.5365090370178223 0.0
0.10009676218032837 0.5347126722335815 0.0
0.8835625648498535 0.1932584047317505 0.0
0.8831990361213684 0.19307196140289307 0.0
0.10012936592102051 0.5308446288108826 0.0
0.8787909150123596 0.1841273307800293 0.0
0.8795086145401001 0.18622884154319763 0.0
0.8799734711647034 0.18750755488872528 0.0
0.8830382227897644 0.1933279037475586 0.0
0.8827134370803833 0.19325345754623413 0.0
0.8828958868980408 0.19302977621555328 0.0
0.1007813811302185 0.5271563529968262 0.0
0.8826099634170532 0.19298796355724335 0.0
0.10825419425964355 0.5260825753211975 0.0
0.8759627938270569 0.1837427169084549 0.0
0.877720057964325 0.18538227677345276 0.0
0.8792390823364258 0.18798129260540009 0.0
0.10831677913665771 0.5221783518791199 0.0
0.1036561131477356 0.5198850631713867 0.0
0.8823687434196472 0.19280895590782166 0.0
0.10716718435287476 0.5154383182525635 0.0
0.8730825781822205 0.18350420892238617 0.0
0.8757755756378174 0.18542422354221344 0.0
0.8779154419898987 0.1882529854774475 0.0
0.11175328493118286 0.5109258890151978 0.0
0.8774112462997437 0.18925504386425018 0.0
0.8813202381134033 0.1928030103445053 0.0
0.12443768978118896 0.5027285218238831 0.0
0.8760648369789124 0.1902252584695816 0.0
0.8808485865592957 0.1924353539943695 0.0
0.13787120580673218 0.5 0.0
0.14201641082763672 0.5029211640357971 0.0
0.1558244228363037 0.5 0.0
0.8802798986434937 0.1924385279417038 0.0
0.8794969320297241 0.19209471344947815 0.0
0.16640907526016235 0.5 0.0
0.8772848844528198 0.19113919138908386 0.0
0.8785054087638855 0.1914483606815338 0.0
0.17372894287109375 0.5 0.0
0.19272416830062866 0.4886566996574402 0.0
0.8621953129768372 0.18712052702903748 0.0
0.20631122589111328 0.4828914403915405 0.0
0.21733152866363525 0.4764557480812073 0.0
0.8560249209403992 0.1900816261768341 0.0
0.23412621021270752 0.47374072670936584 0.0
0.8552998900413513 0.1924116611480713 0.0
0.8520131707191467 0.19353915750980377 0.0
0.849531888961792 0.19703713059425354 0.0
0.8467419147491455 0.2014305591583252 0.0
0.8394235968589783 0.19948352873325348 0.0
0.30008792877197266 0.44684115052223206 0.0
0.8542177677154541 0.2639208137989044 0.0
0.8639570474624634 0.2630239725112915 0.0
0.8659884929656982 0.2713165283203125 0.0
0.8538073897361755 0.2565721273422241 0.0
0.8408631086349487 0.21290798485279083 0.0
0.8425549864768982 0.2085363119840622 0.0
0.31880903244018555 0.4368695616722107 0.0
0.866214394569397 0.2877068519592285 0.0
0.8667184710502625 0.2794440686702728 0.0
0.8397964239120483 0.21859008073806763 0.0
0.8576663732528687 0.29009154438972473 0.0
0.845925509929657 0.25098052620887756 0.0
0.8420222401618958 0.22449862957000732 0.0
0.8535414338111877 0.2957985997200012 0.0
0.843926191329956 0.24352803826332092 0.0
0.8329066634178162 0.2397751361131668 0.0
0.8382688164710999 0.23561309278011322 0.0
0.835225522518158 0.22552160918712616 0.0
0.8324779272079468 0.2293432652950287 0.0
0.8416748642921448 0.29771944880485535 0.0
0.8294481039047241 0.3127304017543793 0.0
0.3981274962425232 0.4137243628501892 0.0
0.8193203210830688 0.3176497220993042 0.0
0.8071808218955994 0.31975191831588745 0.0
0.42135322093963623 0.41124528646469116 0.0
0.4296378493309021 0.4059227406978607 0.0
0.803479790687561 0.3260217607021332 0.0
0.44913673400878906 0.4036199152469635 0.0
0.7909155488014221 0.33009612560272217 0.0
0.7935952544212341 0.33704450726509094 0.0
0.4822656512260437 0.39576664566993713 0.0
0.7906097173690796 0.3423636853694916 0.0
0.4988701343536377 0.3924218416213989 0.0
0.7835954427719116 0.34594690799713135 0.0
0.7801457643508911 0.34988296031951904 0.0
0.5287028551101685 0.3840896487236023 0.0
0.5216929912567139 0.3887971043586731 0.0
0.5422416925430298 0.38341498374938965 0.0
0.5512803792953491 0.38272199034690857 0.0
0.5546827912330627 0.3799048364162445 0.0
0.7733829617500305 0.35183843970298767 0.0
0.7820574641227722 0.3544429838657379 0.0
0.5626396536827087 0.37839585542678833 0.0
0.5712608695030212 0.3767719268798828 0.0
0.5944588780403137 0.3701828718185425 0.0
0.6029855608940125 0.3719768524169922 0.0
0.6104006171226501 0.3699376881122589 0.0
0.6285992860794067 0.36536362767219543 0.0
0.6533951759338379 0.3602144718170166 0.0
0.6191686987876892 0.36810895800590515 0.0
0.6402819752693176 0.3648366630077362 0.0
0.6505628228187561 0.3644566237926483 0.0
0.661824643611908 0.35965490341186523 0.0
0.6775041222572327 0.35971856117248535 0.0
0.7675677537918091 0.3538604974746704 0.0
0.7754672765731812 0.35503190755844116 0.0
0.6974238157272339 0.35966023802757263 0.0
0.687057375907898 0.36163681745529175 0.0
0.7042518258094788 0.3561885356903076 0.0
0.751956582069397 0.3553106188774109 0.0
0.7615528702735901 0.3562321960926056 0.0
0.7712529897689819 0.3574586510658264 0.0
0.7368429899215698 0.3579982817173004 0.0
0.7467023730278015 0.35850265622138977 0.0
0.7299203872680664 0.3600621819496155 0.0
0.7558003067970276 0.3589648902416229 0.0
0.764181911945343 0.3597174286842346 0.0
0.40686964988708496 0.653208315372467 0.0
0.41707295179367065 0.657152533531189 0.0
0.4341343641281128 0.664238691329956 0.0
0.44674068689346313 0.6650537252426147 0.0
0.40012282133102417 0.6476901173591614 0.0
0.4661157727241516 0.6717926263809204 0.0
0.39111512899398804 0.6457842588424683 0.0
0.385640025138855 0.6407850384712219 0.0
0.47802263498306274 0.6750450730323792 0.0
0.4916377067565918 0.6797317862510681 0.0
0.5086126327514648 0.6813119053840637 0.0
0.5164134502410889 0.6851041913032532 0.0
0.3696736693382263 0.6267216801643372 0.0
0.37650907039642334 0.6310706734657288 0.0
0.16889482736587524 0.5754566192626953 0.0
0.1634947657585144 0.5747119188308716 0.0
0.1776089072227478 0.5776493549346924 0.0
0.1850796937942505 0.5777810215950012 0.0
0.19329780340194702 0.5799960494041443 0.0
0.20196199417114258 0.5803582072257996 0.0
0.5415784120559692 0.6873992085456848 0.0
0.5530431270599365 0.6922796964645386 0.0
0.15625905990600586 0.5746742486953735 0.0
0.1496981978416443 0.573418140411377 0.0
0.21086609363555908 0.5798330903053284 0.0
0.22506004571914673 0.5799676179885864 0.0
0.23081159591674805 0.582852303981781 0.0
0.3415642976760864 0.6146032810211182 0.0
0.5659311413764954 0.6924384832382202 0.0
0.1369621753692627 0.5705037117004395 0.0
0.5977234244346619 0.7044640183448792 0.0
0.6058143377304077 0.6965557932853699 0.0
0.251068115234375 0.5839011073112488 0.0
0.26689666509628296 0.5841753482818604 0.0
0.2721657156944275 0.5911292433738708 0.0
0.3285001516342163 0.6031504273414612 0.0
0.6321945190429688 0.7078738212585449 0.0
0.12208986282348633 0.5667968988418579 0.0
0.1297163963317871 0.5689226984977722 0.0
0.6482571959495544 0.7070339322090149 0.0
0.1167803406715393 0.5645529627799988 0.0
0.6725068092346191 0.7110779881477356 0.0
0.11301898956298828 0.5625550150871277 0.0
0.11330670118331909 0.5627164840698242 0.0
0.11352312564849854 0.5628372430801392 0.0
0.11436504125595093 0.5633020401000977 0.0
0.11201304197311401 0.5619391798973083 0.0
0.7277364730834961 0.7191546559333801 0.0
0.8865249156951904 0.19183014333248138 0.0
0.8866305351257324 0.19148626923561096 0.0
0.8864060640335083 0.19214394688606262 0.0
0.8860257267951965 0.1921953558921814 0.0
0.10679823160171509 0.5582363605499268 0.0
0.8864809274673462 0.19098202884197235 0.0
0.8860688805580139 0.19265489280223846 0.0
0.8856277465820312 0.19259724020957947 0.0
0.10572260618209839 0.5572898387908936 0.0
0.8134964108467102 0.7345019578933716 0.0
0.8867437839508057 0.1903735101222992 0.0
0.8854289054870605 0.19282494485378265 0.0
0.10162252187728882 0.5522481203079224 0.0
0.1016576886177063 0.5523183941841125 0.0
0.10164541006088257 0.5522937178611755 0.0
0.8300430178642273 0.7381036281585693 0.0
0.8880236148834229 0.18880082666873932 0.0
0.8867470026016235 0.18822777271270752 0.0
0.8877326250076294 0.18767324090003967 0.0
0.8878644108772278 0.18970733880996704 0.0
0.8868970274925232 0.18912145495414734 0.0
0.8870638012886047 0.1898535043001175 0.0
0.10060840845108032 0.5501720309257507 0.0
0.8523142337799072 0.7356604337692261 0.0
0.9001244902610779 0.7488183975219727 0.0
0.8900244832038879 0.18608075380325317 0.0
0.8884231448173523 0.18581221997737885 0.0
0.8888809680938721 0.18483786284923553 0.0
0.8888877034187317 0.18698039650917053 0.0
0.8865249752998352 0.1873950958251953 0.0
0.8850138783454895 0.1930021047592163 0.0
0.9267768263816833 0.7479209303855896 0.0
0.9498558640480042 0.7563515901565552 0.0
0.9219591617584229 0.18862415850162506 0.0
0.9252089858055115 0.18653085827827454 0.0
0.9265404343605042 0.1920618861913681 0.0
0.9197319149971008 0.1849159449338913 0.0
0.917506992816925 0.1879749447107315 0.0
0.9144709706306458 0.18453168869018555 0.0
0.9098637104034424 0.18502795696258545 0.0
0.8907161355018616 0.18428930640220642 0.0
0.8870769143104553 0.18643923103809357 0.0
0.8856218457221985 0.18781420588493347 0.0
0.8846467137336731 0.19287508726119995 0.0
0.9744361042976379 0.7565916776657104 0.0
0.9910429120063782 0.22998051345348358 0.0
0.9781176447868347 0.22412045300006866 0.0
0.9648193717002869 0.21520566940307617 0.0
0.956820011138916 0.20810353755950928 0.0
0.9488749504089355 0.20499074459075928 0.0
0.9344701766967773 0.19457055628299713 0.0
0.9023284316062927 0.1836692839860916 0.0
0.8988061547279358 0.18251655995845795 0.0
0.8961115479469299 0.18203844130039215 0.0
0.8946325182914734 0.18330295383930206 0.0
0.8928254842758179 0.18395715951919556 0.0
0.8889027833938599 0.1821577250957489 0.0
0.8879739046096802 0.18338628113269806 0.0
0.8869255781173706 0.1847943514585495 0.0
0.8854944109916687 0.1868458241224289 0.0
0.09981280565261841 0.5420293211936951 0.0
0.09988963603973389 0.541619062423706 0.0
1.0 0.7585948705673218 0.0
0.8853751420974731 0.18566100299358368 0.0
0.8842714428901672 0.19293378293514252 0.0
0.09999728202819824 0.5411657094955444 0.0
0.09993237257003784 0.5414299368858337 0.0
0.8840386271476746 0.19289450347423553 0.0
0.8840819001197815 0.19310440123081207 0.0
0.10126477479934692 0.5378487706184387 0.0
0.10122263431549072 0.5379301905632019 0.0
0.10125076770782471 0.5378758311271667 0.0
0.10125774145126343 0.5378623604774475 0.0
0.10082447528839111 0.5387819409370422 0.0
0.10062599182128906 0.5392347574234009 0.0
0.10102295875549316 0.5383291840553284 0.0
0.10042506456375122 0.5397927761077881 0.0
0.1013382077217102 0.5377097129821777 0.0
0.10132718086242676 0.5377306342124939 0.0
0.10134929418563843 0.5376887321472168 0.0
0.10131257772445679 0.5377583503723145 0.0
0.10132449865341187 0.5377357602119446 0.0
0.1012689471244812 0.5378316044807434 0.0
0.10092705488204956 0.5384659767150879 0.0
0.10144257545471191 0.537516176700592 0.0
0.10144597291946411 0.5375100374221802 0.0
0.10140806436538696 0.5375800728797913 0.0
0.10142529010772705 0.5375481247901917 0.0
0.10169672966003418 0.5370457172393799 0.0
0.8833177089691162 0.19336766004562378 0.0
0.8836838603019714 0.19358126819133759 0.0
0.8837458491325378 0.1931031495332718 0.0
0.10144615173339844 0.5375096797943115 0.0
0.1014629602432251 0.5373640060424805 0.0
0.8832202553749084 0.19366277754306793 0.0
0.8828718066215515 0.1936047375202179 0.0
0.10152143239974976 0.5373726487159729 0.0
0.10226863622665405 0.5358028411865234 0.0
0.10322654247283936 0.5336228609085083 0.0
0.10724461078643799 0.5302508473396301 0.0
0.10494124889373779 0.530397355556488 0.0
0.8781170845031738 0.1868700236082077 0.0
0.8823909163475037 0.19311034679412842 0.0
0.11400657892227173 0.5170653462409973 0.0
0.8758834600448608 0.1870581954717636 0.0
0.11940515041351318 0.5123543739318848 0.0
0.8732842803001404 0.18561798334121704 0.0
0.8814365863800049 0.19327393174171448 0.0
0.8807181119918823 0.1929551213979721 0.0
0.8817744255065918 0.19305868446826935 0.0
0.12635737657546997 0.5071689486503601 0.0
0.8758577108383179 0.18849758803844452 0.0
0.8736610412597656 0.1887812614440918 0.0
0.879928469657898 0.1927443891763687 0.0
0.8686155676841736 0.18835659325122833 0.0
0.8790770173072815 0.19278806447982788 0.0
0.8783484101295471 0.1922229379415512 0.0
0.8753629326820374 0.1912832409143448 0.0
0.1833655834197998 0.5 0.0
0.19049644470214844 0.5 0.0
0.8651109933853149 0.18560095131397247 0.0
0.866428792476654 0.18994306027889252 0.0
0.8627073764801025 0.19040152430534363 0.0
0.8597584962844849 0.19100022315979004 0.0
0.8588087558746338 0.19303634762763977 0.0
0.2444380521774292 0.4664178192615509 0.0
0.2549108862876892 0.46475332975387573 0.0
0.2638081908226013 0.4603607654571533 0.0
0.8551276922225952 0.19768503308296204 0.0
0.2751302719116211 0.4557950496673584 0.0
0.2873002886772156 0.45183032751083374 0.0
0.8759482502937317 0.2693391740322113 0.0
0.8885814547538757 0.27326956391334534 0.0
0.8832840323448181 0.28070706129074097 0.0
0.8821201920509338 0.2661878764629364 0.0
0.8727033734321594 0.26132920384407043 0.0
0.8789700865745544 0.2878086268901825 0.0
0.8624677658081055 0.2552992105484009 0.0
0.847630500793457 0.20717355608940125 0.0
0.31609171628952026 0.4432779550552368 0.0
0.8532148003578186 0.24945451319217682 0.0
0.8533720374107361 0.24369850754737854 0.0
0.861393392086029 0.24808740615844727 0.0
0.846280574798584 0.21108342707157135 0.0
0.32884538173675537 0.441087543964386 0.0
0.8451561331748962 0.21813181042671204 0.0
0.33691126108169556 0.436521053314209 0.0
0.8696625828742981 0.2973702847957611 0.0
0.8488792777061462 0.23787234723567963 0.0
0.8429625630378723 0.23082786798477173 0.0
0.8454723954200745 0.22174005210399628 0.0
0.3502519726753235 0.4332011640071869 0.0
0.8683193325996399 0.30543649196624756 0.0
0.36153095960617065 0.4287586212158203 0.0
0.8534841537475586 0.3048563599586487 0.0
0.37927401065826416 0.4274475872516632 0.0
0.8544830083847046 0.3144592046737671 0.0
0.3821568489074707 0.42105066776275635 0.0
0.3935939073562622 0.42284321784973145 0.0
0.8411740064620972 0.3149653971195221 0.0
0.40515315532684326 0.4163290858268738 0.0
0.39821767807006836 0.41918155550956726 0.0
0.8361361026763916 0.3210780620574951 0.0
0.8158970475196838 0.3250625431537628 0.0
0.43650346994400024 0.4109012186527252 0.0
0.44102978706359863 0.40635812282562256 0.0
0.4499674439430237 0.40983736515045166 0.0
0.8055052161216736 0.3327672481536865 0.0
0.4603111743927002 0.40538638830184937 0.0
0.8011921048164368 0.3360122740268707 0.0
0.4659338593482971 0.40116944909095764 0.0
0.4752606153488159 0.39940524101257324 0.0
0.48783159255981445 0.4000052511692047 0.0
0.804122269153595 0.3421485424041748 0.0
0.49271488189697266 0.39606165885925293 0.0
0.5039979219436646 0.3971538841724396 0.0
0.7936691045761108 0.3491024374961853 0.0
0.508812665939331 0.39405837655067444 0.0
0.5180103778839111 0.39328888058662415 0.0
0.7886735796928406 0.3506736159324646 0.0
0.7897180914878845 0.35418349504470825 0.0
0.5396590828895569 0.3877454102039337 0.0
0.5311120748519897 0.3890306353569031 0.0
0.5518069267272949 0.3871370255947113 0.0
0.7899917364120483 0.3577755093574524 0.0
0.5612549781799316 0.3835655152797699 0.0
0.5731880068778992 0.3818533718585968 0.0
0.5821582674980164 0.3780268430709839 0.0
0.5916573405265808 0.3771972060203552 0.0
0.5968577861785889 0.3746204376220703 0.0
0.7812032699584961 0.3579411208629608 0.0
0.6115268468856812 0.3740096986293793 0.0
0.6206939816474915 0.37339991331100464 0.0
0.6298572421073914 0.370903342962265 0.0
0.6377640962600708 0.36887475848197937 0.0
0.6617459058761597 0.3643641173839569 0.0
0.6705595254898071 0.3617565333843231 0.0
0.7893133163452148 0.36118084192276 0.0
0.6795594692230225 0.36334228515625 0.0
0.7765846252441406 0.3597666323184967 0.0
0.7818228006362915 0.36120375990867615 0.0
0.7089318633079529 0.360655277967453 0.0
0.7146664261817932 0.35859188437461853 0.0
0.7713990211486816 0.3610530197620392 0.0
0.7859774827957153 0.36305442452430725 0.0
0.7226411700248718 0.3605608642101288 0.0
0.736286997795105 0.3612874746322632 0.0
0.776765763759613 0.36203402280807495 0.0
0.7428264617919922 0.3622995913028717 0.0
0.7516047954559326 0.36206549406051636 0.0
0.759249210357666 0.3622698187828064 0.0
0.7662095427513123 0.36306050419807434 0.0
0.7808040976524353 0.36409518122673035 0.0
0.7621257305145264 0.3647935092449188 0.0
0.7733336091041565 0.3647591173648834 0.0
0.7669214010238647 0.3661193251609802 0.0
0.4202831983566284 0.6524376273155212 0.0
0.4295751452445984 0.6578322649002075 0.0
0.44082194566726685 0.6605033874511719 0.0
0.4125973582267761 0.6465647220611572 0.0
0.460967481136322 0.6644051671028137 0.0
0.4010580778121948 0.6414997577667236 0.0
0.4782170057296753 0.6665949821472168 0.0
0.4914373755455017 0.6716771125793457 0.0
0.5050461888313293 0.6743974089622498 0.0
0.386416494846344 0.6336508393287659 0.0
0.5281548500061035 0.6806779503822327 0.0
0.38016581535339355 0.6256529688835144 0.0
0.16101229190826416 0.573365330696106 0.0
0.17294251918792725 0.5732583403587341 0.0
0.1804523468017578 0.57459557056427 0.0
0.18560558557510376 0.5758221745491028 0.0
0.1935133934020996 0.5770562887191772 0.0
0.36378198862075806 0.6199198961257935 0.0
0.5592383146286011 0.6845198273658752 0.0
0.1537010669708252 0.5724590420722961 0.0
0.20302677154541016 0.5762043595314026 0.0
0.21393120288848877 0.5756537318229675 0.0
0.1458885669708252 0.5716791152954102 0.0
0.21968287229537964 0.5776547789573669 0.0
0.354120671749115 0.6151980757713318 0.0
0.5763745903968811 0.6874679923057556 0.0
0.5908894538879395 0.689873218536377 0.0
0.1297163963317871 0.5689226984977722 0.0
0.236066997051239 0.577042281627655 0.0
0.24252772331237793 0.5801283121109009 0.0
0.1297163963317871 0.5689226984977722 0.0
0.1297163963317871 0.5689226984977722 0.0
0.1297163963317871 0.5689226984977722 0.0
0.2618628144264221 0.5780797600746155 0.0
0.33914780616760254 0.6074065566062927 0.0
0.6283522844314575 0.7007205486297607 0.0
0.28367292881011963 0.5842149257659912 0.0
0.31906843185424805 0.5946899652481079 0.0
0.6436237096786499 0.6960803866386414 0.0
0.11821901798248291 0.5651609897613525 0.0
0.29643040895462036 0.5863628387451172 0.0
0.6651772260665894 0.7008902430534363 0.0
0.6885390281677246 0.7055292129516602 0.0
0.8870221972465515 0.19181279838085175 0.0
0.8869536519050598 0.19230405986309052 0.0
0.8865315914154053 0.19252952933311462 0.0
0.7094226479530334 0.7096982002258301 0.0
0.8869926929473877 0.19139732420444489 0.0
0.8872621059417725 0.1910468339920044 0.0
0.7546421885490417 0.720811128616333 0.0
0.8877910375595093 0.19054147601127625 0.0
0.8858577013015747 0.19289828836917877 0.0
0.7799473404884338 0.7217873930931091 0.0
0.8892465829849243 0.1891658753156662 0.0
0.8891564607620239 0.18823140859603882 0.0
0.8052826523780823 0.7260939478874207 0.0
0.827258288860321 0.7301402688026428 0.0
0.8921793699264526 0.1866718977689743 0.0
0.8907691836357117 0.18779778480529785 0.0
0.885403573513031 0.19313406944274902 0.0
0.8850765824317932 0.19324098527431488 0.0
0.8940514326095581 0.18685561418533325 0.0
0.8929086327552795 0.18538682162761688 0.0
0.8944981694221497 0.18541185557842255 0.0
0.8833320140838623 0.7379401326179504 0.0
0.9077175855636597 0.7407123446464539 0.0
0.9294999837875366 0.19840756058692932 0.0
0.9202679395675659 0.1916150152683258 0.0
0.9133006930351257 0.18736016750335693 0.0
0.9059626460075378 0.18565790355205536 0.0
0.9003981947898865 0.18519915640354156 0.0
0.897506833076477 0.1842060685157776 0.0
0.8965581059455872 0.18583641946315765 0.0
0.9273026585578918 0.7389442920684814 0.0
0.9504886269569397 0.7473082542419434 0.0
0.9551770091056824 0.21284514665603638 0.0
0.9616478085517883 0.21947182714939117 0.0
0.94135582447052 0.19953769445419312 0.0
0.9751882553100586 0.7478111386299133 0.0
0.9886821508407593 0.2369675487279892 0.0
0.9769980907440186 0.23251545429229736 0.0
0.9694405198097229 0.2235994040966034 0.0
0.9853443503379822 0.24270132184028625 0.0
0.883730411529541 0.19391442835330963 0.0
0.883998692035675 0.1934601068496704 0.0
0.8834456205368042 0.19367744028568268 0.0
0.1014450192451477 0.5375117659568787 0.0
0.10144633054733276 0.5375093221664429 0.0
0.10144728422164917 0.5375075936317444 0.0
0.10146909952163696 0.5374679565429688 0.0
0.10144650936126709 0.5375090837478638 0.0
0.10184866189956665 0.5368089079856873 0.0
0.10177236795425415 0.5369403958320618 0.0
0.10182374715805054 0.5368518829345703 0.0
0.10186827182769775 0.5367757081985474 0.0
0.1018829345703125 0.5367507934570312 0.0
0.1022186279296875 0.5362096428871155 0.0
0.8824948072433472 0.19346588850021362 0.0
0.10187560319900513 0.5367633104324341 0.0
0.10252988338470459 0.5357698202133179 0.0
0.10293149948120117 0.5352023243904114 0.0
0.10273033380508423 0.5354865193367004 0.0
0.10293155908584595 0.5352022647857666 0.0
0.10834681987762451 0.5296221971511841 0.0
0.11152011156082153 0.5266731977462769 0.0
0.11203962564468384 0.5269241333007812 0.0
0.11579066514968872 0.523481011390686 0.0
0.11709779500961304 0.521507978439331 0.0
0.12152808904647827 0.5178887844085693 0.0
0.12627136707305908 0.5137233734130859 0.0
0.8810595870018005 0.19361130893230438 0.0
0.8818812966346741 0.19340743124485016 0.0
0.1338452696800232 0.509494960308075 0.0
0.8800774812698364 0.19340397417545319 0.0
0.14711272716522217 0.5054308176040649 0.0
0.16039836406707764 0.5024985074996948 0.0
0.17472422122955322 0.5010815262794495 0.0
0.19705897569656372 0.5 0.0
0.8704016804695129 0.19135580956935883 0.0
0.8731266260147095 0.19165456295013428 0.0
0.8768609762191772 0.191964790225029 0.0
0.20704567432403564 0.4945685863494873 0.0
0.8665418028831482 0.19291576743125916 0.0
0.8696781992912292 0.19311529397964478 0.0
0.2237757444381714 0.4848897457122803 0.0
0.23881059885025024 0.4818030595779419 0.0
0.8634102940559387 0.1940539926290512 0.0
0.8610013723373413 0.19538338482379913 0.0
0.8575385212898254 0.19540424644947052 0.0
0.2530176043510437 0.47125259041786194 0.0
0.24688631296157837 0.4774499535560608 0.0
0.2659141421318054 0.46665504574775696 0.0
0.2790760397911072 0.46249786019325256 0.0
0.8543009757995605 0.20153701305389404 0.0
0.2878917455673218 0.4572523534297943 0.0
0.9073832035064697 0.28819847106933594 0.0
0.900705873966217 0.29015347361564636 0.0
0.8978651165962219 0.2816203534603119 0.0
0.8996397852897644 0.2751315236091614 0.0
0.8918785452842712 0.2663838863372803 0.0
0.8809927105903625 0.25973060727119446 0.0
0.3037828207015991 0.45461833477020264 0.0
0.8709486722946167 0.2538171708583832 0.0
0.8791173100471497 0.2518693208694458 0.0
0.852634847164154 0.20529210567474365 0.0
0.31600213050842285 0.4488753378391266 0.0
0.8692564964294434 0.24670571088790894 0.0
0.8930407762527466 0.29348084330558777 0.0
0.8514113426208496 0.21120871603488922 0.0
0.3285105228424072 0.44579580426216125 0.0
0.8850544095039368 0.29827186465263367 0.0
0.8599721193313599 0.24087657034397125 0.0
0.8511029481887817 0.22104941308498383 0.0
0.8497176766395569 0.22520513832569122 0.0
0.849362850189209 0.21541786193847656 0.0
0.342712938785553 0.4429745674133301 0.0
0.3511512279510498 0.43818390369415283 0.0
0.8548012375831604 0.23369631171226501 0.0
0.8490330576896667 0.2287624627351761 0.0
0.36445313692092896 0.435772180557251 0.0
0.8659066557884216 0.31197673082351685 0.0
0.3715592622756958 0.4318646490573883 0.0
0.8508473634719849 0.3225979208946228 0.0
0.4052189588546753 0.4211193025112152 0.0
0.4140048027038574 0.419561505317688 0.0
0.4184243083000183 0.4162612557411194 0.0
0.8292138576507568 0.32767894864082336 0.0
0.4312235116958618 0.4161139130592346 0.0
0.819857656955719 0.33365392684936523 0.0
0.4442586302757263 0.4157552123069763 0.0
0.47154539823532104 0.4044974744319916 0.0
0.8122631907463074 0.33852913975715637 0.0
0.4828178286552429 0.40413662791252136 0.0
0.8020272850990295 0.348081111907959 0.0
0.4991956949234009 0.4005110561847687 0.0
0.8021277785301208 0.35295572876930237 0.0
0.5160448551177979 0.39836153388023376 0.0
0.5264713168144226 0.3968389928340912 0.0
0.5282381176948547 0.3926207423210144 0.0
0.7959763407707214 0.35374221205711365 0.0
0.802592396736145 0.3562987744808197 0.0
0.7994927763938904 0.3583376705646515 0.0
0.5376501679420471 0.3918095529079437 0.0
0.796943724155426 0.3611088991165161 0.0
0.5794083476066589 0.3863109052181244 0.0
0.585076093673706 0.3835616111755371 0.0
0.5930760502815247 0.3815096914768219 0.0
0.6006017923355103 0.3793635368347168 0.0
0.6067874431610107 0.3766132593154907 0.0
0.6482371687889099 0.36935245990753174 0.0
0.6566033363342285 0.36782389879226685 0.0
0.6648938059806824 0.3695591688156128 0.0
0.79643714427948 0.3637242317199707 0.0
0.6755691170692444 0.367798388004303 0.0
0.7910761833190918 0.3642005920410156 0.0
0.6878060102462769 0.36658626794815063 0.0
0.6976417303085327 0.36508309841156006 0.0
0.7076480984687805 0.36437544226646423 0.0
0.7959209084510803 0.36596906185150146 0.0
0.7192148566246033 0.3643081784248352 0.0
0.7866677045822144 0.365200400352478 0.0
0.7913463115692139 0.36630651354789734 0.0
0.7949187755584717 0.3676344156265259 0.0
0.7993700504302979 0.36776992678642273 0.0
0.797833263874054 0.3690313994884491 0.0
0.8019430041313171 0.3691362142562866 0.0
0.7277430295944214 0.3634553849697113 0.0
0.7358302474021912 0.3644222617149353 0.0
0.7876023650169373 0.36720314621925354 0.0
0.8013392090797424 0.3699731230735779 0.0
0.8046035766601562 0.3715497851371765 0.0
0.8041407465934753 0.37167853116989136 0.0
0.8061574101448059 0.3719754219055176 0.0
0.8082319498062134 0.37248313426971436 0.0
0.8085870146751404 0.3725701868534088 0.0
0.8090201616287231 0.3726738393306732 0.0
0.8091586232185364 0.3727079927921295 0.0
0.8092274069786072 0.37272486090660095 0.0
0.809270977973938 0.37273553013801575 0.0
0.80922532081604 0.37272435426712036 0.0
0.8092232346534729 0.37272384762763977 0.0
0.7442024946212769 0.36658570170402527 0.0
0.7491976618766785 0.36490991711616516 0.0
0.7561367750167847 0.3654462695121765 0.0
0.7828735709190369 0.36668965220451355 0.0
0.7912623882293701 0.3677348792552948 0.0
0.7931690216064453 0.3687944710254669 0.0
0.7985892295837402 0.37001219391822815 0.0
0.800888180732727 0.3706505596637726 0.0
0.8036230206489563 0.37111103534698486 0.0
0.8021522164344788 0.3711385726928711 0.0
0.8055444359779358 0.37194162607192993 0.0
0.8072676658630371 0.3722527027130127 0.0
0.8073737025260925 0.37229859828948975 0.0
0.8088697791099548 0.37263795733451843 0.0
0.8089614510536194 0.3726600110530853 0.0
0.8091930150985718 0.37271642684936523 0.0
0.7784435153007507 0.3664073348045349 0.0
0.7952626347541809 0.36980754137039185 0.0
0.7992700934410095 0.37102219462394714 0.0
0.8020057082176208 0.3713476359844208 0.0
0.8076614141464233 0.37236127257347107 0.0
0.8080409169197083 0.37244391441345215 0.0
0.8087000846862793 0.37259727716445923 0.0
0.8086445331573486 0.37258395552635193 0.0
0.8089423775672913 0.3726554214954376 0.0
0.8089418411254883 0.37265530228614807 0.0
0.8089518547058105 0.3726577162742615 0.0
0.7621331214904785 0.36731207370758057 0.0
0.7713826298713684 0.36808153986930847 0.0
0.7756332755088806 0.36765605211257935 0.0
0.7844252586364746 0.3685563802719116 0.0
0.7888401746749878 0.3687259554862976 0.0
0.7907356023788452 0.3699846863746643 0.0
0.7972994446754456 0.37052011489868164 0.0
0.8023658990859985 0.37148040533065796 0.0
0.8041321635246277 0.37171557545661926 0.0
0.8048014640808105 0.371822714805603 0.0
0.807590663433075 0.37234586477279663 0.0
0.807625949382782 0.37235355377197266 0.0
0.8074823617935181 0.3723222613334656 0.0
0.8078509569168091 0.372402548789978 0.0
0.7667041420936584 0.36896955966949463 0.0
0.7795366048812866 0.36857327818870544 0.0
0.7856747508049011 0.370134174823761 0.0
0.8031726479530334 0.3715883195400238 0.0
0.8036523461341858 0.37165194749832153 0.0
0.8044670820236206 0.3717691898345947 0.0
0.8048784732818604 0.37183502316474915 0.0
0.8048399686813354 0.3718288838863373 0.0
0.7820093035697937 0.3698940873146057 0.0
0.4324958324432373 0.6514356732368469 0.0
0.4420574903488159 0.6553671360015869 0.0
0.4508001208305359 0.6594977974891663 0.0
0.424511194229126 0.6478627920150757 0.0
0.42420899868011475 0.6428250670433044 0.0
0.460437536239624 0.6577553749084473 0.0
0.4146248698234558 0.6402488946914673 0.0
0.39657294750213623 0.635710597038269 0.0
0.49454784393310547 0.6649388074874878 0.0
0.5034841299057007 0.6687331795692444 0.0
0.5177685618400574 0.6756106615066528 0.0
0.38841646909713745 0.6271626949310303 0.0
0.401359498500824 0.6285738348960876 0.0
0.5458900928497314 0.6799184679985046 0.0
0.16959702968597412 0.5722194910049438 0.0
0.19192349910736084 0.5753859281539917 0.0
0.20220947265625 0.5725235939025879 0.0
0.3794703483581543 0.6198856830596924 0.0
0.3751993775367737 0.6141798496246338 0.0
0.14201271533966064 0.5711687207221985 0.0
0.14201271533966064 0.5711687207221985 0.0
0.14201271533966064 0.5711687207221985 0.0
0.15333694219589233 0.5721770524978638 0.0
0.22429734468460083 0.5736662745475769 0.0
0.3655012845993042 0.6111841797828674 0.0
0.5877897143363953 0.6817720532417297 0.0
0.1297163963317871 0.5689226984977722 0.0
0.1297163963317871 0.5689226984977722 0.0
0.13948869705200195 0.5708364248275757 0.0
0.2298508882522583 0.5749630928039551 0.0
0.35227906703948975 0.6072894930839539 0.0
0.6031919121742249 0.6858636140823364 0.0
0.2403739094734192 0.5714841485023499 0.0
0.2472003698348999 0.5734345316886902 0.0
0.2543540596961975 0.5759828090667725 0.0
0.34232527017593384 0.6007371544837952 0.0
0.6228769421577454 0.6897919774055481 0.0
0.2723499536514282 0.5748310089111328 0.0
0.2794194221496582 0.5781701803207397 0.0
0.3335535526275635 0.5956094264984131 0.0
0.8871471881866455 0.19287486374378204 0.0
0.8875662684440613 0.19267208874225616 0.0
0.887110710144043 0.1931915283203125 0.0
0.8866578936576843 0.1929638534784317 0.0
0.29546964168548584 0.580231785774231 0.0
0.3095446825027466 0.5874959826469421 0.0
0.8875197172164917 0.19216704368591309 0.0
0.8868535757064819 0.19331590831279755 0.0
0.8862743377685547 0.1931961476802826 0.0
0.30566924810409546 0.5794158577919006 0.0
0.8874894976615906 0.19163677096366882 0.0
0.7061495780944824 0.6999412775039673 0.0
0.8880301117897034 0.19137489795684814 0.0
0.885932445526123 0.19321991503238678 0.0
0.7273239493370056 0.707549512386322 0.0
0.744072675704956 0.712902843952179 0.0
0.8925777673721313 0.18824461102485657 0.0
0.8920199275016785 0.1892283409833908 0.0
0.8904091119766235 0.18912985920906067 0.0
0.889893114566803 0.19014695286750793 0.0
0.888748288154602 0.18961051106452942 0.0
0.8887491822242737 0.19032734632492065 0.0
0.7625720500946045 0.7131156921386719 0.0
0.7798929810523987 0.7126570343971252 0.0
0.7977416515350342 0.7164366841316223 0.0
0.895781397819519 0.18733705580234528 0.0
0.8977646231651306 0.18822813034057617 0.0
0.8949520587921143 0.18848130106925964 0.0
0.8936291337013245 0.18797516822814941 0.0
0.8218784928321838 0.7203900218009949 0.0
0.8425955176353455 0.7262784242630005 0.0
0.9149088859558105 0.1904160976409912 0.0
0.9172313809394836 0.19476455450057983 0.0
0.909766435623169 0.18847811222076416 0.0
0.905436098575592 0.18814976513385773 0.0
0.9031344056129456 0.18614253401756287 0.0
0.9020818471908569 0.18801574409008026 0.0
0.8990239500999451 0.18677030503749847 0.0
0.8439907431602478 0.7184116244316101 0.0
0.8678439259529114 0.7268288135528564 0.0
0.9233227372169495 0.19595442712306976 0.0
0.8845744729042053 0.1932091861963272 0.0
0.9008962512016296 0.7311926484107971 0.0
0.9467918276786804 0.2111472189426422 0.0
0.9421848654747009 0.2052803784608841 0.0
0.936096727848053 0.20205987989902496 0.0
0.9268374443054199 0.7298144102096558 0.0
0.9510167837142944 0.738003134727478 0.0
0.9651108384132385 0.22746500372886658 0.0
0.9538500905036926 0.2192966192960739 0.0
0.8844733238220215 0.1935095191001892 0.0
1.0 0.7498251795768738 0.0
0.9573349356651306 0.22675028443336487 0.0
0.9762662649154663 0.7380574941635132 0.0
0.9732351899147034 0.24011832475662231 0.0
0.9626914262771606 0.23329263925552368 0.0
0.8836707472801208 0.19395819306373596 0.0
0.8843839168548584 0.1938457041978836 0.0
1.0 0.7381646037101746 0.0
0.9857585430145264 0.252859503030777 0.0
0.8834275007247925 0.19450324773788452 0.0
0.9894283413887024 0.26541611552238464 0.0
0.9785559177398682 0.25850698351860046 0.0
0.9721710681915283 0.2502738833427429 0.0
0.8831096291542053 0.19400063157081604 0.0
0.8826504349708557 0.19388052821159363 0.0
0.1029314398765564 0.5352023839950562 0.0
0.10414683818817139 0.5336140990257263 0.0
0.10624408721923828 0.5316208004951477 0.0
0.10938584804534912 0.5288383960723877 0.0
0.8822681307792664 0.19416899979114532 0.0
0.8822090029716492 0.19366160035133362 0.0
0.11314332485198975 0.52620530128479 0.0
0.12479794025421143 0.5199509263038635 0.0
0.13194876909255981 0.5144803524017334 0.0
0.14107143878936768 0.5108314752578735 0.0
0.880001962184906 0.19422312080860138 0.0
0.8807643055915833 0.19399745762348175 0.0
0.14683502912521362 0.5077222585678101 0.0
0.8788650035858154 0.19354242086410522 0.0
0.1571354866027832 0.5057668089866638 0.0
0.15790903568267822 0.5074399709701538 0.0
0.16584008932113647 0.5038942694664001 0.0
0.8776900768280029 0.19371649622917175 0.0
0.17554450035095215 0.5023972392082214 0.0
0.1873263716697693 0.5006334781646729 0.0
0.19888192415237427 0.5 0.0
0.8727173805236816 0.1936323642730713 0.0
0.22625267505645752 0.4942946434020996 0.0
0.23907887935638428 0.4889981150627136 0.0
0.8672745823860168 0.19510897994041443 0.0
0.9210039377212524 0.2697242796421051 0.0
0.927646279335022 0.2776726484298706 0.0
0.919325590133667 0.2773314416408539 0.0
0.9305453300476074 0.28588593006134033 0.0
0.9101585149765015 0.26942315697669983 0.0
0.2523816227912903 0.48290351033210754 0.0
0.9187219738960266 0.28459593653678894 0.0
0.9095555543899536 0.2765766978263855 0.0
0.8616843819618225 0.19770996272563934 0.0
0.25765007734298706 0.47676241397857666 0.0
0.2674969434738159 0.47258955240249634 0.0
0.9021877646446228 0.2699003219604492 0.0
0.8992940783500671 0.2613140046596527 0.0
0.8591082096099854 0.19833281636238098 0.0
0.27682822942733765 0.46839332580566406 0.0
0.9172605276107788 0.29101648926734924 0.0
0.9081267714500427 0.2827785015106201 0.0
0.8887043595314026 0.2579372227191925 0.0
0.858910858631134 0.20068958401679993 0.0
0.29479557275772095 0.4613035321235657 0.0
0.9141873121261597 0.29606571793556213 0.0
0.9098718762397766 0.3015672266483307 0.0
0.8577150106430054 0.20552313327789307 0.0
0.31949687004089355 0.45304054021835327 0.0
0.8752251267433167 0.24571457505226135 0.0
0.8529154658317566 0.20842039585113525 0.0
0.8561238646507263 0.207766592502594 0.0
0.32723790407180786 0.45023468136787415 0.0
0.9005303978919983 0.3029777705669403 0.0
0.8694926500320435 0.2407257854938507 0.0
0.8557973504066467 0.21447108685970306 0.0
0.9015213847160339 0.31133413314819336 0.0
0.8551459908485413 0.22498254477977753 0.0
0.8555948138237 0.22872982919216156 0.0
0.8581085205078125 0.22215892374515533 0.0
0.8839291334152222 0.30754223465919495 0.0
0.3596930503845215 0.44199609756469727 0.0
0.8813244700431824 0.3159697949886322 0.0
0.8717283010482788 0.3202160596847534 0.0
0.39004266262054443 0.4320918619632721 0.0
0.3804146647453308 0.4348427355289459 0.0
0.8638800382614136 0.3236427903175354 0.0
0.3961424231529236 0.4287298023700714 0.0
0.4061397910118103 0.4259207248687744 0.0
0.41598421335220337 0.4236496686935425 0.0
0.4259498119354248 0.4211271107196808 0.0
0.8472697734832764 0.3314620554447174 0.0
0.8371185064315796 0.33680427074432373 0.0
0.457014799118042 0.41588613390922546 0.0
0.46087151765823364 0.4107789397239685 0.0
0.4678657054901123 0.4086538553237915 0.0
0.8234708309173584 0.34114328026771545 0.0
0.4776266813278198 0.40880149602890015 0.0
0.8197934031486511 0.34584444761276245 0.0
0.4950336813926697 0.4042365252971649 0.0
0.8115748167037964 0.3483230471611023 0.0
0.5090151429176331 0.40099287033081055 0.0
0.8087272047996521 0.35675954818725586 0.0
0.8116859793663025 0.35336241126060486 0.0
0.5357170701026917 0.3957348167896271 0.0
0.8077893853187561 0.3593505620956421 0.0
0.8085699677467346 0.3621203303337097 0.0
0.5463378429412842 0.39086732268333435 0.0
0.5456073880195618 0.3947051167488098 0.0
0.5571849346160889 0.39286988973617554 0.0
0.8032751679420471 0.362008273601532 0.0
0.8085554242134094 0.3645685613155365 0.0
0.5644364953041077 0.3886156976222992 0.0
0.5706621408462524 0.3859657049179077 0.0
0.5751518607139587 0.3893480598926544 0.0
0.8023739457130432 0.3639027178287506 0.0
0.5876979231834412 0.3871895372867584 0.0
0.6183931231498718 0.3780035078525543 0.0
0.6253308653831482 0.3769139051437378 0.0
0.6315017342567444 0.37569308280944824 0.0
0.6417904496192932 0.37378138303756714 0.0
0.6524397730827332 0.37406420707702637 0.0
0.6582105159759521 0.37174180150032043 0.0
0.801857590675354 0.36624884605407715 0.0
0.8068219423294067 0.3660234212875366 0.0
0.807926595211029 0.3680192530155182 0.0
0.6656931042671204 0.37345460057258606 0.0
0.6728004217147827 0.37288594245910645 0.0
0.8039532899856567 0.3684072494506836 0.0
0.8083767890930176 0.36995333433151245 0.0
0.8047935366630554 0.37014779448509216 0.0
0.8046383261680603 0.3693926930427551 0.0
0.8082855343818665 0.371013343334198 0.0
0.6882075071334839 0.3718061149120331 0.0
0.6807608604431152 0.37319400906562805 0.0
0.6994434595108032 0.37068837881088257 0.0
0.806304395198822 0.3710026443004608 0.0
0.808669924736023 0.3716437518596649 0.0
0.8063187599182129 0.37148088216781616 0.0
0.8095970153808594 0.3722596764564514 0.0
0.8078324198722839 0.3721415102481842 0.0
0.8095935583114624 0.37270116806030273 0.0
0.8078488111495972 0.37230968475341797 0.0
0.810257613658905 0.37295880913734436 0.0
0.8086817264556885 0.3725545108318329 0.0
0.8093625903129578 0.37275004386901855 0.0
0.7061910629272461 0.3680737316608429 0.0
0.7149133682250977 0.3686024844646454 0.0
0.8038743138313293 0.3707330822944641 0.0
0.8098812103271484 0.3728891611099243 0.0
0.8096671104431152 0.3728352189064026 0.0
0.8096671104431152 0.3728352189064026 0.0
0.8096671104431152 0.3728352189064026 0.0
0.7305223941802979 0.367518812417984 0.0
0.8092269897460938 0.3727247416973114 0.0
0.8092250823974609 0.3727242946624756 0.0
0.7513814568519592 0.36800622940063477 0.0
0.7578725814819336 0.3689749240875244 0.0
0.79378342628479 0.370591938495636 0.0
0.7627792954444885 0.36974796652793884 0.0
0.7608413696289062 0.3717377781867981 0.0
0.7904260158538818 0.37110909819602966 0.0
0.7957746982574463 0.371002733707428 0.0
0.8026179075241089 0.3715158998966217 0.0
0.7707639336585999 0.37069910764694214 0.0
0.7752584218978882 0.36997559666633606 0.0
0.7788599133491516 0.37069135904312134 0.0
0.7817372679710388 0.37132957577705383 0.0
0.7878198623657227 0.3709077537059784 0.0
0.7929885983467102 0.37110263109207153 0.0
0.7958096861839294 0.3711874485015869 0.0
0.8012474179267883 0.37138640880584717 0.0
0.8019073009490967 0.3714429438114166 0.0
0.7993373274803162 0.37122517824172974 0.0
0.8022443652153015 0.3714739978313446 0.0
0.8021294474601746 0.37146303057670593 0.0
0.802374541759491 0.3714873492717743 0.0
0.7848705053329468 0.3718474805355072 0.0
0.7876114249229431 0.3716347813606262 0.0
0.7937067747116089 0.37125319242477417 0.0
0.7987021207809448 0.37121838331222534 0.0
0.7986193895339966 0.3712174892425537 0.0
0.7979977130889893 0.37121084332466125 0.0
0.7990191578865051 0.37122175097465515 0.0
0.7912198305130005 0.37151873111724854 0.0
0.4343973994255066 0.6455239057540894 0.0
0.44468826055526733 0.6488707661628723 0.0
0.4537354111671448 0.6533339619636536 0.0
0.471726655960083 0.6587480306625366 0.0
0.4869410991668701 0.658676028251648 0.0
0.411221981048584 0.6341987252235413 0.0
0.5088352560997009 0.6632727384567261 0.0
0.5180863738059998 0.6688786149024963 0.0
0.5284554362297058 0.6729820370674133 0.0
0.38804543018341064 0.6222479939460754 0.0
0.5411189198493958 0.6734597682952881 0.0
0.16252100467681885 0.5722814202308655 0.0
0.1759864091873169 0.571319043636322 0.0
0.1828048825263977 0.5708130598068237 0.0
0.18435364961624146 0.5718563795089722 0.0
0.19210481643676758 0.5713289380073547 0.0
0.19218796491622925 0.5734459161758423 0.0
0.1995651125907898 0.5705540180206299 0.0
0.3866909146308899 0.6124968528747559 0.0
0.39283889532089233 0.6167373657226562 0.0
0.5573847889900208 0.6736974120140076 0.0
0.1522817611694336 0.5721032023429871 0.0
0.15255194902420044 0.572119951248169 0.0
0.15342402458190918 0.5721695423126221 0.0
0.154438316822052 0.572187066078186 0.0
0.1576806902885437 0.572223424911499 0.0
0.21330875158309937 0.5716679692268372 0.0
0.572807252407074 0.6783313155174255 0.0
0.15184831619262695 0.572075605392456 0.0
0.15043336153030396 0.5719823837280273 0.0
0.2249358892440796 0.5697960257530212 0.0
0.2334439754486084 0.5702264308929443 0.0
0.36692172288894653 0.6028818488121033 0.0
0.3553738594055176 0.5981566905975342 0.0
0.6129096150398254 0.6814449429512024 0.0
0.8877004981040955 0.1930740922689438 0.0
0.8875548243522644 0.19329459965229034 0.0
0.8873569965362549 0.19347916543483734 0.0
0.8871235251426697 0.19361865520477295 0.0
0.2509962320327759 0.5674441456794739 0.0
0.25797170400619507 0.569198489189148 0.0
0.2651018500328064 0.5714921355247498 0.0
0.34481239318847656 0.5926364064216614 0.0
0.638914167881012 0.6879361271858215 0.0
0.8880519270896912 0.19253027439117432 0.0
0.28442835807800293 0.5709632039070129 0.0
0.2901698350906372 0.5762515068054199 0.0
0.32152748107910156 0.5852307081222534 0.0
0.3332451581954956 0.5870215892791748 0.0
0.6564666628837585 0.6909973621368408 0.0
0.8880636692047119 0.19199688732624054 0.0
0.3004770278930664 0.5747212767601013 0.0
0.31727075576782227 0.5786682963371277 0.0
0.6794069409370422 0.6951437592506409 0.0
0.8867327570915222 0.19429641962051392 0.0
0.8867542743682861 0.19436553120613098 0.0
0.8866562843322754 0.19423557817935944 0.0
0.8866626620292664 0.19400480389595032 0.0
0.8868277668952942 0.19410297274589539 0.0
0.8862044811248779 0.1933419555425644 0.0
0.8928830027580261 0.1905372142791748 0.0
0.891385018825531 0.190174400806427 0.0
0.8895071744918823 0.19085530936717987 0.0
0.888855516910553 0.19118307530879974 0.0
0.8886878490447998 0.19185836613178253 0.0
0.8866227269172668 0.19428500533103943 0.0
0.8867107629776001 0.19439060986042023 0.0
0.8865019083023071 0.19411931931972504 0.0
0.886298418045044 0.19383381307125092 0.0
0.88585364818573 0.19341783225536346 0.0
0.8863303065299988 0.19354292750358582 0.0
0.7278189063072205 0.6999028325080872 0.0
0.8965228199958801 0.1892363727092743 0.0
0.895468533039093 0.18975861370563507 0.0
0.893938422203064 0.18954135477542877 0.0
0.8865643739700317 0.19442948698997498 0.0
0.8862591981887817 0.19421929121017456 0.0
0.8855834603309631 0.19331824779510498 0.0
0.7481913566589355 0.7046706676483154 0.0
0.8854108452796936 0.19358588755130768 0.0
0.769273042678833 0.706749677658081 0.0
0.9047785401344299 0.19033974409103394 0.0
0.9077132940292358 0.19042567908763885 0.0
0.7894370555877686 0.7055016756057739 0.0
0.8100100755691528 0.7121220827102661 0.0
0.9114618301391602 0.19244934618473053 0.0
0.900092363357544 0.18938422203063965 0.0
0.8261109590530396 0.7128205299377441 0.0
0.930260956287384 0.20523737370967865 0.0
0.925441563129425 0.2002580165863037 0.0
0.8646923899650574 0.7160961031913757 0.0
0.8854494690895081 0.7222917079925537 0.0
0.9386833310127258 0.2085990160703659 0.0
0.9429920315742493 0.21642711758613586 0.0
0.9054198861122131 0.7223505973815918 0.0
0.9495837688446045 0.22370415925979614 0.0
0.9497188329696655 0.72686767578125 0.0
0.9544392824172974 0.23136885464191437 0.0
0.9613687992095947 0.24124504625797272 0.0
0.9810406565666199 0.7278703451156616 0.0
1.0 0.724327802658081 0.0
1.0 0.731421172618866 0.0
0.9689858555793762 0.25731515884399414 0.0
0.9631864428520203 0.2503945827484131 0.0
0.98636394739151 0.2747246325016022 0.0
0.9757838249206543 0.2659696042537689 0.0
0.9581208825111389 0.25553658604621887 0.0
0.10836929082870483 0.5296052098274231 0.0
0.10735738277435303 0.5303685069084167 0.0
0.9761121869087219 0.27564769983291626 0.0
0.9655231237411499 0.2621209919452667 0.0
0.11095720529556274 0.5277049541473389 0.0
0.11316198110580444 0.5261932015419006 0.0
0.9666846394538879 0.26875871419906616 0.0
0.9582288861274719 0.26319560408592224 0.0
0.9493067860603333 0.2579406201839447 0.0
0.9663370251655579 0.2774532437324524 0.0
0.13206475973129272 0.5165168642997742 0.0
0.9589382410049438 0.2695605456829071 0.0
0.8811315894126892 0.1945389211177826 0.0
0.14180117845535278 0.5131251215934753 0.0
0.15428638458251953 0.5101671814918518 0.0
0.9421971440315247 0.26000645756721497 0.0
0.9404482245445251 0.2667895257472992 0.0
0.937520444393158 0.26078447699546814 0.0
0.8797628879547119 0.19473901391029358 0.0
0.8787240982055664 0.1944466531276703 0.0
0.16987216472625732 0.5049417018890381 0.0
0.9426233768463135 0.2764701247215271 0.0
0.9526395201683044 0.28210777044296265 0.0
0.9475476145744324 0.2860454320907593 0.0
0.8773260712623596 0.19438932836055756 0.0
0.18396973609924316 0.5031454563140869 0.0
0.19100028276443481 0.5013763308525085 0.0
0.2186148762702942 0.5 0.0
0.9368343353271484 0.28155067563056946 0.0
0.9419859647750854 0.2893725633621216 0.0
0.8695300221443176 0.19490130245685577 0.0
0.8718865513801575 0.19502030313014984 0.0
0.873860239982605 0.1953348070383072 0.0
0.9190807938575745 0.26176154613494873 0.0
0.9098088145256042 0.26102980971336365 0.0
0.9423951506614685 0.29647621512413025 0.0
0.8673351407051086 0.19734139740467072 0.0
0.8638444542884827 0.1968541145324707 0.0
0.2692837715148926 0.4790218472480774 0.0
0.9296927452087402 0.29417097568511963 0.0
0.9021208882331848 0.2570674419403076 0.0
0.2817888855934143 0.4728352725505829 0.0
0.8625341057777405 0.2003466933965683 0.0
0.28903448581695557 0.4670867621898651 0.0
0.9273794889450073 0.3006787896156311 0.0
0.8928066492080688 0.25587111711502075 0.0
0.8628702759742737 0.20305044949054718 0.0
0.8593798279762268 0.20336762070655823 0.0
0.9229497909545898 0.30471763014793396 0.0
0.30071496963500977 0.46535006165504456 0.0
0.30806106328964233 0.46086499094963074 0.0
0.8872445225715637 0.25176525115966797 0.0
0.8809671401977539 0.24736842513084412 0.0
0.31703460216522217 0.45688456296920776 0.0
0.9258309602737427 0.3131766617298126 0.0
0.911843478679657 0.309751033782959 0.0
0.877398669719696 0.2425604909658432 0.0
0.8563687205314636 0.21061255037784576 0.0
0.3383408784866333 0.4489273428916931 0.0
0.3324055075645447 0.4552183151245117 0.0
0.3531467318534851 0.44830891489982605 0.0
0.8630703687667847 0.2365484982728958 0.0
0.8633116483688354 0.2319854348897934 0.0
0.8677953481674194 0.23596614599227905 0.0
0.8551626801490784 0.21834000945091248 0.0
0.8611215949058533 0.2267201989889145 0.0
0.8955996632575989 0.31692224740982056 0.0
0.37484610080718994 0.4404781758785248 0.0
0.8858115673065186 0.32525569200515747 0.0
0.8806014060974121 0.3314730226993561 0.0
0.3943745493888855 0.43623000383377075 0.0
0.399749755859375 0.43302658200263977 0.0
0.4086992144584656 0.431203156709671 0.0
0.4183473587036133 0.42866820096969604 0.0
0.8635666966438293 0.3310684859752655 0.0
0.4270228147506714 0.4264322817325592 0.0
0.43495112657546997 0.4250865578651428 0.0
0.440330445766449 0.4214605391025543 0.0
0.8505634069442749 0.34078723192214966 0.0
0.45057207345962524 0.42003366351127625 0.0
0.8316876292228699 0.34088659286499023 0.0
0.4700327515602112 0.4141840934753418 0.0
0.4903332591056824 0.4085176885128021 0.0
0.48467230796813965 0.4136945903301239 0.0
0.5035086274147034 0.4083274006843567 0.0
0.8214848637580872 0.3524695038795471 0.0
0.506770670413971 0.40434181690216064 0.0
0.8166936635971069 0.3583347499370575 0.0
0.8134503364562988 0.35988378524780273 0.0
0.5278817415237427 0.4012923836708069 0.0
0.5343145132064819 0.39918315410614014 0.0
0.8148717284202576 0.36257046461105347 0.0
0.584765613079071 0.3897581994533539 0.0
0.5950142741203308 0.38618195056915283 0.0
0.6041783690452576 0.3844495415687561 0.0
0.6118179559707642 0.3815475404262543 0.0
0.6307563781738281 0.3804199695587158 0.0
0.6186544895172119 0.38763073086738586 0.0
0.622420608997345 0.38289302587509155 0.0
0.6402444243431091 0.3785941004753113 0.0
0.6517601013183594 0.37902113795280457 0.0
0.6617870926856995 0.3767152726650238 0.0
0.6799397468566895 0.3770259916782379 0.0
0.8106234669685364 0.3718263804912567 0.0
0.6982192397117615 0.37619727849960327 0.0
0.8109168410301208 0.37290483713150024 0.0
0.8120296001434326 0.3734298348426819 0.0
0.8103057146072388 0.37299618124961853 0.0
0.8104733228683472 0.37304794788360596 0.0
0.8099780678749084 0.3729158341884613 0.0
0.8098635673522949 0.37288615107536316 0.0
0.8097497224807739 0.37285661697387695 0.0
0.7108504772186279 0.37194332480430603 0.0
0.809699535369873 0.37284359335899353 0.0
0.8096990585327148 0.372843474149704 0.0
0.8096993565559387 0.37284356355667114 0.0
0.8096671104431152 0.3728352189064026 0.0
0.7248080372810364 0.37013787031173706 0.0
0.7355992794036865 0.37320756912231445 0.0
0.7277612686157227 0.37413451075553894 0.0
0.7393279671669006 0.369146466255188 0.0
0.7469950914382935 0.37038302421569824 0.0
0.7545496225357056 0.3718368113040924 0.0
0.7662532329559326 0.3717974126338959 0.0
0.7704949378967285 0.3728497624397278 0.0
0.7742431163787842 0.37236279249191284 0.0
0.7766420245170593 0.37144407629966736 0.0
0.778195321559906 0.37246957421302795 0.0
0.781433641910553 0.37300440669059753 0.0
0.7863367795944214 0.3724895417690277 0.0
0.7886583805084229 0.37192511558532715 0.0
0.7924347519874573 0.3714379370212555 0.0
0.7939649820327759 0.3712843060493469 0.0
0.7953450679779053 0.37121185660362244 0.0
0.7954108119010925 0.37120839953422546 0.0
0.7949876189231873 0.3712306022644043 0.0
0.7955960631370544 0.3711986839771271 0.0
0.7953832745552063 0.3712098300457001 0.0
0.7838422656059265 0.3734324872493744 0.0
0.7886456251144409 0.37223201990127563 0.0
0.7934688925743103 0.37133410573005676 0.0
0.793716549873352 0.3713092505931854 0.0
0.7872791886329651 0.3725876808166504 0.0
0.7878966331481934 0.3725118339061737 0.0
0.4347984790802002 0.6402100324630737 0.0
0.44689154624938965 0.6413333415985107 0.0
0.46597158908843994 0.652314305305481 0.0
0.4799714684486389 0.6520808339118958 0.0
0.42654645442962646 0.6361386775970459 0.0
0.49976402521133423 0.6596452593803406 0.0
0.42395997047424316 0.6305197477340698 0.0
0.41715341806411743 0.6267423629760742 0.0
0.41176164150238037 0.6213573217391968 0.0
0.5347235798835754 0.6670979857444763 0.0
0.3995662331581116 0.6210406422615051 0.0
0.16288703680038452 0.5722143650054932 0.0
0.16340404748916626 0.5721902847290039 0.0
0.16441911458969116 0.5721327662467957 0.0
0.16745567321777344 0.5719260573387146 0.0
0.192832350730896 0.569503128528595 0.0
0.5479080677032471 0.6674320697784424 0.0
0.16226810216903687 0.5722363591194153 0.0
0.1609242558479309 0.572250485420227 0.0
0.20826244354248047 0.5678394436836243 0.0
0.21455150842666626 0.5680255889892578 0.0
0.5706143975257874 0.6703020930290222 0.0
0.2214566469192505 0.5675677061080933 0.0
0.3799923062324524 0.6065176725387573 0.0
0.5842136740684509 0.6729526519775391 0.0
0.23733311891555786 0.5652653574943542 0.0
0.378559410572052 0.5989938378334045 0.0
0.5994937419891357 0.6770567893981934 0.0
0.8881791830062866 0.19344781339168549 0.0
0.8880791068077087 0.1929951310157776 0.0
0.24406075477600098 0.5663015246391296 0.0
0.8885260224342346 0.19288784265518188 0.0
0.8878428339958191 0.19363823533058167 0.0
0.887644350528717 0.19379349052906036 0.0
0.35714191198349 0.5903210639953613 0.0
0.36912572383880615 0.5941821932792664 0.0
0.626853883266449 0.6813793182373047 0.0
0.8885993957519531 0.19241099059581757 0.0
0.8871911764144897 0.19371794164180756 0.0
0.887169599533081 0.19400785863399506 0.0
0.8866952061653137 0.19368913769721985 0.0
0.8866163492202759 0.1934460550546646 0.0
0.26202982664108276 0.5622237920761108 0.0
0.26724547147750854 0.5653678774833679 0.0
0.2768011689186096 0.5658664107322693 0.0
0.34844011068344116 0.5835645794868469 0.0
0.644290566444397 0.6823752522468567 0.0
0.8870800733566284 0.1942688524723053 0.0
0.8869838714599609 0.19443346560001373 0.0
0.29726260900497437 0.5688756704330444 0.0
0.3283117413520813 0.5788682103157043 0.0
0.3383215069770813 0.5789934992790222 0.0
0.8898809552192688 0.19154444336891174 0.0
0.8902187347412109 0.19103462994098663 0.0
0.8893303871154785 0.19184322655200958 0.0
0.3132432699203491 0.5689291954040527 0.0
0.32436561584472656 0.5727341771125793 0.0
0.6666146516799927 0.6843056678771973 0.0
0.6930158734321594 0.6896767616271973 0.0
0.8943511247634888 0.19114403426647186 0.0
0.8952533006668091 0.19064098596572876 0.0
0.8910578489303589 0.19097590446472168 0.0
0.8921157121658325 0.1910811960697174 0.0
0.7168181538581848 0.6927370429039001 0.0
0.8868178129196167 0.1945062279701233 0.0
0.8858361840248108 0.19385170936584473 0.0
0.7396265864372253 0.695124626159668 0.0
0.9039837718009949 0.19239333271980286 0.0
0.9073920845985413 0.19290928542613983 0.0
0.9023488759994507 0.1904292106628418 0.0
0.9011132717132568 0.19200675189495087 0.0
0.8983596563339233 0.1906926929950714 0.0
0.886606752872467 0.1946840137243271 0.0
0.8861842751502991 0.19459064304828644 0.0
0.7649771571159363 0.6982040405273438 0.0
0.9102663993835449 0.194715216755867 0.0
0.8857793807983398 0.19416439533233643 0.0
0.8854163289070129 0.19387075304985046 0.0
0.916533887386322 0.19861939549446106 0.0
0.9208431839942932 0.1988968551158905 0.0
0.9132433533668518 0.19607312977313995 0.0
0.885322093963623 0.19415530562400818 0.0
0.8135656118392944 0.7050217986106873 0.0
0.885258138179779 0.19422811269760132 0.0
0.8390685319900513 0.7074496150016785 0.0
0.9346777200698853 0.21221916377544403 0.0
0.8631150722503662 0.7062194347381592 0.0
0.885528564453125 0.7146053314208984 0.0
0.9425514340400696 0.22214864194393158 0.0
0.9061880111694336 0.714209258556366 0.0
0.9240190982818604 0.7216302752494812 0.0
0.9290887117385864 0.714544415473938 0.0
0.9561883211135864 0.7174987196922302 0.0
0.9798282384872437 0.7172132730484009 0.0
0.9538388252258301 0.24621623754501343 0.0
0.88330078125 0.19505615532398224 0.0
0.8827611207962036 0.19465842843055725 0.0
1.0 0.7152884006500244 0.0
0.9934766292572021 0.2834709882736206 0.0
0.9470458030700684 0.2501327395439148 0.0
0.8820211291313171 0.19465546309947968 0.0
0.11335378885269165 0.5260682702064514 0.0
0.11354291439056396 0.5259451270103455 0.0
0.9850080609321594 0.28347745537757874 0.0
0.939355731010437 0.2525039315223694 0.0
0.938088595867157 0.24541378021240234 0.0
0.11315327882766724 0.5261988639831543 0.0
0.12060511112213135 0.5223576426506042 0.0
0.12222737073898315 0.5215211510658264 0.0
0.977219820022583 0.28482431173324585 0.0
0.8817453384399414 0.19515900313854218 0.0
0.8806288242340088 0.19496524333953857 0.0
0.1305658221244812 0.5184494256973267 0.0
0.1388719081878662 0.5157592296600342 0.0
0.9350401163101196 0.2562844455242157 0.0
0.9319207072257996 0.2509441673755646 0.0
0.14254802465438843 0.514233410358429 0.0
0.1519850492477417 0.5120449066162109 0.0
0.9710326790809631 0.2868475019931793 0.0
0.9268214106559753 0.25261977314949036 0.0
0.8797702193260193 0.19543689489364624 0.0
0.16886818408966064 0.5077221989631653 0.0
0.9320610761642456 0.2600116729736328 0.0
0.8780562877655029 0.1953115463256836 0.0
0.1721915602684021 0.5059811472892761 0.0
0.18347656726837158 0.5045639276504517 0.0
0.9590103626251221 0.29067617654800415 0.0
0.87639981508255 0.1949639916419983 0.0
0.21079593896865845 0.5 0.0
0.2301766276359558 0.5 0.0
0.9541619420051575 0.29675745964050293 0.0
0.24191296100616455 0.5 0.0
0.8755092024803162 0.1957036405801773 0.0
0.25390124320983887 0.4902321994304657 0.0
0.9038761258125305 0.25360405445098877 0.0
0.9127314686775208 0.25425758957862854 0.0
0.8694694638252258 0.1964656561613083 0.0
0.8719266057014465 0.1966356784105301 0.0
0.87342369556427 0.19613632559776306 0.0
0.8748899102210999 0.19639089703559875 0.0
0.2633369565010071 0.48505693674087524 0.0
0.9555950164794922 0.305866003036499 0.0
0.9438529014587402 0.30620864033699036 0.0
0.8951801657676697 0.2522181570529938 0.0
0.8660011887550354 0.19970294833183289 0.0
0.3001430630683899 0.4713270664215088 0.0
0.31101787090301514 0.46577152609825134 0.0
0.9368130564689636 0.3112507462501526 0.0
0.8854999542236328 0.24537423253059387 0.0
0.3206406831741333 0.4610919952392578 0.0
0.3313797116279602 0.4614413380622864 0.0
0.34112173318862915 0.4595356583595276 0.0
0.8604687452316284 0.20900177955627441 0.0
0.8628272414207458 0.2060873806476593 0.0
0.3502874970436096 0.45496493577957153 0.0
0.9198075532913208 0.31856876611709595 0.0
0.8733090758323669 0.23749524354934692 0.0
0.8698447346687317 0.23351557552814484 0.0
0.8606764078140259 0.21308395266532898 0.0
0.8693158626556396 0.2285587638616562 0.0
0.8644449710845947 0.22312070429325104 0.0
0.8610775470733643 0.2179986834526062 0.0
0.9127033352851868 0.32431429624557495 0.0
0.36975234746932983 0.44601356983184814 0.0
0.38574016094207764 0.4444922208786011 0.0
0.8981181979179382 0.3252524137496948 0.0
0.387107253074646 0.43941038846969604 0.0
0.8990802764892578 0.3341156840324402 0.0
0.40881800651550293 0.4370899796485901 0.0
0.8761928081512451 0.33803126215934753 0.0
0.8648198246955872 0.34070372581481934 0.0
0.4606109857559204 0.4217853248119354 0.0
0.8444474935531616 0.34582391381263733 0.0
0.8330360054969788 0.34667953848838806 0.0
0.4780423045158386 0.41700029373168945 0.0
0.832226574420929 0.35242047905921936 0.0
0.49933815002441406 0.4130247235298157 0.0
0.8329392671585083 0.3586178123950958 0.0
0.8214441537857056 0.3566790223121643 0.0
0.5191218852996826 0.40412354469299316 0.0
0.8258025646209717 0.3609522581100464 0.0
0.8204745054244995 0.3622472286224365 0.0
0.5433164238929749 0.3988691568374634 0.0
0.5391649007797241 0.4026029706001282 0.0
0.5541251301765442 0.39794135093688965 0.0
0.8164594769477844 0.36589643359184265 0.0
0.8133739829063416 0.367770791053772 0.0
0.5705239772796631 0.3928299844264984 0.0
0.5675168633460999 0.39809584617614746 0.0
0.5810475945472717 0.39273273944854736 0.0
0.8135055899620056 0.3699997663497925 0.0
0.594075083732605 0.38994061946868896 0.0
0.6056872606277466 0.3900895416736603 0.0
0.8135195374488831 0.3712750971317291 0.0
0.8116315603256226 0.37153360247612 0.0
0.6319864392280579 0.38659387826919556 0.0
0.6444270014762878 0.3840826749801636 0.0
0.6622950434684753 0.3813624382019043 0.0
0.6715036034584045 0.37696489691734314 0.0
0.8133977055549622 0.3725971281528473 0.0
0.8115553855895996 0.3724638521671295 0.0
0.8127576112747192 0.3732104003429413 0.0
0.8136751651763916 0.37382909655570984 0.0
0.6887372732162476 0.37691599130630493 0.0
0.8115621209144592 0.37335267663002014 0.0
0.8103345632553101 0.3730109632015228 0.0
0.8103967905044556 0.3730275630950928 0.0
0.8104349374771118 0.373037725687027 0.0
0.8099140524864197 0.37289923429489136 0.0
0.8098888397216797 0.37289270758628845 0.0
0.7077354192733765 0.37565553188323975 0.0
0.7166417241096497 0.37607860565185547 0.0
0.7200165390968323 0.37291231751441956 0.0
0.7249160408973694 0.37683331966400146 0.0
0.7433577179908752 0.3726351261138916 0.0
0.7497814297676086 0.374019980430603 0.0
0.7596045732498169 0.37401723861694336 0.0
0.7639890909194946 0.3741847276687622 0.0
0.7684898972511292 0.37453243136405945 0.0
0.7726545333862305 0.37472736835479736 0.0
0.7759857177734375 0.374117374420166 0.0
0.7788423299789429 0.3742297887802124 0.0
0.7771466374397278 0.37530019879341125 0.0
0.7814090847969055 0.37465327978134155 0.0
0.7855506539344788 0.3734179139137268 0.0
0.7869812846183777 0.3728538155555725 0.0
0.7876207828521729 0.37261489033699036 0.0
0.7877588272094727 0.37256333231925964 0.0
0.7873270511627197 0.37272462248802185 0.0
0.7874737977981567 0.3726697862148285 0.0
0.4591119885444641 0.645685613155365 0.0
0.44320422410964966 0.6348878741264343 0.0
0.48864853382110596 0.6537234783172607 0.0
0.4982343912124634 0.654001772403717 0.0
0.5110419988632202 0.6566540002822876 0.0
0.5255997776985168 0.6602975130081177 0.0
0.5432064533233643 0.6609121561050415 0.0
0.1787969470024109 0.5708879232406616 0.0
0.18160372972488403 0.570457398891449 0.0
0.18869233131408691 0.5693700313568115 0.0
0.19448095560073853 0.5683245658874512 0.0
0.20197105407714844 0.5679241418838501 0.0
0.4050278663635254 0.6134892106056213 0.0
0.5597739219665527 0.6634863615036011 0.0
0.39686912298202515 0.6111952662467957 0.0
0.22366935014724731 0.5642214417457581 0.0
0.3942902684211731 0.6061952114105225 0.0
0.5773797631263733 0.664188802242279 0.0
0.8887813091278076 0.19356298446655273 0.0
0.8884919285774231 0.19324521720409393 0.0
0.8883029818534851 0.19385133683681488 0.0
0.8879950046539307 0.1939258575439453 0.0
0.23112547397613525 0.5638276934623718 0.0
0.3910086154937744 0.5992555618286133 0.0
0.5966531038284302 0.6672878265380859 0.0
0.8889110088348389 0.1932438760995865 0.0
0.24238651990890503 0.5599921345710754 0.0
0.6129112243652344 0.674464762210846 0.0
0.8890524506568909 0.19284717738628387 0.0
0.8875287771224976 0.19383232295513153 0.0
0.8876360654830933 0.19401073455810547 0.0
0.24853885173797607 0.561072826385498 0.0
0.2534937858581543 0.5625886917114258 0.0
0.3664039969444275 0.5879999995231628 0.0
0.6301938891410828 0.6737311482429504 0.0
0.889229416847229 0.19235819578170776 0.0
0.887546956539154 0.1942937821149826 0.0
0.8873122334480286 0.19452926516532898 0.0
0.36041587591171265 0.5842928290367126 0.0
0.6485916376113892 0.6769932508468628 0.0
0.8905211091041565 0.19202527403831482 0.0
0.8907813429832458 0.19159017503261566 0.0
0.8899859189987183 0.19231240451335907 0.0
0.2740284204483032 0.5587201118469238 0.0
0.29127126932144165 0.561985433101654 0.0
0.3474488854408264 0.5744609236717224 0.0
0.8933383226394653 0.191888689994812 0.0
0.8947250247001648 0.19216936826705933 0.0
0.8918794393539429 0.19180822372436523 0.0
0.30453962087631226 0.5611721873283386 0.0
0.3357130289077759 0.5714020729064941 0.0
0.6842001080513 0.6810567378997803 0.0
0.8990457057952881 0.19300442934036255 0.0
0.8973307609558105 0.19190439581871033 0.0
0.8964748382568359 0.19074305891990662 0.0
0.3155216574668884 0.5589630603790283 0.0
0.32736921310424805 0.5669046640396118 0.0
0.7055606245994568 0.6847760677337646 0.0
0.9031124711036682 0.19415166974067688 0.0
0.9056719541549683 0.19469763338565826 0.0
0.727486789226532 0.6868297457695007 0.0
0.9083698987960815 0.1956903636455536 0.0
0.7501880526542664 0.6884264945983887 0.0
0.9107733368873596 0.19679681956768036 0.0
0.7730844616889954 0.6895870566368103 0.0
0.7813768982887268 0.697226345539093 0.0
0.9190424680709839 0.20118148624897003 0.0
0.8856935501098633 0.19454242289066315 0.0
0.7952390909194946 0.6951950788497925 0.0
0.9230896234512329 0.20319387316703796 0.0
0.9257568120956421 0.20701724290847778 0.0
0.818412721157074 0.6961140632629395 0.0
0.8402987718582153 0.6964255571365356 0.0
0.9359399080276489 0.2186967134475708 0.0
0.8844232559204102 0.7057151794433594 0.0
0.9456664323806763 0.22795093059539795 0.0
0.9384095072746277 0.2246583104133606 0.0
0.9048243165016174 0.7058470249176025 0.0
0.920987606048584 0.705752968788147 0.0
0.9382796883583069 0.7093995809555054 0.0
0.9483041167259216 0.2363908588886261 0.0
0.955391526222229 0.7078209519386292 0.0
0.8838064670562744 0.1949867159128189 0.0
0.883967936038971 0.1954745352268219 0.0
0.9802168011665344 0.7085463404655457 0.0
0.9435217976570129 0.24222905933856964 0.0
1.0 0.7082358002662659 0.0
0.882625937461853 0.19514983892440796 0.0
0.9923029541969299 0.2918669581413269 0.0
0.12195217609405518 0.5216630697250366 0.0
0.12208938598632812 0.5215923190116882 0.0
0.985115647315979 0.29124507308006287 0.0
0.9321275949478149 0.24640114605426788 0.0
0.8813753128051758 0.19582317769527435 0.0
0.1438612937927246 0.5145608186721802 0.0
0.14730685949325562 0.5137332677841187 0.0
0.1490572690963745 0.5132656097412109 0.0
0.9799639582633972 0.29506030678749084 0.0
0.9267298579216003 0.24680200219154358 0.0
0.16748332977294922 0.5095034241676331 0.0
0.15836423635482788 0.5114544630050659 0.0
0.9699101448059082 0.29356837272644043 0.0
0.879174530506134 0.19647981226444244 0.0
0.182212233543396 0.5059406757354736 0.0
0.9787804484367371 0.30282917618751526 0.0
0.19700002670288086 0.5034170746803284 0.0
0.20217114686965942 0.5019978880882263 0.0
0.9689058065414429 0.30185961723327637 0.0
0.922990083694458 0.2575569152832031 0.0
0.9181748628616333 0.25046420097351074 0.0
0.8772357702255249 0.1962304264307022 0.0
0.2537269592285156 0.5 0.0
0.9646607041358948 0.30636271834373474 0.0
0.8761362433433533 0.19656410813331604 0.0
0.8744069933891296 0.197424978017807 0.0
0.873284637928009 0.19822771847248077 0.0
0.26644593477249146 0.488394558429718 0.0
0.27553611993789673 0.4839647114276886 0.0
0.9689140319824219 0.3142178952693939 0.0
0.9597660899162292 0.3141624629497528 0.0
0.9104812741279602 0.24714526534080505 0.0
0.9045178890228271 0.24840252101421356 0.0
0.8712008595466614 0.19847369194030762 0.0
0.2866199016571045 0.4782109260559082 0.0
0.898848295211792 0.248630553483963 0.0
0.8698489665985107 0.20015236735343933 0.0
0.9558423161506653 0.3198356330394745 0.0
0.8664348125457764 0.2026044726371765 0.0
0.892594039440155 0.24505750834941864 0.0
0.31266874074935913 0.4692409038543701 0.0
0.3231649398803711 0.4665907621383667 0.0
0.943695068359375 0.32160839438438416 0.0
0.8668088316917419 0.20524585247039795 0.0
0.33905839920043945 0.46476948261260986 0.0
0.8798017501831055 0.23909501731395721 0.0
0.9341140389442444 0.32299795746803284 0.0
0.8753352761268616 0.23376624286174774 0.0
0.8645809888839722 0.20894253253936768 0.0
0.8645524382591248 0.21161915361881256 0.0
0.8654767274856567 0.2153877168893814 0.0
0.9309963583946228 0.32841020822525024 0.0
0.3652132749557495 0.45162877440452576 0.0
0.927234947681427 0.3336491584777832 0.0
0.3777855634689331 0.44923001527786255 0.0
0.9156249761581421 0.3351384401321411 0.0
0.39823561906814575 0.44102904200553894 0.0
0.8949731588363647 0.33810341358184814 0.0
0.42248016595840454 0.4343031942844391 0.0
0.8925954103469849 0.3431696593761444 0.0
0.42963331937789917 0.4312135577201843 0.0
0.43748778104782104 0.42945396900177 0.0
0.44443970918655396 0.4271107316017151 0.0
0.4518822431564331 0.4246399998664856 0.0
0.8600133657455444 0.3487944006919861 0.0
0.4724102020263672 0.4206724464893341 0.0
0.4866793155670166 0.4196561574935913 0.0
0.846138060092926 0.3541879653930664 0.0
0.8396579027175903 0.35677269101142883 0.0
0.4928396940231323 0.4159320294857025 0.0
0.5153180360794067 0.41284146904945374 0.0
0.5327372550964355 0.4058103859424591 0.0
0.8229038119316101 0.36584746837615967 0.0
0.5595025420188904 0.4005049467086792 0.0
0.820377767086029 0.36924099922180176 0.0
0.5775241851806641 0.39568743109703064 0.0
0.5869187712669373 0.39608871936798096 0.0
0.5908620953559875 0.39302030205726624 0.0
0.5998279452323914 0.39315247535705566 0.0
0.8155593872070312 0.37264326214790344 0.0
0.6171537041664124 0.39267778396606445 0.0
0.6267188191413879 0.3924545645713806 0.0
0.6282584071159363 0.38963210582733154 0.0
0.6580091118812561 0.3849256634712219 0.0
0.6703364253044128 0.3811158239841461 0.0
0.8147450089454651 0.3735189735889435 0.0
0.8141487836837769 0.37414586544036865 0.0
0.813522458076477 0.3739683926105499 0.0
0.6790899634361267 0.38118934631347656 0.0
0.6878949999809265 0.3813585042953491 0.0
0.698669970035553 0.38204535841941833 0.0
0.8111872673034668 0.37324777245521545 0.0
0.8113011717796326 0.3732796311378479 0.0
0.811431348323822 0.37331607937812805 0.0
0.7076123952865601 0.38018545508384705 0.0
0.7141643762588501 0.378999263048172 0.0
0.73343425989151 0.3778262436389923 0.0
0.7403916716575623 0.37776631116867065 0.0
0.7458446025848389 0.37650126218795776 0.0
0.7523883581161499 0.3770480155944824 0.0
0.7567660808563232 0.3759828805923462 0.0
0.7625495791435242 0.3764517903327942 0.0
0.7669582962989807 0.3766888380050659 0.0
0.7709153294563293 0.376869261264801 0.0
0.7741600275039673 0.37690144777297974 0.0
0.775274395942688 0.3755808174610138 0.0
0.7770478129386902 0.37683725357055664 0.0
0.779226541519165 0.3757605254650116 0.0
0.7814244627952576 0.3762660026550293 0.0
0.7833742499351501 0.37500879168510437 0.0
0.7851311564445496 0.37400490045547485 0.0
0.7872716188430786 0.3727453351020813 0.0
0.7872993350028992 0.37273499369621277 0.0
0.4730815887451172 0.6459055542945862 0.0
0.4518789052963257 0.6365328431129456 0.0
0.461059033870697 0.6374868154525757 0.0
0.4697638154029846 0.6405997276306152 0.0
0.4854015111923218 0.6451203227043152 0.0
0.49133676290512085 0.6496906280517578 0.0
0.43575459718704224 0.6299245953559875 0.0
0.4301002025604248 0.625461757183075 0.0
0.42494630813598633 0.6201428174972534 0.0
0.417874813079834 0.6140910983085632 0.0
0.1999967098236084 0.567306399345398 0.0
0.20719534158706665 0.56513911485672 0.0
0.21243888139724731 0.5644215941429138 0.0
0.21799969673156738 0.5641781091690063 0.0
0.40338587760925293 0.6075913906097412 0.0
0.8882984519004822 0.19411028921604156 0.0
0.8881308436393738 0.1940944790840149 0.0
0.8879392743110657 0.1940213143825531 0.0
0.8886538743972778 0.1938018947839737 0.0
0.8877723217010498 0.19397568702697754 0.0
0.23076432943344116 0.5609337687492371 0.0
0.5855738520622253 0.6576485633850098 0.0
0.8876259922981262 0.193971648812294 0.0
0.23817217350006104 0.5584917068481445 0.0
0.6137133240699768 0.6674762964248657 0.0
0.8897151947021484 0.1929493546485901 0.0
0.889343798160553 0.1932428777217865 0.0
0.37497228384017944 0.5881097316741943 0.0
0.3847038745880127 0.591658890247345 0.0
0.6266088485717773 0.6639905571937561 0.0
0.8907725214958191 0.19252237677574158 0.0
0.8912361860275269 0.1922076940536499 0.0
0.8876903653144836 0.1946420669555664 0.0
0.8879544734954834 0.19450171291828156 0.0
0.25278884172439575 0.5556985139846802 0.0
0.26147210597991943 0.5561856031417847 0.0
0.37148988246917725 0.5819277167320251 0.0
0.6423665881156921 0.6707825660705566 0.0
0.8927084803581238 0.19242951273918152 0.0
0.8920559883117676 0.19256754219532013 0.0
0.887073814868927 0.19473104178905487 0.0
0.275346040725708 0.5506924390792847 0.0
0.2837727665901184 0.5584056973457336 0.0
0.3604341149330139 0.5766948461532593 0.0
0.6626736521720886 0.6742170453071594 0.0
0.8970750570297241 0.1930018961429596 0.0
0.8958384394645691 0.1918368935585022 0.0
0.28452247381210327 0.5522353649139404 0.0
0.29304438829421997 0.5537508130073547 0.0
0.30054306983947754 0.5556644201278687 0.0
0.68232661485672 0.6743118762969971 0.0
0.9011330604553223 0.1939421445131302 0.0
0.9022341966629028 0.19561626017093658 0.0
0.3104809522628784 0.553678035736084 0.0
0.3260665535926819 0.5601136684417725 0.0
0.34772980213165283 0.5664436221122742 0.0
0.35623401403427124 0.569817304611206 0.0
0.6968930959701538 0.6782041192054749 0.0
0.9045646786689758 0.19628170132637024 0.0
0.9067612290382385 0.19677171111106873 0.0
0.8868468999862671 0.1950586587190628 0.0
0.3235512971878052 0.5514596700668335 0.0
0.714445948600769 0.6791336536407471 0.0
0.7355760931968689 0.6799209713935852 0.0
0.9126951694488525 0.1992739737033844 0.0
0.7562658786773682 0.6802328824996948 0.0
0.9158483743667603 0.2016812115907669 0.0
0.7727159857749939 0.681007444858551 0.0
0.7856009602546692 0.6859760284423828 0.0
0.9220098853111267 0.20657840371131897 0.0
0.8004578351974487 0.68599534034729 0.0
0.9311744570732117 0.21452513337135315 0.0
0.9289681911468506 0.2104456126689911 0.0
0.8190833926200867 0.6859399080276489 0.0
0.8387042880058289 0.6862246990203857 0.0
0.8615421056747437 0.6963277459144592 0.0
0.884954035282135 0.1947975754737854 0.0
0.8849062919616699 0.19521309435367584 0.0
0.8845461010932922 0.1948883831501007 0.0
0.8825331926345825 0.6967670321464539 0.0
0.8843392133712769 0.1951465755701065 0.0
0.9036216735839844 0.6980214715003967 0.0
0.9398810267448425 0.23025117814540863 0.0
0.9272170066833496 0.700729489326477 0.0
0.9419943690299988 0.6990406513214111 0.0
0.9385889768600464 0.23534440994262695 0.0
0.9344581961631775 0.23072224855422974 0.0
0.9606212377548218 0.7004906535148621 0.0
0.8832695484161377 0.1955232471227646 0.0
0.9806225895881653 0.7002936601638794 0.0
0.9351436495780945 0.23916012048721313 0.0
0.8826417326927185 0.19580259919166565 0.0
1.0 0.6992493271827698 0.0
0.9318754076957703 0.2418944388628006 0.0
0.9910151362419128 0.3008849322795868 0.0
0.1457381248474121 0.5141100287437439 0.0
0.8806290030479431 0.19642367959022522 0.0
0.1504194140434265 0.513070821762085 0.0
0.9861394166946411 0.30448752641677856 0.0
0.17604213953018188 0.5089705586433411 0.0
0.18161004781723022 0.5073169469833374 0.0
0.9210189580917358 0.24651509523391724 0.0
0.19435858726501465 0.5046583414077759 0.0
0.9870103001594543 0.3110975921154022 0.0
0.20862066745758057 0.5028189420700073 0.0
0.2182711362838745 0.5018203258514404 0.0
0.980021595954895 0.30958977341651917 0.0
0.9148483276367188 0.24473229050636292 0.0
0.8784484267234802 0.1973297894001007 0.0
0.24238038063049316 0.5 0.0
0.23249661922454834 0.5010218024253845 0.0
0.8771862387657166 0.1972922533750534 0.0
0.2623749375343323 0.4935763478279114 0.0
0.9758536219596863 0.31227821111679077 0.0
0.8759968876838684 0.19735723733901978 0.0
0.2774246335029602 0.48874276876449585 0.0
0.9830546975135803 0.3218211233615875 0.0
0.2897716760635376 0.4833834767341614 0.0
0.9740633368492126 0.3239840567111969 0.0
0.903641939163208 0.24300600588321686 0.0
0.8735471367835999 0.19954490661621094 0.0
0.3018975257873535 0.47812461853027344 0.0
0.8981367349624634 0.24421611428260803 0.0
0.8728147149085999 0.2009643167257309 0.0
0.871491551399231 0.20171499252319336 0.0
0.3157758116722107 0.4729921817779541 0.0
0.9724423289299011 0.33172136545181274 0.0
0.8699431419372559 0.20241108536720276 0.0
0.8921810984611511 0.24036191403865814 0.0
0.8699195384979248 0.20462898910045624 0.0
0.3311825394630432 0.47041749954223633 0.0
0.8863481879234314 0.24025115370750427 0.0
0.8672389388084412 0.20789946615695953 0.0
0.9586969614028931 0.329110324382782 0.0
0.3520169258117676 0.4611881375312805 0.0
0.9489482045173645 0.33210915327072144 0.0
0.881637692451477 0.23573169112205505 0.0
0.8870787620544434 0.23635302484035492 0.0
0.8787686228752136 0.2322847545146942 0.0
0.8675309419631958 0.2104680836200714 0.0
0.3630213737487793 0.457158625125885 0.0
0.8753560185432434 0.22994861006736755 0.0
0.8683077096939087 0.21335053443908691 0.0
0.9421624541282654 0.3378302752971649 0.0
0.8695870637893677 0.22365495562553406 0.0
0.8673163056373596 0.21970856189727783 0.0
0.3905556797981262 0.45012223720550537 0.0
0.3761472702026367 0.4540092647075653 0.0
0.9347213506698608 0.34182360768318176 0.0
0.39864009618759155 0.4455011188983917 0.0
0.4040035605430603 0.4484782814979553 0.0
0.4112221598625183 0.44400712847709656 0.0
0.9267978072166443 0.3461371958255768 0.0
0.9123531579971313 0.3399849832057953 0.0
0.42374682426452637 0.4403797388076782 0.0
0.9091833829879761 0.34414172172546387 0.0
0.43388205766677856 0.43766656517982483 0.0
0.4317854046821594 0.43436458706855774 0.0
0.4397534132003784 0.4344216585159302 0.0
0.8951205015182495 0.353352427482605 0.0
0.8808658719062805 0.34491023421287537 0.0
0.44929611682891846 0.43246063590049744 0.0
0.8761569857597351 0.3502403497695923 0.0
0.45392513275146484 0.4289973974227905 0.0
0.46326112747192383 0.4273498058319092 0.0
0.46748417615890503 0.4242517054080963 0.0
0.8711541295051575 0.3550299108028412 0.0
0.8613156676292419 0.3565221130847931 0.0
0.8528192043304443 0.3514745831489563 0.0
0.5017824172973633 0.41827628016471863 0.0
0.8474698662757874 0.36172640323638916 0.0
0.507935106754303 0.4153907597064972 0.0
0.841541588306427 0.3643627464771271 0.0
0.834346354007721 0.3637641668319702 0.0
0.8301807641983032 0.3658306300640106 0.0
0.5267400145530701 0.40955278277397156 0.0
0.537795901298523 0.4094063937664032 0.0
0.8299093842506409 0.3688318431377411 0.0
0.5453642010688782 0.40711063146591187 0.0
0.8259496092796326 0.36955124139785767 0.0
0.5518099665641785 0.40258127450942993 0.0
0.5643938779830933 0.4034736454486847 0.0
0.8261523246765137 0.37232670187950134 0.0
0.5752397179603577 0.4028351902961731 0.0
0.5810816884040833 0.39918655157089233 0.0
0.819453775882721 0.37087681889533997 0.0
0.8183650970458984 0.37247413396835327 0.0
0.5977394580841064 0.39649519324302673 0.0
0.5924720764160156 0.3998810946941376 0.0
0.8198980093002319 0.37449222803115845 0.0
0.8163511753082275 0.37360280752182007 0.0
0.6100773215293884 0.39597073197364807 0.0
0.6350224018096924 0.3914042115211487 0.0
0.6430857181549072 0.3896671235561371 0.0
0.6535782814025879 0.38938984274864197 0.0
0.6687902212142944 0.38549691438674927 0.0
0.8162125945091248 0.3745502233505249 0.0
0.8159827589988708 0.37479168176651 0.0
0.6781707406044006 0.3854338526725769 0.0
0.6868141293525696 0.38538840413093567 0.0
0.813358724117279 0.37391698360443115 0.0
0.8131957054138184 0.3738657534122467 0.0
0.8129685521125793 0.37379440665245056 0.0
0.7166327238082886 0.38276758790016174 0.0
0.722341775894165 0.38034072518348694 0.0
0.7293737530708313 0.38007989525794983 0.0
0.7405385971069336 0.3805922865867615 0.0
0.7473952174186707 0.3809378147125244 0.0
0.7533393502235413 0.3799515962600708 0.0
0.7572281360626221 0.3789807856082916 0.0
0.7660975456237793 0.37857475876808167 0.0
0.7797759771347046 0.3773602545261383 0.0
0.7784238457679749 0.3786930441856384 0.0
0.7818321585655212 0.37797266244888306 0.0
0.7825623750686646 0.3767942190170288 0.0
0.7830102443695068 0.3766152262687683 0.0
0.7845717072486877 0.37469345331192017 0.0
0.7849414944648743 0.37423834204673767 0.0
0.7847525477409363 0.37447085976600647 0.0
0.7847574949264526 0.374464750289917 0.0
0.4566277861595154 0.6325355172157288 0.0
0.4804844260215759 0.6399179697036743 0.0
0.5009890794754028 0.6485936045646667 0.0
0.45064228773117065 0.6274956464767456 0.0
0.5104526877403259 0.6503459215164185 0.0
0.44090646505355835 0.6248799562454224 0.0
0.5230205059051514 0.6523163914680481 0.0
0.4380950331687927 0.6199609041213989 0.0
0.5369501113891602 0.6538695096969604 0.0
0.5513129234313965 0.6549502611160278 0.0
0.1928260326385498 0.5684590339660645 0.0
0.19881820678710938 0.5671385526657104 0.0
0.19084441661834717 0.5688957571983337 0.0
0.888788640499115 0.19411906599998474 0.0
0.8891504406929016 0.19394676387310028 0.0
0.8886544704437256 0.1943550556898117 0.0
0.22242814302444458 0.560299277305603 0.0
0.5672469735145569 0.6549778580665588 0.0
0.8892582654953003 0.19358989596366882 0.0
0.8883021473884583 0.19427235424518585 0.0
0.888120174407959 0.1941460371017456 0.0
0.8885988593101501 0.19444003701210022 0.0
0.8884075284004211 0.19447629153728485 0.0
0.22669464349746704 0.5606215596199036 0.0
0.40526098012924194 0.6008970737457275 0.0
0.41296422481536865 0.6070697903633118 0.0
0.8897644281387329 0.1935606598854065 0.0
0.8879558444023132 0.19409413635730743 0.0
0.8879683613777161 0.1941402703523636 0.0
0.41828250885009766 0.6005516648292542 0.0
0.8901664614677429 0.19335268437862396 0.0
0.4125363826751709 0.5951547622680664 0.0
0.6046891808509827 0.6588029265403748 0.0
0.8910361528396606 0.19295549392700195 0.0
0.8914722204208374 0.19277535378932953 0.0
0.890469491481781 0.1929798722267151 0.0
0.8880410194396973 0.1948007047176361 0.0
0.24719518423080444 0.5549442172050476 0.0
0.892745852470398 0.19293957948684692 0.0
0.8934928774833679 0.19293493032455444 0.0
0.8922404050827026 0.19325444102287292 0.0
0.25498849153518677 0.5515673756599426 0.0
0.3831993341445923 0.5838820934295654 0.0
0.8982035517692566 0.1942320615053177 0.0
0.896622359752655 0.19392560422420502 0.0
0.8956728577613831 0.19297030568122864 0.0
0.8954052329063416 0.19381478428840637 0.0
0.8945008516311646 0.19293390214443207 0.0
0.2628377676010132 0.5499593615531921 0.0
0.2684703469276428 0.550275444984436 0.0
0.3741978406906128 0.57370924949646 0.0
0.38171422481536865 0.5776246786117554 0.0
0.6477162837982178 0.6651341319084167 0.0
0.9001290202140808 0.1948491483926773 0.0
0.6713598966598511 0.6663526892662048 0.0
0.28690487146377563 0.5457916855812073 0.0
0.29480522871017456 0.5463427305221558 0.0
0.33769309520721436 0.5624702572822571 0.0
0.3505699634552002 0.5580837726593018 0.0
0.359865665435791 0.5629843473434448 0.0
0.36697548627853394 0.5684772729873657 0.0
0.6978548169136047 0.6704326272010803 0.0
0.3046846389770508 0.548142671585083 0.0
0.3154981732368469 0.5473487973213196 0.0
0.3390558362007141 0.5527352690696716 0.0
0.9090681076049805 0.19840264320373535 0.0
0.7212818264961243 0.6732550859451294 0.0
0.9104123115539551 0.20079775154590607 0.0
0.7393409609794617 0.6706282496452332 0.0
0.9188762903213501 0.20396894216537476 0.0
0.7618247866630554 0.6713709831237793 0.0
0.9246498346328735 0.20988669991493225 0.0
0.9212436079978943 0.20909170806407928 0.0
0.7830183506011963 0.6775954961776733 0.0
0.9271007776260376 0.2134588062763214 0.0
0.798711359500885 0.674971342086792 0.0
0.9291658401489258 0.21762984991073608 0.0
0.8175588250160217 0.6763179898262024 0.0
0.9323779344558716 0.22236932814121246 0.0
0.8591949939727783 0.6867943406105042 0.0
0.933944046497345 0.22684621810913086 0.0
0.8854076862335205 0.1956234872341156 0.0
0.8847299814224243 0.1955689638853073 0.0
0.8812226057052612 0.6883083581924438 0.0
0.9046229124069214 0.6908083558082581 0.0
0.8845096230506897 0.19589616358280182 0.0
0.9249073266983032 0.6933851838111877 0.0
0.9400710463523865 0.6914919018745422 0.0
0.9310336709022522 0.2331295609474182 0.0
0.8838311433792114 0.19611287117004395 0.0
0.9622576832771301 0.6938262581825256 0.0
0.8831301927566528 0.19635964930057526 0.0
0.8823829293251038 0.19640828669071198 0.0
0.9768015146255493 0.6898465752601624 0.0
0.9286177158355713 0.23718436062335968 0.0
0.9262937307357788 0.24138857424259186 0.0
1.0 0.6894381642341614 0.0
0.8825035095214844 0.1971605122089386 0.0
0.8816524744033813 0.19659149646759033 0.0
0.8814166188240051 0.19719375669956207 0.0
0.15100419521331787 0.512946367263794 0.0
0.15109962224960327 0.5129259824752808 0.0
0.9932085275650024 0.31128156185150146 0.0
0.922317385673523 0.24309994280338287 0.0
0.8804090023040771 0.197129026055336 0.0
0.1859983205795288 0.5077322125434875 0.0
0.19312626123428345 0.505844235420227 0.0
0.202100932598114 0.5048587322235107 0.0
0.20569461584091187 0.5038554668426514 0.0
0.994105875492096 0.31799718737602234 0.0
0.21655023097991943 0.5032545924186707 0.0
0.9888453483581543 0.31876257061958313 0.0
0.878205418586731 0.1980598121881485 0.0
0.26925742626190186 0.4960148334503174 0.0
0.2728368639945984 0.4925500154495239 0.0
0.2923237681388855 0.4875509440898895 0.0
0.2819135785102844 0.49190911650657654 0.0
0.909044086933136 0.24226002395153046 0.0
0.8773704767227173 0.19844560325145721 0.0
0.8751732707023621 0.19925570487976074 0.0
0.8760024309158325 0.19836091995239258 0.0
0.30339640378952026 0.48306113481521606 0.0
0.31424611806869507 0.4788524806499481 0.0
0.8750820159912109 0.20088520646095276 0.0
0.9891220927238464 0.3302794098854065 0.0
0.987217366695404 0.3355068564414978 0.0
0.8973291516304016 0.23987841606140137 0.0
0.8731510639190674 0.20308712124824524 0.0
0.8720517158508301 0.20420914888381958 0.0
0.8923106789588928 0.23657944798469543 0.0
0.8708642721176147 0.20719586312770844 0.0
0.3491032123565674 0.4650784432888031 0.0
0.3457309603691101 0.468816339969635 0.0
0.36037176847457886 0.46523019671440125 0.0
0.9712319374084473 0.34004640579223633 0.0
0.37282925844192505 0.45981404185295105 0.0
0.3779016137123108 0.46441227197647095 0.0
0.8827821612358093 0.23265942931175232 0.0
0.8701963424682617 0.2118714302778244 0.0
0.9601473212242126 0.3440704941749573 0.0
0.8788586854934692 0.22942538559436798 0.0
0.8745270371437073 0.2259390503168106 0.0
0.8722118735313416 0.2213769555091858 0.0
0.8705452680587769 0.2170935720205307 0.0
0.38694584369659424 0.4560130536556244 0.0
0.3852922320365906 0.46031486988067627 0.0
0.3949800133705139 0.4581862688064575 0.0
0.42552804946899414 0.44645655155181885 0.0
0.4364510774612427 0.44307923316955566 0.0
0.9119158387184143 0.353034108877182 0.0
0.46203094720840454 0.4324817657470703 0.0
0.8854819536209106 0.359079509973526 0.0
0.4753963351249695 0.42619630694389343 0.0
0.4871754050254822 0.4252992570400238 0.0
0.4991387128829956 0.4238278865814209 0.0
0.515809178352356 0.4185156226158142 0.0
0.8574029803276062 0.36103206872940063 0.0
0.5246912837028503 0.4170570969581604 0.0
0.5302435159683228 0.414442777633667 0.0
0.8414291739463806 0.3686063587665558 0.0
0.5369473099708557 0.4123059809207916 0.0
0.8369553685188293 0.3706456422805786 0.0
0.5468470454216003 0.41174742579460144 0.0
0.5568815469741821 0.4071469008922577 0.0
0.5522429943084717 0.4095747172832489 0.0
0.5718346238136292 0.40549522638320923 0.0
0.8240529894828796 0.3738059997558594 0.0
0.5861373543739319 0.4032704532146454 0.0
0.8180292248725891 0.3747420310974121 0.0
0.6240568161010742 0.39660778641700745 0.0
0.6659899950027466 0.3905177116394043 0.0
0.8181741237640381 0.37563779950141907 0.0
0.8152350783348083 0.3745802640914917 0.0
0.8147732019424438 0.37441524863243103 0.0
0.8150190114974976 0.37450307607650757 0.0
0.8150181770324707 0.3745027780532837 0.0
0.6771464943885803 0.3899770677089691 0.0
0.6863246560096741 0.38948482275009155 0.0
0.6943988800048828 0.38538238406181335 0.0
0.7036251425743103 0.3884925842285156 0.0
0.7105575799942017 0.3852713108062744 0.0
0.7296768426895142 0.3829784691333771 0.0
0.7252146005630493 0.38495132327079773 0.0
0.7366251349449158 0.3827798366546631 0.0
0.7557154297828674 0.3834662139415741 0.0
0.7626608610153198 0.379382848739624 0.0
0.7681644558906555 0.3808695375919342 0.0
0.7703521251678467 0.3794381618499756 0.0
0.7748391628265381 0.3815425634384155 0.0
0.7738874554634094 0.3790075480937958 0.0
0.7760524749755859 0.3784290850162506 0.0
0.7805054783821106 0.37876614928245544 0.0
0.7827244997024536 0.37812525033950806 0.0
0.7829107642173767 0.3771410882472992 0.0
0.7829604744911194 0.3768783509731293 0.0
0.4673635959625244 0.6318730115890503 0.0
0.47596246004104614 0.6345545649528503 0.0
0.492556631565094 0.6391453146934509 0.0
0.4971446394920349 0.6443173289299011 0.0
0.4875025153160095 0.6349998116493225 0.0
0.5087839365005493 0.6446076035499573 0.0
0.5203999876976013 0.6460720300674438 0.0
0.5321285724639893 0.6475582718849182 0.0
0.4339723587036133 0.6125990748405457 0.0
0.5443115830421448 0.64860999584198 0.0
0.8889675736427307 0.19466231763362885 0.0
0.8890976905822754 0.1944485604763031 0.0
0.5553826689720154 0.6496437191963196 0.0
0.8892543911933899 0.19427528977394104 0.0
0.8887372612953186 0.1945856809616089 0.0
0.21635669469833374 0.5617409944534302 0.0
0.20914572477340698 0.5640952587127686 0.0
0.22469955682754517 0.5581135749816895 0.0
0.4250730872154236 0.6065232157707214 0.0
0.4357188940048218 0.604889988899231 0.0
0.5636304020881653 0.6467104554176331 0.0
0.8899694085121155 0.1940344125032425 0.0
0.890268087387085 0.19377665221691132 0.0
0.8895676732063293 0.19389694929122925 0.0
0.8886483907699585 0.19473867118358612 0.0
0.2312132716178894 0.5568255186080933 0.0
0.4294198155403137 0.5997921824455261 0.0
0.5776160955429077 0.6497564911842346 0.0
0.8906083703041077 0.1935308873653412 0.0
0.8883126378059387 0.19470229744911194 0.0
0.891004204750061 0.19334283471107483 0.0
0.8915015459060669 0.19326801598072052 0.0
0.8913899660110474 0.19363953173160553 0.0
0.23492580652236938 0.5571914911270142 0.0
0.40119457244873047 0.5916646718978882 0.0
0.42208898067474365 0.5945433974266052 0.0
0.5913285613059998 0.6519445180892944 0.0
0.8931981921195984 0.1935345083475113 0.0
0.8942921161651611 0.19382204115390778 0.0
0.8878228068351746 0.1949508786201477 0.0
0.888172447681427 0.19509358704090118 0.0
0.2436293363571167 0.5534229874610901 0.0
0.41441428661346436 0.5888169407844543 0.0
0.6180996894836426 0.6552844047546387 0.0
0.25225830078125 0.5498142242431641 0.0
0.3934953212738037 0.5852969884872437 0.0
0.26029497385025024 0.546911358833313 0.0
0.39212971925735474 0.5781664848327637 0.0
0.6344042420387268 0.6569620370864868 0.0
0.898918092250824 0.19563515484333038 0.0
0.9008433222770691 0.19672736525535583 0.0
0.2674347162246704 0.544146716594696 0.0
0.2736896872520447 0.5442078709602356 0.0
0.38710248470306396 0.5700883269309998 0.0
0.6535264253616333 0.6576423048973083 0.0
0.9033201932907104 0.19767163693904877 0.0
0.2845763564109802 0.540871262550354 0.0
0.37753772735595703 0.5670515894889832 0.0
0.6744654774665833 0.6569457054138184 0.0
0.6845888495445251 0.6639465093612671 0.0
0.9060474634170532 0.1987350881099701 0.0
0.29521167278289795 0.5385592579841614 0.0
0.37392759323120117 0.5603469610214233 0.0
0.6953383088111877 0.6609199643135071 0.0
0.8871893286705017 0.19547143578529358 0.0
0.8866650462150574 0.19532410800457 0.0
0.3051201105117798 0.5393791794776917 0.0
0.3148266077041626 0.5409528613090515 0.0
0.32486164569854736 0.5427175164222717 0.0
0.3341284394264221 0.545327365398407 0.0
0.7162983417510986 0.6651871800422668 0.0
0.9125456809997559 0.2023620307445526 0.0
0.8869262337684631 0.19576554000377655 0.0
0.8862968683242798 0.19551695883274078 0.0
0.3146315813064575 0.533562183380127 0.0
0.915118396282196 0.20473363995552063 0.0
0.9185245633125305 0.20682011544704437 0.0
0.8857465386390686 0.19537486135959625 0.0
0.8857951164245605 0.19500701129436493 0.0
0.7763107419013977 0.666625440120697 0.0
0.9226741790771484 0.21285465359687805 0.0
0.9258843660354614 0.21531756222248077 0.0
0.8356838822364807 0.6764088273048401 0.0
0.8851408362388611 0.19598053395748138 0.0
0.8576261401176453 0.6778134703636169 0.0
0.9296133518218994 0.2245553582906723 0.0
0.8820571899414062 0.6803514361381531 0.0
0.9292587041854858 0.2280159741640091 0.0
0.9101880788803101 0.6837905645370483 0.0
0.9505384564399719 0.6853055357933044 0.0
0.8837334513664246 0.19673454761505127 0.0
0.8830639719963074 0.19679176807403564 0.0
0.9599102735519409 0.6780965924263 0.0
0.9226862192153931 0.23566226661205292 0.0
0.9814456701278687 0.681332528591156 0.0
0.15096032619476318 0.5129556655883789 0.0
0.15112906694412231 0.5129197239875793 0.0
0.15129852294921875 0.5128836631774902 0.0
0.1886998414993286 0.5075917840003967 0.0
1.0 0.6787401437759399 0.0
0.9200687408447266 0.23886148631572723 0.0
0.19398647546768188 0.5066751837730408 0.0
0.20348268747329712 0.5056465864181519 0.0
0.9176216125488281 0.2417963743209839 0.0
0.8798167705535889 0.19763687252998352 0.0
0.21132421493530273 0.5045155882835388 0.0
1.0 0.6735829710960388 0.0
0.9123567342758179 0.24018582701683044 0.0
0.22937268018722534 0.5025371313095093 0.0
0.2373718023300171 0.5016518831253052 0.0
0.24538254737854004 0.5009034872055054 0.0
0.25676387548446655 0.5 0.0
0.2717386484146118 0.5 0.0
0.28507155179977417 0.49540168046951294 0.0
0.8793176412582397 0.19831104576587677 0.0
0.29353809356689453 0.49090126156806946 0.0
0.9073615670204163 0.23836642503738403 0.0
0.3062604069709778 0.48702043294906616 0.0
1.0 0.6692914962768555 0.0
0.904761791229248 0.23981930315494537 0.0
0.9010576605796814 0.2390245497226715 0.0
0.87711501121521 0.19960252940654755 0.0
0.3228321075439453 0.4798482358455658 0.0
0.3143220543861389 0.48259395360946655 0.0
0.3261386752128601 0.4756704270839691 0.0
0.3350988030433655 0.4779844284057617 0.0
0.8752085566520691 0.20253367722034454 0.0
0.337490439414978 0.4732837975025177 0.0
0.3499879837036133 0.4732079803943634 0.0
0.8739557862281799 0.2047787308692932 0.0
0.9865782856941223 0.34218525886535645 0.0
0.8728803992271423 0.20579014718532562 0.0
0.9880237579345703 0.3485514521598816 0.0
0.8878676295280457 0.2326362580060959 0.0
0.8704211115837097 0.20975390076637268 0.0
0.8736388087272644 0.20952820777893066 0.0
0.8830015659332275 0.22940580546855927 0.0
0.871874213218689 0.21421094238758087 0.0
0.8731546401977539 0.21198362112045288 0.0
0.8793798089027405 0.2263435572385788 0.0
0.8767753839492798 0.22293716669082642 0.0
0.8749372363090515 0.21949060261249542 0.0
0.4018470048904419 0.4535359740257263 0.0
0.4059348702430725 0.4580182433128357 0.0
0.9499333500862122 0.3460898697376251 0.0
0.9461773633956909 0.35093507170677185 0.0
0.414226770401001 0.44978067278862 0.0
0.9282254576683044 0.35418960452079773 0.0
0.4461516737937927 0.4395330846309662 0.0
0.4592192769050598 0.43789321184158325 0.0
0.9138805866241455 0.3603764474391937 0.0
0.9041093587875366 0.36315566301345825 0.0
0.47403275966644287 0.43122997879981995 0.0
0.48585546016693115 0.42987948656082153 0.0
0.8828502893447876 0.36538147926330566 0.0
0.8737946152687073 0.36010101437568665 0.0
0.869483470916748 0.36388126015663147 0.0
0.5120409727096558 0.4231874346733093 0.0
0.8632233142852783 0.3681682348251343 0.0
0.8515858054161072 0.36873364448547363 0.0
0.5430963039398193 0.41621842980384827 0.0
0.8338201642036438 0.3720611333847046 0.0
0.8312214016914368 0.37294939160346985 0.0
0.559928297996521 0.4118519127368927 0.0
0.5674068331718445 0.4078534245491028 0.0
0.8326331377029419 0.37530192732810974 0.0
0.5798848867416382 0.4080723822116852 0.0
0.8288636207580566 0.3749677240848541 0.0
0.8284079432487488 0.37634924054145813 0.0
0.5969189405441284 0.4038695693016052 0.0
0.590941309928894 0.40651455521583557 0.0
0.8245388865470886 0.37585169076919556 0.0
0.8229532241821289 0.37638264894485474 0.0
0.6055212020874023 0.40096792578697205 0.0
0.619871973991394 0.40130770206451416 0.0
0.8208532333374023 0.37589630484580994 0.0
0.8198667168617249 0.3761059045791626 0.0
0.8205637335777283 0.376878023147583 0.0
0.6365218758583069 0.39595088362693787 0.0
0.6337682008743286 0.40062129497528076 0.0
0.6427932381629944 0.3933780789375305 0.0
0.6496931910514832 0.3927389979362488 0.0
0.6592614054679871 0.39434489607810974 0.0
0.8180654644966125 0.3757282495498657 0.0
0.8151276111602783 0.37454187870025635 0.0
0.8150205612182617 0.37450364232063293 0.0
0.6677746772766113 0.39453229308128357 0.0
0.6766502261161804 0.3951266407966614 0.0
0.686516523361206 0.39380943775177 0.0
0.6945098638534546 0.38907063007354736 0.0
0.7195713520050049 0.3867896497249603 0.0
0.734869658946991 0.38706284761428833 0.0
0.7454430460929871 0.3840203881263733 0.0
0.7440020442008972 0.3874596059322357 0.0
0.7516875267028809 0.38455644249916077 0.0
0.7618885040283203 0.38259080052375793 0.0
0.7665684223175049 0.3820990025997162 0.0
0.7724106311798096 0.3824115991592407 0.0
0.7778666019439697 0.3808310627937317 0.0
0.7804489135742188 0.38023102283477783 0.0
0.7821596264839172 0.3797590136528015 0.0
0.7824758291244507 0.3789161741733551 0.0
0.7830900549888611 0.37990233302116394 0.0
0.7829039096832275 0.37893402576446533 0.0
0.7828600406646729 0.3787364959716797 0.0
0.7828819155693054 0.37883514165878296 0.0
0.7827923893928528 0.3784312307834625 0.0
0.4879663586616516 0.6299875974655151 0.0
0.5050823092460632 0.6389805674552917 0.0
0.46535730361938477 0.6272315382957458 0.0
0.47721588611602783 0.6281792521476746 0.0
0.5187713503837585 0.6396572589874268 0.0
0.45012742280960083 0.6210024356842041 0.0
0.4624396562576294 0.6219145059585571 0.0
0.47668886184692383 0.6218854188919067 0.0
0.5284463167190552 0.6426880359649658 0.0
0.44812965393066406 0.6146132946014404 0.0
0.4602832794189453 0.6162821054458618 0.0
0.5388466715812683 0.642900288105011 0.0
0.8895121812820435 0.1945391446352005 0.0
0.8896549344062805 0.1942644566297531 0.0
0.4593127965927124 0.6096357107162476 0.0
0.5509987473487854 0.6440792679786682 0.0
0.8903904557228088 0.19419927895069122 0.0
0.8906871676445007 0.19397979974746704 0.0
0.8888866305351257 0.19474472105503082 0.0
0.2224026918411255 0.5589592456817627 0.0
0.44650977849960327 0.6070141792297363 0.0
0.891505777835846 0.1941031664609909 0.0
0.8919081091880798 0.1937544047832489 0.0
0.8910418748855591 0.1937928944826126 0.0
0.8910548090934753 0.194215327501297 0.0
0.2287883162498474 0.5567269325256348 0.0
0.8886643648147583 0.19502337276935577 0.0
0.8883240222930908 0.19495262205600739 0.0
0.8936629295349121 0.19426928460597992 0.0
0.8927392363548279 0.19403396546840668 0.0
0.24018746614456177 0.5522988438606262 0.0
0.8944171071052551 0.19463370740413666 0.0
0.6036133766174316 0.6485669612884521 0.0
0.25009286403656006 0.5470327138900757 0.0
0.4053247570991516 0.5812267661094666 0.0
0.6233130097389221 0.6476700901985168 0.0
0.25825005769729614 0.5443367958068848 0.0
0.41944968700408936 0.5818259716033936 0.0
0.4010564684867859 0.5709741115570068 0.0
0.41553211212158203 0.5721272230148315 0.0
0.6405648589134216 0.6508746147155762 0.0
0.2657981514930725 0.5412826538085938 0.0
0.2733255624771118 0.5382895469665527 0.0
0.6560519933700562 0.6477846503257751 0.0
0.9039319157600403 0.19980795681476593 0.0
0.2819843292236328 0.5348698496818542 0.0
0.3640003204345703 0.5549773573875427 0.0
0.3847411274909973 0.5626043081283569 0.0
0.6896138191223145 0.6521109938621521 0.0
0.9082275032997131 0.200511634349823 0.0
0.278359055519104 0.5315131545066833 0.0
0.29285115003585815 0.5302122831344604 0.0
0.34626686573028564 0.5430232882499695 0.0
0.35507774353027344 0.5492947101593018 0.0
0.9091402888298035 0.20293517410755157 0.0
0.3063897490501404 0.5282765626907349 0.0
0.32436680793762207 0.53452467918396 0.0
0.33661526441574097 0.5366284251213074 0.0
0.3624657392501831 0.5391139388084412 0.0
0.3673730492591858 0.5476553440093994 0.0
0.7092273235321045 0.6558881998062134 0.0
0.9125375747680664 0.206526979804039 0.0
0.9119196534156799 0.20436543226242065 0.0
0.8865891098976135 0.19600877165794373 0.0
0.3216373324394226 0.5245947241783142 0.0
0.7318194508552551 0.659433126449585 0.0
0.7472512722015381 0.6649888157844543 0.0
0.9182173609733582 0.20968931913375854 0.0
0.9157059192657471 0.2073197215795517 0.0
0.3324550986289978 0.5285673141479492 0.0
0.7532554268836975 0.659245491027832 0.0
0.9189124703407288 0.21243025362491608 0.0
0.9245748519897461 0.2171451896429062 0.0
0.8860335946083069 0.1958175152540207 0.0
0.7912593483924866 0.6638951897621155 0.0
0.8042312860488892 0.6699538826942444 0.0
0.9272100329399109 0.22108472883701324 0.0
0.8857584595680237 0.1960713267326355 0.0
0.8113833069801331 0.6659364700317383 0.0
0.8855061531066895 0.19636784493923187 0.0
0.8341377377510071 0.6671329736709595 0.0
0.9254942536354065 0.22395087778568268 0.0
0.8852965235710144 0.19674785435199738 0.0
0.8848158717155457 0.1963101029396057 0.0
0.8583039045333862 0.6692175269126892 0.0
0.8843701481819153 0.6723763942718506 0.0
0.9271535873413086 0.229929581284523 0.0
0.9238690733909607 0.22700096666812897 0.0
0.9086745977401733 0.6743322610855103 0.0
0.9247260689735413 0.2316311001777649 0.0
0.8845158815383911 0.19672678411006927 0.0
0.8843163251876831 0.19717220962047577 0.0
0.9286748766899109 0.6821991205215454 0.0
0.8836205005645752 0.1973726749420166 0.0
0.9325552582740784 0.6741036176681519 0.0
0.9446907043457031 0.6661949157714844 0.0
0.883154034614563 0.19786810874938965 0.0
0.882257342338562 0.19794310629367828 0.0
0.18237274885177612 0.5082809925079346 0.0
0.19525128602981567 0.5070531964302063 0.0
0.1949111819267273 0.506987988948822 0.0
0.9691399335861206 0.6702138185501099 0.0
0.8810877799987793 0.19789820909500122 0.0
0.20401358604431152 0.5063747763633728 0.0
0.980908989906311 0.6667454838752747 0.0
0.9146404266357422 0.23714686930179596 0.0
0.22263789176940918 0.5041239261627197 0.0
0.23451924324035645 0.5037422776222229 0.0
0.24076348543167114 0.5022759437561035 0.0
0.24961388111114502 0.5016540884971619 0.0
0.25647062063217163 0.5 0.0
0.26798009872436523 0.5 0.0
0.2836402654647827 0.5 0.0
0.9097827076911926 0.2363099455833435 0.0
0.8806245923042297 0.1985904425382614 0.0
0.29305821657180786 0.49680811166763306 0.0
0.3011664152145386 0.49247968196868896 0.0
0.987519383430481 0.6646392345428467 0.0
0.8789175152778625 0.1989939957857132 0.0
0.31409573554992676 0.4886472523212433 0.0
0.32398056983947754 0.4836016893386841 0.0
0.9858012795448303 0.6578319668769836 0.0
0.8784815669059753 0.19966676831245422 0.0
1.0 0.6606600880622864 0.0
0.9023643136024475 0.23644912242889404 0.0
0.8769450187683105 0.20097452402114868 0.0
0.33642351627349854 0.481052964925766 0.0
0.3496360182762146 0.47903960943222046 0.0
0.8766971826553345 0.20215001702308655 0.0
0.8759313225746155 0.20448316633701324 0.0
0.897148609161377 0.2360578328371048 0.0
0.8753570914268494 0.20608451962471008 0.0
1.0 0.6538472175598145 0.0
0.8927139043807983 0.23385588824748993 0.0
0.8744936585426331 0.20760951936244965 0.0
0.3786846399307251 0.4691425561904907 0.0
1.0 0.6478067636489868 0.0
0.39536452293395996 0.4626782238483429 0.0
0.8868815302848816 0.22847333550453186 0.0
0.8757525682449341 0.21143028140068054 0.0
0.8754400014877319 0.21286825835704803 0.0
0.9816979765892029 0.3530583083629608 0.0
0.8754134774208069 0.21478219330310822 0.0
0.8739669322967529 0.21668368577957153 0.0
0.8829026818275452 0.2266261875629425 0.0
0.8808913826942444 0.22398652136325836 0.0
0.4136626124382019 0.45428815484046936 0.0
0.41922593116760254 0.4576854407787323 0.0
0.9650863409042358 0.3548288941383362 0.0
0.4245724678039551 0.4522523283958435 0.0
0.4326797127723694 0.4556528329849243 0.0
0.957115888595581 0.3599037528038025 0.0
0.4380761981010437 0.44943609833717346 0.0
0.9414225220680237 0.35505831241607666 0.0
0.44746220111846924 0.44502678513526917 0.0
0.45508038997650146 0.4424367845058441 0.0
0.4567282199859619 0.4464859366416931 0.0
0.9321576356887817 0.36316609382629395 0.0
0.9250787496566772 0.36956581473350525 0.0
0.4738801121711731 0.44050902128219604 0.0
0.46440911293029785 0.4433663487434387 0.0
0.4733315110206604 0.4358883798122406 0.0
0.8952044248580933 0.36603081226348877 0.0
0.485267698764801 0.43424591422080994 0.0
0.4974297881126404 0.42862755060195923 0.0
0.5105220675468445 0.42838820815086365 0.0
0.5220321416854858 0.4231902062892914 0.0
0.5277660489082336 0.42116108536720276 0.0
0.5350156426429749 0.41904792189598083 0.0
0.864631175994873 0.375524640083313 0.0
0.8520438075065613 0.3737792670726776 0.0
0.8446222543716431 0.3732220232486725 0.0
0.5529276728630066 0.4151698350906372 0.0
0.8416687846183777 0.37486934661865234 0.0
0.8373897671699524 0.3756396770477295 0.0
0.5711236596107483 0.4110913574695587 0.0
0.5706019997596741 0.4148227870464325 0.0
0.8327534794807434 0.3774183988571167 0.0
0.5986968874931335 0.40731579065322876 0.0
0.8260712027549744 0.37811776995658875 0.0
0.60788893699646 0.40590834617614746 0.0
0.6134234666824341 0.4035763144493103 0.0
0.8230141401290894 0.3774595856666565 0.0
0.6439271569252014 0.39980003237724304 0.0
0.6492683291435242 0.3965550363063812 0.0
0.6590632796287537 0.3983355164527893 0.0
0.8201748132705688 0.37676939368247986 0.0
0.8166500329971313 0.37515416741371155 0.0
0.8194141387939453 0.3763939440250397 0.0
0.6690438389778137 0.3981999158859253 0.0
0.6941906809806824 0.39280709624290466 0.0
0.7007299065589905 0.39207807183265686 0.0
0.7168425917625427 0.39092305302619934 0.0
0.7087706327438354 0.3937736451625824 0.0
0.7281036972999573 0.3899660110473633 0.0
0.7530955672264099 0.3881171941757202 0.0
0.7571871876716614 0.3864375948905945 0.0
0.7625877857208252 0.3862653076648712 0.0
0.7673406004905701 0.38588452339172363 0.0
0.7692092657089233 0.3844320774078369 0.0
0.7704159617424011 0.38313916325569153 0.0
0.7760463356971741 0.3837423026561737 0.0
0.7788452506065369 0.3837417960166931 0.0
0.7812647223472595 0.38210204243659973 0.0
0.7825499773025513 0.38151198625564575 0.0
0.7833999991416931 0.38120371103286743 0.0
0.7830324769020081 0.3795064687728882 0.0
0.7843791842460632 0.3820219337940216 0.0
0.7837361097335815 0.3809463381767273 0.0
0.7832996249198914 0.38019677996635437 0.0
0.7831323742866516 0.37982991337776184 0.0
0.5004681348800659 0.632244348526001 0.0
0.5126758217811584 0.6344959139823914 0.0
0.48822635412216187 0.6244521737098694 0.0
0.8897576928138733 0.19484233856201172 0.0
0.8893381953239441 0.19472293555736542 0.0
0.8899140954017639 0.1946272999048233 0.0
0.8891258835792542 0.19487008452415466 0.0
0.8890525102615356 0.1948154866695404 0.0
0.4705907106399536 0.6175053715705872 0.0
0.5318301916122437 0.6378586888313293 0.0
0.8905113339424133 0.19456465542316437 0.0
0.8907536268234253 0.19437198340892792 0.0
0.8901288509368896 0.1944194883108139 0.0
0.4706435799598694 0.6122809052467346 0.0
0.5457815527915955 0.6373550891876221 0.0
0.8917648196220398 0.19455638527870178 0.0
0.8921329379081726 0.19428521394729614 0.0
0.8913359642028809 0.1945275217294693 0.0
0.2238520383834839 0.5582806468009949 0.0
0.22425824403762817 0.5580904483795166 0.0
0.22312873601913452 0.5586193203926086 0.0
0.22717326879501343 0.5567255616188049 0.0
0.5594260096549988 0.6400985717773438 0.0
0.8927419781684875 0.19461174309253693 0.0
0.8888686895370483 0.19491122663021088 0.0
0.23101752996444702 0.5549749135971069 0.0
0.4426659345626831 0.5978266596794128 0.0
0.5726528763771057 0.6426172256469727 0.0
0.8932844996452332 0.19458182156085968 0.0
0.8939191102981567 0.1949811577796936 0.0
0.23505902290344238 0.5534824132919312 0.0
0.5686435699462891 0.6362268328666687 0.0
0.5866758227348328 0.6452344655990601 0.0
0.8884512186050415 0.19515633583068848 0.0
0.2422221302986145 0.5492269992828369 0.0
0.4313090443611145 0.594260036945343 0.0
0.5820826292037964 0.6379985809326172 0.0
0.8884044289588928 0.19536571204662323 0.0
0.42567867040634155 0.5888107419013977 0.0
0.436592698097229 0.5899553298950195 0.0
0.5948129892349243 0.6406788229942322 0.0
0.4311620593070984 0.5830920338630676 0.0
0.6081260442733765 0.6399837732315063 0.0
0.25804007053375244 0.5411971211433411 0.0
0.4262276887893677 0.5766094326972961 0.0
0.26349925994873047 0.5393728613853455 0.0
0.6224293112754822 0.6377798914909363 0.0
0.6375981569290161 0.6426452994346619 0.0
0.9018564224243164 0.19870534539222717 0.0
0.270704448223114 0.5344821214675903 0.0
0.397166907787323 0.5608358979225159 0.0
0.4088585376739502 0.5640048384666443 0.0
0.673579752445221 0.6480324864387512 0.0
0.9061557054519653 0.20124347507953644 0.0
0.37636798620224 0.5514965653419495 0.0
0.3867923617362976 0.5551495552062988 0.0
0.2865973114967346 0.5236622095108032 0.0
0.3781258463859558 0.5429824590682983 0.0
0.38671422004699707 0.5480203032493591 0.0
0.6842461824417114 0.643271267414093 0.0
0.7023873925209045 0.6471516489982605 0.0
0.9102182984352112 0.20514215528964996 0.0
0.3009158968925476 0.5149204134941101 0.0
0.31321775913238525 0.5171929597854614 0.0
0.3494987487792969 0.5347344875335693 0.0
0.7190659642219543 0.6508840322494507 0.0
0.9141618609428406 0.20913687348365784 0.0
0.9164765477180481 0.21108277142047882 0.0
0.3124769330024719 0.5083370804786682 0.0
0.3433574438095093 0.5274262428283691 0.0
0.3753705620765686 0.535854697227478 0.0
0.3693060874938965 0.5311131477355957 0.0
0.7345901727676392 0.6504435539245605 0.0
0.886248767375946 0.19616267085075378 0.0
0.3237200379371643 0.5112426280975342 0.0
0.3346098065376282 0.5197274684906006 0.0
0.35774296522140503 0.5270273089408875 0.0
0.7496481537818909 0.6497622728347778 0.0
0.920059323310852 0.21555395424365997 0.0
0.8860874176025391 0.1964314579963684 0.0
0.769304096698761 0.6543627381324768 0.0
0.9221903681755066 0.219857320189476 0.0
0.7903722524642944 0.6536999940872192 0.0
0.8858457207679749 0.19669532775878906 0.0
0.8131102323532104 0.6568040251731873 0.0
0.8353115916252136 0.6584140062332153 0.0
0.8622027635574341 0.6599972248077393 0.0
0.8851765990257263 0.19734083116054535 0.0
0.8887535929679871 0.6658971309661865 0.0
0.9202854633331299 0.22785203158855438 0.0
0.884614109992981 0.19778448343276978 0.0
0.9073395729064941 0.6655691266059875 0.0
0.9194121956825256 0.23094522953033447 0.0
0.884042501449585 0.19818924367427826 0.0
0.9239660501480103 0.6642052531242371 0.0
0.8833744525909424 0.19870106875896454 0.0
0.9165951013565063 0.23368021845817566 0.0
0.8820201754570007 0.1987704485654831 0.0
0.19435220956802368 0.5071271061897278 0.0
0.19442611932754517 0.5071210265159607 0.0
0.19480407238006592 0.5070899128913879 0.0
0.19435858726501465 0.5071265697479248 0.0
0.1940826177597046 0.5071492195129395 0.0
0.2145417332649231 0.5053517818450928 0.0
0.21690672636032104 0.5058988928794861 0.0
0.2799469828605652 0.5 0.0
0.2931205630302429 0.5 0.0
0.2990928888320923 0.5 0.0
0.3020639419555664 0.4962577223777771 0.0
0.31265515089035034 0.4959478974342346 0.0
0.9543719291687012 0.6625121235847473 0.0
0.9137402772903442 0.2342579960823059 0.0
0.22763872146606445 0.5051570534706116 0.0
0.2469426989555359 0.5034797191619873 0.0
0.2578622102737427 0.5017958283424377 0.0
0.3136693239212036 0.4921163022518158 0.0
0.3270430564880371 0.49128255248069763 0.0
0.959325909614563 0.6574223637580872 0.0
0.8814523220062256 0.19954797625541687 0.0
0.9110957384109497 0.23391714692115784 0.0
0.8800999522209167 0.19916535913944244 0.0
0.880312442779541 0.20024320483207703 0.0
0.32567787170410156 0.4877704381942749 0.0
0.3387853503227234 0.4869420826435089 0.0
0.973309338092804 0.6566150784492493 0.0
0.33731937408447266 0.4835948646068573 0.0
0.35006827116012573 0.48316729068756104 0.0
0.9717234969139099 0.6478557586669922 0.0
0.8789451718330383 0.20104900002479553 0.0
0.35749995708465576 0.4807540774345398 0.0
0.9845781326293945 0.6487153768539429 0.0
0.3654068112373352 0.4785536229610443 0.0
0.8773331642150879 0.20347274839878082 0.0
0.8787770867347717 0.20284083485603333 0.0
0.3663407564163208 0.47411614656448364 0.0
0.3761911988258362 0.47627225518226624 0.0
0.8987170457839966 0.23370173573493958 0.0
0.3830459713935852 0.4733778238296509 0.0
0.89520263671875 0.23259826004505157 0.0
0.8767502307891846 0.2075381726026535 0.0
0.391912579536438 0.47079938650131226 0.0
0.988377034664154 0.6427628993988037 0.0
0.8770046830177307 0.20954348146915436 0.0
0.39457905292510986 0.46739593148231506 0.0
0.8912057280540466 0.23105527460575104 0.0
0.41035300493240356 0.4650958776473999 0.0
1.0 0.6437798738479614 0.0
0.8849296569824219 0.22496730089187622 0.0
0.8772214651107788 0.21796312928199768 0.0
0.4098634719848633 0.4611843526363373 0.0
0.8789474368095398 0.2209790199995041 0.0
0.4185331463813782 0.4616558849811554 0.0
0.42711853981018066 0.4598553478717804 0.0
0.9845553636550903 0.3638594150543213 0.0
0.9724348783493042 0.36439841985702515 0.0
0.9668008089065552 0.36956730484962463 0.0
0.4494320750236511 0.4492241442203522 0.0
0.44609278440475464 0.4541330635547638 0.0
0.9467384219169617 0.3621727228164673 0.0
0.909195601940155 0.37127718329429626 0.0
0.48515784740448 0.43842124938964844 0.0
0.4963265061378479 0.43272313475608826 0.0
0.4962388873100281 0.4366958737373352 0.0
0.8943806290626526 0.37141966819763184 0.0
0.5053583383560181 0.43153101205825806 0.0
0.8798608779907227 0.37114521861076355 0.0
0.5233629941940308 0.4278789460659027 0.0
0.8741278648376465 0.3747326135635376 0.0
0.5316385626792908 0.4258878529071808 0.0
0.5385403633117676 0.42387914657592773 0.0
0.85988450050354 0.37862423062324524 0.0
0.5471820831298828 0.42182838916778564 0.0
0.8513676524162292 0.37793096899986267 0.0
0.5538526773452759 0.41889017820358276 0.0
0.5618022084236145 0.4168325960636139 0.0
0.8459327220916748 0.37973180413246155 0.0
0.5776827335357666 0.4127577543258667 0.0
0.5850266218185425 0.41276654601097107 0.0
0.8388060331344604 0.37911853194236755 0.0
0.59336918592453 0.4105871021747589 0.0
0.6049748659133911 0.41014981269836426 0.0
0.8316513299942017 0.3788447976112366 0.0
0.8282541036605835 0.37782981991767883 0.0
0.6204168796539307 0.40618696808815 0.0
0.6156041026115417 0.40969008207321167 0.0
0.6316924095153809 0.40501540899276733 0.0
0.8258101344108582 0.37935641407966614 0.0
0.8236123323440552 0.3786506950855255 0.0
0.6466707587242126 0.404701828956604 0.0
0.6535839438438416 0.40085160732269287 0.0
0.6640788316726685 0.4017028212547302 0.0
0.8212796449661255 0.3773971199989319 0.0
0.8216637969017029 0.377615362405777 0.0
0.6801184415817261 0.3999570906162262 0.0
0.6899404525756836 0.39896804094314575 0.0
0.6947667002677917 0.3961713910102844 0.0
0.7017452120780945 0.3955150246620178 0.0
0.7187685370445251 0.39675232768058777 0.0
0.7275713086128235 0.3950446844100952 0.0
0.7377060651779175 0.3915787637233734 0.0
0.7343538403511047 0.3938460350036621 0.0
0.7426472902297974 0.39036816358566284 0.0
0.7448350191116333 0.3933979868888855 0.0
0.7516879439353943 0.39261922240257263 0.0
0.7626904845237732 0.38984835147857666 0.0
0.7707080841064453 0.38931727409362793 0.0
0.771970808506012 0.38678300380706787 0.0
0.7752960920333862 0.38571029901504517 0.0
0.7806259393692017 0.3831486701965332 0.0
0.7828003168106079 0.3850858509540558 0.0
0.7834877967834473 0.3830116093158722 0.0
0.784718930721283 0.3829426169395447 0.0
0.7841878533363342 0.38167604804039 0.0
0.7844294905662537 0.38201338052749634 0.0
0.49662381410598755 0.626694917678833 0.0
0.8898038268089294 0.19506347179412842 0.0
0.8895456194877625 0.194980651140213 0.0
0.5234310626983643 0.633390486240387 0.0
0.8906362652778625 0.1948816180229187 0.0
0.890837550163269 0.19470375776290894 0.0
0.8902903199195862 0.19474966824054718 0.0
0.8900913000106812 0.19487525522708893 0.0
0.8894140124320984 0.19503042101860046 0.0
0.8891331553459167 0.19497759640216827 0.0
0.4992363452911377 0.6215623617172241 0.0
0.4887343645095825 0.619569718837738 0.0
0.5048581957817078 0.6261805295944214 0.0
0.514617383480072 0.6286540031433105 0.0
0.8919206857681274 0.19488230347633362 0.0
0.8922514319419861 0.19473522901535034 0.0
0.8915560245513916 0.19487634301185608 0.0
0.891029953956604 0.19453871250152588 0.0
0.4819725751876831 0.6151451468467712 0.0
0.5258598327636719 0.6284580826759338 0.0
0.5360081195831299 0.6314249038696289 0.0
0.8932857513427734 0.19502253830432892 0.0
0.8927542567253113 0.19506169855594635 0.0
0.888983964920044 0.1950773149728775 0.0
0.47137999534606934 0.6054105162620544 0.0
0.4798741340637207 0.609542727470398 0.0
0.22717326879501343 0.5567255616188049 0.0
0.22717326879501343 0.5567255616188049 0.0
0.23284858465194702 0.5538055896759033 0.0
0.4589277505874634 0.6014128923416138 0.0
0.5478712320327759 0.631476640701294 0.0
0.5570856332778931 0.6340665221214294 0.0
0.8953015804290771 0.19620363414287567 0.0
0.8943945169448853 0.1959991306066513 0.0
0.8948032259941101 0.1953817903995514 0.0
0.8941406607627869 0.19552931189537048 0.0
0.8890130519866943 0.19529502093791962 0.0
0.8886977434158325 0.19533109664916992 0.0
0.23792332410812378 0.5509799718856812 0.0
0.4559406042098999 0.5937685966491699 0.0
0.5768557190895081 0.63161301612854 0.0
0.8961633443832397 0.1955564022064209 0.0
0.888689398765564 0.19559939205646515 0.0
0.4468250870704651 0.5905570983886719 0.0
0.5940555334091187 0.6315560936927795 0.0
0.2498738169670105 0.5440431237220764 0.0
0.44319987297058105 0.5843141674995422 0.0
0.888382077217102 0.19561128318309784 0.0
0.25781959295272827 0.5383086800575256 0.0
0.6105270385742188 0.6332553625106812 0.0
0.4289144277572632 0.5693194270133972 0.0
0.43825674057006836 0.5762775540351868 0.0
0.2641946077346802 0.5356848835945129 0.0
0.6343432664871216 0.6327081918716431 0.0
0.6495582461357117 0.6370908617973328 0.0
0.902245044708252 0.20025353133678436 0.0
0.8877094388008118 0.1962195783853531 0.0
0.8874661326408386 0.19590876996517181 0.0
0.8879191279411316 0.19602157175540924 0.0
0.26459604501724243 0.5318032503128052 0.0
0.4205465316772461 0.5614078044891357 0.0
0.6660498976707458 0.6391865611076355 0.0
0.9035167098045349 0.20170871913433075 0.0
0.27061039209365845 0.5295318365097046 0.0
0.277609646320343 0.5267283320426941 0.0
0.4004276394844055 0.5486971139907837 0.0
0.41017580032348633 0.5559021830558777 0.0
0.9058420062065125 0.20325276255607605 0.0
0.8872311115264893 0.19623306393623352 0.0
0.9096043705940247 0.2066800445318222 0.0
0.907800018787384 0.20498859882354736 0.0
0.28281813859939575 0.5178974866867065 0.0
0.3909810185432434 0.5424942374229431 0.0
0.6969733834266663 0.6387690901756287 0.0
0.9141333103179932 0.2113637924194336 0.0
0.29108548164367676 0.512531578540802 0.0
0.3869361877441406 0.536011815071106 0.0
0.7167553305625916 0.6426839232444763 0.0
0.9166920781135559 0.21311838924884796 0.0
0.8867204785346985 0.19647690653800964 0.0
0.29700982570648193 0.5 0.0
0.3073413372039795 0.5 0.0
0.3800170421600342 0.5293745398521423 0.0
0.7364211678504944 0.6426929235458374 0.0
0.8864076733589172 0.19687126576900482 0.0
0.3049989342689514 0.5 0.0
0.3169505000114441 0.5 0.0
0.3370019197463989 0.5092786550521851 0.0
0.3471381664276123 0.5177332758903503 0.0
0.37072092294692993 0.5232322216033936 0.0
0.7547754645347595 0.643915593624115 0.0
0.31117647886276245 0.5000471472740173 0.0
0.32808512449264526 0.5 0.0
0.3601210117340088 0.5148500800132751 0.0
0.771443784236908 0.6460277438163757 0.0
0.8859306573867798 0.19715264439582825 0.0
0.31908273696899414 0.49970412254333496 0.0
0.3384387493133545 0.5 0.0
0.3477597236633301 0.5077851414680481 0.0
0.3736337423324585 0.5146768093109131 0.0
0.7830926179885864 0.6428501009941101 0.0
0.799102783203125 0.6484468579292297 0.0
0.9210343956947327 0.22292134165763855 0.0
0.33208465576171875 0.4995143413543701 0.0
0.35593438148498535 0.5058592557907104 0.0
0.8153483867645264 0.6490176916122437 0.0
0.9192793965339661 0.22473791241645813 0.0
0.8861189484596252 0.19780106842517853 0.0
0.8357483148574829 0.6494507789611816 0.0
0.8855729699134827 0.19815385341644287 0.0
0.8850301504135132 0.19857752323150635 0.0
0.8825474977493286 0.6560132503509521 0.0
0.8844549059867859 0.19888679683208466 0.0
0.301849901676178 0.4995141625404358 0.0
0.2934722304344177 0.5 0.0
0.2946910262107849 0.5 0.0
0.2870217561721802 0.5013971328735352 0.0
0.3110443949699402 0.49842724204063416 0.0
0.3097352981567383 0.4989684820175171 0.0
0.31799644231796265 0.4977691173553467 0.0
0.28814953565597534 0.5 0.0
0.2778393626213074 0.5021394491195679 0.0
0.3044482469558716 0.5 0.0
0.906184196472168 0.6566705703735352 0.0
0.8843005299568176 0.1994224637746811 0.0
0.31218934059143066 0.4976377487182617 0.0
0.3216315507888794 0.4960615038871765 0.0
0.33001482486724854 0.4965975284576416 0.0
0.9148083329200745 0.22925427556037903 0.0
0.8832232356071472 0.1997431069612503 0.0
0.20731431245803833 0.5063357353210449 0.0
0.2037530541419983 0.5065010190010071 0.0
0.20977646112442017 0.5062215328216553 0.0
0.20844721794128418 0.506283164024353 0.0
0.26801347732543945 0.5019299387931824 0.0
0.33171725273132324 0.49496570229530334 0.0
0.9251559972763062 0.6565189361572266 0.0
0.9416901469230652 0.6557210683822632 0.0
0.9138090014457703 0.2310124635696411 0.0
0.2384132742881775 0.5047084093093872 0.0
0.2581189274787903 0.5036587119102478 0.0
0.323968768119812 0.4940178096294403 0.0
0.33552783727645874 0.49274882674217224 0.0
0.8823354840278625 0.2005656510591507 0.0
0.34094178676605225 0.4894042909145355 0.0
0.35145753622055054 0.4896617531776428 0.0
0.8816887736320496 0.201248899102211 0.0
0.3524554371833801 0.48634204268455505 0.0
0.9073601365089417 0.2329745888710022 0.0
0.880679726600647 0.20147688686847687 0.0
0.9577028751373291 0.6462533473968506 0.0
0.9054111242294312 0.23481695353984833 0.0
0.3648145794868469 0.48240992426872253 0.0
0.8806132674217224 0.2025156170129776 0.0
0.9014108777046204 0.23296956717967987 0.0
0.8808755874633789 0.20372910797595978 0.0
0.37779557704925537 0.47923722863197327 0.0
0.38100188970565796 0.4826049506664276 0.0
0.971211314201355 0.6407638192176819 0.0
0.8787046670913696 0.2039739042520523 0.0
0.8783919811248779 0.2049020230770111 0.0
0.38823819160461426 0.47661924362182617 0.0
0.976213812828064 0.6376287937164307 0.0
0.8974817395210266 0.23068328201770782 0.0
0.8776538968086243 0.20629318058490753 0.0
0.3973671793937683 0.47384437918663025 0.0
0.4067002534866333 0.47029241919517517 0.0
0.8938164114952087 0.23024818301200867 0.0
0.8777702450752258 0.21157971024513245 0.0
0.8776324391365051 0.21345853805541992 0.0
0.9903821349143982 0.6359360218048096 0.0
0.4225010275840759 0.46799972653388977 0.0
0.8909798264503479 0.22823072969913483 0.0
0.8790760040283203 0.21633028984069824 0.0
1.0 0.6358312368392944 0.0
0.8880992531776428 0.22641031444072723 0.0
0.8878768682479858 0.22450828552246094 0.0
0.42581111192703247 0.46349406242370605 0.0
0.8826910257339478 0.22218061983585358 0.0
0.8812240958213806 0.21936745941638947 0.0
0.4382835030555725 0.45991048216819763 0.0
0.9851254224777222 0.3723577558994293 0.0
0.44960272312164307 0.4581030309200287 0.0
0.456590473651886 0.45102712512016296 0.0
0.9517852067947388 0.3692353367805481 0.0
0.465553343296051 0.4481258690357208 0.0
0.9453383088111877 0.37276673316955566 0.0
0.4749903678894043 0.4451659321784973 0.0
0.9413772821426392 0.37736520171165466 0.0
0.9284157752990723 0.37930163741111755 0.0
0.48515284061431885 0.44263124465942383 0.0
0.9081481695175171 0.37871861457824707 0.0
0.5065751671791077 0.43509674072265625 0.0
0.5145269632339478 0.4330258369445801 0.0
0.8928521275520325 0.37619638442993164 0.0
0.5206605195999146 0.4312753975391388 0.0
0.8855602741241455 0.37802594900131226 0.0
0.8793564438819885 0.38071054220199585 0.0
0.8726065158843994 0.3843694031238556 0.0
0.5567605495452881 0.42230525612831116 0.0
0.5566480159759521 0.42550644278526306 0.0
0.8606646656990051 0.38211604952812195 0.0
0.563051700592041 0.4207375645637512 0.0
0.5716158747673035 0.4191667139530182 0.0
0.8556438684463501 0.38323351740837097 0.0
0.5819165706634521 0.41695088148117065 0.0
0.8360463976860046 0.3803626298904419 0.0
0.5927953720092773 0.4154990315437317 0.0
0.6023175120353699 0.41415855288505554 0.0
0.833930492401123 0.38103675842285156 0.0
0.612819492816925 0.4135044813156128 0.0
0.8302378058433533 0.3803105652332306 0.0
0.6243654489517212 0.4097076654434204 0.0
0.6231194138526917 0.41284096240997314 0.0
0.6297649145126343 0.4082982838153839 0.0
0.828387439250946 0.381343811750412 0.0
0.6585280299186707 0.404037207365036 0.0
0.8256018757820129 0.3803563117980957 0.0
0.8238309621810913 0.3789977729320526 0.0
0.8230974674224854 0.37852153182029724 0.0
0.8219681978225708 0.3777883052825928 0.0
0.8234679102897644 0.37876206636428833 0.0
0.8217637538909912 0.3776721656322479 0.0
0.6761766672134399 0.40361708402633667 0.0
0.7014988660812378 0.39933115243911743 0.0
0.710101842880249 0.3982181251049042 0.0
0.7368422746658325 0.39766716957092285 0.0
0.7414957880973816 0.3953845500946045 0.0
0.7587723135948181 0.39190182089805603 0.0
0.7763822674751282 0.38875916600227356 0.0
0.778836727142334 0.38540637493133545 0.0
0.7823068499565125 0.38633808493614197 0.0
0.7832679152488708 0.38397538661956787 0.0
0.7859225273132324 0.3846208155155182 0.0
0.7861005067825317 0.3859183192253113 0.0
0.7863699793815613 0.3840063810348511 0.0
0.7854099869728088 0.38304293155670166 0.0
0.7847249507904053 0.3823486268520355 0.0
0.7860460877418518 0.3836723566055298 0.0
0.8899160027503967 0.19524799287319183 0.0
0.8900487422943115 0.1950659453868866 0.0
0.8897291421890259 0.19517049193382263 0.0
0.889621376991272 0.19515185058116913 0.0
0.8904076814651489 0.19505949318408966 0.0
0.8918388485908508 0.19520196318626404 0.0
0.892279863357544 0.19512726366519928 0.0
0.8911619186401367 0.1948627233505249 0.0
0.8909085988998413 0.1949627697467804 0.0
0.8895149230957031 0.19516845047473907 0.0
0.49519282579421997 0.615710973739624 0.0
0.5110231637954712 0.6224865317344666 0.0
0.5063642859458923 0.6170946359634399 0.0
0.5217054486274719 0.6237201690673828 0.0
0.8927083015441895 0.19545458257198334 0.0
0.4903526306152344 0.6103424429893494 0.0
0.5326786637306213 0.624992847442627 0.0
0.8938051462173462 0.19578371942043304 0.0
0.8937022686004639 0.19538265466690063 0.0
0.8932597637176514 0.19549860060214996 0.0
0.48472464084625244 0.6049557328224182 0.0
0.5445232391357422 0.6262238025665283 0.0
0.2346171736717224 0.5527797937393188 0.0
0.23638510704040527 0.5517544150352478 0.0
0.23881256580352783 0.550284206867218 0.0
0.4689127206802368 0.6004669070243835 0.0
0.5565457344055176 0.6281400918960571 0.0
0.565680205821991 0.6311023831367493 0.0
0.8889354467391968 0.19551482796669006 0.0
0.24263101816177368 0.54779452085495 0.0
0.46816813945770264 0.5953832864761353 0.0
0.47766488790512085 0.5998314023017883 0.0
0.5700207352638245 0.6255026459693909 0.0
0.2450452446937561 0.5463972687721252 0.0
0.463103711605072 0.590844988822937 0.0
0.895630955696106 0.19720865786075592 0.0
0.25035613775253296 0.5421776175498962 0.0
0.45689094066619873 0.5864744186401367 0.0
0.5848361849784851 0.6223371028900146 0.0
0.8886458873748779 0.19592490792274475 0.0
0.5989661812782288 0.6235751509666443 0.0
0.6072468757629395 0.627566397190094 0.0
0.8881145715713501 0.1957443803548813 0.0
0.8883455991744995 0.1961650252342224 0.0
0.2544867992401123 0.5392007231712341 0.0
0.4516690969467163 0.5788003206253052 0.0
0.6193861365318298 0.629133939743042 0.0
0.4411507844924927 0.5679906606674194 0.0
0.44842952489852905 0.572708249092102 0.0
0.9005505442619324 0.19952769577503204 0.0
0.9011397957801819 0.2010718137025833 0.0
0.8880760073661804 0.19635887444019318 0.0
0.43359994888305664 0.5613808631896973 0.0
0.6279370784759521 0.6226609945297241 0.0
0.8877854347229004 0.1965802162885666 0.0
0.27042144536972046 0.5255853533744812 0.0
0.6475722789764404 0.625643789768219 0.0
0.9035919904708862 0.20325855910778046 0.0
0.9016661643981934 0.2024749219417572 0.0
0.27571338415145874 0.5235542058944702 0.0
0.4196372628211975 0.5535497069358826 0.0
0.42771100997924805 0.5552687644958496 0.0
0.665171205997467 0.6295322179794312 0.0
0.6805106997489929 0.6343029141426086 0.0
0.9112302660942078 0.2081768959760666 0.0
0.9047277569770813 0.20494718849658966 0.0
0.9071969985961914 0.20661982893943787 0.0
0.2764608860015869 0.5183728933334351 0.0
0.4140530228614807 0.5493561625480652 0.0
0.4252132773399353 0.5481144785881042 0.0
0.6946013569831848 0.6306771039962769 0.0
0.911220371723175 0.21013624966144562 0.0
0.9121347665786743 0.2118908315896988 0.0
0.40239566564559937 0.5375918745994568 0.0
0.4140393137931824 0.5431446433067322 0.0
0.70749831199646 0.6350605487823486 0.0
0.9140022993087769 0.2132902890443802 0.0
0.8871178030967712 0.19705267250537872 0.0
0.8873342871665955 0.19667743146419525 0.0
0.28078746795654297 0.5119973421096802 0.0
0.2832513451576233 0.5130871534347534 0.0
0.2892414331436157 0.5088860392570496 0.0
0.7227450013160706 0.6352315545082092 0.0
0.9162869453430176 0.21537616848945618 0.0
0.8867841958999634 0.19756431877613068 0.0
0.28730911016464233 0.5076925158500671 0.0
0.29535406827926636 0.5 0.0
0.741339385509491 0.635611891746521 0.0
0.9184826612472534 0.2176920473575592 0.0
0.28404319286346436 0.5077295899391174 0.0
0.38328707218170166 0.521198570728302 0.0
0.3950234651565552 0.5279155373573303 0.0
0.41268759965896606 0.5298344492912292 0.0
0.7624543309211731 0.6366311311721802 0.0
0.9182279706001282 0.21993771195411682 0.0
0.2922714948654175 0.5034425258636475 0.0
0.30302971601486206 0.5 0.0
0.3089059591293335 0.5 0.0
0.39588528871536255 0.5184559226036072 0.0
0.9173203706741333 0.22196105122566223 0.0
0.8868293762207031 0.19816485047340393 0.0
0.8865113258361816 0.1985204666852951 0.0
0.2856940031051636 0.5049117207527161 0.0
0.2792811989784241 0.5076735019683838 0.0
0.3138609528541565 0.49952954053878784 0.0
0.3245553970336914 0.4991055428981781 0.0
0.3457013964653015 0.5 0.0
0.3661928176879883 0.5072215795516968 0.0
0.37611252069473267 0.5080140233039856 0.0
0.38520747423171997 0.5127495527267456 0.0
0.7987444400787354 0.640981912612915 0.0
0.2801896929740906 0.5050551891326904 0.0
0.291498601436615 0.5023465752601624 0.0
0.3000841736793518 0.5 0.0
0.31042569875717163 0.499356746673584 0.0
0.318878710269928 0.4989452064037323 0.0
0.33652549982070923 0.49868714809417725 0.0
0.35862207412719727 0.5 0.0
0.8168638944625854 0.6410263180732727 0.0
0.9160444736480713 0.2234189361333847 0.0
0.8860942125320435 0.19900335371494293 0.0
0.28649091720581055 0.5027969479560852 0.0
0.32795894145965576 0.49819132685661316 0.0
0.34922289848327637 0.4983381927013397 0.0
0.37187498807907104 0.5 0.0
0.8349668979644775 0.6402680277824402 0.0
0.8558249473571777 0.6484994292259216 0.0
0.88539719581604 0.19950054585933685 0.0
0.2744293212890625 0.504640519618988 0.0
0.273504376411438 0.507196307182312 0.0
0.2668021321296692 0.506430447101593 0.0
0.28122246265411377 0.5031877756118774 0.0
0.31888169050216675 0.4983903765678406 0.0
0.33979082107543945 0.4972599446773529 0.0
0.36226290464401245 0.497944176197052 0.0
0.8701126575469971 0.6462090015411377 0.0
0.917468249797821 0.22559402883052826 0.0
0.2669888734817505 0.50412917137146 0.0
0.2579208016395569 0.5058857798576355 0.0
0.35247093439102173 0.4964202344417572 0.0
0.9167912006378174 0.22738677263259888 0.0
0.8847977519035339 0.2001972198486328 0.0
0.2486303448677063 0.5061321258544922 0.0
0.25121140480041504 0.5048527121543884 0.0
0.343402624130249 0.49567243456840515 0.0
0.8880087733268738 0.6479550004005432 0.0
0.21694928407669067 0.5060037970542908 0.0
0.21694928407669067 0.5060037970542908 0.0
0.22738724946975708 0.505865752696991 0.0
0.23815816640853882 0.5063812136650085 0.0
0.23841100931167603 0.5058072805404663 0.0
0.24458056688308716 0.5050585269927979 0.0
0.34060096740722656 0.4943535625934601 0.0
0.3551502227783203 0.4939473867416382 0.0
0.36567002534866333 0.4956355094909668 0.0
0.9062510132789612 0.6478644013404846 0.0
0.9136092662811279 0.22617454826831818 0.0
0.8839671015739441 0.2008160799741745 0.0
0.3489956259727478 0.4922434985637665 0.0
0.9229000210762024 0.6466333866119385 0.0
0.9114049077033997 0.22911278903484344 0.0
0.36269116401672363 0.490798681974411 0.0
0.9121962785720825 0.23186765611171722 0.0
0.8832131624221802 0.20163270831108093 0.0
0.36846399307250977 0.48667094111442566 0.0
0.3784872889518738 0.48938876390457153 0.0
0.9387573599815369 0.6439823508262634 0.0
0.9085708260536194 0.23078159987926483 0.0
0.8820052742958069 0.2022131383419037 0.0
0.38662683963775635 0.48586252331733704 0.0
0.3960273265838623 0.4823993742465973 0.0
0.3898245692253113 0.4796701967716217 0.0
0.9037436246871948 0.23172566294670105 0.0
0.9599074125289917 0.638046145439148 0.0
0.8801888227462769 0.20469826459884644 0.0
0.403980016708374 0.4781108796596527 0.0
0.9643363952636719 0.6323373317718506 0.0
0.9008070826530457 0.23060758411884308 0.0
0.880156934261322 0.20650550723075867 0.0
0.8790252804756165 0.20828309655189514 0.0
0.4097508192062378 0.47419506311416626 0.0
0.41896140575408936 0.476409375667572 0.0
0.8809900283813477 0.21032531559467316 0.0
0.8792227506637573 0.21104872226715088 0.0
0.42078620195388794 0.4724755883216858 0.0
0.9788402318954468 0.632168173789978 0.0
0.969700813293457 0.6294671893119812 0.0
0.8793132305145264 0.21264196932315826 0.0
0.43378180265426636 0.47058743238449097 0.0
0.977228581905365 0.6229636669158936 0.0
0.8942500948905945 0.228481262922287 0.0
0.4378775954246521 0.465499609708786 0.0
0.9890669584274292 0.6253514885902405 0.0
0.890166699886322 0.22587522864341736 0.0
0.8923864364624023 0.22687466442584991 0.0
0.8822760581970215 0.21742025017738342 0.0
1.0 0.6262305974960327 0.0
0.8858484625816345 0.22279292345046997 0.0
0.4476698040962219 0.46166911721229553 0.0
0.4554979205131531 0.455167293548584 0.0
0.45982396602630615 0.4592479467391968 0.0
0.9840627908706665 0.37938156723976135 0.0
0.46459048986434937 0.45321229100227356 0.0
0.9658306241035461 0.3774963617324829 0.0
0.4750731587409973 0.450122207403183 0.0
0.9553499221801758 0.37981852889060974 0.0
0.4851359724998474 0.44710323214530945 0.0
0.49494850635528564 0.44470876455307007 0.0
0.4957595467567444 0.44067952036857605 0.0
0.5064017176628113 0.4391256272792816 0.0
0.518085777759552 0.4378195106983185 0.0
0.5234562158584595 0.43457603454589844 0.0
0.8985632061958313 0.3818340003490448 0.0
0.5296556353569031 0.43300363421440125 0.0
0.8912181854248047 0.38359642028808594 0.0
0.5362452268600464 0.43079879879951477 0.0
0.5424832701683044 0.42860618233680725 0.0
0.5487114787101746 0.42664626240730286 0.0
0.5646429657936096 0.42432379722595215 0.0
0.5711467266082764 0.42267563939094543 0.0
0.8653169274330139 0.38691797852516174 0.0
0.8514056205749512 0.384961873292923 0.0
0.8450194597244263 0.38267767429351807 0.0
0.8411411643028259 0.38293421268463135 0.0
0.6010614633560181 0.4177922010421753 0.0
0.8374247550964355 0.3830459415912628 0.0
0.6322347521781921 0.41167640686035156 0.0
0.639466404914856 0.4091126322746277 0.0
0.8316289186477661 0.3830004632472992 0.0
0.8263774514198303 0.3807098865509033 0.0
0.8271451592445374 0.38186541199684143 0.0
0.6521077752113342 0.4107443392276764 0.0
0.6602839827537537 0.4078091084957123 0.0
0.6678550839424133 0.40558961033821106 0.0
0.8249066472053528 0.3798229992389679 0.0
0.6888378858566284 0.4040515124797821 0.0
0.7016760110855103 0.40419429540634155 0.0
0.7110798358917236 0.40249335765838623 0.0
0.7185686826705933 0.4009466767311096 0.0
0.7304157614707947 0.40130531787872314 0.0
0.7446646094322205 0.39889609813690186 0.0
0.7504642605781555 0.3973417580127716 0.0
0.7605684995651245 0.39485442638397217 0.0
0.7652778625488281 0.3939315676689148 0.0
0.7702761292457581 0.39281901717185974 0.0
0.7751535773277283 0.39263680577278137 0.0
0.7780708074569702 0.391456663608551 0.0
0.7808882594108582 0.3905724287033081 0.0
0.7805923819541931 0.38888460397720337 0.0
0.7814370393753052 0.38750651478767395 0.0
0.7862812876701355 0.3839048445224762 0.0
0.7865182757377625 0.3841077983379364 0.0
0.8902854323387146 0.19529084861278534 0.0
0.8906275629997253 0.19533240795135498 0.0
0.8908167481422424 0.19518092274665833 0.0
0.8898410797119141 0.19525393843650818 0.0
0.8897277116775513 0.19526079297065735 0.0
0.8916656970977783 0.19537818431854248 0.0
0.8914003372192383 0.19525082409381866 0.0
0.8910757899284363 0.19514064490795135 0.0
0.8922771215438843 0.19551871716976166 0.0
0.8893412351608276 0.19535963237285614 0.0
0.8892036080360413 0.19517569243907928 0.0
0.8934320211410522 0.19592233002185822 0.0
0.8937720060348511 0.19626840949058533 0.0
0.516761302947998 0.6182828545570374 0.0
0.511512041091919 0.613703191280365 0.0
0.527744472026825 0.6192542910575867 0.0
0.8945349454879761 0.1966012865304947 0.0
0.8891961574554443 0.19554327428340912 0.0
0.5021119117736816 0.6116902232170105 0.0
0.497317910194397 0.6060225963592529 0.0
0.5208198428153992 0.6136136054992676 0.0
0.5396668314933777 0.6203292012214661 0.0
0.23638510704040527 0.5517544150352478 0.0
0.23638510704040527 0.5517544150352478 0.0
0.23638510704040527 0.5517544150352478 0.0
0.23638510704040527 0.5517544150352478 0.0
0.53436678647995 0.613997757434845 0.0
0.8890401124954224 0.19577431678771973 0.0
0.24031686782836914 0.549303412437439 0.0
0.23955780267715454 0.549798309803009 0.0
0.4918665289878845 0.5994346737861633 0.0
0.5444603562355042 0.6166107058525085 0.0
0.5544746518135071 0.6201879978179932 0.0
0.24744045734405518 0.5442949533462524 0.0
0.2446841597557068 0.5463005900382996 0.0
0.24365830421447754 0.5470470786094666 0.0
0.48160868883132935 0.5939640402793884 0.0
0.47216302156448364 0.5879554748535156 0.0
0.5701684355735779 0.6179202198982239 0.0
0.46717214584350586 0.5790157914161682 0.0
0.4871659278869629 0.5882977843284607 0.0
0.5816571712493896 0.6148109436035156 0.0
0.25491905212402344 0.5378593802452087 0.0
0.25960052013397217 0.5341874957084656 0.0
0.5952708721160889 0.6166673898696899 0.0
0.45805299282073975 0.5733572840690613 0.0
0.6108017563819885 0.6205712556838989 0.0
0.8884797096252441 0.19654503464698792 0.0
0.888195276260376 0.1966519057750702 0.0
0.4544091820716858 0.5662544369697571 0.0
0.2650730013847351 0.5278385281562805 0.0
0.44440436363220215 0.5612995028495789 0.0
0.46944892406463623 0.5693055391311646 0.0
0.8881556391716003 0.1969069242477417 0.0
0.4388996362686157 0.5534545183181763 0.0
0.6626697182655334 0.6201536059379578 0.0
0.9020979404449463 0.20378324389457703 0.0
0.9000200629234314 0.203012153506279 0.0
0.8878417015075684 0.1971312016248703 0.0
0.27012771368026733 0.5221452713012695 0.0
0.2664983868598938 0.5233896374702454 0.0
0.6802319884300232 0.6240978837013245 0.0
0.9087929725646973 0.20844069123268127 0.0
0.9054158926010132 0.20674552023410797 0.0
0.269683301448822 0.5185937881469727 0.0
0.4244278073310852 0.5410680770874023 0.0
0.4358190894126892 0.5439455509185791 0.0
0.9116857647895813 0.21312986314296722 0.0
0.887681782245636 0.1977105736732483 0.0
0.4166351556777954 0.5369828939437866 0.0
0.697175920009613 0.6233511567115784 0.0
0.70981764793396 0.6282877922058105 0.0
0.912921130657196 0.2150813490152359 0.0
0.2747179865837097 0.5145760774612427 0.0
0.2695165276527405 0.5142729878425598 0.0
0.7275405526161194 0.627461314201355 0.0
0.9155864715576172 0.21749092638492584 0.0
0.8875173330307007 0.19828622043132782 0.0
0.42889219522476196 0.5352743268013 0.0
0.7464350461959839 0.6280354261398315 0.0
0.9151068925857544 0.21957938373088837 0.0
0.8872620463371277 0.1986931413412094 0.0
0.2729012370109558 0.5106255412101746 0.0
0.266415536403656 0.5115751624107361 0.0
0.278556764125824 0.5104832649230957 0.0
0.4051967263221741 0.5231344699859619 0.0
0.41504859924316406 0.5228199362754822 0.0
0.4260197877883911 0.5266451835632324 0.0
0.26678889989852905 0.5089711546897888 0.0
0.40864527225494385 0.517080545425415 0.0
0.7621489763259888 0.6279039978981018 0.0
0.7808761596679688 0.6322128772735596 0.0
0.887277364730835 0.1993616819381714 0.0
0.8022937774658203 0.632734477519989 0.0
0.8866891264915466 0.1999078094959259 0.0
0.26122504472732544 0.5077652931213379 0.0
0.2606010437011719 0.5096736550331116 0.0
0.25464099645614624 0.5076176524162292 0.0
0.2546789050102234 0.5085818767547607 0.0
0.383700430393219 0.5050299167633057 0.0
0.399461030960083 0.5086998343467712 0.0
0.8191385865211487 0.6339378356933594 0.0
0.9148655533790588 0.22476375102996826 0.0
0.2465164065361023 0.5069913268089294 0.0
0.24893778562545776 0.507531464099884 0.0
0.37606632709503174 0.49768006801605225 0.0
0.8531144857406616 0.6390290260314941 0.0
0.8861097097396851 0.20049139857292175 0.0
0.2441602349281311 0.5069043636322021 0.0
0.24338430166244507 0.5068253874778748 0.0
0.2443869709968567 0.5069274306297302 0.0
0.24427348375320435 0.5069159269332886 0.0
0.2458832859992981 0.5070797801017761 0.0
0.3803054690361023 0.5 0.0
0.39014410972595215 0.5 0.0
0.21694928407669067 0.5060037970542908 0.0
0.21694928407669067 0.5060037970542908 0.0
0.21694928407669067 0.5060037970542908 0.0
0.8720413446426392 0.6392272114753723 0.0
0.8853843808174133 0.2011348456144333 0.0
0.21694928407669067 0.5060037970542908 0.0
0.37551116943359375 0.4952601492404938 0.0
0.38764095306396484 0.4949392080307007 0.0
0.8893226385116577 0.6407629251480103 0.0
0.9116285443305969 0.2268916368484497 0.0
0.3730412721633911 0.49298718571662903 0.0
0.8845586776733398 0.20160068571567535 0.0
0.3859306573867798 0.49145737290382385 0.0
0.9018359184265137 0.6372664570808411 0.0
0.8843710422515869 0.20225445926189423 0.0
0.3970654010772705 0.4913402497768402 0.0
0.9191310405731201 0.6373924016952515 0.0
0.9100149869918823 0.22991839051246643 0.0
0.8834794163703918 0.20275583863258362 0.0
0.3922821283340454 0.48872312903404236 0.0
0.4023744463920593 0.4886211156845093 0.0
0.8824495077133179 0.20356371998786926 0.0
0.40044814348220825 0.4858468174934387 0.0
0.4108923077583313 0.4869067370891571 0.0
0.9443429112434387 0.6345385313034058 0.0
0.9240739941596985 0.6296197772026062 0.0
0.9053148031234741 0.23026646673679352 0.0
0.41087406873703003 0.4828640818595886 0.0
0.4196764826774597 0.48523393273353577 0.0
0.8822245001792908 0.20485442876815796 0.0
0.4174343943595886 0.47967296838760376 0.0
0.4235461354255676 0.4823307991027832 0.0
0.9509958624839783 0.6278016567230225 0.0
0.9021234512329102 0.2290356457233429 0.0
0.42747634649276733 0.4790942370891571 0.0
0.8990131616592407 0.2287168800830841 0.0
0.8820279836654663 0.2060668170452118 0.0
0.8814338445663452 0.20840094983577728 0.0
0.43261539936065674 0.47533875703811646 0.0
0.8964715600013733 0.22825424373149872 0.0
0.8810593485832214 0.21249496936798096 0.0
0.9574598670005798 0.6213862895965576 0.0
0.9698353409767151 0.6242960691452026 0.0
0.8808795809745789 0.21470840275287628 0.0
0.44466477632522583 0.47297000885009766 0.0
0.8833910822868347 0.21620219945907593 0.0
0.44483840465545654 0.4689386487007141 0.0
0.8899454474449158 0.22413229942321777 0.0
0.8837886452674866 0.21925024688243866 0.0
0.4528082013130188 0.4651617407798767 0.0
0.8882095217704773 0.22286462783813477 0.0
0.8844047784805298 0.22089803218841553 0.0
0.9867419004440308 0.6145604252815247 0.0
0.4630191922187805 0.46351462602615356 0.0
1.0 0.6177178025245667 0.0
0.4712105393409729 0.4611496925354004 0.0
0.47468167543411255 0.45594966411590576 0.0
0.4802069664001465 0.4596423804759979 0.0
0.9841750860214233 0.3852694630622864 0.0
0.9712970852851868 0.38578853011131287 0.0
0.48548024892807007 0.4520096182823181 0.0
0.9738085865974426 0.3920130431652069 0.0
0.9528400897979736 0.38579222559928894 0.0
0.4950670599937439 0.44900211691856384 0.0
0.5029833316802979 0.4466451108455658 0.0
0.5049604177474976 0.4431302547454834 0.0
0.9394233822822571 0.38735583424568176 0.0
0.9247666001319885 0.38606590032577515 0.0
0.514270544052124 0.44189444184303284 0.0
0.9113504886627197 0.38551801443099976 0.0
0.5319573879241943 0.4381798505783081 0.0
0.9047639966011047 0.38918963074684143 0.0
0.5403332710266113 0.43554216623306274 0.0
0.5493414998054504 0.4337398111820221 0.0
0.8900322914123535 0.38858291506767273 0.0
0.551094114780426 0.4302199184894562 0.0
0.5576819181442261 0.42926087975502014 0.0
0.5663358569145203 0.4281856119632721 0.0
0.8761232495307922 0.39173346757888794 0.0
0.5750128626823425 0.42629313468933105 0.0
0.8592911958694458 0.38810229301452637 0.0
0.5821382403373718 0.42278438806533813 0.0
0.594510555267334 0.42068997025489807 0.0
0.8469051718711853 0.386532187461853 0.0
0.6103172898292542 0.4174257814884186 0.0
0.8412084579467773 0.38586580753326416 0.0
0.6211585998535156 0.4167572557926178 0.0
0.8371399641036987 0.38520270586013794 0.0
0.8341608643531799 0.38282510638237 0.0
0.8342635631561279 0.38461461663246155 0.0
0.6437382102012634 0.4145807921886444 0.0
0.8281737565994263 0.3826757073402405 0.0
0.6652354001998901 0.41296812891960144 0.0
0.6710963249206543 0.4095633029937744 0.0
0.6763961315155029 0.40755000710487366 0.0
0.8267949223518372 0.3815229535102844 0.0
0.8252587914466858 0.38009315729141235 0.0
0.6864576935768127 0.40886208415031433 0.0
0.7126286625862122 0.4062192440032959 0.0
0.7224991321563721 0.4056814908981323 0.0
0.7422475814819336 0.4018210470676422 0.0
0.7405586242675781 0.40491294860839844 0.0
0.7518972754478455 0.4023510217666626 0.0
0.7594992518424988 0.3977821171283722 0.0
0.7585861682891846 0.4011038541793823 0.0
0.7670406103134155 0.39770275354385376 0.0
0.7724236845970154 0.39634448289871216 0.0
0.7759327292442322 0.3949261009693146 0.0
0.7844050526618958 0.38943392038345337 0.0
0.7862302660942078 0.3887690007686615 0.0
0.7861760258674622 0.3872392177581787 0.0
0.7890256643295288 0.3866485357284546 0.0
0.788364827632904 0.38562479615211487 0.0
0.7880913019180298 0.3852979242801666 0.0
0.7867908477783203 0.38431206345558167 0.0
0.7870417833328247 0.3845067024230957 0.0
0.8908740878105164 0.19542233645915985 0.0
0.891096830368042 0.1954072117805481 0.0
0.8907647728919983 0.19554169476032257 0.0
0.8905311822891235 0.19546496868133545 0.0
0.8899219036102295 0.19534894824028015 0.0
0.8915886282920837 0.19558003544807434 0.0
0.8913264870643616 0.1955423504114151 0.0
0.8898612260818481 0.19546635448932648 0.0
0.8918793201446533 0.1955157369375229 0.0
0.8896107077598572 0.19540759921073914 0.0
0.8897455334663391 0.19563111662864685 0.0
0.892657458782196 0.19574975967407227 0.0
0.8894713521003723 0.1955816149711609 0.0
0.8937580585479736 0.19676047563552856 0.0
0.8936401009559631 0.1965516209602356 0.0
0.8930220007896423 0.19582410156726837 0.0
0.8893321752548218 0.1957366019487381 0.0
0.5106403231620789 0.6082072854042053 0.0
0.8946396112442017 0.1971072554588318 0.0
0.8893412351608276 0.1959618479013443 0.0
0.5039502382278442 0.6024103760719299 0.0
0.5238839983940125 0.6081226468086243 0.0
0.8951753377914429 0.19773522019386292 0.0
0.8890832662582397 0.19613215327262878 0.0
0.49311572313308716 0.5934015512466431 0.0
0.5052526593208313 0.5962607860565186 0.0
0.5151071548461914 0.6023817658424377 0.0
0.5354491472244263 0.607791543006897 0.0
0.549545407295227 0.6114164590835571 0.0
0.24868756532669067 0.5432753562927246 0.0
0.2506163716316223 0.5416983366012573 0.0
0.2482922077178955 0.5435985922813416 0.0
0.5280508399009705 0.6024307608604431 0.0
0.5607184767723083 0.6149439215660095 0.0
0.8887947201728821 0.19635653495788574 0.0
0.2506163716316223 0.5416983366012573 0.0
0.2506163716316223 0.5416983366012573 0.0
0.500199556350708 0.5891549587249756 0.0
0.5426855087280273 0.6024878025054932 0.0
0.5567904114723206 0.6045182347297668 0.0
0.5681971907615662 0.6101998090744019 0.0
0.2506163716316223 0.5416983366012573 0.0
0.2535165548324585 0.5390904545783997 0.0
0.2540895342826843 0.5385631322860718 0.0
0.2523190379142761 0.5401694178581238 0.0
0.4819728136062622 0.5820313692092896 0.0
0.4943705201148987 0.5833528637886047 0.0
0.48118430376052856 0.5748323202133179 0.0
0.5701557397842407 0.6002631783485413 0.0
0.5879721641540527 0.6078664064407349 0.0
0.8885384202003479 0.19692063331604004 0.0
0.4900875687599182 0.5785616040229797 0.0
0.6042148470878601 0.6123061180114746 0.0
0.465911328792572 0.5610103607177734 0.0
0.4939457178115845 0.5733163356781006 0.0
0.6060166358947754 0.6043427586555481 0.0
0.6183256506919861 0.6132695078849792 0.0
0.6344127655029297 0.6146692037582397 0.0
0.8884950876235962 0.19730804860591888 0.0
0.45327985286712646 0.5570797324180603 0.0
0.47468113899230957 0.5635471940040588 0.0
0.48451489210128784 0.5663188099861145 0.0
0.6493798494338989 0.6142550706863403 0.0
0.9023630023002625 0.20490781962871552 0.0
0.9003673195838928 0.20430023968219757 0.0
0.8884419798851013 0.19778883457183838 0.0
0.9097995162010193 0.21181942522525787 0.0
0.9087753295898438 0.21016575396060944 0.0
0.9066524505615234 0.20785857737064362 0.0
0.9034993648529053 0.20617835223674774 0.0
0.8980910181999207 0.20350132882595062 0.0
0.8983280658721924 0.20219159126281738 0.0
0.2655990719795227 0.5221248865127563 0.0
0.26671528816223145 0.5205191373825073 0.0
0.4499480128288269 0.5479403734207153 0.0
0.46403050422668457 0.5519538521766663 0.0
0.6609420776367188 0.6123055815696716 0.0
0.6738861203193665 0.6143409609794617 0.0
0.9012254476547241 0.2055923491716385 0.0
0.8884933590888977 0.1984805315732956 0.0
0.26612675189971924 0.5196532011032104 0.0
0.2669636607170105 0.5168039798736572 0.0
0.4448060393333435 0.5391173362731934 0.0
0.6909960508346558 0.6154696345329285 0.0
0.8881620764732361 0.19912278652191162 0.0
0.7127768993377686 0.6174825429916382 0.0
0.9124791622161865 0.21736754477024078 0.0
0.2659692168235779 0.5136821866035461 0.0
0.7344853281974792 0.6194761991500854 0.0
0.2631950378417969 0.5118388533592224 0.0
0.4397397041320801 0.5310020446777344 0.0
0.9144886136054993 0.22127963602542877 0.0
0.888299286365509 0.19991016387939453 0.0
0.25955379009246826 0.510282576084137 0.0
0.4237048029899597 0.5180718898773193 0.0
0.4358167052268982 0.5237733125686646 0.0
0.7521960735321045 0.6202218532562256 0.0
0.7697222232818604 0.6215015649795532 0.0
0.887776255607605 0.2003268599510193 0.0
0.2575281262397766 0.5095758438110352 0.0
0.25810348987579346 0.5097765922546387 0.0
0.4144287705421448 0.5115543603897095 0.0
0.9130446314811707 0.22235842049121857 0.0
0.2561047077178955 0.5090792775154114 0.0
0.2518077492713928 0.5080565810203552 0.0
0.7900068759918213 0.6221186518669128 0.0
0.8871622085571289 0.20070157945156097 0.0
0.2483462691307068 0.5074440240859985 0.0
0.24774253368377686 0.507354736328125 0.0
0.41460031270980835 0.5050528645515442 0.0
0.42753440141677856 0.5085302591323853 0.0
0.8111265897750854 0.6256659030914307 0.0
0.886860191822052 0.2015063464641571 0.0
0.24513477087020874 0.5070036053657532 0.0
0.40539616346359253 0.5 0.0
0.8331115245819092 0.6297929883003235 0.0
0.9121192097663879 0.22399991750717163 0.0
0.9112653136253357 0.22513918578624725 0.0
0.39986205101013184 0.49710190296173096 0.0
0.4169914126396179 0.5 0.0
0.4262559413909912 0.5 0.0
0.8551744818687439 0.630283772945404 0.0
0.8856878876686096 0.20223359763622284 0.0
0.4133305549621582 0.49654000997543335 0.0
0.40391331911087036 0.49384555220603943 0.0
0.4273582100868225 0.4970635175704956 0.0
0.8770580887794495 0.6309366822242737 0.0
0.884859561920166 0.20312625169754028 0.0
0.41701018810272217 0.4924429953098297 0.0
0.42453891038894653 0.494242787361145 0.0
0.8899998664855957 0.6276062726974487 0.0
0.9094771146774292 0.22688522934913635 0.0
0.40881508588790894 0.49033015966415405 0.0
0.4344371557235718 0.4939942955970764 0.0
0.9055969715118408 0.628869891166687 0.0
0.9079131484031677 0.22797128558158875 0.0
0.42002779245376587 0.48857006430625916 0.0
0.4313448667526245 0.49063804745674133 0.0
0.883997917175293 0.20374734699726105 0.0
0.9061146974563599 0.22880978882312775 0.0
0.43064743280410767 0.48559001088142395 0.0
0.4438387155532837 0.4872506558895111 0.0
0.9183188676834106 0.6193981170654297 0.0
0.9340070486068726 0.6222111582756042 0.0
0.9041501879692078 0.22837045788764954 0.0
0.4325186610221863 0.4818442761898041 0.0
0.44159966707229614 0.4830171465873718 0.0
0.45459938049316406 0.48401081562042236 0.0
0.4380260109901428 0.4793018698692322 0.0
0.9445518851280212 0.6194246411323547 0.0
0.8833582401275635 0.2084389477968216 0.0
0.8829562067985535 0.20989611744880676 0.0
0.8821312189102173 0.20726589858531952 0.0
0.4491259455680847 0.4799479842185974 0.0
0.882663369178772 0.2109106481075287 0.0
0.8827646970748901 0.21208535134792328 0.0
0.44427841901779175 0.47669875621795654 0.0
0.8971974849700928 0.2270079255104065 0.0
0.4573509693145752 0.4760094881057739 0.0
0.8833405375480652 0.21423301100730896 0.0
0.9632483720779419 0.6157041192054749 0.0
0.8945741653442383 0.2265751212835312 0.0
0.45617789030075073 0.4702284038066864 0.0
0.46575379371643066 0.47254782915115356 0.0
0.8920756578445435 0.22526080906391144 0.0
0.46819818019866943 0.4690781831741333 0.0
0.9787806272506714 0.6159960031509399 0.0
0.8850430250167847 0.21812854707241058 0.0
0.8855626583099365 0.21995742619037628 0.0
0.461855411529541 0.4666682481765747 0.0
0.8867751359939575 0.22134384512901306 0.0
0.4705725908279419 0.4652804732322693 0.0
0.9880000948905945 0.6060666441917419 0.0
1.0 0.6111882925033569 0.0
0.48709529638290405 0.4568328857421875 0.0
1.0 0.605228066444397 0.0
0.4966498017311096 0.45381149649620056 0.0
0.9648342728614807 0.39389318227767944 0.0
0.5139843225479126 0.44645950198173523 0.0
0.5058814883232117 0.45053830742836 0.0
0.5260164737701416 0.4433841109275818 0.0
0.5251673460006714 0.4484218955039978 0.0
0.9406813383102417 0.3939567804336548 0.0
0.9222716689109802 0.39204850792884827 0.0
0.9188699126243591 0.3982807695865631 0.0
0.5451626181602478 0.4401150643825531 0.0
0.5479328632354736 0.4371744990348816 0.0
0.903689444065094 0.3948548138141632 0.0
0.5574365854263306 0.432267427444458 0.0
0.8845312595367432 0.3917156457901001 0.0
0.5661449432373047 0.4320806860923767 0.0
0.8677645921707153 0.3921547532081604 0.0
0.5936689972877502 0.4252411723136902 0.0
0.5879160165786743 0.42847177386283875 0.0
0.854261040687561 0.3893638551235199 0.0
0.6048324704170227 0.42542970180511475 0.0
0.6069419384002686 0.4210943877696991 0.0
0.6190221309661865 0.4210929274559021 0.0
0.6318934559822083 0.4157922565937042 0.0
0.6570952534675598 0.4158520996570587 0.0
0.8300513625144958 0.38375988602638245 0.0
0.676531195640564 0.41349735856056213 0.0
0.6796833872795105 0.4106694757938385 0.0
0.8268208503723145 0.38154828548431396 0.0
0.8268237113952637 0.381551057100296 0.0
0.6987059712409973 0.40883737802505493 0.0
0.7097135186195374 0.4091804623603821 0.0
0.7187454700469971 0.40923118591308594 0.0
0.7359500527381897 0.4074285924434662 0.0
0.7484993934631348 0.40558233857154846 0.0
0.7685925364494324 0.40269097685813904 0.0
0.7755501866340637 0.40034282207489014 0.0
0.7810969352722168 0.3980986773967743 0.0
0.7814273238182068 0.3945886492729187 0.0
0.7841667532920837 0.39266395568847656 0.0
0.784855842590332 0.3909543454647064 0.0
0.7883159518241882 0.39079931378364563 0.0
0.79009610414505 0.3891943097114563 0.0
0.7896114587783813 0.3878742456436157 0.0
0.7910004258155823 0.3870477080345154 0.0
0.7915679812431335 0.3875047266483307 0.0
0.8911890387535095 0.1956450194120407 0.0
0.8909987807273865 0.1956067681312561 0.0
0.8906012773513794 0.19565699994564056 0.0
0.89033043384552 0.19549460709095 0.0
0.8901126384735107 0.19548863172531128 0.0
0.8900628089904785 0.19567926228046417 0.0
0.8932580947875977 0.19667674601078033 0.0
0.8932550549507141 0.19643540680408478 0.0
0.8929491639137268 0.1963174194097519 0.0
0.8932017087936401 0.19615113735198975 0.0
0.8927805423736572 0.19607163965702057 0.0
0.8924394845962524 0.195879265666008 0.0
0.89211106300354 0.19576002657413483 0.0
0.8898806571960449 0.1958562582731247 0.0
0.8895868062973022 0.1958339959383011 0.0
0.894227147102356 0.1973373144865036 0.0
0.8895688652992249 0.19607581198215485 0.0
0.8894270062446594 0.19624698162078857 0.0
0.8947044014930725 0.19804207980632782 0.0
0.8955295085906982 0.1985662877559662 0.0
0.5200908780097961 0.5965767502784729 0.0
0.894763171672821 0.19872944056987762 0.0
0.8892757296562195 0.19653096795082092 0.0
0.5136951804161072 0.5901942253112793 0.0
0.5331148505210876 0.5966761112213135 0.0
0.8955864310264587 0.19944798946380615 0.0
0.8889897465705872 0.19683188199996948 0.0
0.2546675205230713 0.5380136370658875 0.0
0.5080583095550537 0.5827593803405762 0.0
0.5269619822502136 0.5908531546592712 0.0
0.5436007380485535 0.5960814356803894 0.0
0.8945655226707458 0.19927790760993958 0.0
0.255961537361145 0.5366686582565308 0.0
0.25918805599212646 0.5330748558044434 0.0
0.49875175952911377 0.5787165760993958 0.0
0.5223498940467834 0.5845016837120056 0.0
0.5390409231185913 0.5911113619804382 0.0
0.5539673566818237 0.5981046557426453 0.0
0.5199821591377258 0.5772476196289062 0.0
0.534602701663971 0.5852330327033997 0.0
0.5505115985870361 0.5918833613395691 0.0
0.5614914894104004 0.593468189239502 0.0
0.8947480320930481 0.20002403855323792 0.0
0.8890198469161987 0.19731563329696655 0.0
0.2636961340904236 0.5268464088439941 0.0
0.26363956928253174 0.5269395709037781 0.0
0.26360708475112915 0.5269930958747864 0.0
0.2637239098548889 0.5268006324768066 0.0
0.506801187992096 0.5747386813163757 0.0
0.530701756477356 0.5796324014663696 0.0
0.5467351078987122 0.5856789946556091 0.0
0.574222207069397 0.590280294418335 0.0
0.5885701775550842 0.5977879166603088 0.0
0.8890575170516968 0.19778455793857574 0.0
0.26371079683303833 0.5268222689628601 0.0
0.26371586322784424 0.5268138647079468 0.0
0.5017821788787842 0.5660197734832764 0.0
0.5420233011245728 0.5790837407112122 0.0
0.5593497157096863 0.5870353579521179 0.0
0.5902171730995178 0.5894355773925781 0.0
0.6029353141784668 0.5950469970703125 0.0
0.6234129667282104 0.6060788035392761 0.0
0.4782527685165405 0.5570975542068481 0.0
0.49173516035079956 0.559495210647583 0.0
0.5172970294952393 0.5693000555038452 0.0
0.5817903876304626 0.5826995968818665 0.0
0.6151403784751892 0.5992870330810547 0.0
0.6379852890968323 0.6065030694007874 0.0
0.9070187211036682 0.20928113162517548 0.0
0.9048147797584534 0.20810452103614807 0.0
0.889164924621582 0.19830405712127686 0.0
0.26567214727401733 0.521782636642456 0.0
0.2655942440032959 0.5221474170684814 0.0
0.2655720114707947 0.5222517251968384 0.0
0.6271235942840576 0.5993578433990479 0.0
0.6521011590957642 0.6060675978660583 0.0
0.9097315073013306 0.21381917595863342 0.0
0.9023764729499817 0.2070387601852417 0.0
0.8959525227546692 0.20333704352378845 0.0
0.8898375034332275 0.19953984022140503 0.0
0.8890434503555298 0.1991957128047943 0.0
0.8894646167755127 0.198898583650589 0.0
0.2658226490020752 0.5210952758789062 0.0
0.2659730911254883 0.5204080939292908 0.0
0.45978957414627075 0.5420203804969788 0.0
0.5030049681663513 0.5569830536842346 0.0
0.5146560668945312 0.5614252686500549 0.0
0.6667019128799438 0.6062516570091248 0.0
0.6823473572731018 0.6069457530975342 0.0
0.9108896851539612 0.21548455953598022 0.0
0.8968843817710876 0.2041793167591095 0.0
0.8901693224906921 0.20016448199748993 0.0
0.8892216682434082 0.19993408024311066 0.0
0.2660498023033142 0.519270658493042 0.0
0.2659728527069092 0.5188881158828735 0.0
0.4748595952987671 0.5458498597145081 0.0
0.4909719228744507 0.5507556200027466 0.0
0.8909366130828857 0.20062758028507233 0.0
0.8901050686836243 0.2009069323539734 0.0
0.26604974269866943 0.5192704796791077 0.0
0.2647845149040222 0.5139466524124146 0.0
0.26478278636932373 0.5139403343200684 0.0
0.4516012668609619 0.5346846580505371 0.0
0.4682195782661438 0.539793848991394 0.0
0.4751583933830261 0.5367411375045776 0.0
0.9126536250114441 0.2195834368467331 0.0
0.26478099822998047 0.5139340758323669 0.0
0.46225202083587646 0.533993124961853 0.0
0.7267634868621826 0.6118426322937012 0.0
0.8906592130661011 0.20220518112182617 0.0
0.8889452219009399 0.2008141130208969 0.0
0.2588273286819458 0.5100290775299072 0.0
0.4494399428367615 0.526820719242096 0.0
0.7414340376853943 0.6105331778526306 0.0
0.9127703905105591 0.22087006270885468 0.0
0.8891661167144775 0.20200414955615997 0.0
0.43995845317840576 0.516730010509491 0.0
0.4608781933784485 0.5267996788024902 0.0
0.7587539553642273 0.6125666499137878 0.0
0.8880459070205688 0.2012493759393692 0.0
0.4547795057296753 0.5200892686843872 0.0
0.7744137048721313 0.6127951741218567 0.0
0.8880065679550171 0.20209820568561554 0.0
0.8885731101036072 0.20307593047618866 0.0
0.4398512840270996 0.5083266496658325 0.0
0.4498974084854126 0.5122286081314087 0.0
0.46076124906539917 0.51540207862854 0.0
0.7893240451812744 0.6113754510879517 0.0
0.4366561770439148 0.5 0.0
0.8029163479804993 0.6173094511032104 0.0
0.8208840489387512 0.6173651218414307 0.0
0.9097126722335815 0.22366252541542053 0.0
0.8872016072273254 0.2026471644639969 0.0
0.8876040577888489 0.20350509881973267 0.0
0.4473468065261841 0.5049521923065186 0.0
0.4589557647705078 0.5085850954055786 0.0
0.840552568435669 0.6219401955604553 0.0
0.4370783567428589 0.49847766757011414 0.0
0.44484519958496094 0.5 0.0
0.4569132328033447 0.5 0.0
0.8570389747619629 0.6209854483604431 0.0
0.9093843102455139 0.22521905601024628 0.0
0.8863868713378906 0.20352903008460999 0.0
0.44875526428222656 0.49774307012557983 0.0
0.44124895334243774 0.49576783180236816 0.0
0.8746640086174011 0.6204275488853455 0.0
0.4529741406440735 0.495166152715683 0.0
0.8905960321426392 0.6201863288879395 0.0
0.9071913361549377 0.22551143169403076 0.0
0.885255753993988 0.20431576669216156 0.0
0.4484381079673767 0.4917975664138794 0.0
0.9061599373817444 0.6204355359077454 0.0
0.9061038494110107 0.22630518674850464 0.0
0.8839708566665649 0.2049107700586319 0.0
0.904783308506012 0.22692371904850006 0.0
0.4554651379585266 0.4879383146762848 0.0
0.46236467361450195 0.4898465573787689 0.0
0.9200448393821716 0.6121203303337097 0.0
0.902381956577301 0.2270153909921646 0.0
0.9335595965385437 0.612628161907196 0.0
0.8835758566856384 0.20596854388713837 0.0
0.8835134506225586 0.20710389316082 0.0
0.8996703624725342 0.22686274349689484 0.0
0.8852663636207581 0.2100561112165451 0.0
0.8840044736862183 0.21136347949504852 0.0
0.4590120315551758 0.48048773407936096 0.0
0.46518445014953613 0.482705682516098 0.0
0.9445462822914124 0.6136135458946228 0.0
0.8846276998519897 0.21310244500637054 0.0
0.4688032269477844 0.4794699549674988 0.0
0.8853136301040649 0.21465130150318146 0.0
0.47237324714660645 0.47555020451545715 0.0
0.8958751559257507 0.225667342543602 0.0
0.8975111246109009 0.22577154636383057 0.0
0.8852024078369141 0.21612443029880524 0.0
0.9494231343269348 0.6097016334533691 0.0
0.4759054183959961 0.47182294726371765 0.0
0.8939820528030396 0.22453807294368744 0.0
0.9676925539970398 0.6109777092933655 0.0
0.971713662147522 0.605599582195282 0.0
0.8916119337081909 0.22353626787662506 0.0
0.8898787498474121 0.2227911800146103 0.0
0.8874858617782593 0.21971946954727173 0.0
0.4804916977882385 0.4679071307182312 0.0
0.8888223171234131 0.2215520143508911 0.0
0.48015403747558594 0.4633680582046509 0.0
0.97853684425354 0.6042596101760864 0.0
0.49066251516342163 0.46519362926483154 0.0
0.48883628845214844 0.4610983729362488 0.0
0.9927088022232056 0.6027072072029114 0.0
0.49805235862731934 0.458780974149704 0.0
0.5098053216934204 0.4560091197490692 0.0
0.5176038146018982 0.45159491896629333 0.0
0.9832735657691956 0.40038934350013733 0.0
0.962791383266449 0.39964091777801514 0.0
0.9518688917160034 0.39207085967063904 0.0
0.5382320284843445 0.4481000006198883 0.0
0.5379573702812195 0.4429435729980469 0.0
0.5558823347091675 0.43899044394493103 0.0
0.9094979166984558 0.4017125070095062 0.0
0.5623506307601929 0.4355042576789856 0.0
0.8958982825279236 0.3964175581932068 0.0
0.8870767951011658 0.39757296442985535 0.0
0.5778542757034302 0.4312942624092102 0.0
0.8770009279251099 0.39751794934272766 0.0
0.8608992099761963 0.39206188917160034 0.0
0.599696934223175 0.42898935079574585 0.0
0.8497223854064941 0.39046743512153625 0.0
0.6138433814048767 0.4241049885749817 0.0
0.8441947102546692 0.38924816250801086 0.0
0.6298848986625671 0.419793039560318 0.0
0.8392501473426819 0.387942910194397 0.0
0.6403424739837646 0.4192211925983429 0.0
0.8354967832565308 0.3867088854312897 0.0
0.652259111404419 0.42005839943885803 0.0
0.6660431027412415 0.41707491874694824 0.0
0.6737087965011597 0.41686251759529114 0.0
0.8325479626655579 0.3853095769882202 0.0
0.6872155666351318 0.4142264127731323 0.0
0.6973813772201538 0.4133151173591614 0.0
0.7081303596496582 0.4132297933101654 0.0
0.718934178352356 0.41297563910484314 0.0
0.8306319713592529 0.38606441020965576 0.0
0.8288495540618896 0.38449567556381226 0.0
0.8288935422897339 0.3846791088581085 0.0
0.730414628982544 0.41170069575309753 0.0
0.745225191116333 0.4080640375614166 0.0
0.7560673952102661 0.4063890874385834 0.0
0.7615406513214111 0.40492966771125793 0.0
0.7887725830078125 0.3951210081577301 0.0
0.7874423265457153 0.39727941155433655 0.0
0.7903498411178589 0.3930432200431824 0.0
0.7904191613197327 0.39037540555000305 0.0
0.793808102607727 0.39084920287132263 0.0
0.7937688827514648 0.38969936966896057 0.0
0.7924079298973083 0.3883693218231201 0.0
0.7913967967033386 0.38724485039711 0.0
0.7918815016746521 0.38748589158058167 0.0
0.7912373542785645 0.38716554641723633 0.0
0.8913785219192505 0.1958036571741104 0.0
0.89113450050354 0.19583454728126526 0.0
0.8908858299255371 0.19574883580207825 0.0
0.8918416500091553 0.19572360813617706 0.0
0.89167320728302 0.19586904346942902 0.0
0.8906152248382568 0.19580595195293427 0.0
0.8903449773788452 0.1956244260072708 0.0
0.8903684020042419 0.1957993358373642 0.0
0.891961395740509 0.19594109058380127 0.0
0.8928402066230774 0.19651009142398834 0.0
0.8926630020141602 0.196332648396492 0.0
0.8901684880256653 0.19592265784740448 0.0
0.8922387361526489 0.19602160155773163 0.0
0.893519401550293 0.19697292149066925 0.0
0.889776885509491 0.19605737924575806 0.0
0.8937013149261475 0.19734683632850647 0.0
0.8897338509559631 0.19631603360176086 0.0
0.8941069841384888 0.19771596789360046 0.0
0.8895857334136963 0.19649451971054077 0.0
0.8941438794136047 0.19817203283309937 0.0
0.8896576762199402 0.196760892868042 0.0
0.8894492387771606 0.19690482318401337 0.0
0.8894886374473572 0.1972540318965912 0.0
0.8936381340026855 0.20028938353061676 0.0
0.8937930464744568 0.19936831295490265 0.0
0.8931310176849365 0.19953760504722595 0.0
0.889639139175415 0.197755828499794 0.0
0.8925095200538635 0.1998598277568817 0.0
0.8895898461341858 0.1981533318758011 0.0
0.5337578654289246 0.5714409351348877 0.0
0.891717255115509 0.20035260915756226 0.0
0.8915951251983643 0.19960777461528778 0.0
0.8899076581001282 0.19859805703163147 0.0
0.5551925301551819 0.5798615217208862 0.0
0.5685012340545654 0.58141028881073 0.0
0.9072998762130737 0.21102674305438995 0.0
0.908108651638031 0.2124738097190857 0.0
0.890781819820404 0.1998445987701416 0.0
0.8902894258499146 0.19915319979190826 0.0
0.5258094668388367 0.5643897652626038 0.0
0.5501838326454163 0.5726132392883301 0.0
0.6022772789001465 0.5874671339988708 0.0
0.6160575747489929 0.5922889709472656 0.0
0.6406651735305786 0.5991464853286743 0.0
0.9058204293251038 0.20984186232089996 0.0
0.9043813347816467 0.20959000289440155 0.0
0.9031290411949158 0.20837479829788208 0.0
0.526134729385376 0.5570309162139893 0.0
0.5364660024642944 0.5625941753387451 0.0
0.5457772016525269 0.5663667321205139 0.0
0.5637074708938599 0.5737742781639099 0.0
0.5765174031257629 0.5750935077667236 0.0
0.5928080081939697 0.5832176804542542 0.0
0.6117392778396606 0.5851013660430908 0.0
0.6297930479049683 0.5937332510948181 0.0
0.65630042552948 0.5978788733482361 0.0
0.9094029664993286 0.21508485078811646 0.0
0.9012961983680725 0.2078881859779358 0.0
0.9004743695259094 0.20645134150981903 0.0
0.8941073417663574 0.20335157215595245 0.0
0.5054298639297485 0.5494329333305359 0.0
0.5138260722160339 0.5546075105667114 0.0
0.5591118931770325 0.5656293630599976 0.0
0.5890750288963318 0.5765761733055115 0.0
0.6021028161048889 0.5796083807945251 0.0
0.6255366206169128 0.5865545272827148 0.0
0.6408650279045105 0.5918402075767517 0.0
0.6736838221549988 0.5994076728820801 0.0
0.9099679589271545 0.2163078486919403 0.0
0.8927730321884155 0.20294640958309174 0.0
0.8930733799934387 0.20229630172252655 0.0
0.8919233679771423 0.2022465318441391 0.0
0.48663026094436646 0.5418203473091125 0.0
0.49728721380233765 0.5443048477172852 0.0
0.5382702946662903 0.5565625429153442 0.0
0.6870145201683044 0.5998666882514954 0.0
0.7001040577888489 0.6055353879928589 0.0
0.9102075099945068 0.21809980273246765 0.0
0.8929182887077332 0.20383189618587494 0.0
0.4856768250465393 0.5352704524993896 0.0
0.4960307478904724 0.5376415848731995 0.0
0.5205275416374207 0.5481316447257996 0.0
0.5335838198661804 0.5515176653862 0.0
0.7163936495780945 0.6071858406066895 0.0
0.8919172286987305 0.2031169831752777 0.0
0.4691811800003052 0.5300607681274414 0.0
0.47894346714019775 0.5296573042869568 0.0
0.5078872442245483 0.5417410135269165 0.0
0.7276079654693604 0.6037373542785645 0.0
0.9108940958976746 0.22034268081188202 0.0
0.8911392092704773 0.20354600250720978 0.0
0.46860891580581665 0.5226531028747559 0.0
0.49161577224731445 0.5302520394325256 0.0
0.5213183164596558 0.5384682416915894 0.0
0.7381317019462585 0.6013967394828796 0.0
0.8899542093276978 0.20318256318569183 0.0
0.4834370017051697 0.5227068662643433 0.0
0.5070629119873047 0.5322564244270325 0.0
0.7503445148468018 0.6037428975105286 0.0
0.9103665947914124 0.2221422642469406 0.0
0.47313106060028076 0.513932466506958 0.0
0.521970808506012 0.5297295451164246 0.0
0.7632575631141663 0.6058608293533325 0.0
0.8905026316642761 0.20425419509410858 0.0
0.8894439339637756 0.20393943786621094 0.0
0.4980214834213257 0.5238646864891052 0.0
0.5114653706550598 0.5237807631492615 0.0
0.7746241688728333 0.6025273203849792 0.0
0.8035958409309387 0.6091203093528748 0.0
0.8884660005569458 0.2041192501783371 0.0
0.46837133169174194 0.5057969689369202 0.0
0.49030864238739014 0.5160605907440186 0.0
0.5030382871627808 0.518202543258667 0.0
0.7902026772499084 0.6034455895423889 0.0
0.4832785725593567 0.5071840286254883 0.0
0.8177364468574524 0.6055436134338379 0.0
0.8383488655090332 0.611213207244873 0.0
0.8881585001945496 0.20502370595932007 0.0
0.8874462246894836 0.2041909247636795 0.0
0.4716370701789856 0.5 0.0
0.4617089629173279 0.49711233377456665 0.0
0.5008805394172668 0.5109705328941345 0.0
0.8867445588111877 0.2048223614692688 0.0
0.4855276346206665 0.5 0.0
0.8587561845779419 0.6113057136535645 0.0
0.4759529232978821 0.496503621339798 0.0
0.8757641911506653 0.611470103263855 0.0
0.885679304599762 0.2057456374168396 0.0
0.46542900800704956 0.4932636022567749 0.0
0.9047216773033142 0.22501909732818604 0.0
0.8914444446563721 0.611759603023529 0.0
0.8845499157905579 0.20589974522590637 0.0
0.4741709232330322 0.489546000957489 0.0
0.4816884994506836 0.4926823377609253 0.0
0.9059173464775085 0.6117854714393616 0.0
0.8849912881851196 0.20684844255447388 0.0
0.46697860956192017 0.4862572252750397 0.0
0.9025073051452637 0.22520804405212402 0.0
0.8848868608474731 0.20816932618618011 0.0
0.47915464639663696 0.4862617254257202 0.0
0.4873766303062439 0.4885801672935486 0.0
0.9205063581466675 0.603047251701355 0.0
0.4757121801376343 0.4829440116882324 0.0
0.9007852673530579 0.22567962110042572 0.0
0.8858652114868164 0.21220317482948303 0.0
0.4896330237388611 0.48375385999679565 0.0
0.9352842569351196 0.6051163077354431 0.0
0.48295503854751587 0.4788961112499237 0.0
0.898728609085083 0.2248423844575882 0.0
0.8868023157119751 0.2156268209218979 0.0
0.886410117149353 0.21395082771778107 0.0
0.8961859345436096 0.22438034415245056 0.0
0.8871018290519714 0.2175118774175644 0.0
0.4839538335800171 0.4745142459869385 0.0
0.9546180367469788 0.6050376892089844 0.0
0.9584566950798035 0.6001260876655579 0.0
0.4855502247810364 0.4713278114795685 0.0
0.49416863918304443 0.47313717007637024 0.0
0.8908782005310059 0.22180227935314178 0.0
0.8895165920257568 0.2204291671514511 0.0
0.4932742118835449 0.46927300095558167 0.0
0.9702339768409729 0.5981025695800781 0.0
0.9757218956947327 0.5965366959571838 0.0
0.503754198551178 0.4665968418121338 0.0
0.9830431938171387 0.5954057574272156 0.0
0.49799031019210815 0.4627847969532013 0.0
0.5093852281570435 0.46198636293411255 0.0
0.9915669560432434 0.5955199003219604 0.0
1.0 0.5956597328186035 0.0
0.5207481980323792 0.4594493806362152 0.0
0.521876871585846 0.4554537832736969 0.0
0.5292139053344727 0.4524250626564026 0.0
0.9506178498268127 0.40166351199150085 0.0
0.9354377388954163 0.39955952763557434 0.0
0.5467010736465454 0.44476810097694397 0.0
0.9328891634941101 0.4041430950164795 0.0
0.5532927513122559 0.44277942180633545 0.0
0.5619305372238159 0.4431326687335968 0.0
0.5697777271270752 0.43994709849357605 0.0
0.5741177201271057 0.4355642795562744 0.0
0.899139404296875 0.40351754426956177 0.0
0.5838198661804199 0.43528494238853455 0.0
0.5899723172187805 0.4331933856010437 0.0
0.5965870022773743 0.43173888325691223 0.0
0.8663969039916992 0.3965582549571991 0.0
0.8557680249214172 0.3940851092338562 0.0
0.6166772246360779 0.4276769757270813 0.0
0.6105309128761292 0.4303306043148041 0.0
0.6233530640602112 0.4252750873565674 0.0
0.6289578080177307 0.42309173941612244 0.0
0.8464211225509644 0.39312639832496643 0.0
0.637687623500824 0.4227801561355591 0.0
0.8400182127952576 0.39109453558921814 0.0
0.6459264159202576 0.4224427342414856 0.0
0.8363293409347534 0.3891529142856598 0.0
0.663462221622467 0.4200684428215027 0.0
0.6714185476303101 0.41978123784065247 0.0
0.6819728016853333 0.41694942116737366 0.0
0.690729022026062 0.41900166869163513 0.0
0.6968519687652588 0.4170454442501068 0.0
0.8331082463264465 0.38780835270881653 0.0
0.7063446044921875 0.417354941368103 0.0
0.829410970211029 0.3859688937664032 0.0
0.8291730284690857 0.3858446180820465 0.0
0.8290097117424011 0.3851635158061981 0.0
0.8289374113082886 0.38486194610595703 0.0
0.7464632391929626 0.4124464690685272 0.0
0.7539576888084412 0.4094219207763672 0.0
0.763215959072113 0.40909358859062195 0.0
0.7691670656204224 0.4072747528553009 0.0
0.7772573828697205 0.4075785279273987 0.0
0.7789857387542725 0.40428751707077026 0.0
0.784676730632782 0.4025692045688629 0.0
0.791121244430542 0.4005424380302429 0.0
0.7952863574028015 0.3978745937347412 0.0
0.7941441535949707 0.39520397782325745 0.0
0.7931594252586365 0.3919624388217926 0.0
0.7952287793159485 0.38954252004623413 0.0
0.795021116733551 0.3890663981437683 0.0
0.7933871746063232 0.3882347047328949 0.0
0.8914794325828552 0.1960831880569458 0.0
0.8913047313690186 0.1960350126028061 0.0
0.8917980194091797 0.19611617922782898 0.0
0.8908928036689758 0.19591225683689117 0.0
0.8907299041748047 0.19579285383224487 0.0
0.8920851349830627 0.19620627164840698 0.0
0.8906546235084534 0.19594991207122803 0.0
0.8924165368080139 0.1963430643081665 0.0
0.8925105333328247 0.19648557901382446 0.0
0.8923004269599915 0.19621501863002777 0.0
0.8904849290847778 0.19594068825244904 0.0
0.8930364847183228 0.1968286633491516 0.0
0.8924810290336609 0.19615238904953003 0.0
0.8932814002037048 0.1970815658569336 0.0
0.8936272263526917 0.19771534204483032 0.0
0.8900550603866577 0.19650688767433167 0.0
0.8898487091064453 0.19662272930145264 0.0
0.8939447999000549 0.19870461523532867 0.0
0.8898664712905884 0.19711750745773315 0.0
0.8900018334388733 0.19753609597682953 0.0
0.8901857137680054 0.1978951245546341 0.0
0.8901168704032898 0.19822455942630768 0.0
0.8920100331306458 0.19912554323673248 0.0
0.8909651637077332 0.1992676705121994 0.0
0.8913735747337341 0.1989496648311615 0.0
0.8906764984130859 0.19868457317352295 0.0
0.9076753258705139 0.21334370970726013 0.0
0.9064059853553772 0.21233752369880676 0.0
0.9054959416389465 0.21092663705348969 0.0
0.90802001953125 0.21446658670902252 0.0
0.9028071761131287 0.2093644142150879 0.0
0.5480139851570129 0.5599319934844971 0.0
0.5713880658149719 0.5686840415000916 0.0
0.583994448184967 0.5676987767219543 0.0
0.6152453422546387 0.5796260237693787 0.0
0.6527635455131531 0.5902003645896912 0.0
0.9084721803665161 0.2155199944972992 0.0
0.9011038541793823 0.20925959944725037 0.0
0.8991022706031799 0.20681342482566833 0.0
0.8954280614852905 0.2041844129562378 0.0
0.572275698184967 0.5618815422058105 0.0
0.5979380011558533 0.571068286895752 0.0
0.6083946824073792 0.5740289092063904 0.0
0.6269163489341736 0.5796646475791931 0.0
0.6413135528564453 0.5838499069213867 0.0
0.6661605834960938 0.5921403765678406 0.0
0.9084530472755432 0.21657584607601166 0.0
0.8940594792366028 0.20448970794677734 0.0
0.5471031665802002 0.5519410967826843 0.0
0.5603207349777222 0.557075023651123 0.0
0.5832728743553162 0.5595943927764893 0.0
0.6201118230819702 0.572780430316925 0.0
0.6587067246437073 0.5852466225624084 0.0
0.680501401424408 0.5928614139556885 0.0
0.8926008939743042 0.20510219037532806 0.0
0.536428689956665 0.5439024567604065 0.0
0.5604866147041321 0.5502887964248657 0.0
0.695202648639679 0.5941892266273499 0.0
0.7128473520278931 0.5968919396400452 0.0
0.5527076721191406 0.5446196794509888 0.0
0.9086405634880066 0.2189292311668396 0.0
0.5339040160179138 0.5345789790153503 0.0
0.5465170741081238 0.537643551826477 0.0
0.7279884815216064 0.5946487784385681 0.0
0.9085429310798645 0.2205149382352829 0.0
0.7417908906936646 0.5947347283363342 0.0
0.9080718159675598 0.2220238894224167 0.0
0.5234451293945312 0.5219551920890808 0.0
0.5332270860671997 0.5268045663833618 0.0
0.5435147881507874 0.5302650928497314 0.0
0.7571620941162109 0.5975683927536011 0.0
0.8910750150680542 0.20525604486465454 0.0
0.8895968794822693 0.2049695998430252 0.0
0.8903259634971619 0.20617705583572388 0.0
0.7825318574905396 0.5949153304100037 0.0
0.8890434503555298 0.20585677027702332 0.0
0.5133893489837646 0.5165503025054932 0.0
0.5338717103004456 0.5198285579681396 0.0
0.8007586002349854 0.5985293388366699 0.0
0.9072964787483215 0.22353535890579224 0.0
0.494717538356781 0.5044510960578918 0.0
0.5249053239822388 0.5148289799690247 0.0
0.8145061731338501 0.596633791923523 0.0
0.8288462162017822 0.5991920828819275 0.0
0.8877085447311401 0.20615489780902863 0.0
0.5061472058296204 0.5047889351844788 0.0
0.5150821208953857 0.5097686052322388 0.0
0.8460679650306702 0.6015526652336121 0.0
0.9056216478347778 0.22398710250854492 0.0
0.49851393699645996 0.5 0.0
0.5167969465255737 0.5043001770973206 0.0
0.49023109674453735 0.4961385130882263 0.0
0.5112088322639465 0.5 0.0
0.8623124957084656 0.6021877527236938 0.0
0.8866983652114868 0.20712830126285553 0.0
0.5039311647415161 0.49586519598960876 0.0
0.8776967525482178 0.6027160882949829 0.0
0.8860552906990051 0.20790739357471466 0.0
0.8920156955718994 0.6030741333961487 0.0
0.4958845376968384 0.49198395013809204 0.0
0.5094302296638489 0.4916612505912781 0.0
0.9057490229606628 0.6025651097297668 0.0
0.9030024409294128 0.22400960326194763 0.0
0.886264443397522 0.2089208960533142 0.0
0.887336254119873 0.21156789362430573 0.0
0.8876341581344604 0.21009477972984314 0.0
0.5018709301948547 0.4871971607208252 0.0
0.9004901647567749 0.22435064613819122 0.0
0.8877008557319641 0.2131742388010025 0.0
0.5017862319946289 0.4828491508960724 0.0
0.9218131303787231 0.5938302278518677 0.0
0.8881173133850098 0.21480342745780945 0.0
0.888548731803894 0.216546431183815 0.0
0.4967171549797058 0.47962331771850586 0.0
0.5080061554908752 0.4800739884376526 0.0
0.9386030435562134 0.5973123908042908 0.0
0.8893356323242188 0.21861590445041656 0.0
0.49255311489105225 0.47640684247016907 0.0
0.9474629759788513 0.595745861530304 0.0
0.5042032599449158 0.4759955108165741 0.0
0.8952746391296387 0.22268417477607727 0.0
0.8931822776794434 0.22269387543201447 0.0
0.8922843933105469 0.22123993933200836 0.0
0.8909944295883179 0.22016502916812897 0.0
0.9607940316200256 0.5942797660827637 0.0
0.5048620700836182 0.471379816532135 0.0
0.517749011516571 0.4739173352718353 0.0
0.9645861387252808 0.5896123051643372 0.0
0.515570878982544 0.46924635767936707 0.0
0.5146550536155701 0.4658280611038208 0.0
0.5217669010162354 0.46368199586868286 0.0
0.9805971384048462 0.5862879157066345 0.0
0.9902249574661255 0.5884219408035278 0.0
0.5298393964767456 0.4615156650543213 0.0
1.0 0.5898963212966919 0.0
0.53256756067276 0.45722436904907227 0.0
0.982896089553833 0.40831512212753296 0.0
0.5395653247833252 0.45322462916374207 0.0
0.9660741090774536 0.4079454243183136 0.0
0.5482328534126282 0.44776085019111633 0.0
0.5514214634895325 0.4514218866825104 0.0
0.9484859108924866 0.40744999051094055 0.0
0.5559321641921997 0.44655725359916687 0.0
0.9245628118515015 0.4063250720500946 0.0
0.9144669771194458 0.4102831780910492 0.0
0.5829372406005859 0.4392027258872986 0.0
0.5792251229286194 0.4430830180644989 0.0
0.5924615859985352 0.43732407689094543 0.0
0.8984869122505188 0.4100914001464844 0.0
0.5995995998382568 0.4352768361568451 0.0
0.8872894644737244 0.40367186069488525 0.0
0.6052281260490417 0.4330042600631714 0.0
0.8745734095573425 0.40255364775657654 0.0
0.8605796694755554 0.4005414843559265 0.0
0.6277689337730408 0.4292171597480774 0.0
0.6351931691169739 0.4264971911907196 0.0
0.8509073257446289 0.3970165550708771 0.0
0.6455190181732178 0.425661563873291 0.0
0.8434581756591797 0.396338552236557 0.0
0.6535265445709229 0.42457324266433716 0.0
0.6616733074188232 0.42383480072021484 0.0
0.6731236577033997 0.4238530099391937 0.0
0.6815944314002991 0.42090147733688354 0.0
0.840638279914856 0.39379197359085083 0.0
0.7020262479782104 0.4208546280860901 0.0
0.8366044163703918 0.392901211977005 0.0
0.8361321687698364 0.391089528799057 0.0
0.8338510394096375 0.3901175856590271 0.0
0.717707633972168 0.41725867986679077 0.0
0.7292609810829163 0.4167463481426239 0.0
0.7412512898445129 0.41676685214042664 0.0
0.831602156162262 0.3894171118736267 0.0
0.8310191631317139 0.3879840672016144 0.0
0.8297621011734009 0.387588769197464 0.0
0.8290855288505554 0.38547980785369873 0.0
0.8291292190551758 0.3856619596481323 0.0
0.7629858255386353 0.4142153859138489 0.0
0.7739999890327454 0.411661833524704 0.0
0.7885864973068237 0.40792009234428406 0.0
0.7832719683647156 0.41125574707984924 0.0
0.7927701473236084 0.404348224401474 0.0
0.7995497584342957 0.4032561779022217 0.0
0.7967907190322876 0.40046465396881104 0.0
0.8016048669815063 0.40040814876556396 0.0
0.798319399356842 0.3960941433906555 0.0
0.7977292537689209 0.3941863179206848 0.0
0.7975820302963257 0.3924207389354706 0.0
0.7974126935005188 0.39133045077323914 0.0
0.7974840998649597 0.39059165120124817 0.0
0.7973212599754333 0.3900965452194214 0.0
0.7984498739242554 0.3902404010295868 0.0
0.7966582775115967 0.3895564377307892 0.0
0.7950229644775391 0.3888956606388092 0.0
0.8913658261299133 0.19617705047130585 0.0
0.891360878944397 0.1962173879146576 0.0
0.891167402267456 0.19606329500675201 0.0
0.8914770483970642 0.19619399309158325 0.0
0.8919158577919006 0.19632931053638458 0.0
0.8916876912117004 0.19627369940280914 0.0
0.8908885717391968 0.1959904581308365 0.0
0.8909576535224915 0.19627965986728668 0.0
0.8912233710289001 0.19628694653511047 0.0
0.8912073373794556 0.1964012235403061 0.0
0.8908909559249878 0.1960475891828537 0.0
0.8923211097717285 0.19645081460475922 0.0
0.8907131552696228 0.19607362151145935 0.0
0.892247200012207 0.19633956253528595 0.0
0.8912750482559204 0.1965254694223404 0.0
0.8909006714820862 0.19647978246212006 0.0
0.8910561203956604 0.1966385543346405 0.0
0.8927341103553772 0.19683369994163513 0.0
0.8929973840713501 0.19696711003780365 0.0
0.8906459212303162 0.1965634822845459 0.0
0.8933408260345459 0.19734790921211243 0.0
0.8901267051696777 0.1967906951904297 0.0
0.890302300453186 0.1967226266860962 0.0
0.8935559391975403 0.19813060760498047 0.0
0.8899449706077576 0.19687341153621674 0.0
0.8902050256729126 0.19706304371356964 0.0
0.8903040289878845 0.19738194346427917 0.0
0.8933736681938171 0.19879357516765594 0.0
0.8932803273200989 0.1984035223722458 0.0
0.8904626965522766 0.19773833453655243 0.0
0.8930473327636719 0.19899237155914307 0.0
0.8906115889549255 0.19813509285449982 0.0
0.8925815224647522 0.19912013411521912 0.0
0.8911935091018677 0.19834141433238983 0.0
0.9049254059791565 0.21173205971717834 0.0
0.9040279388427734 0.21066701412200928 0.0
0.5962206125259399 0.5616293549537659 0.0
0.608574628829956 0.5670729279518127 0.0
0.6350106596946716 0.5754521489143372 0.0
0.6720483303070068 0.5869890451431274 0.0
0.9083226919174194 0.2176392376422882 0.0
0.5737977027893066 0.5535120964050293 0.0
0.629747211933136 0.5690311193466187 0.0
0.6509630680084229 0.577783465385437 0.0
0.667391300201416 0.5801984071731567 0.0
0.6842275857925415 0.5842803716659546 0.0
0.5681855082511902 0.5445791482925415 0.0
0.5885452628135681 0.5539332628250122 0.0
0.620162844657898 0.564529538154602 0.0
0.609743595123291 0.558724582195282 0.0
0.6433063745498657 0.569198489189148 0.0
0.7022169232368469 0.5857875943183899 0.0
0.5817153453826904 0.5479598641395569 0.0
0.6001542210578918 0.5540260672569275 0.0
0.7166211009025574 0.5875369310379028 0.0
0.5579057335853577 0.5391789078712463 0.0
0.7290170788764954 0.5844769477844238 0.0
0.5548650026321411 0.5327356457710266 0.0
0.5675042271614075 0.5359833240509033 0.0
0.7475705742835999 0.5877093076705933 0.0
0.7650402188301086 0.5914553999900818 0.0
0.5413218140602112 0.5240009427070618 0.0
0.5507470369338989 0.5253025889396667 0.0
0.7733315825462341 0.5848487615585327 0.0
0.8909693360328674 0.20755811035633087 0.0
0.8893777132034302 0.20690467953681946 0.0
0.8898142576217651 0.2080966979265213 0.0
0.5345057249069214 0.5137223601341248 0.0
0.5443687438964844 0.5176268815994263 0.0
0.7910284996032715 0.5879925489425659 0.0
0.5277525186538696 0.5073599219322205 0.0
0.8055227398872375 0.5905179977416992 0.0
0.8191574811935425 0.5879456996917725 0.0
0.905188798904419 0.22266274690628052 0.0
0.8883541226387024 0.20756155252456665 0.0
0.8889964818954468 0.20859748125076294 0.0
0.5407254695892334 0.5093445181846619 0.0
0.8372937440872192 0.5910335183143616 0.0
0.9038764238357544 0.22324031591415405 0.0
0.5237442255020142 0.5 0.0
0.5377463102340698 0.5 0.0
0.8515600562095642 0.593984842300415 0.0
0.8875576257705688 0.2085261046886444 0.0
0.889058530330658 0.20963162183761597 0.0
0.5184176564216614 0.49564069509506226 0.0
0.8647047877311707 0.5920590758323669 0.0
0.5304639935493469 0.49703359603881836 0.0
0.8797863125801086 0.5954192280769348 0.0
0.8892867565155029 0.21075747907161713 0.0
0.8887102603912354 0.2113926112651825 0.0
0.5203035473823547 0.4915708601474762 0.0
0.529972493648529 0.49341756105422974 0.0
0.8899543285369873 0.5931271910667419 0.0
0.901471734046936 0.22352692484855652 0.0
0.5278494358062744 0.4893041253089905 0.0
0.8889546990394592 0.21252600848674774 0.0
0.889559805393219 0.21397249400615692 0.0
0.5160532593727112 0.4880030155181885 0.0
0.9037362933158875 0.5908074378967285 0.0
0.8897071480751038 0.21557365357875824 0.0
0.5119056105613708 0.48387497663497925 0.0
0.9073387980461121 0.5819794535636902 0.0
0.8990781903266907 0.22341381013393402 0.0
0.9002001285552979 0.22328951954841614 0.0
0.8902924060821533 0.21711517870426178 0.0
0.5251153707504272 0.4847201704978943 0.0
0.8973411321640015 0.2232688069343567 0.0
0.518522322177887 0.4808058738708496 0.0
0.8913776874542236 0.21866357326507568 0.0
0.5145113468170166 0.47767558693885803 0.0
0.528076708316803 0.4810389578342438 0.0
0.9365788102149963 0.5870590806007385 0.0
0.8938392400741577 0.22136621177196503 0.0
0.8926752209663391 0.2200677990913391 0.0
0.5240932703018188 0.4778369665145874 0.0
0.9475554823875427 0.5882948040962219 0.0
0.531562328338623 0.47499004006385803 0.0
0.9529126286506653 0.5835737586021423 0.0
0.5292933583259583 0.47031596302986145 0.0
0.970876157283783 0.58598393201828 0.0
0.5229464173316956 0.46701183915138245 0.0
0.5334646105766296 0.46544119715690613 0.0
0.9831873774528503 0.5829250812530518 0.0
0.5408639311790466 0.46113577485084534 0.0
0.5459105968475342 0.45659497380256653 0.0
1.0 0.5831571817398071 0.0
0.9833873510360718 0.41525253653526306 0.0
0.5560078024864197 0.455922394990921 0.0
0.563011646270752 0.4535588026046753 0.0
0.9676682353019714 0.41583001613616943 0.0
0.5638184547424316 0.44957658648490906 0.0
0.5656450390815735 0.4462597072124481 0.0
0.9492731690406799 0.41445043683052063 0.0
0.9377402663230896 0.4092293083667755 0.0
0.570547878742218 0.44407185912132263 0.0
0.9336690306663513 0.4140501320362091 0.0
0.5862389802932739 0.44219091534614563 0.0
0.5928880572319031 0.44136837124824524 0.0
0.603834867477417 0.43992021679878235 0.0
0.6085877418518066 0.4367094337940216 0.0
0.8842079639434814 0.4089197814464569 0.0
0.8699216842651367 0.4068935513496399 0.0
0.6166232824325562 0.435157835483551 0.0
0.6215052008628845 0.4318252503871918 0.0
0.6387506723403931 0.43075504899024963 0.0
0.6322828531265259 0.4332331717014313 0.0
0.8625523447990417 0.4098365008831024 0.0
0.8580594062805176 0.40507271885871887 0.0
0.6447476744651794 0.428727924823761 0.0
0.8504162430763245 0.4068179726600647 0.0
0.6559224128723145 0.42904067039489746 0.0
0.659834086894989 0.4263739287853241 0.0
0.8472196459770203 0.40113112330436707 0.0
0.6863636374473572 0.425845742225647 0.0
0.6943788528442383 0.4234282076358795 0.0
0.8418419361114502 0.40926411747932434 0.0
0.8393201231956482 0.40423864126205444 0.0
0.8388253450393677 0.398014634847641 0.0
0.715646505355835 0.42190974950790405 0.0
0.7281331419944763 0.42093124985694885 0.0
0.739456295967102 0.420450896024704 0.0
0.8364313840866089 0.3953360617160797 0.0
0.7470120787620544 0.42001596093177795 0.0
0.7549512982368469 0.418770432472229 0.0
0.8356805443763733 0.4003137946128845 0.0
0.8336154222488403 0.39187508821487427 0.0
0.8314692378044128 0.3909968435764313 0.0
0.8290396332740784 0.38766178488731384 0.0
0.8287522792816162 0.3889197111129761 0.0
0.829082727432251 0.3869914710521698 0.0
0.7771214842796326 0.41704151034355164 0.0
0.7832505106925964 0.4146308898925781 0.0
0.7925986051559448 0.41430795192718506 0.0
0.8290265202522278 0.38745009899139404 0.0
0.8289649486541748 0.38768184185028076 0.0
0.7994471192359924 0.4076263904571533 0.0
0.7987722158432007 0.4116104543209076 0.0
0.808963418006897 0.4070877134799957 0.0
0.8063939213752747 0.4029633104801178 0.0
0.8135659694671631 0.4040701985359192 0.0
0.808548629283905 0.4006820321083069 0.0
0.80311119556427 0.39792540669441223 0.0
0.8015053272247314 0.39586150646209717 0.0
0.8019302487373352 0.3937181532382965 0.0
0.8010294437408447 0.39257997274398804 0.0
0.8004062175750732 0.39111316204071045 0.0
0.7982746362686157 0.3901185393333435 0.0
0.7974445223808289 0.3898298442363739 0.0
0.7970520257949829 0.38969334959983826 0.0
0.8916881084442139 0.19642744958400726 0.0
0.8918374180793762 0.19641496241092682 0.0
0.8913682103157043 0.19622813165187836 0.0
0.8919716477394104 0.19647826254367828 0.0
0.8916735649108887 0.19632163643836975 0.0
0.891616940498352 0.19640587270259857 0.0
0.8913941979408264 0.1962188333272934 0.0
0.8913442492485046 0.19622649252414703 0.0
0.8913599848747253 0.19623404741287231 0.0
0.8912811279296875 0.19623270630836487 0.0
0.8910887241363525 0.1960625797510147 0.0
0.8910032510757446 0.19604256749153137 0.0
0.8921388387680054 0.1964491903781891 0.0
0.8915451765060425 0.1963144689798355 0.0
0.8913890719413757 0.19627819955348969 0.0
0.8913798928260803 0.19637221097946167 0.0
0.8911534547805786 0.19615595042705536 0.0
0.8910534381866455 0.19609126448631287 0.0
0.8928802609443665 0.1970154494047165 0.0
0.8930799961090088 0.1971454918384552 0.0
0.8908831477165222 0.19678691029548645 0.0
0.8930487036705017 0.19733905792236328 0.0
0.8905843496322632 0.19681090116500854 0.0
0.8903555274009705 0.19655096530914307 0.0
0.893225371837616 0.19753773510456085 0.0
0.8904111981391907 0.19695623219013214 0.0
0.8931501507759094 0.19777870178222656 0.0
0.8905348181724548 0.19724124670028687 0.0
0.8906927108764648 0.19754745066165924 0.0
0.8928446173667908 0.19850118458271027 0.0
0.8925869464874268 0.19869591295719147 0.0
0.8908929824829102 0.19788643717765808 0.0
0.8921065330505371 0.19857916235923767 0.0
0.8916832804679871 0.19864141941070557 0.0
0.9064329266548157 0.21370664238929749 0.0
0.9049279689788818 0.21274445950984955 0.0
0.9065963625907898 0.21537072956562042 0.0
0.9032609462738037 0.21161113679409027 0.0
0.9026832580566406 0.21038652956485748 0.0
0.9015291929244995 0.21072499454021454 0.0
0.8999364376068115 0.2100200206041336 0.0
0.9072707891464233 0.21680551767349243 0.0
0.9071051478385925 0.21784959733486176 0.0
0.6319528222084045 0.5629186630249023 0.0
0.6600092649459839 0.5721620321273804 0.0
0.5940409898757935 0.5475125312805176 0.0
0.622165858745575 0.5568049550056458 0.0
0.6425644755363464 0.5618118643760681 0.0
0.6539418697357178 0.5644059777259827 0.0
0.675774872303009 0.5743085145950317 0.0
0.691725492477417 0.5757678151130676 0.0
0.9069260358810425 0.2191430926322937 0.0
0.5825921297073364 0.5404513478279114 0.0
0.6105584502220154 0.5488280057907104 0.0
0.6348900198936462 0.5559585094451904 0.0
0.6674832105636597 0.5662997961044312 0.0
0.7095427513122559 0.576847493648529 0.0
0.9065976738929749 0.22050529718399048 0.0
0.893397867679596 0.20836304128170013 0.0
0.8932861685752869 0.2067786157131195 0.0
0.894580066204071 0.2079414278268814 0.0
0.5986447334289551 0.5400990843772888 0.0
0.7225815057754517 0.573923647403717 0.0
0.8922243118286133 0.20888543128967285 0.0
0.892293393611908 0.20760567486286163 0.0
0.5631224513053894 0.5275799632072449 0.0
0.578406810760498 0.5309260487556458 0.0
0.5884979367256165 0.5356716513633728 0.0
0.7379469871520996 0.5775616765022278 0.0
0.7555038332939148 0.5813847780227661 0.0
0.9061104655265808 0.2217840552330017 0.0
0.7465625405311584 0.5718073844909668 0.0
0.8909566402435303 0.20874111354351044 0.0
0.5569695830345154 0.519470751285553 0.0
0.5705794095993042 0.5207152962684631 0.0
0.5829657912254333 0.5244961977005005 0.0
0.7639808654785156 0.5749267935752869 0.0
0.551573634147644 0.5120155215263367 0.0
0.781921923160553 0.5777453184127808 0.0
0.8901834487915039 0.20925632119178772 0.0
0.5478047728538513 0.5055940747261047 0.0
0.561629593372345 0.5137499570846558 0.0
0.801059365272522 0.579973042011261 0.0
0.5578152537345886 0.5067616701126099 0.0
0.815270185470581 0.57679283618927 0.0
0.8298627138137817 0.579666018486023 0.0
0.5509321093559265 0.5 0.0
0.8475005626678467 0.5831038951873779 0.0
0.9024109244346619 0.2230439931154251 0.0
0.5423324704170227 0.49598342180252075 0.0
0.8903477787971497 0.21207977831363678 0.0
0.5562249422073364 0.4966178238391876 0.0
0.8736585974693298 0.5859056711196899 0.0
0.8900748491287231 0.2130657285451889 0.0
0.5405847430229187 0.49111226201057434 0.0
0.5501908659934998 0.4935620427131653 0.0
0.8831068277359009 0.5802881121635437 0.0
0.8946910500526428 0.579369843006134 0.0
0.890943706035614 0.2150433510541916 0.0
0.8909575939178467 0.21615584194660187 0.0
0.5356641411781311 0.4871568977832794 0.0
0.5516016483306885 0.49089154601097107 0.0
0.8994778990745544 0.2225092351436615 0.0
0.8981641530990601 0.2223038226366043 0.0
0.8920009136199951 0.21727074682712555 0.0
0.5468091368675232 0.48756682872772217 0.0
0.9220359325408936 0.5832862257957458 0.0
0.8966485261917114 0.22195710241794586 0.0
0.8931026458740234 0.21874362230300903 0.0
0.5387689471244812 0.483256995677948 0.0
0.8953043222427368 0.22138875722885132 0.0
0.894563615322113 0.22010082006454468 0.0
0.5349873900413513 0.4788362979888916 0.0
0.5478307008743286 0.47965940833091736 0.0
0.9360132813453674 0.5797292590141296 0.0
0.9409844875335693 0.5766220688819885 0.0
0.5411742329597473 0.47641053795814514 0.0
0.958234429359436 0.5794535875320435 0.0
0.5429044961929321 0.4726651906967163 0.0
0.5408909916877747 0.4686325490474701 0.0
0.9753910303115845 0.5765934586524963 0.0
0.5484994053840637 0.4652320444583893 0.0
0.9882166385650635 0.5811606049537659 0.0
0.5546027421951294 0.4604640603065491 0.0
0.5579694509506226 0.4639904201030731 0.0
0.5649170875549316 0.45774760842323303 0.0
0.9830775260925293 0.41979512572288513 0.0
0.5708985328674316 0.4519363343715668 0.0
0.5761381983757019 0.44799870252609253 0.0
0.580864667892456 0.45383813977241516 0.0
0.946953535079956 0.41930830478668213 0.0
0.5893378257751465 0.44538530707359314 0.0
0.9246290922164917 0.4175463914871216 0.0
0.9098395705223083 0.4176905155181885 0.0
0.8936882019042969 0.4144974648952484 0.0
0.8787617683410645 0.41369521617889404 0.0
0.626502275466919 0.43522971868515015 0.0
0.865903913974762 0.41491636633872986 0.0
0.6445024609565735 0.4350070059299469 0.0
0.6483988761901855 0.4316616356372833 0.0
0.8542588353157043 0.4112250804901123 0.0
0.8526094555854797 0.41529715061187744 0.0
0.6684051156044006 0.4279806315898895 0.0
0.6798651218414307 0.42808499932289124 0.0
0.6977035403251648 0.4275399446487427 0.0
0.7079544067382812 0.4258376955986023 0.0
0.7195094227790833 0.4260292947292328 0.0
0.7281452417373657 0.4249410331249237 0.0
0.7391964197158813 0.42428967356681824 0.0
0.7523792386054993 0.42386001348495483 0.0
0.7640774846076965 0.42322802543640137 0.0
0.7697823643684387 0.4202602803707123 0.0
0.8289884328842163 0.41334134340286255 0.0
0.8298956155776978 0.40905293822288513 0.0
0.8388124108314514 0.41303208470344543 0.0
0.8308659195899963 0.40540802478790283 0.0
0.7831910252571106 0.422436386346817 0.0
0.7889575362205505 0.4187842905521393 0.0
0.8196965456008911 0.4083840250968933 0.0
0.8175640106201172 0.4125030040740967 0.0
0.829929530620575 0.4020099937915802 0.0
0.8320903778076172 0.3972928822040558 0.0
0.8322256207466125 0.393632173538208 0.0
0.8297966122627258 0.3903508186340332 0.0
0.8298798203468323 0.38905367255210876 0.0
0.7992302775382996 0.419589102268219 0.0
0.8058091998100281 0.4166872501373291 0.0
0.807541012763977 0.41182827949523926 0.0
0.8220155835151672 0.4050530791282654 0.0
0.824199378490448 0.40277528762817383 0.0
0.8278670310974121 0.3990744948387146 0.0
0.8313806056976318 0.39529943466186523 0.0
0.8309282064437866 0.3922632038593292 0.0
0.8280156850814819 0.3893308639526367 0.0
0.8285154104232788 0.3885064125061035 0.0
0.8288455009460449 0.38794538378715515 0.0
0.8227645754814148 0.40018337965011597 0.0
0.8167067766189575 0.40127575397491455 0.0
0.8171468377113342 0.39876630902290344 0.0
0.8105587363243103 0.398171067237854 0.0
0.8054609298706055 0.39649698138237 0.0
0.8035078048706055 0.395113080739975 0.0
0.8005249500274658 0.391731858253479 0.0
0.7997718453407288 0.39058661460876465 0.0
0.7990539073944092 0.3903621435165405 0.0
0.7994123101234436 0.39047420024871826 0.0
0.891769289970398 0.19650112092494965 0.0
0.8917369842529297 0.1964624524116516 0.0
0.8918710350990295 0.19649957120418549 0.0
0.8916196823120117 0.19644199311733246 0.0
0.8916698098182678 0.19647756218910217 0.0
0.8915202617645264 0.19637496769428253 0.0
0.8921995759010315 0.1966649740934372 0.0
0.8920760750770569 0.19662673771381378 0.0
0.8920924663543701 0.19656775891780853 0.0
0.8919865489006042 0.19656388461589813 0.0
0.8916366100311279 0.19646358489990234 0.0
0.8916195034980774 0.19649764895439148 0.0
0.8915725946426392 0.19642189145088196 0.0
0.8913949131965637 0.19626085460186005 0.0
0.8914746642112732 0.1963358372449875 0.0
0.8913890719413757 0.19627180695533752 0.0
0.8912699222564697 0.19619472324848175 0.0
0.891419529914856 0.19630110263824463 0.0
0.8922695517539978 0.19675593078136444 0.0
0.8916158080101013 0.19645369052886963 0.0
0.8914011120796204 0.19628535211086273 0.0
0.8913739919662476 0.1962709277868271 0.0
0.8911100029945374 0.1961020529270172 0.0
0.8923615217208862 0.19673652946949005 0.0
0.8914735913276672 0.1964462399482727 0.0
0.8914626240730286 0.19659709930419922 0.0
0.8926903605461121 0.19700345396995544 0.0
0.8925193548202515 0.19684019684791565 0.0
0.8913236260414124 0.19672194123268127 0.0
0.8928770422935486 0.1971595734357834 0.0
0.8911612033843994 0.19683676958084106 0.0
0.8910727500915527 0.19700686633586884 0.0
0.8908463716506958 0.1969907581806183 0.0
0.892924964427948 0.19751086831092834 0.0
0.8907057642936707 0.19710348546504974 0.0
0.8908615708351135 0.19737617671489716 0.0
0.8931000828742981 0.1980581134557724 0.0
0.8928602933883667 0.19818830490112305 0.0
0.8910377621650696 0.19764697551727295 0.0
0.8923370242118835 0.19832268357276917 0.0
0.891282856464386 0.19792647659778595 0.0
0.8916322588920593 0.19822652637958527 0.0
0.9048627018928528 0.21396717429161072 0.0
0.9030104875564575 0.21279993653297424 0.0
0.9045777916908264 0.21506398916244507 0.0
0.9000164866447449 0.21140450239181519 0.0
0.9058619737625122 0.21669697761535645 0.0
0.9044064879417419 0.21605241298675537 0.0
0.905701756477356 0.2179923802614212 0.0
0.9045478701591492 0.21721792221069336 0.0
0.896011233329773 0.2090063989162445 0.0
0.6256045699119568 0.5502442121505737 0.0
0.6489045023918152 0.5561381578445435 0.0
0.6607454419136047 0.5600166320800781 0.0
0.6812602281570435 0.566956102848053 0.0
0.9051752686500549 0.21909116208553314 0.0
0.9047086834907532 0.21806642413139343 0.0
0.6102690696716309 0.5416412949562073 0.0
0.6715750098228455 0.5593485832214355 0.0
0.6953012943267822 0.5670598745346069 0.0
0.9049916863441467 0.22047413885593414 0.0
0.8935313820838928 0.20954518020153046 0.0
0.5938706994056702 0.5307148098945618 0.0
0.6216670870780945 0.5421320199966431 0.0
0.6378188729286194 0.5478724837303162 0.0
0.6845088601112366 0.5591611266136169 0.0
0.7096530795097351 0.5649201273918152 0.0
0.9039969444274902 0.2194458395242691 0.0
0.8930156826972961 0.21031741797924042 0.0
0.608984649181366 0.5355815291404724 0.0
0.7288051843643188 0.5666581988334656 0.0
0.9035133719444275 0.22043950855731964 0.0
0.9046932458877563 0.2214657962322235 0.0
0.592492401599884 0.5212475657463074 0.0
0.6071282029151917 0.5260053873062134 0.0
0.7407350540161133 0.5642666816711426 0.0
0.8915830850601196 0.20987758040428162 0.0
0.5804060101509094 0.5180911421775818 0.0
0.754536509513855 0.5655121207237244 0.0
0.9037033915519714 0.22183120250701904 0.0
0.5717437863349915 0.5099287629127502 0.0
0.5855799913406372 0.5132452249526978 0.0
0.772230863571167 0.567253053188324 0.0
0.902461051940918 0.2220854014158249 0.0
0.8906717896461487 0.21067087352275848 0.0
0.7886027693748474 0.5701331496238708 0.0
0.5634889006614685 0.5 0.0
0.5815518498420715 0.5060983300209045 0.0
0.8032734990119934 0.5666220784187317 0.0
0.8209910988807678 0.5686644315719604 0.0
0.891689658164978 0.21186134219169617 0.0
0.8919394016265869 0.21276791393756866 0.0
0.5743585228919983 0.5 0.0
0.837081253528595 0.5697365999221802 0.0
0.8601692914962769 0.5815730690956116 0.0
0.9011595249176025 0.22224490344524384 0.0
0.8914291262626648 0.21378232538700104 0.0
0.5700863599777222 0.49685388803482056 0.0
0.8513178825378418 0.5743162035942078 0.0
0.8635731339454651 0.5735801458358765 0.0
0.559991180896759 0.49328672885894775 0.0
0.9004614353179932 0.2227034866809845 0.0
0.8920202851295471 0.21598613262176514 0.0
0.8921346664428711 0.21506273746490479 0.0
0.893061637878418 0.21677425503730774 0.0
0.893478512763977 0.21770261228084564 0.0
0.5604562759399414 0.48907560110092163 0.0
0.5711261630058289 0.4927099049091339 0.0
0.8935601711273193 0.5712473392486572 0.0
0.9057141542434692 0.5719954967498779 0.0
0.8963067531585693 0.22080671787261963 0.0
0.5545617341995239 0.48412227630615234 0.0
0.9153540730476379 0.5722612738609314 0.0
0.9260598421096802 0.5764063000679016 0.0
0.5570381879806519 0.4810585081577301 0.0
0.5604255795478821 0.47813570499420166 0.0
0.9468783736228943 0.5733762383460999 0.0
0.5498372912406921 0.4759535789489746 0.0
0.5580610632896423 0.47291627526283264 0.0
0.9639514088630676 0.5750511288642883 0.0
0.5502558946609497 0.469397634267807 0.0
0.5610255599021912 0.4675717055797577 0.0
0.9810613393783569 0.573034942150116 0.0
0.9902277588844299 0.5748312473297119 0.0
0.5674310922622681 0.46286022663116455 0.0
0.5772022604942322 0.4589804708957672 0.0
1.0 0.5764789581298828 0.0
0.5712826251983643 0.4551255404949188 0.0
0.981106698513031 0.4252624809741974 0.0
0.9612029194831848 0.42168471217155457 0.0
0.5895845293998718 0.45038872957229614 0.0
0.9379570484161377 0.42155691981315613 0.0
0.5996695160865784 0.44869282841682434 0.0
0.6016125679016113 0.4445447027683258 0.0
0.9265950918197632 0.42395129799842834 0.0
0.6133638024330139 0.4441506862640381 0.0
0.6176310181617737 0.440213143825531 0.0
0.8957927823066711 0.4205886721611023 0.0
0.6273967623710632 0.43854784965515137 0.0
0.635529637336731 0.4370189607143402 0.0
0.8799017071723938 0.41912299394607544 0.0
0.8695535063743591 0.4201659858226776 0.0
0.6580698490142822 0.4346292316913605 0.0
0.6688624024391174 0.4326463043689728 0.0
0.8589245676994324 0.4208347201347351 0.0
0.6798923015594482 0.4316862225532532 0.0
0.6917837858200073 0.4306403398513794 0.0
0.8436518311500549 0.41870734095573425 0.0
0.7079691290855408 0.4315102696418762 0.0
0.7183504700660706 0.42929771542549133 0.0
0.7278889417648315 0.42850449681282043 0.0
0.7393261194229126 0.4285648763179779 0.0
0.7483690977096558 0.4273650348186493 0.0
0.7757087349891663 0.42544180154800415 0.0
0.828068733215332 0.41940808296203613 0.0
0.8149013519287109 0.4160785377025604 0.0
0.8170393109321594 0.4202483892440796 0.0
0.8278512358665466 0.39577051997184753 0.0
0.828493595123291 0.3944399058818817 0.0
0.8286633491516113 0.3931090533733368 0.0
0.8286776542663574 0.3916866183280945 0.0
0.8282802104949951 0.39014020562171936 0.0
0.8281736373901367 0.3890605568885803 0.0
0.8280118107795715 0.38929086923599243 0.0
0.8264354467391968 0.39706769585609436 0.0
0.8276548981666565 0.3896310031414032 0.0
0.827874481678009 0.389436811208725 0.0
0.8210784196853638 0.39736807346343994 0.0
0.8146207928657532 0.3969300091266632 0.0
0.8088546395301819 0.39584341645240784 0.0
0.8057260513305664 0.39453399181365967 0.0
0.8092940449714661 0.39459967613220215 0.0
0.8052268624305725 0.3935604989528656 0.0
0.8032343983650208 0.392612099647522 0.0
0.8033189177513123 0.39216378331184387 0.0
0.8039301633834839 0.3919176757335663 0.0
0.8017983436584473 0.3912128210067749 0.0
0.802933931350708 0.3914281725883484 0.0
0.8918942809104919 0.19655875861644745 0.0
0.8920552730560303 0.19665339589118958 0.0
0.8917967677116394 0.19655367732048035 0.0
0.8916031122207642 0.1964503973722458 0.0
0.8921427726745605 0.19671574234962463 0.0
0.892098605632782 0.19668368995189667 0.0
0.8915108442306519 0.19637466967105865 0.0
0.8914758563041687 0.196346253156662 0.0
0.8916210532188416 0.1964985877275467 0.0
0.8915275931358337 0.19639214873313904 0.0
0.892282247543335 0.19680987298488617 0.0
0.8916438221931458 0.19660942256450653 0.0
0.8915902972221375 0.19660398364067078 0.0
0.8923795223236084 0.1968386173248291 0.0
0.8925017714500427 0.19695280492305756 0.0
0.8915001153945923 0.19676150381565094 0.0
0.8914445042610168 0.19683432579040527 0.0
0.892715334892273 0.19715361297130585 0.0
0.891340970993042 0.19686338305473328 0.0
0.892788827419281 0.19730840623378754 0.0
0.8910242915153503 0.19722279906272888 0.0
0.892799437046051 0.19764621555805206 0.0
0.8911570310592651 0.1974828541278839 0.0
0.8928655385971069 0.19784553349018097 0.0
0.8928206562995911 0.1979924738407135 0.0
0.8926043510437012 0.19799572229385376 0.0
0.8912965059280396 0.19768834114074707 0.0
0.8925076127052307 0.19815103709697723 0.0
0.8915720582008362 0.19784198701381683 0.0
0.8919251561164856 0.19811050593852997 0.0
0.9032337665557861 0.21409441530704498 0.0
0.8994650840759277 0.2105516493320465 0.0
0.8990187048912048 0.2101650983095169 0.0
0.8985955715179443 0.20916451513767242 0.0
0.8981884121894836 0.209636390209198 0.0
0.902873694896698 0.21525587141513824 0.0
0.903165340423584 0.2165946662425995 0.0
0.9035611152648926 0.21808573603630066 0.0
0.6607867479324341 0.5533615350723267 0.0
0.6506295800209045 0.5491653680801392 0.0
0.6353337168693542 0.5385044813156128 0.0
0.6958955526351929 0.5596888065338135 0.0
0.9028196930885315 0.21909023821353912 0.0
0.6213939189910889 0.532658040523529 0.0
0.6464188694953918 0.5433627367019653 0.0
0.6579734086990356 0.5451132655143738 0.0
0.6735426187515259 0.5500838756561279 0.0
0.6897962689399719 0.5523380041122437 0.0
0.7020074129104614 0.5557287931442261 0.0
0.7164435386657715 0.5555222034454346 0.0
0.9019893407821655 0.21966183185577393 0.0
0.7316832542419434 0.5589081048965454 0.0
0.7437679171562195 0.5576295852661133 0.0
0.9023340344429016 0.2208889126777649 0.0
0.8924993276596069 0.2113080471754074 0.0
0.6018772721290588 0.5198559165000916 0.0
0.5972474813461304 0.5150309801101685 0.0
0.6203880310058594 0.5247709155082703 0.0
0.6114754676818848 0.5164462924003601 0.0
0.9011634588241577 0.22110620141029358 0.0
0.892866313457489 0.21251167356967926 0.0
0.5915043354034424 0.5081546902656555 0.0
0.7602723240852356 0.5558916926383972 0.0
0.7825800180435181 0.557837724685669 0.0
0.893239438533783 0.21370293200016022 0.0
0.5852081179618835 0.5 0.0
0.6017892360687256 0.5100722908973694 0.0
0.7984954118728638 0.5534990429878235 0.0
0.8130785226821899 0.5581828355789185 0.0
0.9000124931335449 0.22123563289642334 0.0
0.8931322693824768 0.21480466425418854 0.0
0.5982711911201477 0.5042271018028259 0.0
0.8255430459976196 0.5607622861862183 0.0
0.9000087380409241 0.22201843559741974 0.0
0.8932357430458069 0.21589960157871246 0.0
0.5799103379249573 0.4956147372722626 0.0
0.5955510139465332 0.5 0.0
0.8353024125099182 0.5576224327087402 0.0
0.848495602607727 0.565085232257843 0.0
0.8581114411354065 0.5628312230110168 0.0
0.8946593403816223 0.21719448268413544 0.0
0.5900158286094666 0.4961414337158203 0.0
0.8713796138763428 0.5675175786018372 0.0
0.8843552470207214 0.5721343159675598 0.0
0.8946508765220642 0.21864549815654755 0.0
0.5825777649879456 0.4923332929611206 0.0
0.897627055644989 0.22038491070270538 0.0
0.8975261449813843 0.22136290371418 0.0
0.8960891366004944 0.21963930130004883 0.0
0.5733833312988281 0.4891023337841034 0.0
0.5837033987045288 0.48893481492996216 0.0
0.5661205053329468 0.48605573177337646 0.0
0.9048005938529968 0.5628863573074341 0.0
0.5664293766021729 0.4824078679084778 0.0
0.5763587951660156 0.4857858121395111 0.0
0.9162548780441284 0.5654782056808472 0.0
0.9286305904388428 0.5692380666732788 0.0
0.5796871185302734 0.4824269413948059 0.0
0.9352136254310608 0.5653981566429138 0.0
0.5723073482513428 0.4794941544532776 0.0
0.9433481693267822 0.5657310485839844 0.0
0.9521613717079163 0.5699833035469055 0.0
0.5731801390647888 0.47552087903022766 0.0
0.9558619260787964 0.5654256939888 0.0
0.5697534084320068 0.47113198041915894 0.0
0.5817688703536987 0.4718948304653168 0.0
0.9713453054428101 0.5664663910865784 0.0
0.5751017928123474 0.46761754155158997 0.0
0.5810195803642273 0.463929682970047 0.0
0.980902910232544 0.5665591359138489 0.0
0.9913117289543152 0.5684382319450378 0.0
0.58650141954422 0.46149659156799316 0.0
0.588814914226532 0.4582340121269226 0.0
1.0 0.5682280659675598 0.0
0.5935907363891602 0.4546753168106079 0.0
0.9694432616233826 0.43072718381881714 0.0
0.5989605784416199 0.4521285891532898 0.0
0.9526264667510986 0.42559945583343506 0.0
0.9430769681930542 0.42948687076568604 0.0
0.6105681657791138 0.44797855615615845 0.0
0.9301843047142029 0.43188828229904175 0.0
0.9134843349456787 0.4256092309951782 0.0
0.6235672235488892 0.44424596428871155 0.0
0.6303806304931641 0.4424586594104767 0.0
0.6384516954421997 0.44066667556762695 0.0
0.6447030901908875 0.43878859281539917 0.0
0.65413898229599 0.4385085999965668 0.0
0.8905713558197021 0.42630234360694885 0.0
0.8728933930397034 0.42586007714271545 0.0
0.858164370059967 0.4253571629524231 0.0
0.6706684827804565 0.4368652403354645 0.0
0.6799062490463257 0.4356010854244232 0.0
0.6903231739997864 0.4348953366279602 0.0
0.700197160243988 0.43440479040145874 0.0
0.8438250422477722 0.42485567927360535 0.0
0.7195888757705688 0.43251848220825195 0.0
0.7273218631744385 0.43180322647094727 0.0
0.7351464629173279 0.4312342405319214 0.0
0.7521401047706604 0.43128353357315063 0.0
0.7589225172996521 0.4292193353176117 0.0
0.834863543510437 0.42488881945610046 0.0
0.826511800289154 0.4256598651409149 0.0
0.7670595049858093 0.4274817407131195 0.0
0.7891204953193665 0.42816469073295593 0.0
0.7978280782699585 0.4246615171432495 0.0
0.8109793066978455 0.4236156940460205 0.0
0.8097476959228516 0.42863982915878296 0.0
0.825739324092865 0.3948614299297333 0.0
0.8253815174102783 0.3938457667827606 0.0
0.8263453841209412 0.39272254705429077 0.0
0.8265109062194824 0.3919775187969208 0.0
0.8270070552825928 0.3911955952644348 0.0
0.8264673352241516 0.3907555341720581 0.0
0.8276510238647461 0.3898839056491852 0.0
0.8268497586250305 0.3903202414512634 0.0
0.827358603477478 0.38988518714904785 0.0
0.8275067210197449 0.3897581398487091 0.0
0.8235869407653809 0.3956964910030365 0.0
0.8233976364135742 0.39458486437797546 0.0
0.8198580145835876 0.39565810561180115 0.0
0.8168364763259888 0.39585816860198975 0.0
0.8130998611450195 0.3954450786113739 0.0
0.8090369701385498 0.3937382400035858 0.0
0.8058594465255737 0.3929593861103058 0.0
0.8053171634674072 0.39198338985443115 0.0
0.8045480847358704 0.39177998900413513 0.0
0.803141713142395 0.3914734721183777 0.0
0.8033488392829895 0.39151859283447266 0.0
0.8920143246650696 0.19667890667915344 0.0
0.8919118642807007 0.19660991430282593 0.0
0.8916949033737183 0.19652383029460907 0.0
0.8921111822128296 0.1967323273420334 0.0
0.891566276550293 0.19642408192157745 0.0
0.891578733921051 0.19643335044384003 0.0
0.8916253447532654 0.1964891254901886 0.0
0.8922407031059265 0.19683332741260529 0.0
0.8923220038414001 0.1968803107738495 0.0
0.8916530013084412 0.19673405587673187 0.0
0.8924010992050171 0.1969306915998459 0.0
0.8925747275352478 0.19708400964736938 0.0
0.8915702700614929 0.19689054787158966 0.0
0.8926140666007996 0.1972118616104126 0.0
0.8914591670036316 0.19694086909294128 0.0
0.8913107514381409 0.19700682163238525 0.0
0.89268559217453 0.19743332266807556 0.0
0.8914333581924438 0.19717061519622803 0.0
0.8912575840950012 0.1971863955259323 0.0
0.8927635550498962 0.19753120839595795 0.0
0.8913004994392395 0.1973801851272583 0.0
0.8926588892936707 0.19771544635295868 0.0
0.891413152217865 0.19757947325706482 0.0
0.8926519751548767 0.19785839319229126 0.0
0.8924362659454346 0.19783690571784973 0.0
0.8923676013946533 0.19794248044490814 0.0
0.8921312689781189 0.19796089828014374 0.0
0.8918340802192688 0.19783973693847656 0.0
0.8990303874015808 0.21050789952278137 0.0
0.8993898034095764 0.21079471707344055 0.0
0.8988739252090454 0.21045076847076416 0.0
0.9016298055648804 0.21409930288791656 0.0
0.9003639221191406 0.21290525794029236 0.0
0.8986976146697998 0.21195292472839355 0.0
0.901303231716156 0.21494126319885254 0.0
0.8998221755027771 0.21406836807727814 0.0
0.8982781171798706 0.21303288638591766 0.0
0.8972799777984619 0.21202705800533295 0.0
0.9015597701072693 0.2159813791513443 0.0
0.9004295468330383 0.2152237594127655 0.0
0.9020463824272156 0.21719449758529663 0.0
0.8991586565971375 0.2150597721338272 0.0
0.8980147242546082 0.21402154862880707 0.0
0.9022008776664734 0.21814920008182526 0.0
0.9008992314338684 0.21676073968410492 0.0
0.8975983262062073 0.2149776965379715 0.0
0.8967664837837219 0.21291787922382355 0.0
0.9016987681388855 0.21868635714054108 0.0
0.9010226726531982 0.2177581787109375 0.0
0.8964624404907227 0.21385255455970764 0.0
0.8951085209846497 0.21274712681770325 0.0
0.8956853747367859 0.21164824068546295 0.0
0.894027829170227 0.2115015983581543 0.0
0.6491159796714783 0.5363659262657166 0.0
0.6661548614501953 0.5383721590042114 0.0
0.683387041091919 0.5429527163505554 0.0
0.8961044549942017 0.21459700167179108 0.0
0.893696665763855 0.21226738393306732 0.0
0.6345413327217102 0.5289870500564575 0.0
0.6467269659042358 0.5288580656051636 0.0
0.7005882859230042 0.5467841029167175 0.0
0.9005257487297058 0.21875841915607452 0.0
0.8952999711036682 0.21372883021831512 0.0
0.8941482305526733 0.21319492161273956 0.0
0.6559423208236694 0.5315675735473633 0.0
0.7151063680648804 0.5460501909255981 0.0
0.7305938601493835 0.5499618053436279 0.0
0.9010143876075745 0.22001208364963531 0.0
0.8947849869728088 0.21422213315963745 0.0
0.8956441283226013 0.2153705656528473 0.0
0.6280854940414429 0.51957106590271 0.0
0.6412728428840637 0.5223602652549744 0.0
0.653095006942749 0.525077760219574 0.0
0.7457717657089233 0.5503033399581909 0.0
0.8998270034790039 0.22011412680149078 0.0
0.8942636847496033 0.21475814282894135 0.0
0.7538056969642639 0.5463822484016418 0.0
0.7678461670875549 0.5449354648590088 0.0
0.8959761261940002 0.21662753820419312 0.0
0.8976371884346008 0.21751202642917633 0.0
0.8963710069656372 0.21769830584526062 0.0
0.8970357775688171 0.21625381708145142 0.0
0.8944823145866394 0.21575826406478882 0.0
0.6108267903327942 0.5057950615882874 0.0
0.625778317451477 0.5094872713088989 0.0
0.6367382407188416 0.5152117609977722 0.0
0.8974418640136719 0.21860237419605255 0.0
0.7852118015289307 0.5455385446548462 0.0
0.8078835010528564 0.5491089224815369 0.0
0.8989557027816772 0.22054553031921387 0.0
0.8960818648338318 0.2185322344303131 0.0
0.6041936874389648 0.5 0.0
0.6127618551254272 0.5 0.0
0.6215075254440308 0.5 0.0
0.797605037689209 0.5432629585266113 0.0
0.8208274841308594 0.5502568483352661 0.0
0.8471239805221558 0.5549991726875305 0.0
0.898844838142395 0.22145545482635498 0.0
0.8983488082885742 0.21963492035865784 0.0
0.8971394896507263 0.21935567259788513 0.0
0.5990214347839355 0.49680060148239136 0.0
0.8338072896003723 0.5468130707740784 0.0
0.8620132207870483 0.5554686188697815 0.0
0.5967893004417419 0.4916174113750458 0.0
0.6075586080551147 0.4962525963783264 0.0
0.8789134621620178 0.5628660321235657 0.0
0.8895310759544373 0.5589678883552551 0.0
0.5894965529441833 0.4860982596874237 0.0
0.598480224609375 0.4876347780227661 0.0
0.9183253645896912 0.5583066344261169 0.0
0.5917043089866638 0.48199862241744995 0.0
0.926697313785553 0.5615870356559753 0.0
0.5829076766967773 0.47903069853782654 0.0
0.9462798237800598 0.5619465112686157 0.0
0.5880443453788757 0.4758516252040863 0.0
0.9596304297447205 0.5606528520584106 0.0
0.5896248817443848 0.4680888056755066 0.0
0.9724317789077759 0.5616282224655151 0.0
0.9754398465156555 0.559299647808075 0.0
0.5903224945068359 0.4642854630947113 0.0
0.9836783409118652 0.5615606904029846 0.0
0.5951406359672546 0.4618593752384186 0.0
0.9920434951782227 0.5619584918022156 0.0
0.6001691818237305 0.458502858877182 0.0
0.6042469143867493 0.45509013533592224 0.0
0.9877805709838867 0.4348369240760803 0.0
0.6086679100990295 0.451948881149292 0.0
0.9572399854660034 0.4319269359111786 0.0
0.6174748539924622 0.4507049322128296 0.0
0.6230211853981018 0.4479047954082489 0.0
0.9425234794616699 0.4347207546234131 0.0
0.6336066126823425 0.44626525044441223 0.0
0.9139441251754761 0.4327771067619324 0.0
0.6420478224754333 0.44433680176734924 0.0
0.6512047648429871 0.44223248958587646 0.0
0.9015055298805237 0.43410205841064453 0.0
0.6626389026641846 0.4415481388568878 0.0
0.8876534700393677 0.43218618631362915 0.0
0.6637559533119202 0.4385218024253845 0.0
0.8732308149337769 0.43156537413597107 0.0
0.679783284664154 0.43884193897247314 0.0
0.689213216304779 0.43871304392814636 0.0
0.7001123428344727 0.43810197710990906 0.0
0.7100368738174438 0.43657466769218445 0.0
0.8578553199768066 0.43183180689811707 0.0
0.7174482941627502 0.4349921941757202 0.0
0.7264977693557739 0.43527016043663025 0.0
0.7361834049224854 0.43472859263420105 0.0
0.7448832988739014 0.4333675801753998 0.0
0.762470543384552 0.43320754170417786 0.0
0.7706270813941956 0.43227553367614746 0.0
0.7800652980804443 0.4306691586971283 0.0
0.7939394116401672 0.4342005252838135 0.0
0.8029100894927979 0.4312018156051636 0.0
0.8208123445510864 0.4299453794956207 0.0
0.8155583739280701 0.43358731269836426 0.0
0.8416535258293152 0.42996975779533386 0.0
0.8255885243415833 0.3918316066265106 0.0
0.8271429538726807 0.3900695741176605 0.0
0.8272507190704346 0.38997742533683777 0.0
0.823779821395874 0.3931339383125305 0.0
0.824851930141449 0.3924049437046051 0.0
0.8254126310348511 0.391484797000885 0.0
0.8269965052604675 0.39019477367401123 0.0
0.8206321001052856 0.3947654366493225 0.0
0.8216975331306458 0.39388471841812134 0.0
0.8172642588615417 0.394897997379303 0.0
0.8152204155921936 0.3951539099216461 0.0
0.8134758472442627 0.39446988701820374 0.0
0.8116070628166199 0.39357635378837585 0.0
0.8082987666130066 0.39305615425109863 0.0
0.8057194352149963 0.3925366699695587 0.0
0.8069212436676025 0.39249855279922485 0.0
0.8067106008529663 0.39217957854270935 0.0
0.807102620601654 0.39224013686180115 0.0
0.8074942827224731 0.39230063557624817 0.0
0.8056290149688721 0.39197972416877747 0.0
0.8919048309326172 0.19665390253067017 0.0
0.8919861912727356 0.19671598076820374 0.0
0.8917854428291321 0.19659459590911865 0.0
0.8920693397521973 0.19676244258880615 0.0
0.8916787505149841 0.19652611017227173 0.0
0.8916138410568237 0.19646720588207245 0.0
0.8921584486961365 0.1967921406030655 0.0
0.8916909098625183 0.19656546413898468 0.0
0.8916779160499573 0.19658571481704712 0.0
0.8923463821411133 0.19695186614990234 0.0
0.892428457736969 0.19702571630477905 0.0
0.8924846649169922 0.19714614748954773 0.0
0.8915842771530151 0.19702059030532837 0.0
0.8914753794670105 0.1970605105161667 0.0
0.8926233649253845 0.1973162293434143 0.0
0.8914403319358826 0.19731396436691284 0.0
0.8926573991775513 0.19752688705921173 0.0
0.8915197849273682 0.1974690556526184 0.0
0.892629861831665 0.19760191440582275 0.0
0.8925031423568726 0.19772742688655853 0.0
0.8916587829589844 0.19764891266822815 0.0
0.8921916484832764 0.1977718323469162 0.0
0.8919062614440918 0.19769161939620972 0.0
0.8989806771278381 0.21057651937007904 0.0
0.8991437554359436 0.2110106199979782 0.0
0.8985909819602966 0.21043218672275543 0.0
0.9001197218894958 0.21598654985427856 0.0
0.8997869491577148 0.21696271002292633 0.0
0.898804247379303 0.2159348875284195 0.0
0.8992365002632141 0.21777530014514923 0.0
0.8983657956123352 0.21671897172927856 0.0
0.8977330923080444 0.21586376428604126 0.0
0.896831750869751 0.21541345119476318 0.0
0.6645488739013672 0.5291414260864258 0.0
0.677918553352356 0.5333200693130493 0.0
0.6925711631774902 0.5368631482124329 0.0
0.8990268111228943 0.21884439885616302 0.0
0.7070198059082031 0.5385197401046753 0.0
0.6500598192214966 0.5164699554443359 0.0
0.6611796021461487 0.5220192074775696 0.0
0.6733508706092834 0.5243178009986877 0.0
0.6875680088996887 0.5280928611755371 0.0
0.6996379494667053 0.5315909385681152 0.0
0.722410261631012 0.539612352848053 0.0
0.7402999997138977 0.5412061214447021 0.0
0.7129004597663879 0.5302879214286804 0.0
0.6405057907104492 0.5080950260162354 0.0
0.6661482453346252 0.5150418877601624 0.0
0.7295538187026978 0.5318612456321716 0.0
0.7454436421394348 0.5307976603507996 0.0
0.7539433836936951 0.5392926931381226 0.0
0.6330203413963318 0.5 0.0
0.6542386412620544 0.5075646042823792 0.0
0.7613764405250549 0.5332163572311401 0.0
0.776007354259491 0.535995602607727 0.0
0.7878206372261047 0.5374063849449158 0.0
0.6191669702529907 0.4964534640312195 0.0
0.62794029712677 0.4976406991481781 0.0
0.645679235458374 0.5 0.0
0.80924391746521 0.5405663251876831 0.0
0.6381139755249023 0.49647650122642517 0.0
0.7969924211502075 0.5334076881408691 0.0
0.8213951587677002 0.5399122834205627 0.0
0.8471676707267761 0.5450369715690613 0.0
0.8610264658927917 0.544762909412384 0.0
0.8731099963188171 0.5533174872398376 0.0
0.6126983165740967 0.49241140484809875 0.0
0.6284652948379517 0.4951273798942566 0.0
0.6073011159896851 0.4882882237434387 0.0
0.6232751607894897 0.49297815561294556 0.0
0.8966583013534546 0.5555588603019714 0.0
0.6220424175262451 0.4889207184314728 0.0
0.9028164744377136 0.5523139238357544 0.0
0.6007125973701477 0.48487427830696106 0.0
0.6134079694747925 0.4847395718097687 0.0
0.9241333603858948 0.5531622767448425 0.0
0.9369857311248779 0.558555543422699 0.0
0.604619026184082 0.48096537590026855 0.0
0.5937122702598572 0.47890275716781616 0.0
0.9490548968315125 0.5574259757995605 0.0
0.6020129323005676 0.4766795039176941 0.0
0.5953237414360046 0.47275251150131226 0.0
0.9652317762374878 0.5587942004203796 0.0
0.6062659621238708 0.4735948145389557 0.0
0.6045905947685242 0.4697677493095398 0.0
0.9685292840003967 0.5568910241127014 0.0
0.5991553664207458 0.4655909240245819 0.0
0.9773445725440979 0.5560953617095947 0.0
0.6060293316841125 0.46251893043518066 0.0
0.6137614250183105 0.4583762288093567 0.0
1.0 0.5614866018295288 0.0
0.6113689541816711 0.45490562915802 0.0
0.9806846380233765 0.4397019147872925 0.0
0.6193660497665405 0.4541933834552765 0.0
0.9667930006980896 0.4370678663253784 0.0
0.6259862184524536 0.45155760645866394 0.0
0.9544311761856079 0.43747735023498535 0.0
0.6366590857505798 0.4504527449607849 0.0
0.9287455677986145 0.43650394678115845 0.0
0.6528403759002686 0.44600269198417664 0.0
0.6459615230560303 0.4480385184288025 0.0
0.6638621687889099 0.44539228081703186 0.0
0.6696964502334595 0.44354844093322754 0.0
0.673071563243866 0.44107329845428467 0.0
0.685382068157196 0.44217151403427124 0.0
0.6790368556976318 0.44627392292022705 0.0
0.8862362504005432 0.4369688332080841 0.0
0.6988301873207092 0.44275709986686707 0.0
0.8750326037406921 0.43817129731178284 0.0
0.7223586440086365 0.43909671902656555 0.0
0.7349353432655334 0.43873143196105957 0.0
0.8512808680534363 0.43442848324775696 0.0
0.7472639083862305 0.438582181930542 0.0
0.7583972811698914 0.4365212917327881 0.0
0.8440120816230774 0.43657439947128296 0.0
0.8325109481811523 0.4317183792591095 0.0
0.771342396736145 0.436820387840271 0.0
0.7828434109687805 0.4360960125923157 0.0
0.8286150097846985 0.4361967444419861 0.0
0.8241001963615417 0.39209261536598206 0.0
0.8251559138298035 0.3912356495857239 0.0
0.8257303833961487 0.39092519879341125 0.0
0.8254061341285706 0.3911004066467285 0.0
0.8228021264076233 0.3927042782306671 0.0
0.8241056799888611 0.3917362689971924 0.0
0.82537442445755 0.39111754298210144 0.0
0.8253759145736694 0.391116738319397 0.0
0.8181887269020081 0.39410361647605896 0.0
0.8161364197731018 0.39433810114860535 0.0
0.8150995969772339 0.393861323595047 0.0
0.8080447912216187 0.392503559589386 0.0
0.8102838397026062 0.39295849204063416 0.0
0.8098851442337036 0.39267271757125854 0.0
0.8080242276191711 0.392404705286026 0.0
0.8078407049179077 0.39235416054725647 0.0
0.8081872463226318 0.39240771532058716 0.0
0.891851544380188 0.1966661661863327 0.0
0.891792893409729 0.196621373295784 0.0
0.8917421102523804 0.19657887518405914 0.0
0.8917301893234253 0.19658513367176056 0.0
0.8921278119087219 0.19682563841342926 0.0
0.8917362093925476 0.19663570821285248 0.0
0.8921882510185242 0.19685088098049164 0.0
0.8917264342308044 0.19670507311820984 0.0
0.8922543525695801 0.19691459834575653 0.0
0.8917468786239624 0.1968192160129547 0.0
0.892309844493866 0.19700507819652557 0.0
0.8916703462600708 0.1968921273946762 0.0
0.8916895985603333 0.1969781219959259 0.0
0.8917607069015503 0.19692052900791168 0.0
0.8925051689147949 0.1972602903842926 0.0
0.8917101621627808 0.19709759950637817 0.0
0.8915935754776001 0.19716519117355347 0.0
0.8925426006317139 0.19735950231552124 0.0
0.891545295715332 0.19727018475532532 0.0
0.8925532102584839 0.19744431972503662 0.0
0.8916062712669373 0.1973828375339508 0.0
0.8925400376319885 0.19751861691474915 0.0
0.8917156457901001 0.19751890003681183 0.0
0.8925108313560486 0.19760367274284363 0.0
0.8923229575157166 0.19768394529819489 0.0
0.8924129009246826 0.1976308822631836 0.0
0.6837754845619202 0.5181805491447449 0.0
0.6988836526870728 0.5241581201553345 0.0
0.7115808129310608 0.5212452411651611 0.0
0.7223780155181885 0.5252436399459839 0.0
0.6670121550559998 0.5062514543533325 0.0
0.6760059595108032 0.5107563734054565 0.0
0.6990857720375061 0.5155130624771118 0.0
0.7341077923774719 0.5242237448692322 0.0
0.6584371328353882 0.5 0.0
0.687183141708374 0.5093651413917542 0.0
0.7129948139190674 0.5135093927383423 0.0
0.7241957783699036 0.5187414884567261 0.0
0.7434431314468384 0.523292601108551 0.0
0.7543410062789917 0.522727906703949 0.0
0.7697417736053467 0.5260423421859741 0.0
0.783494770526886 0.5288718342781067 0.0
0.6774726510047913 0.505254328250885 0.0
0.7394160628318787 0.5159120559692383 0.0
0.8116151094436646 0.5278476476669312 0.0
0.832375168800354 0.5348436236381531 0.0
0.6515167951583862 0.4968603253364563 0.0
0.6468527317047119 0.4934045970439911 0.0
0.6618779897689819 0.4972928464412689 0.0
0.6714634895324707 0.5 0.0
0.7649518251419067 0.5178955793380737 0.0
0.7779178619384766 0.5180947184562683 0.0
0.7930262684822083 0.522653341293335 0.0
0.8483561277389526 0.5353898406028748 0.0
0.8747313618659973 0.5459700226783752 0.0
0.6341485381126404 0.4921005964279175 0.0
0.8881049156188965 0.5480130314826965 0.0
0.6584160327911377 0.4942919611930847 0.0
0.9099277257919312 0.5471778512001038 0.0
0.6362192630767822 0.48784345388412476 0.0
0.6441300511360168 0.4902518093585968 0.0
0.6272308826446533 0.4845917522907257 0.0
0.9320721626281738 0.5500866174697876 0.0
0.6188141107559204 0.4812951385974884 0.0
0.9409038424491882 0.5553807020187378 0.0
0.6125134825706482 0.47857704758644104 0.0
0.9515929818153381 0.5524263978004456 0.0
0.6140666604042053 0.47579190135002136 0.0
0.9591594934463501 0.5558496117591858 0.0
0.959613561630249 0.551663339138031 0.0
0.615535318851471 0.4724542498588562 0.0
0.9687883257865906 0.5525073409080505 0.0
0.6091426014900208 0.4662294089794159 0.0
0.6171084642410278 0.46863943338394165 0.0
0.9836094379425049 0.5559829473495483 0.0
0.6189313530921936 0.4639112949371338 0.0
0.9914588928222656 0.5550470948219299 0.0
0.6251478791236877 0.4603579044342041 0.0
0.625239372253418 0.4572933614253998 0.0
1.0 0.556308388710022 0.0
0.634327232837677 0.45889726281166077 0.0
0.6332694292068481 0.45470094680786133 0.0
0.9726901650428772 0.44591882824897766 0.0
0.6446928381919861 0.45367932319641113 0.0
0.6493103504180908 0.4513625204563141 0.0
0.9422221779823303 0.44023555517196655 0.0
0.6609638333320618 0.4499378204345703 0.0
0.9277628064155579 0.4409361481666565 0.0
0.6703890562057495 0.44826316833496094 0.0
0.9137386679649353 0.4402223527431488 0.0
0.8994243741035461 0.43903297185897827 0.0
0.6915190815925598 0.44554200768470764 0.0
0.7109724879264832 0.44106775522232056 0.0
0.7219973206520081 0.44400379061698914 0.0
0.7330678105354309 0.4428275525569916 0.0
0.7425283789634705 0.4419628977775574 0.0
0.8602027893066406 0.43930354714393616 0.0
0.7591638565063477 0.4412698745727539 0.0
0.7698884606361389 0.4413890540599823 0.0
0.7825790047645569 0.441307008266449 0.0
0.8101444244384766 0.4376892149448395 0.0
0.820136547088623 0.43738001585006714 0.0
0.8216304183006287 0.393226683139801 0.0
0.8237797021865845 0.39172855019569397 0.0
0.8244780898094177 0.3914772868156433 0.0
0.8248562812805176 0.3913424611091614 0.0
0.8249072432518005 0.3913242816925049 0.0
0.8207535147666931 0.39295750856399536 0.0
0.8218303322792053 0.3924640417098999 0.0
0.8192161917686462 0.39342308044433594 0.0
0.8169559240341187 0.39361637830734253 0.0
0.815309464931488 0.39344683289527893 0.0
0.8132146596908569 0.39336296916007996 0.0
0.8120088577270508 0.3929298520088196 0.0
0.8114601373672485 0.3927745521068573 0.0
0.8097882270812988 0.3926045596599579 0.0
0.808808445930481 0.3924840986728668 0.0
0.8919306397438049 0.19672353565692902 0.0
0.8920025825500488 0.1967804729938507 0.0
0.891875684261322 0.19675062596797943 0.0
0.8918139338493347 0.19666723906993866 0.0
0.8917658925056458 0.19661778211593628 0.0
0.8920690417289734 0.19684052467346191 0.0
0.891770601272583 0.19664527475833893 0.0
0.8921469449996948 0.19689705967903137 0.0
0.8918011784553528 0.19672036170959473 0.0
0.8917984962463379 0.19679397344589233 0.0
0.8923674821853638 0.19709591567516327 0.0
0.8922517895698547 0.19706103205680847 0.0
0.8924086093902588 0.197188138961792 0.0
0.891809344291687 0.19704008102416992 0.0
0.8924484848976135 0.19731737673282623 0.0
0.8917458653450012 0.19722460210323334 0.0
0.8916730880737305 0.19730255007743835 0.0
0.8924611806869507 0.19738192856311798 0.0
0.8924586176872253 0.1974395513534546 0.0
0.8917607069015503 0.197418212890625 0.0
0.8924314975738525 0.19749437272548676 0.0
0.8918774127960205 0.197527214884758 0.0
0.8920323848724365 0.1976102888584137 0.0
0.8921701908111572 0.197641059756279 0.0
0.7012236714363098 0.5065372586250305 0.0
0.7251760959625244 0.512298583984375 0.0
0.6866405606269836 0.5 0.0
0.7173986434936523 0.5066148042678833 0.0
0.7551653981208801 0.5131043195724487 0.0
0.8008591532707214 0.5144446492195129 0.0
0.8261980414390564 0.5226057767868042 0.0
0.8386205434799194 0.5275076031684875 0.0
0.8616494536399841 0.535126805305481 0.0
0.6692809462547302 0.4956726133823395 0.0
0.6795980930328369 0.49710869789123535 0.0
0.6972118020057678 0.5 0.0
0.7083830237388611 0.5 0.0
0.7320390343666077 0.5068694949150085 0.0
0.7462803721427917 0.5068307518959045 0.0
0.7671682834625244 0.5103272199630737 0.0
0.7790912985801697 0.5080090761184692 0.0
0.7883975505828857 0.5138466954231262 0.0
0.8138859868049622 0.5153746604919434 0.0
0.8488794565200806 0.5257580876350403 0.0
0.8751793503761292 0.5363221168518066 0.0
0.6655715107917786 0.49204033613204956 0.0
0.6922624111175537 0.496261864900589 0.0
0.7244627475738525 0.5 0.0
0.7579882144927979 0.5059065222740173 0.0
0.8883553743362427 0.539008378982544 0.0
0.8984249830245972 0.5407364964485168 0.0
0.6541942954063416 0.4908735156059265 0.0
0.677386462688446 0.49370357394218445 0.0
0.9130127429962158 0.5423070192337036 0.0
0.6483150720596313 0.48754748702049255 0.0
0.6404009461402893 0.484279602766037 0.0
0.6721023321151733 0.4896976351737976 0.0
0.9203203320503235 0.5415536761283875 0.0
0.6316372752189636 0.48106205463409424 0.0
0.6602475643157959 0.4882357120513916 0.0
0.9402952790260315 0.5493959188461304 0.0
0.9435384273529053 0.5460842251777649 0.0
0.6229174137115479 0.47819873690605164 0.0
0.6348292231559753 0.4776052236557007 0.0
0.9492634534835815 0.5460050702095032 0.0
0.6250267028808594 0.4749302864074707 0.0
0.9596611261367798 0.5458309054374695 0.0
0.9658289551734924 0.5466573238372803 0.0
0.6362825036048889 0.47389963269233704 0.0
0.6264525651931763 0.4713253974914551 0.0
0.9742621779441833 0.5502569675445557 0.0
0.6369530558586121 0.4701003134250641 0.0
0.6283898949623108 0.4674000144004822 0.0
0.6382154226303101 0.46673861145973206 0.0
0.9818002581596375 0.549939751625061 0.0
0.6334047913551331 0.463212788105011 0.0
0.6464572548866272 0.46431973576545715 0.0
0.9870112538337708 0.5484776496887207 0.0
0.6424784660339355 0.46079492568969727 0.0
0.9935367107391357 0.5502737760543823 0.0
0.6519350409507751 0.46060073375701904 0.0
0.6457633376121521 0.45730462670326233 0.0
0.9887343049049377 0.44645026326179504 0.0
0.654761016368866 0.45811301469802856 0.0
0.6574977040290833 0.4551295340061188 0.0
0.6696187853813171 0.45412561297416687 0.0
0.6772515177726746 0.4514921307563782 0.0
0.9399996399879456 0.4476586878299713 0.0
0.6874484419822693 0.45051661133766174 0.0
0.6916770935058594 0.44845256209373474 0.0
0.9258298277854919 0.4474632441997528 0.0
0.9106960296630859 0.44630876183509827 0.0
0.7020758986473083 0.4479842782020569 0.0
0.711447536945343 0.44556230306625366 0.0
0.712935745716095 0.4491555988788605 0.0
0.7213169932365417 0.44804495573043823 0.0
0.8929311633110046 0.44420623779296875 0.0
0.731961190700531 0.4471217691898346 0.0
0.7431896924972534 0.4459303319454193 0.0
0.752536952495575 0.44372862577438354 0.0
0.8515040278434753 0.44206497073173523 0.0
0.8766107559204102 0.4455057382583618 0.0
0.814599871635437 0.4442780911922455 0.0
0.7976138591766357 0.441066712141037 0.0
0.8256354928016663 0.4417210817337036 0.0
0.840006411075592 0.44175565242767334 0.0
0.822770357131958 0.39205873012542725 0.0
0.8240308165550232 0.3916349411010742 0.0
0.8228968381881714 0.3919348418712616 0.0
0.8237111568450928 0.3917357921600342 0.0
0.818900465965271 0.39302992820739746 0.0
0.8207842111587524 0.3924851715564728 0.0
0.8167930841445923 0.39326170086860657 0.0
0.8142947554588318 0.39312857389450073 0.0
0.8135251998901367 0.3929123878479004 0.0
0.8108171224594116 0.3927055895328522 0.0
0.8103381991386414 0.3926585614681244 0.0
0.8105774521827698 0.3926820755004883 0.0
0.8101603984832764 0.3926410973072052 0.0
0.8099746108055115 0.39262285828590393 0.0
0.8919516205787659 0.19679008424282074 0.0
0.8919378519058228 0.19683216512203217 0.0
0.8920605182647705 0.19691908359527588 0.0
0.8918710350990295 0.19682848453521729 0.0
0.8922064900398254 0.19697801768779755 0.0
0.8921299576759338 0.19695819914340973 0.0
0.8918269276618958 0.19687724113464355 0.0
0.8919047117233276 0.1969233751296997 0.0
0.8918582201004028 0.19696713984012604 0.0
0.8923206329345703 0.1971440464258194 0.0
0.8918982744216919 0.1970398724079132 0.0
0.8924173712730408 0.19725650548934937 0.0
0.8918308019638062 0.19716224074363708 0.0
0.8924015164375305 0.19734294712543488 0.0
0.891813337802887 0.19733966886997223 0.0
0.8923947215080261 0.19743089377880096 0.0
0.8918979167938232 0.19743762910366058 0.0
0.8921090960502625 0.19753913581371307 0.0
0.892223060131073 0.19758911430835724 0.0
0.8919828534126282 0.19751329720020294 0.0
0.8923131823539734 0.19756115972995758 0.0
0.8363624215126038 0.5185748934745789 0.0
0.8612146377563477 0.522856593132019 0.0
0.7071750164031982 0.4953690469264984 0.0
0.7182674407958984 0.4972572922706604 0.0
0.7389554381370544 0.5 0.0
0.7530449628829956 0.5 0.0
0.7674943208694458 0.5 0.0
0.7918383479118347 0.5063831210136414 0.0
0.807513952255249 0.5 0.0
0.8236079216003418 0.5111455917358398 0.0
0.8454478979110718 0.5143445134162903 0.0
0.8765237927436829 0.52671879529953 0.0
0.6841124296188354 0.49125033617019653 0.0
0.730790913105011 0.49692898988723755 0.0
0.7820166349411011 0.5 0.0
0.8888946771621704 0.5295050740242004 0.0
0.9017361402511597 0.5354039072990417 0.0
0.6966029405593872 0.49205878376960754 0.0
0.7458670139312744 0.497000128030777 0.0
0.7604432702064514 0.4974766969680786 0.0
0.7719742655754089 0.4979899823665619 0.0
0.7940049767494202 0.5 0.0
0.9084831476211548 0.5334500670433044 0.0
0.9293897747993469 0.5424694418907166 0.0
0.6530500054359436 0.4844253361225128 0.0
0.6665931344032288 0.48516085743904114 0.0
0.6776536107063293 0.4876466691493988 0.0
0.7072087526321411 0.49211767315864563 0.0
0.7195457816123962 0.4936677813529968 0.0
0.7362463474273682 0.4932795763015747 0.0
0.9356891512870789 0.5417696237564087 0.0
0.688339352607727 0.4875892400741577 0.0
0.700690507888794 0.48904216289520264 0.0
0.6443607807159424 0.4807952344417572 0.0
0.6774190664291382 0.4841700494289398 0.0
0.9411371946334839 0.5409573912620544 0.0
0.6569568514823914 0.48092201352119446 0.0
0.6684084534645081 0.4810119867324829 0.0
0.9533208012580872 0.5445812940597534 0.0
0.6480006575584412 0.4767756760120392 0.0
0.6610108017921448 0.47746148705482483 0.0
0.6467320322990417 0.47239190340042114 0.0
0.6556790471076965 0.4742859899997711 0.0
0.9677531123161316 0.543914258480072 0.0
0.6465771794319153 0.4685107171535492 0.0
0.6575281620025635 0.47056490182876587 0.0
0.9746992588043213 0.5458370447158813 0.0
0.6544982194900513 0.4668489992618561 0.0
0.6640928983688354 0.46718353033065796 0.0
0.6583420634269714 0.4637695252895355 0.0
0.6699099540710449 0.4641052186489105 0.0
0.9884848594665527 0.5435382127761841 0.0
0.6630411744117737 0.45993664860725403 0.0
1.0 0.5480684041976929 0.0
0.6778031587600708 0.46111035346984863 0.0
0.670050859451294 0.4573777914047241 0.0
0.9899752140045166 0.4509478211402893 0.0
0.6815099716186523 0.45686206221580505 0.0
0.987351655960083 0.4545260965824127 0.0
0.9742208123207092 0.4547422528266907 0.0
0.9567409157752991 0.44912010431289673 0.0
0.6908249855041504 0.4543370306491852 0.0
0.697841465473175 0.45171722769737244 0.0
0.9485612511634827 0.45388084650039673 0.0
0.9369354844093323 0.45323753356933594 0.0
0.7094635963439941 0.45216116309165955 0.0
0.7202535271644592 0.4516648054122925 0.0
0.7292237877845764 0.45048725605010986 0.0
0.9226827025413513 0.4550550580024719 0.0
0.7426838874816895 0.45148491859436035 0.0
0.9057731032371521 0.45086148381233215 0.0
0.7551520466804504 0.4485516846179962 0.0
0.8925530314445496 0.45216405391693115 0.0
0.7662826776504517 0.4461980164051056 0.0
0.7804242372512817 0.44620370864868164 0.0
0.7930802702903748 0.4461780786514282 0.0
0.8496872186660767 0.44586503505706787 0.0
0.8390224575996399 0.4472862482070923 0.0
0.8616412878036499 0.4462509751319885 0.0
0.8064674139022827 0.4475459158420563 0.0
0.8267109394073486 0.4469354450702667 0.0
0.8222317695617676 0.39209121465682983 0.0
0.8217779397964478 0.3921979069709778 0.0
0.8194013833999634 0.3927624821662903 0.0
0.8213232159614563 0.39230480790138245 0.0
0.8213232159614563 0.39230480790138245 0.0
0.8197857737541199 0.39261260628700256 0.0
0.8213232159614563 0.39230480790138245 0.0
0.8213232159614563 0.39230480790138245 0.0
0.8172829151153564 0.3929828405380249 0.0
0.8158954381942749 0.39309120178222656 0.0
0.8154153823852539 0.39296093583106995 0.0
0.8148212432861328 0.3929053544998169 0.0
0.8155654072761536 0.3928964138031006 0.0
0.8154973983764648 0.39289721846580505 0.0
0.8920043706893921 0.19686760008335114 0.0
0.8919516205787659 0.1968999207019806 0.0
0.8921424746513367 0.19702060520648956 0.0
0.8919848799705505 0.19696922600269318 0.0
0.8922359347343445 0.19712157547473907 0.0
0.8919399976730347 0.19700205326080322 0.0
0.8920257687568665 0.19703884422779083 0.0
0.8920656442642212 0.19711707532405853 0.0
0.8919740319252014 0.19707801938056946 0.0
0.892353892326355 0.19721639156341553 0.0
0.8922944068908691 0.19717542827129364 0.0
0.8920149207115173 0.19716502726078033 0.0
0.8919112682342529 0.19711710512638092 0.0
0.8923713564872742 0.19728833436965942 0.0
0.8919538259506226 0.19722478091716766 0.0
0.8919616341590881 0.19730311632156372 0.0
0.89187091588974 0.19727158546447754 0.0
0.8919504284858704 0.19736887514591217 0.0
0.8923832774162292 0.19738127291202545 0.0
0.8923606276512146 0.19744497537612915 0.0
0.8923130035400391 0.19743089377880096 0.0
0.8922152519226074 0.19749875366687775 0.0
0.892285168170929 0.19746989011764526 0.0
0.833666980266571 0.5089845657348633 0.0
0.8236294388771057 0.5 0.0
0.8383002877235413 0.5 0.0
0.8527665138244629 0.5084640383720398 0.0
0.8666472434997559 0.5124980807304382 0.0
0.8785755634307861 0.5195233225822449 0.0
0.8935692310333252 0.5261170864105225 0.0
0.7804017066955566 0.49687880277633667 0.0
0.7894676327705383 0.4980827867984772 0.0
0.799986720085144 0.49803656339645386 0.0
0.813315212726593 0.4981667101383209 0.0
0.9142941832542419 0.5333665609359741 0.0
0.9208008050918579 0.5354593992233276 0.0
0.9273080229759216 0.5361169576644897 0.0
0.7540656924247742 0.4940316379070282 0.0
0.768757164478302 0.4955487549304962 0.0
0.7120753526687622 0.4897708296775818 0.0
0.7240306735038757 0.4901805818080902 0.0
0.7440835237503052 0.4906232953071594 0.0
0.7782729268074036 0.4939855635166168 0.0
0.7912588119506836 0.49554598331451416 0.0
0.9330648183822632 0.535688579082489 0.0
0.6877142786979675 0.4826403558254242 0.0
0.6959020495414734 0.4857620298862457 0.0
0.7052831053733826 0.48638662695884705 0.0
0.7334259748458862 0.48974135518074036 0.0
0.754963219165802 0.49096786975860596 0.0
0.7657173275947571 0.49241647124290466 0.0
0.9464778900146484 0.5404196381568909 0.0
0.6774056553840637 0.4807088375091553 0.0
0.716091513633728 0.48682698607444763 0.0
0.7259835600852966 0.4874081313610077 0.0
0.7483907341957092 0.4879944324493408 0.0
0.9514803290367126 0.5394011735916138 0.0
0.6719983220100403 0.47758835554122925 0.0
0.6995114684104919 0.48304006457328796 0.0
0.7092590928077698 0.4839818775653839 0.0
0.7352668642997742 0.4867847263813019 0.0
0.9592731595039368 0.5407955646514893 0.0
0.6655803322792053 0.4741058647632599 0.0
0.6832965016365051 0.47811031341552734 0.0
0.6950483918190002 0.4792421758174896 0.0
0.9630163311958313 0.538705587387085 0.0
0.6704595685005188 0.4705493450164795 0.0
0.6777642965316772 0.4741339683532715 0.0
0.692078173160553 0.4746762216091156 0.0
0.9705250859260559 0.541092038154602 0.0
0.6741052865982056 0.46742814779281616 0.0
0.6843814253807068 0.4699922204017639 0.0
0.9793528914451599 0.5434736013412476 0.0
0.6818379759788513 0.46547654271125793 0.0
0.695854127407074 0.4668996334075928 0.0
0.6888121962547302 0.46342986822128296 0.0
0.6886910200119019 0.460650235414505 0.0
0.699496865272522 0.46284219622612 0.0
0.993637204170227 0.5400534272193909 0.0
1.0 0.5444390773773193 0.0
0.6953209638595581 0.45865607261657715 0.0
0.705739438533783 0.46028029918670654 0.0
0.704900324344635 0.4562150835990906 0.0
0.7159379124641418 0.4597574472427368 0.0
0.7184568643569946 0.4556255042552948 0.0
0.9788978695869446 0.4618370831012726 0.0
0.9619042873382568 0.4576467275619507 0.0
0.9878863096237183 0.4593904912471771 0.0
0.7302453517913818 0.45422184467315674 0.0
0.7412194609642029 0.45684918761253357 0.0
0.7515682578086853 0.4559345543384552 0.0
0.7589641213417053 0.4534296989440918 0.0
0.9077032804489136 0.45579349994659424 0.0
0.766765296459198 0.4509926438331604 0.0
0.7794843316078186 0.451599657535553 0.0
0.7916929721832275 0.4507769048213959 0.0
0.8744664192199707 0.4527219235897064 0.0
0.8010979294776917 0.4503687024116516 0.0
0.8125624060630798 0.4531206488609314 0.0
0.8219776153564453 0.45061391592025757 0.0
0.8332213163375854 0.4505651891231537 0.0
0.8428590297698975 0.4523465037345886 0.0
0.8551033139228821 0.45142003893852234 0.0
0.8193765878677368 0.3926587998867035 0.0
0.8213232159614563 0.39230480790138245 0.0
0.8184911608695984 0.3927671015262604 0.0
0.819048285484314 0.392695814371109 0.0
0.8191958069801331 0.3926791846752167 0.0
0.8191221952438354 0.39268749952316284 0.0
0.8169539570808411 0.3928792476654053 0.0
0.8176267743110657 0.3928205966949463 0.0
0.8185562491416931 0.3927460014820099 0.0
0.818693220615387 0.39273205399513245 0.0
0.8164186477661133 0.39287498593330383 0.0
0.8170949220657349 0.3928445279598236 0.0
0.8164135813713074 0.3928751051425934 0.0
0.8164186477661133 0.39287498593330383 0.0
0.8164186477661133 0.39287495613098145 0.0
0.8164160847663879 0.3928750455379486 0.0
0.8164186477661133 0.39287495613098145 0.0
0.8155321478843689 0.392896831035614 0.0
0.8154988884925842 0.39289721846580505 0.0
0.8920050859451294 0.1969015896320343 0.0
0.8920880556106567 0.1969722956418991 0.0
0.8920431733131409 0.1969461441040039 0.0
0.8920111656188965 0.19694456458091736 0.0
0.8920773267745972 0.19700144231319427 0.0
0.8921135663986206 0.1970711201429367 0.0
0.8922544717788696 0.19715842604637146 0.0
0.8921993374824524 0.1971154361963272 0.0
0.8921493291854858 0.19704781472682953 0.0
0.8922319412231445 0.19719694554805756 0.0
0.8921557664871216 0.19715726375579834 0.0
0.8921129107475281 0.19719833135604858 0.0
0.8921979069709778 0.19723932445049286 0.0
0.8920844793319702 0.1972605586051941 0.0
0.8923438787460327 0.1973390281200409 0.0
0.8920204639434814 0.1972932517528534 0.0
0.8920381665229797 0.19734729826450348 0.0
0.8923263549804688 0.19742922484874725 0.0
0.8922405242919922 0.19745215773582458 0.0
0.8922020196914673 0.19741307199001312 0.0
0.8854126334190369 0.5189922451972961 0.0
0.8996051549911499 0.5277724862098694 0.0
0.8251705169677734 0.49850529432296753 0.0
0.8480799794197083 0.5 0.0
0.9017627835273743 0.5245912075042725 0.0
0.9084411859512329 0.5281718373298645 0.0
0.9131744503974915 0.5276841521263123 0.0
0.9204893112182617 0.5309164524078369 0.0
0.8057195544242859 0.4958174526691437 0.0
0.8194079995155334 0.4965795874595642 0.0
0.9390639066696167 0.5356685519218445 0.0
0.7867255210876465 0.49261796474456787 0.0
0.7981257438659668 0.49313390254974365 0.0
0.9442927837371826 0.5359495878219604 0.0
0.7606537342071533 0.4888843894004822 0.0
0.7753221392631531 0.4902454614639282 0.0
0.7203076481819153 0.483463853597641 0.0
0.7416470646858215 0.48492541909217834 0.0
0.7518618702888489 0.48488596081733704 0.0
0.7896676659584045 0.4897325038909912 0.0
0.9522413015365601 0.5360118746757507 0.0
0.706733226776123 0.48079684376716614 0.0
0.7314496040344238 0.4826730489730835 0.0
0.7660111784934998 0.4858855903148651 0.0
0.778083860874176 0.4873923063278198 0.0
0.9559504389762878 0.5354474782943726 0.0
0.7037930488586426 0.4770283102989197 0.0
0.715397298336029 0.47913309931755066 0.0
0.7403703331947327 0.4817962348461151 0.0
0.7274640202522278 0.4782235324382782 0.0
0.7488621473312378 0.4814348518848419 0.0
0.756946325302124 0.4827697277069092 0.0
0.703289806842804 0.473972350358963 0.0
0.7131292819976807 0.4755568206310272 0.0
0.7418650388717651 0.47848716378211975 0.0
0.9659783244132996 0.5364681482315063 0.0
0.6988934278488159 0.47110092639923096 0.0
0.9727770090103149 0.5374324321746826 0.0
0.7100621461868286 0.47229889035224915 0.0
0.721262514591217 0.4736092686653137 0.0
0.7353978753089905 0.47431692481040955 0.0
0.7081207036972046 0.4692646265029907 0.0
0.7167260646820068 0.4708493947982788 0.0
0.7263765931129456 0.47077155113220215 0.0
0.9799637198448181 0.5375215411186218 0.0
0.7180330157279968 0.46836379170417786 0.0
0.7088713049888611 0.46612033247947693 0.0
0.7289367914199829 0.46709612011909485 0.0
0.9859503507614136 0.5370661616325378 0.0
0.7185604572296143 0.465714693069458 0.0
0.7122456431388855 0.4631365239620209 0.0
0.7237342000007629 0.4632328450679779 0.0
0.7357581257820129 0.4636788070201874 0.0
1.0 0.5399271249771118 0.0
0.7296862006187439 0.45922061800956726 0.0
0.7415004968643188 0.46077826619148254 0.0
0.7514042854309082 0.459918737411499 0.0
0.7639626264572144 0.4589277505874634 0.0
0.9456071853637695 0.4608679413795471 0.0
0.7744848728179932 0.45591914653778076 0.0
0.9300575256347656 0.4627894163131714 0.0
0.7941864728927612 0.45621979236602783 0.0
0.784265398979187 0.45582637190818787 0.0
0.9157974720001221 0.4611833691596985 0.0
0.9007263779640198 0.4589846134185791 0.0
0.8879795074462891 0.45677900314331055 0.0
0.8670403957366943 0.4584571123123169 0.0
0.8803620338439941 0.45852115750312805 0.0
0.8039059638977051 0.4547068774700165 0.0
0.8258867859840393 0.4566067159175873 0.0
0.8366721868515015 0.4554131031036377 0.0
0.8182634115219116 0.3927695155143738 0.0
0.8184098601341248 0.39275774359703064 0.0
0.8186373114585876 0.3927377462387085 0.0
0.8186368346214294 0.3927377760410309 0.0
0.818596601486206 0.3927418887615204 0.0
0.8164899349212646 0.39287176728248596 0.0
0.8173137307167053 0.39283469319343567 0.0
0.817204475402832 0.39283961057662964 0.0
0.8164686560630798 0.39287272095680237 0.0
0.8920365571975708 0.19692599773406982 0.0
0.8921169638633728 0.19701159000396729 0.0
0.8921235799789429 0.19702410697937012 0.0
0.8922946453094482 0.1972295641899109 0.0
0.8922683000564575 0.19726289808750153 0.0
0.8923249840736389 0.19729094207286835 0.0
0.8922843933105469 0.1973067820072174 0.0
0.8923108577728271 0.1973363161087036 0.0
0.8922447562217712 0.19729238748550415 0.0
0.892186164855957 0.1972949355840683 0.0
0.8921397924423218 0.19732117652893066 0.0
0.8920837640762329 0.19732160866260529 0.0
0.892345130443573 0.19736865162849426 0.0
0.8923028111457825 0.19736677408218384 0.0
0.8921483159065247 0.19737453758716583 0.0
0.8923391103744507 0.19739893078804016 0.0
0.8922984004020691 0.19742994010448456 0.0
0.8922570943832397 0.19742347300052643 0.0
0.8758751749992371 0.5100336670875549 0.0
0.8929979801177979 0.5193696022033691 0.0
0.8450441956520081 0.4987350106239319 0.0
0.8556691408157349 0.5 0.0
0.8656442165374756 0.5 0.0
0.8839349150657654 0.51059889793396 0.0
0.9042646288871765 0.5214174389839172 0.0
0.8322358131408691 0.4977773427963257 0.0
0.9164736866950989 0.5247143507003784 0.0
0.9248170256614685 0.5300654768943787 0.0
0.9309164881706238 0.5295526385307312 0.0
0.8385215401649475 0.4970576763153076 0.0
0.8284879922866821 0.49570897221565247 0.0
0.9386627078056335 0.5314605832099915 0.0
0.8134769797325134 0.4935300648212433 0.0
0.9454780220985413 0.5329362750053406 0.0
0.9495808482170105 0.5320470333099365 0.0
0.8018357157707214 0.4912576377391815 0.0
0.9533218145370483 0.5314181447029114 0.0
0.7991885542869568 0.4892154335975647 0.0
0.8085190057754517 0.4903167486190796 0.0
0.774361789226532 0.48430874943733215 0.0
0.7838109135627747 0.48647254705429077 0.0
0.7924527525901794 0.4868713915348053 0.0
0.959557831287384 0.5342852473258972 0.0
0.7642823457717896 0.4824056327342987 0.0
0.7547873258590698 0.4794865846633911 0.0
0.7833391427993774 0.4838029742240906 0.0
0.9625881314277649 0.5331063270568848 0.0
0.746952474117279 0.4761772155761719 0.0
0.7701533436775208 0.4800070822238922 0.0
0.9674364924430847 0.5334194898605347 0.0
0.7573633790016174 0.4761561155319214 0.0
0.7478790879249573 0.47310540080070496 0.0
0.7383520603179932 0.4702627658843994 0.0
0.7670935392379761 0.47604355216026306 0.0
0.9729750156402588 0.5322553515434265 0.0
0.759824812412262 0.4730401039123535 0.0
0.7407528162002563 0.4669829308986664 0.0
0.7514272332191467 0.46926257014274597 0.0
0.9801145195960999 0.5318390130996704 0.0
0.7650984525680542 0.47035568952560425 0.0
0.7489086985588074 0.4643997550010681 0.0
0.7596272826194763 0.4669177830219269 0.0
0.9945143461227417 0.5349589586257935 0.0
0.9879247546195984 0.5331041216850281 0.0
1.0 0.5342556834220886 0.0
0.761171281337738 0.46340981125831604 0.0
0.7713524699211121 0.46747252345085144 0.0
0.7715543508529663 0.4635026454925537 0.0
0.9840735197067261 0.46854573488235474 0.0
0.7792862057685852 0.4617658853530884 0.0
0.9665490984916687 0.46510452032089233 0.0
0.9561513066291809 0.469618558883667 0.0
0.7901498675346375 0.4602748453617096 0.0
0.8078088164329529 0.45927196741104126 0.0
0.8042856454849243 0.46200039982795715 0.0
0.92506343126297 0.46751073002815247 0.0
0.8185796737670898 0.45920413732528687 0.0
0.8811315298080444 0.46350789070129395 0.0
0.8921233415603638 0.46194449067115784 0.0
0.8510063290596008 0.4567403793334961 0.0
0.8921248316764832 0.19701939821243286 0.0
0.8922553062438965 0.19734059274196625 0.0
0.8922761082649231 0.19739019870758057 0.0
0.8921924233436584 0.19734370708465576 0.0
0.8923153877258301 0.19739696383476257 0.0
0.892221212387085 0.19738462567329407 0.0
0.8922116160392761 0.1973988562822342 0.0
0.8755292892456055 0.5 0.0
0.8907444477081299 0.5112683773040771 0.0
0.8973687291145325 0.5174432992935181 0.0
0.9078505635261536 0.5191779136657715 0.0
0.8467295169830322 0.49753594398498535 0.0
0.855362057685852 0.4987553358078003 0.0
0.9211017489433289 0.5231596231460571 0.0
0.8412507772445679 0.49557703733444214 0.0
0.8271713256835938 0.49384406208992004 0.0
0.8202914595603943 0.49153319001197815 0.0
0.8026461005210876 0.4875541031360626 0.0
0.8143321871757507 0.4884202480316162 0.0
0.9572383165359497 0.5303804874420166 0.0
0.8059717416763306 0.48584219813346863 0.0
0.7948895692825317 0.4840907156467438 0.0
0.7836140394210815 0.4810546338558197 0.0
0.777865469455719 0.4776982069015503 0.0
0.7917876243591309 0.47991663217544556 0.0
0.8039517998695374 0.48316019773483276 0.0
0.7716233730316162 0.47402527928352356 0.0
0.777114748954773 0.47184693813323975 0.0
0.7836017608642578 0.4757048785686493 0.0
0.7950291037559509 0.47718164324760437 0.0
0.7884804606437683 0.4735634922981262 0.0
0.7825793027877808 0.47010788321495056 0.0
0.7936274409294128 0.4710843563079834 0.0
0.9913606643676758 0.5277929902076721 0.0
0.782101035118103 0.46664127707481384 0.0
0.7941038608551025 0.4663322865962982 0.0
1.0 0.5272984504699707 0.0
0.972888171672821 0.472303181886673 0.0
0.9874190092086792 0.4743032157421112 0.0
0.8016884326934814 0.4648258090019226 0.0
0.9402933120727539 0.46827223896980286 0.0
0.9082790613174438 0.4660513401031494 0.0
0.8308171629905701 0.4611760377883911 0.0
0.8364458084106445 0.4599146246910095 0.0
0.8584191799163818 0.4616418480873108 0.0
0.847072422504425 0.46100324392318726 0.0
0.8698328733444214 0.4651055932044983 0.0
0.8958640098571777 0.46878674626350403 0.0
0.8842137455940247 0.5051676630973816 0.0
0.8976990580558777 0.5115801095962524 0.0
0.8643614649772644 0.4987679123878479 0.0
0.9116300344467163 0.5170657634735107 0.0
0.9269136190414429 0.524015486240387 0.0
0.9328675866127014 0.5264553427696228 0.0
0.8539566993713379 0.4974953830242157 0.0
0.9387804269790649 0.5280896425247192 0.0
0.9435259103775024 0.5285446047782898 0.0
0.8332118988037109 0.4928591847419739 0.0
0.841305673122406 0.494170606136322 0.0
0.9474233984947205 0.5284124612808228 0.0
0.9509981870651245 0.528030276298523 0.0
0.9537195563316345 0.5272877216339111 0.0
0.8138889074325562 0.48559027910232544 0.0
0.9626197218894958 0.5304207801818848 0.0
0.9670265913009644 0.5301621556282043 0.0
0.96292644739151 0.5273650288581848 0.0
0.8036509156227112 0.48025208711624146 0.0
0.8134260177612305 0.4829162359237671 0.0
0.9686782360076904 0.527218222618103 0.0
0.9742971062660217 0.5286045670509338 0.0
0.8039961457252502 0.47799721360206604 0.0
0.7989400029182434 0.4752122461795807 0.0
0.8087106347084045 0.4768223762512207 0.0
0.9773070216178894 0.527296245098114 0.0
0.8038991689682007 0.4739907681941986 0.0
0.9827130436897278 0.5277856588363647 0.0
0.8051170110702515 0.4713157117366791 0.0
0.8066935539245605 0.4685041308403015 0.0
0.8185832500457764 0.4726666808128357 0.0
0.9947320818901062 0.5228019952774048 0.0
0.8130384683609009 0.4672561585903168 0.0
1.0 0.521325409412384 0.0
0.9621177315711975 0.47709596157073975 0.0
0.981199324131012 0.4802665114402771 0.0
0.8192130327224731 0.46462810039520264 0.0
0.9485345482826233 0.4742092192173004 0.0
0.9354825019836426 0.4738837480545044 0.0
0.8310896158218384 0.46486884355545044 0.0
0.842519998550415 0.46495628356933594 0.0
0.920866847038269 0.47250300645828247 0.0
0.8579722046852112 0.46687060594558716 0.0
0.8829833269119263 0.4694824814796448 0.0
0.9093688726425171 0.47203513979911804 0.0
0.8890377283096313 0.5052838325500488 0.0
0.9043383598327637 0.512610137462616 0.0
0.8726103901863098 0.49874818325042725 0.0
0.882362425327301 0.5 0.0
0.8907370567321777 0.5 0.0
0.8991266489028931 0.5064874887466431 0.0
0.9156839847564697 0.5166759490966797 0.0
0.9217926263809204 0.5195722579956055 0.0
0.9279859066009521 0.5215020775794983 0.0
0.9340117573738098 0.5244829654693604 0.0
0.8619953393936157 0.4976048469543457 0.0
0.9379867911338806 0.5250686407089233 0.0
0.8533157110214233 0.49644768238067627 0.0
0.9420175552368164 0.5254426002502441 0.0
0.8490874767303467 0.4949817657470703 0.0
0.9456565976142883 0.5254228711128235 0.0
0.8421747088432312 0.4932425916194916 0.0
0.8262938261032104 0.49019595980644226 0.0
0.9493753910064697 0.5252974033355713 0.0
0.836061418056488 0.4913026988506317 0.0
0.8235694169998169 0.4876616895198822 0.0
0.8315630555152893 0.4893231987953186 0.0
0.9579863548278809 0.5275243520736694 0.0
0.9533395767211914 0.5250725150108337 0.0
0.8227200508117676 0.4852677881717682 0.0
0.833418607711792 0.48745542764663696 0.0
0.8138859868049622 0.4800369441509247 0.0
0.8229764103889465 0.4829762876033783 0.0
0.9727616906166077 0.5253016948699951 0.0
0.8186954259872437 0.4780813455581665 0.0
0.8260629773139954 0.4809839725494385 0.0
0.8128471970558167 0.4749884009361267 0.0
0.9774430990219116 0.5242141485214233 0.0
0.8215792775154114 0.47635915875434875 0.0
0.9831787943840027 0.5237873792648315 0.0
0.9872302412986755 0.5199226140975952 0.0
0.828004777431488 0.4765196442604065 0.0
0.8325850963592529 0.4751773476600647 0.0
0.8264704942703247 0.4705279469490051 0.0
0.9945300221443176 0.5180066227912903 0.0
1.0 0.5136582255363464 0.0
0.8323156237602234 0.468888521194458 0.0
0.8423625230789185 0.46982628107070923 0.0
0.9474905729293823 0.48215582966804504 0.0
0.9661423563957214 0.4842643439769745 0.0
0.9799669981002808 0.49047067761421204 0.0
0.8521504402160645 0.4702085852622986 0.0
0.9298943281173706 0.4788476228713989 0.0
0.8727103471755981 0.4711640179157257 0.0
0.8933548331260681 0.47351381182670593 0.0
0.9051585793495178 0.47634357213974 0.0
0.917524516582489 0.4773271381855011 0.0
0.881679117679596 0.49917957186698914 0.0
0.9056919813156128 0.5094785690307617 0.0
0.9111053943634033 0.5136198401451111 0.0
0.911688506603241 0.5114967226982117 0.0
0.9173575043678284 0.5153787136077881 0.0
0.9324639439582825 0.5215325355529785 0.0
0.9372045993804932 0.5227373838424683 0.0
0.8593502640724182 0.49644967913627625 0.0
0.8671241402626038 0.4975569248199463 0.0
0.9404347538948059 0.5228623151779175 0.0
0.8492403626441956 0.49387744069099426 0.0
0.9578887224197388 0.5244295001029968 0.0
0.8294671177864075 0.4850277602672577 0.0
0.9632009863853455 0.5243516564369202 0.0
0.8325457572937012 0.48374706506729126 0.0
0.9676535725593567 0.5233579277992249 0.0
0.8285859823226929 0.47892335057258606 0.0
0.9721680283546448 0.5219762325286865 0.0
0.9780206084251404 0.5205820202827454 0.0
0.9781458973884583 0.5154864192008972 0.0
0.840776801109314 0.4739327132701874 0.0
0.989936113357544 0.5126544833183289 0.0
0.8540621995925903 0.4750078320503235 0.0
0.9595882892608643 0.4915676414966583 0.0
1.0 0.5 0.0
0.8637368679046631 0.4737281799316406 0.0
0.933648943901062 0.4852356016635895 0.0
0.8859894871711731 0.47565871477127075 0.0
0.9157872796058655 0.48242834210395813 0.0
0.9245301485061646 0.48268741369247437 0.0
0.8969877362251282 0.47800758481025696 0.0
0.916121244430542 0.5123249292373657 0.0
0.9105303883552551 0.5076027512550354 0.0
0.9216291308403015 0.5167219042778015 0.0
0.8885926008224487 0.49942994117736816 0.0
0.8976598978042603 0.5 0.0
0.9262204170227051 0.5178576707839966 0.0
0.929938793182373 0.5185096859931946 0.0
0.9338116645812988 0.5205563306808472 0.0
0.8742208480834961 0.4981444478034973 0.0
0.9363934397697449 0.5210443139076233 0.0
0.8668027520179749 0.4967462420463562 0.0
0.856598436832428 0.49520552158355713 0.0
0.9440371990203857 0.5227197408676147 0.0
0.8448209762573242 0.4922681152820587 0.0
0.9488002061843872 0.5231466889381409 0.0
0.8394477963447571 0.49017125368118286 0.0
0.9524111151695251 0.522476315498352 0.0
0.8427329063415527 0.4893329441547394 0.0
0.9560588002204895 0.5217955112457275 0.0
0.9596338868141174 0.5224429965019226 0.0
0.8359001874923706 0.48584938049316406 0.0
0.9629191756248474 0.5215765237808228 0.0
0.8417124152183533 0.4856325387954712 0.0
0.8389084935188293 0.482418417930603 0.0
0.9670226573944092 0.5203543305397034 0.0
0.8367002010345459 0.47887885570526123 0.0
0.9717364311218262 0.5187081694602966 0.0
0.8424069881439209 0.47793757915496826 0.0
0.9799438714981079 0.5086918473243713 0.0
0.9684991240501404 0.5 0.0
0.8630550503730774 0.47703811526298523 0.0
0.8638163805007935 0.4801717698574066 0.0
0.8709900975227356 0.4789871573448181 0.0
0.9415701031684875 0.49232569336891174 0.0
0.8762191534042358 0.47650042176246643 0.0
0.8845231533050537 0.47938960790634155 0.0
0.9247108101844788 0.48991867899894714 0.0
0.951704204082489 0.5 0.0
0.8937292098999023 0.48174190521240234 0.0
0.9059546589851379 0.4830566644668579 0.0
0.9205723404884338 0.513729453086853 0.0
0.9250805377960205 0.5153385996818542 0.0
0.9053906202316284 0.5053412318229675 0.0
0.9331993460655212 0.5191797018051147 0.0
0.8812865614891052 0.4986726939678192 0.0
0.8754744529724121 0.49785736203193665 0.0
0.9373645186424255 0.5200390219688416 0.0
0.9414103627204895 0.520567774772644 0.0
0.860927164554596 0.49529269337654114 0.0
0.9451178312301636 0.5213374495506287 0.0
0.8538143038749695 0.4937218129634857 0.0
0.9483560919761658 0.5215547680854797 0.0
0.8487616181373596 0.49151429533958435 0.0
0.9496005177497864 0.5204259753227234 0.0
0.8495388627052307 0.49002817273139954 0.0
0.953015148639679 0.5208457708358765 0.0
0.8424392342567444 0.4876936376094818 0.0
0.8509425520896912 0.48844364285469055 0.0
0.9584807753562927 0.5202609300613403 0.0
0.8487535715103149 0.4857419431209564 0.0
0.8481075167655945 0.4839787781238556 0.0
0.9623975157737732 0.5190595984458923 0.0
0.8476670384407043 0.48178327083587646 0.0
0.9664046168327332 0.5176201462745667 0.0
0.9703431129455566 0.5158243775367737 0.0
0.8527203798294067 0.47945359349250793 0.0
0.9699622988700867 0.5122043490409851 0.0
0.9733969569206238 0.5038324594497681 0.0
0.9670045971870422 0.5076563954353333 0.0
0.8726913928985596 0.4825108051300049 0.0
0.8795179724693298 0.48008599877357483 0.0
0.8861646056175232 0.4826730191707611 0.0
0.9334392547607422 0.4956613779067993 0.0
0.9393071532249451 0.5 0.0
0.905968964099884 0.5033902525901794 0.0
0.9089155197143555 0.5041449069976807 0.0
0.9147040247917175 0.508878231048584 0.0
0.9291584491729736 0.5168135762214661 0.0
0.8939734101295471 0.4996378719806671 0.0
0.9010065197944641 0.5 0.0
0.9324345588684082 0.5178629755973816 0.0
0.8812302350997925 0.4984127879142761 0.0
0.8867430090904236 0.49909889698028564 0.0
0.8731022477149963 0.49721890687942505 0.0
0.9380362033843994 0.5188130140304565 0.0
0.8665369749069214 0.49600446224212646 0.0
0.94202721118927 0.519690990447998 0.0
0.8608794808387756 0.4946127235889435 0.0
0.9457385540008545 0.5202317833900452 0.0
0.8560727834701538 0.49318400025367737 0.0
0.8557764887809753 0.492183655500412 0.0
0.8570740818977356 0.49125707149505615 0.0
0.9549466371536255 0.5202170610427856 0.0
0.9552817940711975 0.5188263058662415 0.0
0.8558232188224792 0.48811838030815125 0.0
0.9581559896469116 0.5177268981933594 0.0
0.8559970855712891 0.485999196767807 0.0
0.9618562459945679 0.5166106224060059 0.0
0.8578602075576782 0.4838755428791046 0.0
0.9654431343078613 0.5149620771408081 0.0
0.9628630876541138 0.5124638080596924 0.0
0.8624245524406433 0.4830710291862488 0.0
0.9638134241104126 0.5102222561836243 0.0
0.8713944554328918 0.48516422510147095 0.0
0.962368369102478 0.5048210024833679 0.0
0.8791753649711609 0.4826650619506836 0.0
0.9589959383010864 0.5025495886802673 0.0
0.9492346048355103 0.5 0.0
0.8931294083595276 0.48574450612068176 0.0
0.9016597270965576 0.4872317314147949 0.0
0.9121874570846558 0.48904547095298767 0.0
0.9177902340888977 0.49512791633605957 0.0
0.9278921484947205 0.5 0.0
0.9040178060531616 0.5 0.0
0.9066280126571655 0.5 0.0
0.9111181497573853 0.5044665336608887 0.0
0.919736385345459 0.5113173127174377 0.0
0.9251506924629211 0.513987123966217 0.0
0.9294935464859009 0.5160692930221558 0.0
0.8994420170783997 0.499891459941864 0.0
0.8964340686798096 0.49981534481048584 0.0
0.9329866170883179 0.5170854330062866 0.0
0.8891875743865967 0.4993242919445038 0.0
0.9351039528846741 0.5171048641204834 0.0
0.9386866092681885 0.518013060092926 0.0
0.8766544461250305 0.4975815713405609 0.0
0.871168851852417 0.49659106135368347 0.0
0.8666493892669678 0.4954782724380493 0.0
0.9426200985908508 0.5188023447990417 0.0
0.9461432099342346 0.5191394686698914 0.0
0.8613519072532654 0.49396654963493347 0.0
0.8621024489402771 0.4933108687400818 0.0
0.9488712549209595 0.519033670425415 0.0
0.952174961566925 0.5193765163421631 0.0
0.8606629371643066 0.49079015851020813 0.0
0.952814519405365 0.517786979675293 0.0
0.8624889254570007 0.4895871579647064 0.0
0.9549611806869507 0.5172978043556213 0.0
0.957894504070282 0.5155364274978638 0.0
0.864894449710846 0.488490492105484 0.0
0.8613660931587219 0.4862373173236847 0.0
0.9606145620346069 0.5143593549728394 0.0
0.8667330145835876 0.4867735505104065 0.0
0.9579204320907593 0.512463390827179 0.0
0.9587266445159912 0.5105417370796204 0.0
0.9591245651245117 0.5084396600723267 0.0
0.879180371761322 0.4856007397174835 0.0
0.9577296376228333 0.5061886310577393 0.0
0.8868462443351746 0.48606669902801514 0.0
0.953518807888031 0.5041678547859192 0.0
0.8966733813285828 0.4904266595840454 0.0
0.9475566148757935 0.5022925734519958 0.0
0.907697856426239 0.49246516823768616 0.0
0.9341650605201721 0.5 0.0
0.9208515882492065 0.5110938549041748 0.0
0.9164014458656311 0.5083270072937012 0.0
0.9083989858627319 0.5 0.0
0.914967954158783 0.5077145099639893 0.0
0.9277648329734802 0.5144913792610168 0.0
0.9019347429275513 0.499960333108902 0.0
0.9308871626853943 0.5152431726455688 0.0
0.8850628733634949 0.49889490008354187 0.0
0.8825008273124695 0.4985473155975342 0.0
0.8730292320251465 0.4966573715209961 0.0
0.9433163404464722 0.5181202292442322 0.0
0.9393005967140198 0.5172479152679443 0.0
0.8672104477882385 0.4950371980667114 0.0
0.8680253028869629 0.49459439516067505 0.0
0.872837483882904 0.49621155858039856 0.0
0.9461976885795593 0.5179963111877441 0.0
0.9499204754829407 0.5180996656417847 0.0
0.8638185262680054 0.4928734302520752 0.0
0.8668049573898315 0.4930358827114105 0.0
0.9508410096168518 0.5169708728790283 0.0
0.8678311109542847 0.4923970103263855 0.0
0.9529987573623657 0.5160601735115051 0.0
0.955636739730835 0.5161993503570557 0.0
0.9542058110237122 0.5144990682601929 0.0
0.9569289088249207 0.5138890147209167 0.0
0.8731244802474976 0.49102598428726196 0.0
0.8767399191856384 0.4898647367954254 0.0
0.8798164129257202 0.48836493492126465 0.0
0.9541131854057312 0.5071656703948975 0.0
0.9532968401908875 0.5088135004043579 0.0
0.8868640065193176 0.4892784357070923 0.0
0.9494466185569763 0.5054787993431091 0.0
0.9447563886642456 0.5036087036132812 0.0
0.9046282172203064 0.495297908782959 0.0
0.8991782069206238 0.4940444231033325 0.0
0.9130039215087891 0.4972555339336395 0.0
0.9216392636299133 0.5 0.0
0.9379099011421204 0.5020737051963806 0.0
0.9184081554412842 0.5094156861305237 0.0
0.9042698740959167 0.5 0.0
0.9123948812484741 0.5052058100700378 0.0
0.9239568114280701 0.5126136541366577 0.0
0.9248124361038208 0.5126928091049194 0.0
0.9270204901695251 0.5135596394538879 0.0
0.9005258083343506 0.5 0.0
0.8935272693634033 0.5 0.0
0.9346479773521423 0.5161967277526855 0.0
0.8874889612197876 0.4993227422237396 0.0
0.8795120716094971 0.4980611801147461 0.0
0.87783282995224 0.49763786792755127 0.0
0.941904604434967 0.5171440243721008 0.0
0.9481616616249084 0.5172646641731262 0.0
0.8689727783203125 0.4942592680454254 0.0
0.8739457726478577 0.4960358440876007 0.0
0.8729128837585449 0.4949769675731659 0.0
0.9495770931243896 0.5165353417396545 0.0
0.9511208534240723 0.5160058736801147 0.0
0.8696616888046265 0.4915868937969208 0.0
0.9539810419082642 0.5125353336334229 0.0
0.8781968951225281 0.4922921359539032 0.0
0.9544351696968079 0.5109335780143738 0.0
0.8861965537071228 0.4923851788043976 0.0
0.9500145316123962 0.5070184469223022 0.0
0.8940439224243164 0.4932419955730438 0.0
0.9012659192085266 0.4970233738422394 0.0
0.9166909456253052 0.5 0.0
0.924860954284668 0.5008992552757263 0.0
0.9315690398216248 0.5012421607971191 0.0
0.9394134283065796 0.5032662749290466 0.0
0.9130483865737915 0.5059458613395691 0.0
0.9150930643081665 0.5074102878570557 0.0
0.9214888215065002 0.5110005736351013 0.0
0.9046032428741455 0.5010724663734436 0.0
0.9095572829246521 0.5031914114952087 0.0
0.9000301957130432 0.5 0.0
0.927773654460907 0.5135262608528137 0.0
0.9308528304100037 0.5146933794021606 0.0
0.8962817192077637 0.5 0.0
0.8901275396347046 0.5 0.0
0.935291051864624 0.5157642364501953 0.0
0.8852302432060242 0.49918094277381897 0.0
0.938252866268158 0.5163589715957642 0.0
0.8819313645362854 0.49873411655426025 0.0
0.8781090974807739 0.49753615260124207 0.0
0.8821059465408325 0.49879440665245056 0.0
0.9446237683296204 0.5170601010322571 0.0
0.9473851919174194 0.5168478488922119 0.0
0.9490495920181274 0.5164735913276672 0.0
0.8744013905525208 0.49443137645721436 0.0
0.950758159160614 0.5156487822532654 0.0
0.9515804052352905 0.5149940252304077 0.0
0.8755776882171631 0.4936259388923645 0.0
0.9521801471710205 0.5130395293235779 0.0
0.9518862962722778 0.5139718651771545 0.0
0.8805908560752869 0.49469736218452454 0.0
0.8829410672187805 0.4937850832939148 0.0
0.9506668448448181 0.5114869475364685 0.0
0.9500554203987122 0.5098267793655396 0.0
0.9470775127410889 0.5075820088386536 0.0
0.8947447538375854 0.49648144841194153 0.0
0.889915406703949 0.49661222100257874 0.0
0.9456837773323059 0.5060527920722961 0.0
0.9405425786972046 0.5044138431549072 0.0
0.9091968536376953 0.5 0.0
0.9296479225158691 0.5018975734710693 0.0
0.9344704151153564 0.502994179725647 0.0
0.9111146926879883 0.5050231218338013 0.0
0.9180217385292053 0.5090727210044861 0.0
0.9240772724151611 0.5119944214820862 0.0
0.9068622589111328 0.5028406977653503 0.0
0.9024966955184937 0.5013970732688904 0.0
0.9288716316223145 0.5136152505874634 0.0
0.9322844743728638 0.5149534940719604 0.0
0.8986655473709106 0.5006417036056519 0.0
0.9318838715553284 0.5144927501678467 0.0
0.8952627778053284 0.5 0.0
0.9351731538772583 0.5153124332427979 0.0
0.8899297714233398 0.5 0.0
0.9393636584281921 0.5162802338600159 0.0
0.8853023052215576 0.5 0.0
0.9419005513191223 0.5166234970092773 0.0
0.8831888437271118 0.4989582598209381 0.0
0.8792369961738586 0.4977187216281891 0.0
0.9448299407958984 0.5168606638908386 0.0
0.9466490745544434 0.5168306231498718 0.0
0.8789398074150085 0.4974277913570404 0.0
0.9479270577430725 0.5167003273963928 0.0
0.9485544562339783 0.5165736079216003 0.0
0.880181074142456 0.49758362770080566 0.0
0.8803626894950867 0.49645671248435974 0.0
0.9512547254562378 0.5148566961288452 0.0
0.9510478973388672 0.5151866674423218 0.0
0.9508901238441467 0.5127370357513428 0.0
0.8872509598731995 0.4972439110279083 0.0
0.9473560452461243 0.5097400546073914 0.0
0.9458404183387756 0.5084934234619141 0.0
0.8969489932060242 0.5 0.0
0.9005931615829468 0.5 0.0
0.9410712718963623 0.5058193206787109 0.0
0.9062770009040833 0.5 0.0
0.9374815225601196 0.5046727657318115 0.0
0.9125729203224182 0.5004208087921143 0.0
0.9183990359306335 0.5009123682975769 0.0
0.9231303930282593 0.5016253590583801 0.0
0.91239994764328 0.5061256885528564 0.0
0.9174782037734985 0.5087274312973022 0.0
0.9203510284423828 0.5101761817932129 0.0
0.9219954013824463 0.5108083486557007 0.0
0.9085241556167603 0.5041183829307556 0.0
0.9251819252967834 0.5121827721595764 0.0
0.925918698310852 0.512299656867981 0.0
0.9045531749725342 0.5025771856307983 0.0
0.9004191160202026 0.5014915466308594 0.0
0.9364678263664246 0.5155162811279297 0.0
0.8913570642471313 0.5 0.0
0.939596951007843 0.5162248611450195 0.0
0.8867301940917969 0.5 0.0
0.9400652647018433 0.5163059234619141 0.0
0.9403969645500183 0.5163633227348328 0.0
0.9429327249526978 0.5167070627212524 0.0
0.9433824419975281 0.5167434811592102 0.0
0.9438090920448303 0.5167779922485352 0.0
0.943595826625824 0.5167607665061951 0.0
0.8823869824409485 0.4987732470035553 0.0
0.9456080198287964 0.5168477892875671 0.0
0.9452192783355713 0.5168542265892029 0.0
0.9472881555557251 0.5167654752731323 0.0
0.8851627111434937 0.5 0.0
0.8845402598381042 0.5 0.0
0.9490495920181274 0.5164735913276672 0.0
0.9486465454101562 0.5165550112724304 0.0
0.9490495920181274 0.5164735913276672 0.0
0.8849416375160217 0.5 0.0
0.9511513113975525 0.5150216221809387 0.0
0.9509333968162537 0.5153692960739136 0.0
0.9508458971977234 0.5155088901519775 0.0
0.9512871503829956 0.5146090984344482 0.0
0.951343297958374 0.5141804814338684 0.0
0.9512746334075928 0.5147048234939575 0.0
0.9512646794319153 0.5147806406021118 0.0
0.8868341445922852 0.49847137928009033 0.0
0.951343297958374 0.5141804814338684 0.0
0.9512131214141846 0.513765811920166 0.0
0.951343297958374 0.5141804814338684 0.0
0.951343297958374 0.5141804814338684 0.0
0.9498720765113831 0.5118407011032104 0.0
0.9489718675613403 0.5110481381416321 0.0
0.8922763466835022 0.5 0.0
0.9425784349441528 0.5077356100082397 0.0
0.9036673903465271 0.5002938508987427 0.0
0.9093815684318542 0.5005770325660706 0.0
0.9354671239852905 0.5048419237136841 0.0
0.9143919944763184 0.5009878873825073 0.0
0.9183903932571411 0.5014089941978455 0.0
0.9269731044769287 0.502543032169342 0.0
0.932979941368103 0.5037813186645508 0.0
0.9194961190223694 0.5096600651741028 0.0
0.9092941880226135 0.5047509074211121 0.0
0.9227359294891357 0.5109768509864807 0.0
0.9063588976860046 0.5035398006439209 0.0
0.9283015131950378 0.5131234526634216 0.0
0.9031692743301392 0.5025789141654968 0.0
0.9309415221214294 0.5139359831809998 0.0
0.933022677898407 0.5145381689071655 0.0
0.893398642539978 0.5003665089607239 0.0
0.8970199227333069 0.5010194778442383 0.0
0.9397279620170593 0.516247570514679 0.0
0.9398585557937622 0.5162701606750488 0.0
0.9400022625923157 0.5162950158119202 0.0
0.9400336742401123 0.5163004398345947 0.0
0.9431575536727905 0.5167252421379089 0.0
0.888224184513092 0.5 0.0
0.8857661485671997 0.5 0.0
0.8903323411941528 0.5 0.0
0.8901995420455933 0.5 0.0
0.892719566822052 0.5 0.0
0.8917338252067566 0.5 0.0
0.9498724341392517 0.5118404626846313 0.0
0.9498727321624756 0.5118402242660522 0.0
0.8962162137031555 0.5002191066741943 0.0
0.9470059871673584 0.5100342631340027 0.0
0.9480120539665222 0.5105531215667725 0.0
0.90688556432724 0.5007341504096985 0.0
0.9113123416900635 0.5009990930557251 0.0
0.9302862286567688 0.5040451884269714 0.0
0.9263805747032166 0.5031560659408569 0.0
0.9382411241531372 0.5060917139053345 0.0
0.9151008725166321 0.5014652609825134 0.0
0.9205777645111084 0.5019287467002869 0.0
0.9146249294281006 0.5073691010475159 0.0
0.9176990389823914 0.5087930560112 0.0
0.9203163385391235 0.5099711418151855 0.0
0.9110487699508667 0.5056957602500916 0.0
0.9215970039367676 0.5104045867919922 0.0
0.9246188402175903 0.5116420984268188 0.0
0.9272049069404602 0.5125879049301147 0.0
0.9078063368797302 0.5042973756790161 0.0
0.9054193496704102 0.503409743309021 0.0
0.9003250002861023 0.5018560886383057 0.0
0.9334882497787476 0.5146703720092773 0.0
0.9339491724967957 0.5148012042045593 0.0
0.9284247159957886 0.512999415397644 0.0
0.9310300946235657 0.5139073729515076 0.0
0.9360966682434082 0.5154109001159668 0.0
0.9360596537590027 0.5154003500938416 0.0
0.8943511843681335 0.500642716884613 0.0
0.9362632632255554 0.5154582262039185 0.0
0.8940364122390747 0.5007300972938538 0.0
0.8911461234092712 0.5003794431686401 0.0
0.8898975849151611 0.5002571940422058 0.0
0.8896604180335999 0.5001659393310547 0.0
0.8970579504966736 0.500522792339325 0.0
0.8954895734786987 0.5002629160881042 0.0
0.8998725414276123 0.5006041526794434 0.0
0.9014282822608948 0.5004538297653198 0.0
0.9048911333084106 0.500878095626831 0.0
0.9439693689346313 0.5084681510925293 0.0
0.9439693689346313 0.5084681510925293 0.0
0.9439684152603149 0.5084678530693054 0.0
0.939117431640625 0.5068021416664124 0.0
0.9436165690422058 0.5083478093147278 0.0
0.9098381400108337 0.5011736750602722 0.0
0.9343631267547607 0.5054943561553955 0.0
0.9327520132064819 0.5048706531524658 0.0
0.9177939891815186 0.5020418763160706 0.0
0.9224112629890442 0.5024697184562683 0.0
0.9253818988800049 0.5034852027893066 0.0
0.9197848439216614 0.5096714496612549 0.0
0.9128405451774597 0.5065922141075134 0.0
0.9110267162322998 0.5057977437973022 0.0
0.9219233393669128 0.5104926824569702 0.0
0.9246912002563477 0.5116088390350342 0.0
0.9088758826255798 0.5048706531524658 0.0
0.9255684614181519 0.5119346976280212 0.0
0.9062581062316895 0.5038474798202515 0.0
0.9269968271255493 0.512467086315155 0.0
0.9042061567306519 0.5031057000160217 0.0
0.9297285079956055 0.5134537816047668 0.0
0.9022045135498047 0.5025200247764587 0.0
0.899552047252655 0.5018395781517029 0.0
0.8965318202972412 0.5011685490608215 0.0
0.896708071231842 0.5012524127960205 0.0
0.8984903693199158 0.5016293525695801 0.0
0.8946259617805481 0.5008829236030579 0.0
0.8923948407173157 0.5005483627319336 0.0
0.8941045999526978 0.5006967782974243 0.0
0.8925132751464844 0.5004299879074097 0.0
0.8941085934638977 0.5005063414573669 0.0
0.8943789005279541 0.5004051327705383 0.0
0.9009119868278503 0.5009046792984009 0.0
0.9035012125968933 0.5009854435920715 0.0
0.9076603651046753 0.5013089776039124 0.0
0.9437916874885559 0.5084075331687927 0.0
0.9386026263237 0.506701648235321 0.0
0.9439688920974731 0.5084680318832397 0.0
0.9439691305160522 0.5084680318832397 0.0
0.9127456545829773 0.5016269087791443 0.0
0.9253503680229187 0.5037944316864014 0.0
0.9287384152412415 0.5041710138320923 0.0
0.929714024066925 0.5045908689498901 0.0
0.9206234216690063 0.5026670098304749 0.0
0.9148432612419128 0.5075095891952515 0.0
0.917259931564331 0.5085625052452087 0.0
0.9190739989280701 0.5093157291412354 0.0
0.9121843576431274 0.5063478946685791 0.0
0.9074464440345764 0.5043856501579285 0.0
0.9098677635192871 0.5053635835647583 0.0
0.9255684614181519 0.5119346976280212 0.0
0.9255684614181519 0.5119346976280212 0.0
0.9046210646629333 0.5033671259880066 0.0
0.9008152484893799 0.502204179763794 0.0
0.8993028402328491 0.5017793774604797 0.0
0.8976072072982788 0.5013682842254639 0.0
0.8958452343940735 0.5010045170783997 0.0
0.8968857526779175 0.5010541677474976 0.0
0.8960891962051392 0.5008313059806824 0.0
0.8964751362800598 0.5007504224777222 0.0
0.8982352018356323 0.5010144710540771 0.0
0.898976743221283 0.5009231567382812 0.0
0.9020557999610901 0.5011621713638306 0.0
0.9043102264404297 0.5012300610542297 0.0
0.907762885093689 0.5015689134597778 0.0
0.9109928607940674 0.5017099380493164 0.0
0.9288121461868286 0.5045108199119568 0.0
0.9321123361587524 0.5051436424255371 0.0
0.9316359162330627 0.5050522685050964 0.0
0.9325904846191406 0.5052353143692017 0.0
0.9150686264038086 0.5020714402198792 0.0
0.9166150093078613 0.5024470090866089 0.0
0.9205188751220703 0.5030379891395569 0.0
0.9218267798423767 0.5033866763114929 0.0
0.9153156876564026 0.5077193975448608 0.0
0.9133576154708862 0.50687575340271 0.0
0.9211568236351013 0.5101706385612488 0.0
0.9240289330482483 0.5113332271575928 0.0
0.9255399107933044 0.5119235515594482 0.0
0.9255684614181519 0.5119346976280212 0.0
0.9248021245002747 0.5116353034973145 0.0
0.9106763005256653 0.5057402849197388 0.0
0.9255684614181519 0.5119346976280212 0.0
0.9255684614181519 0.5119346976280212 0.0
0.908585786819458 0.5048722624778748 0.0
0.9066780209541321 0.5041286945343018 0.0
0.9021150469779968 0.5025743246078491 0.0
0.9036558270454407 0.5030336380004883 0.0
0.9019895195960999 0.5024299025535583 0.0
0.898857593536377 0.5014470219612122 0.0
0.8989756107330322 0.5012570023536682 0.0
0.9003610014915466 0.5012637376785278 0.0
0.901768684387207 0.5012805461883545 0.0
0.9045466184616089 0.5014699697494507 0.0
0.9079099893569946 0.5017663240432739 0.0
0.9118425846099854 0.5020090937614441 0.0
0.9149275422096252 0.5024953484535217 0.0
0.9183036088943481 0.5029408931732178 0.0
0.9258340001106262 0.5040080547332764 0.0
0.9271377921104431 0.5042281746864319 0.0
0.9310694932937622 0.5049436688423157 0.0
0.927974283695221 0.5043693780899048 0.0
0.9315588474273682 0.5050374865531921 0.0
0.9164628386497498 0.5082035064697266 0.0
0.9141176342964172 0.507204532623291 0.0
0.921037495136261 0.5101212859153748 0.0
0.9210381507873535 0.5101219415664673 0.0
0.922696590423584 0.510793924331665 0.0
0.921926736831665 0.5104822516441345 0.0
0.9123647212982178 0.5064569115638733 0.0
0.9051973223686218 0.5035788416862488 0.0
0.905854344367981 0.5037919878959656 0.0
0.9051411151885986 0.5034338235855103 0.0
0.9036235213279724 0.5029304623603821 0.0
0.9003003239631653 0.5018830299377441 0.0
0.9026740789413452 0.502409815788269 0.0
0.9013611674308777 0.5019413232803345 0.0
0.9009308815002441 0.5016599297523499 0.0
0.9011403918266296 0.5015071630477905 0.0
0.9029808044433594 0.5015711188316345 0.0
0.9061509370803833 0.5017980337142944 0.0
0.9098926186561584 0.5020782351493835 0.0
0.9121586084365845 0.5023607611656189 0.0
0.9184704422950745 0.5030193328857422 0.0
0.9269787073135376 0.5042012929916382 0.0
0.9270581603050232 0.5042147040367126 0.0
0.9186195731163025 0.5091116428375244 0.0
0.9138166308403015 0.5070748925209045 0.0
0.9168422222137451 0.5083604454994202 0.0
0.9210378527641296 0.5101215839385986 0.0
0.9107996225357056 0.5057910680770874 0.0
0.9125029444694519 0.506515383720398 0.0
0.9080118536949158 0.5046359896659851 0.0
0.9028445482254028 0.5022634267807007 0.0
0.9026249051094055 0.5020248293876648 0.0
0.9026700258255005 0.5017917156219482 0.0
0.904892086982727 0.501934289932251 0.0
0.9148589372634888 0.5026388168334961 0.0
0.9160911440849304 0.5027788877487183 0.0
0.9167578816413879 0.5028462409973145 0.0
0.9176135063171387 0.5029327273368835 0.0
0.926406979560852 0.5041047930717468 0.0
0.9177697896957397 0.5087518692016602 0.0
0.9181943535804749 0.5089316368103027 0.0
0.9153258204460144 0.507716178894043 0.0
0.9145106077194214 0.5073696970939636 0.0
0.9177283048629761 0.5087342858314514 0.0
0.9177496433258057 0.508743405342102 0.0
0.917707085609436 0.5087253451347351 0.0
0.9125342965126038 0.5065281391143799 0.0
0.9129592180252075 0.5067093372344971 0.0
0.9112859964370728 0.5059948563575745 0.0
0.9069072604179382 0.5041154026985168 0.0
0.903759777545929 0.5028707981109619 0.0
0.9047085642814636 0.5031547546386719 0.0
0.9043779373168945 0.5028926730155945 0.0
0.9036540985107422 0.5025345683097839 0.0
0.903967559337616 0.5023742318153381 0.0
0.9040192365646362 0.502096951007843 0.0
0.9052590131759644 0.5021474957466125 0.0
0.9063221216201782 0.5021255016326904 0.0
0.9074540734291077 0.5020604729652405 0.0
0.9079278111457825 0.5022218227386475 0.0
0.9097219705581665 0.5022165775299072 0.0
0.91108638048172 0.5023581981658936 0.0
0.9122541546821594 0.5024546384811401 0.0
0.9122564792633057 0.5024548172950745 0.0
0.9167124032974243 0.5028416514396667 0.0
0.916735053062439 0.5028439164161682 0.0
0.9142364859580994 0.5072532892227173 0.0
0.9128351211547852 0.5066564083099365 0.0
0.9128971695899963 0.506682813167572 0.0
0.911659300327301 0.5061542987823486 0.0
0.9098408818244934 0.5053736567497253 0.0
0.9088622331619263 0.5049580931663513 0.0
0.9114456176757812 0.5060629844665527 0.0
0.911238968372345 0.5059992074966431 0.0
0.9087297916412354 0.5048901438713074 0.0
0.9094346165657043 0.5051968097686768 0.0
0.9095887541770935 0.5052639245986938 0.0
0.9077543020248413 0.5044577121734619 0.0
0.9083242416381836 0.50471031665802 0.0
0.9084126353263855 0.5047495365142822 0.0
0.9083684682846069 0.5047299265861511 0.0
0.9071090817451477 0.5041555166244507 0.0
0.9065095782279968 0.503874659538269 0.0
0.905494213104248 0.5034176111221313 0.0
0.9043979644775391 0.5026828646659851 0.0
0.9048339128494263 0.5025697946548462 0.0
0.9049665331840515 0.5023131966590881 0.0
0.9060754776000977 0.5022400617599487 0.0
0.9122541546821594 0.5024546384811401 0.0
0.9122541546821594 0.5024546384811401 0.0
0.9105633497238159 0.5056841373443604 0.0
0.9112624526023865 0.5059970021247864 0.0
0.9097145795822144 0.5053186416625977 0.0
0.908039391040802 0.5045840740203857 0.0
0.9068092107772827 0.5040150284767151 0.0
0.9074316620826721 0.5043066143989563 0.0
0.9065095782279968 0.503874659538269 0.0
0.9065095782279968 0.503874659538269 0.0
0.9065095782279968 0.503874659538269 0.0
0.9056866765022278 0.5034329295158386 0.0
0.9059335589408875 0.5035654902458191 0.0
0.9049985408782959 0.5029701590538025 0.0
0.9049468040466309 0.5026947855949402 0.0
0.9054518938064575 0.502389669418335 0.0
0.9066111445426941 0.5022693872451782 0.0
0.907669186592102 0.502261757850647 0.0
0.907669186592102 0.502261757850647 0.0
0.907669186592102 0.502261757850647 0.0
0.9092006087303162 0.5022882223129272 0.0
0.907669186592102 0.502261757850647 0.0
0.9079294204711914 0.5022662281990051 0.0
0.9109504818916321 0.5023835897445679 0.0
0.9122541546821594 0.5024546384811401 0.0
0.9122541546821594 0.5024546384811401 0.0
0.9057735204696655 0.5034795999526978 0.0
0.905799150466919 0.5034933686256409 0.0
0.9053333401679993 0.5031952857971191 0.0
0.9049698114395142 0.5028172731399536 0.0
0.9049583077430725 0.5027560591697693 0.0
0.9050289988517761 0.5026000142097473 0.0
0.9050726890563965 0.5025497078895569 0.0
0.9050726890563965 0.5025497078895569 0.0
0.9050726890563965 0.5025497078895569 0.0
0.9052019119262695 0.5024951100349426 0.0
0.9050726890563965 0.5025497078895569 0.0
0.906051516532898 0.5023274421691895 0.0
0.8830820918083191 0.19281892478466034 0.0
0.8917542695999146 0.2064225971698761 0.0
0.8920308351516724 0.2040117233991623 0.0
0.6496654152870178 0.28071853518486023 0.0
0.6643757224082947 0.2911187708377838 0.0
0.5628170967102051 0.0659208670258522 0.0
0.6748859286308289 0.7325661182403564 0.0
0.6442263722419739 0.29536792635917664 0.0
0.00870436429977417 0.31079715490341187 0.0
0.649791955947876 0.7217012047767639 0.0
0.48003125190734863 0.42307737469673157 0.0
0.8912191390991211 0.2014208883047104 0.0
0.9096454977989197 0.5053069591522217 0.0
0.7672555446624756 0.03859589621424675 0.0
0.2972819209098816 0.09165703505277634 0.0
0.6965855956077576 0.30088916420936584 0.0
0.7809552550315857 0.08016301691532135 0.0
0.5625175833702087 0.8922778367996216 0.0
0.2614514231681824 0.5305494070053101 0.0
0.3618444800376892 0.460955411195755 0.0
0.36286354064941406 0.46972933411598206 0.0
0.1481296420097351 0.42534881830215454 0.0
0.4014631509780884 0.002202365081757307 0.0
0.8794137835502625 0.1753009706735611 0.0
0.953192949295044 0.27431628108024597 0.0
0.8816527128219604 0.19205044209957123 0.0
0.4127081632614136 0.4136550724506378 0.0
0.38867223262786865 0.12323208898305893 0.0
0.7863926887512207 0.38430267572402954 0.0
0.2617065906524658 0.17106860876083374 0.0
0.2630584239959717 0.5909786224365234 0.0
0.7800292372703552 0.23455601930618286 0.0
0.8821385502815247 0.19326697289943695 0.0
0.8815150856971741 0.19414415955543518 0.0
0.8972317576408386 0.19718265533447266 0.0
0.8991754055023193 0.20022332668304443 0.0
0.21051037311553955 0.3785689175128937 0.0
0.9019878506660461 0.21325911581516266 0.0
0.8916918039321899 0.19684314727783203 0.0
0.20845693349838257 0.3754596412181854 0.0
0.8915019035339355 0.2044525444507599 0.0
0.8920193910598755 0.19745510816574097 0.0
0.2054474949836731 0.3705594837665558 0.0
0.884751558303833 0.19428576529026031 0.0
0.8962363004684448 0.19815033674240112 0.0
0.8997735977172852 0.20175600051879883 0.0
0.8923968076705933 0.19754938781261444 0.0
0.2192407250404358 0.3703193962574005 0.0
0.12905842065811157 0.5706608295440674 0.0
0.8910254836082458 0.19589222967624664 0.0
0.8971199989318848 0.20119090378284454 0.0
0.8845725655555725 0.19228515028953552 0.0
0.24452954530715942 0.5895460247993469 0.0
0.3758421540260315 0.6431677937507629 0.0
0.9063941836357117 0.017258333042263985 0.0
0.46460843086242676 0.41823896765708923 0.0
0.8977863788604736 0.5007707476615906 0.0
0.9565642476081848 0.44321292638778687 0.0
0.8918899893760681 0.2010517716407776 0.0
0.8920698165893555 0.19740433990955353 0.0
0.8814545273780823 0.19183138012886047 0.0
0.8916115164756775 0.19680799543857574 0.0
0.8820688128471375 0.192908376455307 0.0
0.8984664082527161 0.2012038230895996 0.0
0.10207760334014893 0.5363743305206299 0.0
0.884843111038208 0.19387724995613098 0.0
0.885322630405426 0.1951928287744522 0.0
0.8861837983131409 0.19502830505371094 0.0
0.932043731212616 0.2737535238265991 0.0
0.2022039294242859 0.5662990212440491 0.0
0.26421648263931274 0.5265457630157471 0.0
0.8921683430671692 0.20166154205799103 0.0
0.8817470669746399 0.19373440742492676 0.0
0.20170831680297852 0.001216728938743472 0.0
0.8828555345535278 0.19427034258842468 0.0
0.8899329900741577 0.1962486207485199 0.0
0.9504995346069336 0.2653167247772217 0.0
0.3074702024459839 0.5944430232048035 0.0
0.8989531993865967 0.2082388997077942 0.0
0.8124633431434631 0.3931114673614502 0.0
0.5563021302223206 0.0769924744963646 0.0
0.8838071227073669 0.1929677128791809 0.0
0.11764883995056152 0.5234410166740417 0.0
0.9954449534416199 0.17835389077663422 0.0
0.8820518255233765 0.19256022572517395 0.0
0.8915615677833557 0.19668935239315033 0.0
0.884928286075592 0.19354717433452606 0.0
0.8840340375900269 0.19121970236301422 0.0
0.929232120513916 0.26598623394966125 0.0
0.8901631832122803 0.1963275820016861 0.0
0.8834620714187622 0.19175447523593903 0.0
0.4264432191848755 0.0027261218056082726 0.0
0.42658209800720215 0.00955240335315466 0.0
0.8864880204200745 0.19494910538196564 0.0
0.5649001002311707 0.008212910033762455 0.0
0.736676037311554 0.22698141634464264 0.0
0.8829472064971924 0.1926025152206421 0.0
0.8838890194892883 0.1914173662662506 0.0
0.8810545802116394 0.19031450152397156 0.0
0.9618687629699707 0.2839447855949402 0.0
0.8921269178390503 0.19745467603206635 0.0
0.8963544964790344 0.19898256659507751 0.0
0.8851732015609741 0.19382432103157043 0.0
0.5592483282089233 0.07864927500486374 0.0
0.8834192156791687 0.19188693165779114 0.0
0.8923357725143433 0.19749847054481506 0.0
0.25666630268096924 0.8540607690811157 0.0
0.8854004740715027 0.19482173025608063 0.0
0.8944174647331238 0.21054553985595703 0.0
0.895429253578186 0.1967197060585022 0.0
0.8973370790481567 0.19501221179962158 0.0
0.18552672863006592 0.0 0.0
0.8972747921943665 0.19863736629486084 0.0
0.8915486335754395 0.19659078121185303 0.0
0.9360292553901672 0.2708047032356262 0.0
0.89213627576828 0.1974138468503952 0.0
0.5603718757629395 0.07546529918909073 0.0
0.2991046905517578 0.0036928923800587654 0.0
0.8918519020080566 0.1966032236814499 0.0
0.11144119501113892 0.6681990027427673 0.0
0.5574750304222107 0.2664223313331604 0.0
0.8968877792358398 0.19974499940872192 0.0
0.8880277276039124 0.19532082974910736 0.0
0.8900484442710876 0.1960967630147934 0.0
0.8952445387840271 0.1946292370557785 0.0
0.22613006830215454 0.38035711646080017 0.0
0.897898256778717 0.2002885490655899 0.0
0.8819621205329895 0.1919853836297989 0.0
0.8840641975402832 0.19473350048065186 0.0
0.881517231464386 0.19155077636241913 0.0
0.8819621801376343 0.19228264689445496 0.0
0.8970498442649841 0.20885701477527618 0.0
0.18326467275619507 0.0 0.0
0.8810248970985413 0.1906449794769287 0.0
0.17172938585281372 0.37666815519332886 0.0
0.8961734175682068 0.1945650279521942 0.0
0.17172080278396606 0.37765252590179443 0.0
0.22319525480270386 0.5007293224334717 0.0
0.897472083568573 0.2100881040096283 0.0
0.8819538354873657 0.19214077293872833 0.0
0.8946282863616943 0.20237131416797638 0.0
0.8960233926773071 0.20054002106189728 0.0
0.26448380947113037 0.005140631925314665 0.0
0.8837985396385193 0.19195756316184998 0.0
0.14155066013336182 0.36988943815231323 0.0
0.22715264558792114 0.37581467628479004 0.0
0.27597618103027344 0.008389094844460487 0.0
0.9421439170837402 0.5011515617370605 0.0
0.8965528607368469 0.20236797630786896 0.0
0.8877118229866028 0.19536596536636353 0.0
0.8876708745956421 0.19566215574741364 0.0
0.8974580764770508 0.20584078133106232 0.0
0.8839344382286072 0.19203701615333557 0.0
0.8815008997917175 0.19141189754009247 0.0
0.895637571811676 0.21059657633304596 0.0
0.8707871437072754 0.18674972653388977 0.0
0.8904343843460083 0.19617655873298645 0.0
0.8874455094337463 0.19533924758434296 0.0
0.8876389861106873 0.19507646560668945 0.0
0.8844006657600403 0.19452911615371704 0.0
0.8948829770088196 0.2010124921798706 0.0
0.8818140625953674 0.19145263731479645 0.0
0.13423943519592285 0.5711663961410522 0.0
0.8835313320159912 0.19142362475395203 0.0
0.10144174098968506 0.5375171303749084 0.0
0.9526333212852478 0.514860212802887 0.0
0.8770104050636292 0.17439618706703186 0.0
0.34387290477752686 0.4517597258090973 0.0
0.36797046661376953 0.42504867911338806 0.0
0.8818768262863159 0.1918126791715622 0.0
0.8999170660972595 0.21169528365135193 0.0
0.2185569405555725 0.36102160811424255 0.0
0.08654505014419556 0.2807801067829132 0.0
0.2699509859085083 0.3229472041130066 0.0
0.15683907270431519 0.07809539139270782 0.0
0.5424932241439819 0.30794838070869446 0.0
0.8180113434791565 0.3928515315055847 0.0
0.3503616452217102 0.18518725037574768 0.0
0.3695208430290222 0.4671933352947235 0.0
0.8293130397796631 0.38450467586517334 0.0
0.33476245403289795 0.18938949704170227 0.0
0.6882047057151794 0.18950608372688293 0.0
0.8921486735343933 0.197249636054039 0.0
0.9723325371742249 0.5807682871818542 0.0
0.8218107223510742 0.3773103952407837 0.0
0.3316243290901184 0.058626990765333176 0.0
0.272922158241272 0.5183974504470825 0.0
0.882777750492096 0.19224384427070618 0.0
0.019805610179901123 0.9729152321815491 0.0
0.22903025150299072 0.501136302947998 0.0
0.944932758808136 0.5086542367935181 0.0
0.6242360472679138 0.29973116517066956 0.0
0.5815261602401733 0.6276299357414246 0.0
0.8845927715301514 0.1924760937690735 0.0
0.5423645973205566 0.08954279124736786 0.0
0.8940580487251282 0.19656714797019958 0.0
0.3861953616142273 0.46599850058555603 0.0
0.08413231372833252 0.774243950843811 0.0
0.18767905235290527 0.3338335156440735 0.0
0.6699324250221252 0.1804811805486679 0.0
0.8685019016265869 0.14815682172775269 0.0
0.2833072543144226 0.325623095035553 0.0
0.8835198879241943 0.1924218386411667 0.0
0.3361471891403198 0.0909048542380333 0.0
0.19669634103775024 0.7714478969573975 0.0
0.11563187837600708 0.12392131984233856 0.0
0.8831489086151123 0.19162383675575256 0.0
0.10055559873580933 0.5542004108428955 0.0
0.4088863134384155 0.6174651980400085 0.0
0.24555504322052002 0.5482160449028015 0.0
0.8901174068450928 0.19536621868610382 0.0
0.563450813293457 0.07893465459346771 0.0
0.5337303280830383 0.1904662847518921 0.0
0.9001145958900452 0.21944375336170197 0.0
0.16174262762069702 0.5725497603416443 0.0
0.5430787801742554 0.08417951315641403 0.0
0.4487624168395996 0.4361165463924408 0.0
0.6567339301109314 0.6330426931381226 0.0
0.4018767476081848 0.07853134721517563 0.0
0.8838743567466736 0.1918153315782547 0.0
0.8921936750411987 0.19706574082374573 0.0
0.04254788160324097 0.6749418377876282 0.0
0.5143811702728271 0.40780043601989746 0.0
0.19787919521331787 0.0693579763174057 0.0
0.10800522565841675 0.3124226927757263 0.0
0.8276129364967346 0.37973552942276 0.0
0.894610583782196 0.2235899418592453 0.0
0.8897348046302795 0.20146174728870392 0.0
0.9001278877258301 0.21781674027442932 0.0
0.8928619623184204 0.1966385692358017 0.0
0.2862265706062317 0.14338140189647675 0.0
0.09902405738830566 0.5490137338638306 0.0
0.12382757663726807 0.5190558433532715 0.0
0.9053637385368347 0.21575455367565155 0.0
0.9148590564727783 0.48609140515327454 0.0
0.6119587421417236 0.8230046629905701 0.0
0.9419389963150024 0.5167680382728577 0.0
0.31699180603027344 0.15457025170326233 0.0
0.882871687412262 0.1926640421152115 0.0
0.7975308299064636 0.37111717462539673 0.0
0.9685811996459961 0.8170625567436218 0.0
0.6370770931243896 0.3100857436656952 0.0
0.6817032694816589 0.8886996507644653 0.0
0.22375112771987915 0.042774081230163574 0.0
0.2682887315750122 0.556876540184021 0.0
0.7020007967948914 0.9054383039474487 0.0
0.8799151182174683 0.1829802393913269 0.0
0.6583384871482849 0.22412146627902985 0.0
0.8904165029525757 0.19639478623867035 0.0
0.8790791034698486 0.209776371717453 0.0
0.294779896736145 0.6860789060592651 0.0
0.9097550511360168 0.14648176729679108 0.0
0.13405495882034302 0.34922659397125244 0.0
0.8881604671478271 0.19445233047008514 0.0
0.8836108446121216 0.19400186836719513 0.0
0.12108433246612549 0.37374186515808105 0.0
0.9522616267204285 0.5112345814704895 0.0
0.9036363959312439 0.42636847496032715 0.0
0.557097852230072 0.12544456124305725 0.0
0.3525524139404297 0.2987384498119354 0.0
0.5493242144584656 0.07604372501373291 0.0
0.36291730403900146 0.30559077858924866 0.0
0.4159560799598694 0.003526226617395878 0.0
0.3544124364852905 0.4693033993244171 0.0
0.17540931701660156 0.29724377393722534 0.0
0.8948251008987427 0.2094508558511734 0.0
0.18860554695129395 0.3352200388908386 0.0
0.8971456289291382 0.19737966358661652 0.0
0.8923656344413757 0.1974835842847824 0.0
0.8739461302757263 0.1873791515827179 0.0
0.09889572858810425 0.5469188690185547 0.0
0.8094379901885986 0.37277621030807495 0.0
0.8870460987091064 0.19478681683540344 0.0
0.8664360642433167 0.1787780374288559 0.0
0.8951370120048523 0.20150572061538696 0.0
0.8844993114471436 0.19198937714099884 0.0
0.8778181672096252 0.19288212060928345 0.0
0.09523218870162964 0.5479724407196045 0.0
0.9429553747177124 0.5071468949317932 0.0
0.8909430503845215 0.19617299735546112 0.0
0.16465824842453003 0.3767516613006592 0.0
0.8911453485488892 0.19621101021766663 0.0
0.4097764492034912 0.161110982298851 0.0
0.9006084203720093 0.21096889674663544 0.0
0.9650399684906006 0.5686472654342651 0.0
0.49970394372940063 0.8264164328575134 0.0
0.8252865672111511 0.3912905156612396 0.0
0.5431829690933228 0.012836804613471031 0.0
0.8851264715194702 0.19455185532569885 0.0
0.7676659822463989 0.16719596087932587 0.0
0.8696452379226685 0.18163572251796722 0.0
0.8980385065078735 0.21064354479312897 0.0
0.8841245770454407 0.1941046416759491 0.0
0.8838817477226257 0.19430957734584808 0.0
0.8980690240859985 0.20895473659038544 0.0
0.8986400365829468 0.20511259138584137 0.0
0.8841105103492737 0.1919669210910797 0.0
0.8838671445846558 0.19213150441646576 0.0
0.8927869200706482 0.19672791659832 0.0
0.8712952733039856 0.18962986767292023 0.0
0.9001288414001465 0.20806054770946503 0.0
0.13599741458892822 0.019457409158349037 0.0
0.8967198729515076 0.19688907265663147 0.0
0.88303542137146 0.19242188334465027 0.0
0.10414540767669678 0.5334963202476501 0.0
0.17692512273788452 0.055595070123672485 0.0
0.5190690755844116 0.29146766662597656 0.0
0.5603162050247192 0.06309367716312408 0.0
0.8944400548934937 0.20574156939983368 0.0
0.8965607285499573 0.20499573647975922 0.0
0.8935028910636902 0.20125238597393036 0.0
0.8946111798286438 0.2067832052707672 0.0
0.8869790434837341 0.19479157030582428 0.0
0.8938983082771301 0.2011982947587967 0.0
0.8839988708496094 0.19379225373268127 0.0
0.887373685836792 0.19501438736915588 0.0
0.8841310143470764 0.19164329767227173 0.0
0.8955691456794739 0.206762433052063 0.0
0.8968075513839722 0.21106894314289093 0.0
0.8925731778144836 0.19662730395793915 0.0
0.8691561222076416 0.1850387156009674 0.0
0.9002290964126587 0.21147455275058746 0.0
0.8126803040504456 0.39284077286720276 0.0
0.8977721333503723 0.20675356686115265 0.0
0.9309670925140381 0.5138862729072571 0.0
0.18287479877471924 0.01500129047781229 0.0
0.13152217864990234 0.010348916053771973 0.0
0.5568265318870544 0.10429586470127106 0.0
0.8863937854766846 0.1944798231124878 0.0
0.828490674495697 0.3908376693725586 0.0
0.7234573364257812 0.480777770280838 0.0
0.38353562355041504 0.052272308617830276 0.0
0.2539883852005005 0.5426113605499268 0.0
0.8992575407028198 0.21300514042377472 0.0
0.8792999982833862 0.1905047595500946 0.0
0.8201769590377808 0.39281782507896423 0.0
0.8217760324478149 0.3741430640220642 0.0
0.9064792990684509 0.5039942860603333 0.0
0.6964977979660034 0.17353881895542145 0.0
0.8957443237304688 0.2077283412218094 0.0
0.8923258185386658 0.19656719267368317 0.0
0.8976675868034363 0.21141542494297028 0.0
0.8964970707893372 0.21015655994415283 0.0
0.8903011083602905 0.19625061750411987 0.0
0.8748210072517395 0.1944819688796997 0.0
0.8708539605140686 0.1841927468776703 0.0
0.8927239775657654 0.2007286250591278 0.0
0.897170901298523 0.19683344662189484 0.0
0.8871747255325317 0.19513344764709473 0.0
0.8924527764320374 0.1966276466846466 0.0
0.8997572064399719 0.1979093700647354 0.0
0.876392662525177 0.1935323029756546 0.0
0.8906899094581604 0.19619177281856537 0.0
0.9012889862060547 0.2124207764863968 0.0
0.8852934241294861 0.19428400695323944 0.0
0.8672544956207275 0.18375931680202484 0.0
0.8848302960395813 0.19195467233657837 0.0
0.891090989112854 0.1965065896511078 0.0
0.890853762626648 0.19661690294742584 0.0
0.8921886086463928 0.19656991958618164 0.0
0.8975668549537659 0.20810534060001373 0.0
0.9195202589035034 0.5094917416572571 0.0
0.884006917476654 0.19173751771450043 0.0
0.8874492049217224 0.19482550024986267 0.0
0.867760956287384 0.1861123889684677 0.0
0.6822813749313354 0.005582686048001051 0.0
0.46262598037719727 0.368117094039917 0.0
0.9155265092849731 0.5077431201934814 0.0
0.6814802885055542 0.017475510016083717 0.0
0.7064648866653442 0.15782736241817474 0.0
0.4672086238861084 0.01497337780892849 0.0
0.8911375403404236 0.19639045000076294 0.0
0.8906022310256958 0.1963517963886261 0.0
0.898932158946991 0.19674842059612274 0.0
0.8986766338348389 0.1985001415014267 0.0
0.8761394619941711 0.1924796998500824 0.0
0.8868955373764038 0.19452503323554993 0.0
0.892491340637207 0.19672329723834991 0.0
0.8953090310096741 0.20506317913532257 0.0
0.8966904878616333 0.20777854323387146 0.0
0.866832435131073 0.18392522633075714 0.0
0.8844236731529236 0.1917751431465149 0.0
